Problem,Provider,OperationKind,Operation,Disposition,Status,gemm_kind,m,n,k,A,B,C,D,alpha,beta,split_k_mode,split_k_slices,batch_count,raster_order,runtime_input_datatype_a,runtime_input_datatype_b,use_pdl,enable_sm90_mixed_dtype_shuffle_test,swizzle_size,op_class,accum,cta_m,cta_n,cta_k,cluster_m,cluster_n,cluster_k,cluster_m_fallback,cluster_n_fallback,cluster_k_fallback,stages,warps_m,warps_n,warps_k,inst_m,inst_n,inst_k,min_cc,max_cc,Bytes,Flops,Flops/Byte,Runtime,GB/s,GFLOPs
1,CUTLASS,gemm,cutlass_tensorop_f16_s1688gemm_f16_256x128_32x2_nn_align8,passed,success,universal,128,512,512,f16:column,f16:column,f16:column,f16:column,1,0,serial,1,1,heuristic,invalid,invalid,false,false,1,tensorop,f32,256,128,32,1,1,1,0,0,0,2,4,2,1,16,8,8,75,1024,786432,67239936,85,0.0264608,27.6795,2541.11
1,CUTLASS,gemm,cutlass_tensorop_f16_s16816gemm_f16_256x128_32x3_nn_align8,passed,success,universal,128,512,512,f16:column,f16:column,f16:column,f16:column,1,0,serial,1,1,heuristic,invalid,invalid,false,false,1,tensorop,f32,256,128,32,1,1,1,0,0,0,3,4,2,1,16,8,16,80,1024,786432,67239936,85,0.0144157,50.8073,4664.36
1,CUTLASS,gemm,cutlass3x_sm90_tensorop_s64x128x16gemm_f16_f16_f32_f16_f16_128x128x64_1x2x1_0_nnn_align8,passed,success,universal,128,512,512,f16:column,f16:column,f16:column,f16:column,1,0,serial,1,1,heuristic,invalid,invalid,false,false,1,tensorop,f32,128,128,64,1,2,1,0,0,0,7,4,2,1,64,128,16,90,90,786432,67239936,85,0.00887104,82.5633,7579.71
1,CUTLASS,gemm,cutlass3x_sm90_tensorop_s64x128x16gemm_f16_f16_f32_f16_f16_128x128x64_1x2x1_0_nnn_align8_warpspecialized_epi_nosmem,passed,success,universal,128,512,512,f16:column,f16:column,f16:column,f16:column,1,0,serial,1,1,heuristic,invalid,invalid,false,false,1,tensorop,f32,128,128,64,1,2,1,0,0,0,7,4,1,1,64,128,16,90,90,786432,67239936,85,0.00839264,87.2695,8011.77
1,CUTLASS,gemm,cutlass3x_sm90_tensorop_s64x128x16gemm_f16_f16_f32_f16_f16_128x128x64_1x2x1_0_nnn_align8_warpspecialized_pingpong_epi_tma,passed,success,universal,128,512,512,f16:column,f16:column,f16:column,f16:column,1,0,serial,1,1,heuristic,invalid,invalid,false,false,1,tensorop,f32,128,128,64,1,2,1,0,0,0,6,4,1,1,64,128,16,90,90,786432,67239936,85,0.0088512,82.7483,7596.7
1,CUTLASS,gemm,cutlass3x_sm90_tensorop_s64x128x16gemm_f16_f16_f32_f16_f16_128x128x64_1x2x1_0_nnn_align8_warpspecialized_pingpong_epi_nosmem,passed,success,universal,128,512,512,f16:column,f16:column,f16:column,f16:column,1,0,serial,1,1,heuristic,invalid,invalid,false,false,1,tensorop,f32,128,128,64,1,2,1,0,0,0,7,4,1,1,64,128,16,90,90,786432,67239936,85,0.00858208,85.3432,7834.92
1,CUTLASS,gemm,cutlass3x_sm90_tensorop_s64x128x16gemm_f16_f16_f32_f16_f16_128x128x64_1x2x1_0_nnn_align8_warpspecialized_cooperative_epi_nosmem,passed,success,universal,128,512,512,f16:column,f16:column,f16:column,f16:column,1,0,serial,1,1,heuristic,invalid,invalid,false,false,1,tensorop,f32,128,128,64,1,2,1,0,0,0,7,4,2,1,64,128,16,90,90,786432,67239936,85,0.0088384,82.8681,7607.7
1,CUTLASS,gemm,cutlass3x_sm90_tensorop_s64x128x16gemm_f16_f16_f32_f16_f16_128x128x64_1x2x1_0_nnn_align8_warpspecialized_cooperative_epi_tma,passed,success,universal,128,512,512,f16:column,f16:column,f16:column,f16:column,1,0,serial,1,1,heuristic,invalid,invalid,false,false,1,tensorop,f32,128,128,64,1,2,1,0,0,0,6,4,2,1,64,128,16,90,90,786432,67239936,85,0.00817792,89.5609,8222.13
1,CUTLASS,gemm,cutlass3x_sm90_tensorop_s64x128x16gemm_f16_f16_f32_f16_f16_128x128x64_1x2x1_0_nnn_align8_stream_k_warpspecialized_cooperative_epi_nosmem,passed,success,universal,128,512,512,f16:column,f16:column,f16:column,f16:column,1,0,serial,1,1,heuristic,invalid,invalid,false,false,1,tensorop,f32,128,128,64,1,2,1,0,0,0,7,4,2,1,64,128,16,90,90,786432,67239936,85,0.00925728,79.1185,7263.47
1,CUTLASS,gemm,cutlass3x_sm90_tensorop_s64x128x16gemm_f16_f16_f32_f16_f16_128x128x64_1x2x1_0_nnn_align8_stream_k_warpspecialized_cooperative_epi_tma,passed,success,universal,128,512,512,f16:column,f16:column,f16:column,f16:column,1,0,serial,1,1,heuristic,invalid,invalid,false,false,1,tensorop,f32,128,128,64,1,2,1,0,0,0,6,4,2,1,64,128,16,90,90,786432,67239936,85,0.00887744,82.5037,7574.25
1,CUTLASS,gemm,cutlass3x_sm90_tensorop_s64x128x16gemm_f16_f16_f32_f16_f16_128x128x64_2x1x1_0_nnn_align8,passed,success,universal,128,512,512,f16:column,f16:column,f16:column,f16:column,1,0,serial,1,1,heuristic,invalid,invalid,false,false,1,tensorop,f32,128,128,64,2,1,1,0,0,0,7,4,2,1,64,128,16,90,90,786432,67239936,85,0.00933344,78.4729,7204.2
1,CUTLASS,gemm,cutlass3x_sm90_tensorop_s64x128x16gemm_f16_f16_f32_f16_f16_128x128x64_2x1x1_0_nnn_align8_warpspecialized_epi_nosmem,passed,success,universal,128,512,512,f16:column,f16:column,f16:column,f16:column,1,0,serial,1,1,heuristic,invalid,invalid,false,false,1,tensorop,f32,128,128,64,2,1,1,0,0,0,7,4,1,1,64,128,16,90,90,786432,67239936,85,0.0088144,83.0938,7628.42
1,CUTLASS,gemm,cutlass3x_sm90_tensorop_s64x128x16gemm_f16_f16_f32_f16_f16_128x128x64_2x1x1_0_nnn_align8_warpspecialized_pingpong_epi_tma,passed,success,universal,128,512,512,f16:column,f16:column,f16:column,f16:column,1,0,serial,1,1,heuristic,invalid,invalid,false,false,1,tensorop,f32,128,128,64,2,1,1,0,0,0,6,4,1,1,64,128,16,90,90,786432,67239936,85,0.00932,78.586,7214.59
1,CUTLASS,gemm,cutlass3x_sm90_tensorop_s64x128x16gemm_f16_f16_f32_f16_f16_128x128x64_2x1x1_0_nnn_align8_warpspecialized_pingpong_epi_nosmem,passed,success,universal,128,512,512,f16:column,f16:column,f16:column,f16:column,1,0,serial,1,1,heuristic,invalid,invalid,false,false,1,tensorop,f32,128,128,64,2,1,1,0,0,0,7,4,1,1,64,128,16,90,90,786432,67239936,85,0.0091888,79.7081,7317.6
1,CUTLASS,gemm,cutlass3x_sm90_tensorop_s64x128x16gemm_f16_f16_f32_f16_f16_128x128x64_2x1x1_0_nnn_align8_warpspecialized_cooperative_epi_nosmem,passed,success,universal,128,512,512,f16:column,f16:column,f16:column,f16:column,1,0,serial,1,1,heuristic,invalid,invalid,false,false,1,tensorop,f32,128,128,64,2,1,1,0,0,0,7,4,2,1,64,128,16,90,90,786432,67239936,85,0.00943456,77.6318,7126.98
1,CUTLASS,gemm,cutlass3x_sm90_tensorop_s64x128x16gemm_f16_f16_f32_f16_f16_128x128x64_2x1x1_0_nnn_align8_warpspecialized_cooperative_epi_tma,passed,success,universal,128,512,512,f16:column,f16:column,f16:column,f16:column,1,0,serial,1,1,heuristic,invalid,invalid,false,false,1,tensorop,f32,128,128,64,2,1,1,0,0,0,6,4,2,1,64,128,16,90,90,786432,67239936,85,0.00865632,84.6112,7767.73
1,CUTLASS,gemm,cutlass3x_sm90_tensorop_s64x128x16gemm_f16_f16_f32_f16_f16_128x128x64_2x1x1_0_nnn_align8_stream_k_warpspecialized_cooperative_epi_nosmem,passed,success,universal,128,512,512,f16:column,f16:column,f16:column,f16:column,1,0,serial,1,1,heuristic,invalid,invalid,false,false,1,tensorop,f32,128,128,64,2,1,1,0,0,0,7,4,2,1,64,128,16,90,90,786432,67239936,85,0.0097264,75.3025,6913.14
1,CUTLASS,gemm,cutlass3x_sm90_tensorop_s64x128x16gemm_f16_f16_f32_f16_f16_128x128x64_2x1x1_0_nnn_align8_stream_k_warpspecialized_cooperative_epi_tma,passed,success,universal,128,512,512,f16:column,f16:column,f16:column,f16:column,1,0,serial,1,1,heuristic,invalid,invalid,false,false,1,tensorop,f32,128,128,64,2,1,1,0,0,0,6,4,2,1,64,128,16,90,90,786432,67239936,85,0.00944896,77.5135,7116.12
2,CUTLASS,gemm,cutlass_tensorop_f16_s1688gemm_f16_256x128_32x2_nn_align8,passed,success,universal,256,512,512,f16:column,f16:column,f16:column,f16:column,1,0,serial,1,1,heuristic,invalid,invalid,false,false,1,tensorop,f32,256,128,32,1,1,1,0,0,0,2,4,2,1,16,8,8,75,1024,1048576,134479872,128,0.0259424,37.6435,5183.79
2,CUTLASS,gemm,cutlass_tensorop_f16_s16816gemm_f16_256x128_32x3_nn_align8,passed,success,universal,256,512,512,f16:column,f16:column,f16:column,f16:column,1,0,serial,1,1,heuristic,invalid,invalid,false,false,1,tensorop,f32,256,128,32,1,1,1,0,0,0,3,4,2,1,16,8,16,80,1024,1048576,134479872,128,0.0144854,67.4168,9283.8
2,CUTLASS,gemm,cutlass3x_sm90_tensorop_s64x128x16gemm_f16_f16_f32_f16_f16_128x128x64_1x2x1_0_nnn_align8,passed,success,universal,256,512,512,f16:column,f16:column,f16:column,f16:column,1,0,serial,1,1,heuristic,invalid,invalid,false,false,1,tensorop,f32,128,128,64,1,2,1,0,0,0,7,4,2,1,64,128,16,90,90,1048576,134479872,128,0.00916128,106.597,14679.2
2,CUTLASS,gemm,cutlass3x_sm90_tensorop_s64x128x16gemm_f16_f16_f32_f16_f16_128x128x64_1x2x1_0_nnn_align8_warpspecialized_epi_nosmem,passed,success,universal,256,512,512,f16:column,f16:column,f16:column,f16:column,1,0,serial,1,1,heuristic,invalid,invalid,false,false,1,tensorop,f32,128,128,64,1,2,1,0,0,0,7,4,1,1,64,128,16,90,90,1048576,134479872,128,0.00873568,111.79,15394.3
2,CUTLASS,gemm,cutlass3x_sm90_tensorop_s64x128x16gemm_f16_f16_f32_f16_f16_128x128x64_1x2x1_0_nnn_align8_warpspecialized_pingpong_epi_tma,passed,success,universal,256,512,512,f16:column,f16:column,f16:column,f16:column,1,0,serial,1,1,heuristic,invalid,invalid,false,false,1,tensorop,f32,128,128,64,1,2,1,0,0,0,6,4,1,1,64,128,16,90,90,1048576,134479872,128,0.00914144,106.828,14711
2,CUTLASS,gemm,cutlass3x_sm90_tensorop_s64x128x16gemm_f16_f16_f32_f16_f16_128x128x64_1x2x1_0_nnn_align8_warpspecialized_pingpong_epi_nosmem,passed,success,universal,256,512,512,f16:column,f16:column,f16:column,f16:column,1,0,serial,1,1,heuristic,invalid,invalid,false,false,1,tensorop,f32,128,128,64,1,2,1,0,0,0,7,4,1,1,64,128,16,90,90,1048576,134479872,128,0.00891936,109.488,15077.3
2,CUTLASS,gemm,cutlass3x_sm90_tensorop_s64x128x16gemm_f16_f16_f32_f16_f16_128x128x64_1x2x1_0_nnn_align8_warpspecialized_cooperative_epi_nosmem,passed,success,universal,256,512,512,f16:column,f16:column,f16:column,f16:column,1,0,serial,1,1,heuristic,invalid,invalid,false,false,1,tensorop,f32,128,128,64,1,2,1,0,0,0,7,4,2,1,64,128,16,90,90,1048576,134479872,128,0.00915168,106.709,14694.6
2,CUTLASS,gemm,cutlass3x_sm90_tensorop_s64x128x16gemm_f16_f16_f32_f16_f16_128x128x64_1x2x1_0_nnn_align8_warpspecialized_cooperative_epi_tma,passed,success,universal,256,512,512,f16:column,f16:column,f16:column,f16:column,1,0,serial,1,1,heuristic,invalid,invalid,false,false,1,tensorop,f32,128,128,64,1,2,1,0,0,0,6,4,2,1,64,128,16,90,90,1048576,134479872,128,0.00849088,115.013,15838.2
2,CUTLASS,gemm,cutlass3x_sm90_tensorop_s64x128x16gemm_f16_f16_f32_f16_f16_128x128x64_1x2x1_0_nnn_align8_stream_k_warpspecialized_cooperative_epi_nosmem,passed,success,universal,256,512,512,f16:column,f16:column,f16:column,f16:column,1,0,serial,1,1,heuristic,invalid,invalid,false,false,1,tensorop,f32,128,128,64,1,2,1,0,0,0,7,4,2,1,64,128,16,90,90,1048576,134479872,128,0.00955072,102.25,14080.6
2,CUTLASS,gemm,cutlass3x_sm90_tensorop_s64x128x16gemm_f16_f16_f32_f16_f16_128x128x64_1x2x1_0_nnn_align8_stream_k_warpspecialized_cooperative_epi_tma,passed,success,universal,256,512,512,f16:column,f16:column,f16:column,f16:column,1,0,serial,1,1,heuristic,invalid,invalid,false,false,1,tensorop,f32,128,128,64,1,2,1,0,0,0,6,4,2,1,64,128,16,90,90,1048576,134479872,128,0.00915712,106.645,14685.8
2,CUTLASS,gemm,cutlass3x_sm90_tensorop_s64x128x16gemm_f16_f16_f32_f16_f16_128x128x64_2x1x1_0_nnn_align8,passed,success,universal,256,512,512,f16:column,f16:column,f16:column,f16:column,1,0,serial,1,1,heuristic,invalid,invalid,false,false,1,tensorop,f32,128,128,64,2,1,1,0,0,0,7,4,2,1,64,128,16,90,90,1048576,134479872,128,0.00918368,106.337,14643.4
2,CUTLASS,gemm,cutlass3x_sm90_tensorop_s64x128x16gemm_f16_f16_f32_f16_f16_128x128x64_2x1x1_0_nnn_align8_warpspecialized_epi_nosmem,passed,success,universal,256,512,512,f16:column,f16:column,f16:column,f16:column,1,0,serial,1,1,heuristic,invalid,invalid,false,false,1,tensorop,f32,128,128,64,2,1,1,0,0,0,7,4,1,1,64,128,16,90,90,1048576,134479872,128,0.00876352,111.435,15345.4
2,CUTLASS,gemm,cutlass3x_sm90_tensorop_s64x128x16gemm_f16_f16_f32_f16_f16_128x128x64_2x1x1_0_nnn_align8_warpspecialized_pingpong_epi_tma,passed,success,universal,256,512,512,f16:column,f16:column,f16:column,f16:column,1,0,serial,1,1,heuristic,invalid,invalid,false,false,1,tensorop,f32,128,128,64,2,1,1,0,0,0,6,4,1,1,64,128,16,90,90,1048576,134479872,128,0.00906112,107.775,14841.4
2,CUTLASS,gemm,cutlass3x_sm90_tensorop_s64x128x16gemm_f16_f16_f32_f16_f16_128x128x64_2x1x1_0_nnn_align8_warpspecialized_pingpong_epi_nosmem,passed,success,universal,256,512,512,f16:column,f16:column,f16:column,f16:column,1,0,serial,1,1,heuristic,invalid,invalid,false,false,1,tensorop,f32,128,128,64,2,1,1,0,0,0,7,4,1,1,64,128,16,90,90,1048576,134479872,128,0.00893824,109.257,15045.5
2,CUTLASS,gemm,cutlass3x_sm90_tensorop_s64x128x16gemm_f16_f16_f32_f16_f16_128x128x64_2x1x1_0_nnn_align8_warpspecialized_cooperative_epi_nosmem,passed,success,universal,256,512,512,f16:column,f16:column,f16:column,f16:column,1,0,serial,1,1,heuristic,invalid,invalid,false,false,1,tensorop,f32,128,128,64,2,1,1,0,0,0,7,4,2,1,64,128,16,90,90,1048576,134479872,128,0.0091984,106.167,14619.9
2,CUTLASS,gemm,cutlass3x_sm90_tensorop_s64x128x16gemm_f16_f16_f32_f16_f16_128x128x64_2x1x1_0_nnn_align8_warpspecialized_cooperative_epi_tma,passed,success,universal,256,512,512,f16:column,f16:column,f16:column,f16:column,1,0,serial,1,1,heuristic,invalid,invalid,false,false,1,tensorop,f32,128,128,64,2,1,1,0,0,0,6,4,2,1,64,128,16,90,90,1048576,134479872,128,0.00833696,117.137,16130.6
2,CUTLASS,gemm,cutlass3x_sm90_tensorop_s64x128x16gemm_f16_f16_f32_f16_f16_128x128x64_2x1x1_0_nnn_align8_stream_k_warpspecialized_cooperative_epi_nosmem,passed,success,universal,256,512,512,f16:column,f16:column,f16:column,f16:column,1,0,serial,1,1,heuristic,invalid,invalid,false,false,1,tensorop,f32,128,128,64,2,1,1,0,0,0,7,4,2,1,64,128,16,90,90,1048576,134479872,128,0.00944544,103.39,14237.5
2,CUTLASS,gemm,cutlass3x_sm90_tensorop_s64x128x16gemm_f16_f16_f32_f16_f16_128x128x64_2x1x1_0_nnn_align8_stream_k_warpspecialized_cooperative_epi_tma,passed,success,universal,256,512,512,f16:column,f16:column,f16:column,f16:column,1,0,serial,1,1,heuristic,invalid,invalid,false,false,1,tensorop,f32,128,128,64,2,1,1,0,0,0,6,4,2,1,64,128,16,90,90,1048576,134479872,128,0.00909248,107.403,14790.2
3,CUTLASS,gemm,cutlass_tensorop_f16_s1688gemm_f16_256x128_32x2_nn_align8,passed,success,universal,384,512,512,f16:column,f16:column,f16:column,f16:column,1,0,serial,1,1,heuristic,invalid,invalid,false,false,1,tensorop,f32,256,128,32,1,1,1,0,0,0,2,4,2,1,16,8,8,75,1024,1310720,201719808,153,0.025824,47.2701,7811.33
3,CUTLASS,gemm,cutlass_tensorop_f16_s16816gemm_f16_256x128_32x3_nn_align8,passed,success,universal,384,512,512,f16:column,f16:column,f16:column,f16:column,1,0,serial,1,1,heuristic,invalid,invalid,false,false,1,tensorop,f32,256,128,32,1,1,1,0,0,0,3,4,2,1,16,8,16,80,1024,1310720,201719808,153,0.0144467,84.4969,13963
3,CUTLASS,gemm,cutlass3x_sm90_tensorop_s64x128x16gemm_f16_f16_f32_f16_f16_128x128x64_1x2x1_0_nnn_align8,passed,success,universal,384,512,512,f16:column,f16:column,f16:column,f16:column,1,0,serial,1,1,heuristic,invalid,invalid,false,false,1,tensorop,f32,128,128,64,1,2,1,0,0,0,7,4,2,1,64,128,16,90,90,1310720,201719808,153,0.00968896,125.989,20819.6
3,CUTLASS,gemm,cutlass3x_sm90_tensorop_s64x128x16gemm_f16_f16_f32_f16_f16_128x128x64_1x2x1_0_nnn_align8_warpspecialized_epi_nosmem,passed,success,universal,384,512,512,f16:column,f16:column,f16:column,f16:column,1,0,serial,1,1,heuristic,invalid,invalid,false,false,1,tensorop,f32,128,128,64,1,2,1,0,0,0,7,4,1,1,64,128,16,90,90,1310720,201719808,153,0.00913472,133.633,22082.8
3,CUTLASS,gemm,cutlass3x_sm90_tensorop_s64x128x16gemm_f16_f16_f32_f16_f16_128x128x64_1x2x1_0_nnn_align8_warpspecialized_pingpong_epi_tma,passed,success,universal,384,512,512,f16:column,f16:column,f16:column,f16:column,1,0,serial,1,1,heuristic,invalid,invalid,false,false,1,tensorop,f32,128,128,64,1,2,1,0,0,0,6,4,1,1,64,128,16,90,90,1310720,201719808,153,0.00905824,134.762,22269.2
3,CUTLASS,gemm,cutlass3x_sm90_tensorop_s64x128x16gemm_f16_f16_f32_f16_f16_128x128x64_1x2x1_0_nnn_align8_warpspecialized_pingpong_epi_nosmem,passed,success,universal,384,512,512,f16:column,f16:column,f16:column,f16:column,1,0,serial,1,1,heuristic,invalid,invalid,false,false,1,tensorop,f32,128,128,64,1,2,1,0,0,0,7,4,1,1,64,128,16,90,90,1310720,201719808,153,0.0097344,125.401,20722.4
3,CUTLASS,gemm,cutlass3x_sm90_tensorop_s64x128x16gemm_f16_f16_f32_f16_f16_128x128x64_1x2x1_0_nnn_align8_warpspecialized_cooperative_epi_nosmem,passed,success,universal,384,512,512,f16:column,f16:column,f16:column,f16:column,1,0,serial,1,1,heuristic,invalid,invalid,false,false,1,tensorop,f32,128,128,64,1,2,1,0,0,0,7,4,2,1,64,128,16,90,90,1310720,201719808,153,0.00963488,126.696,20936.4
3,CUTLASS,gemm,cutlass3x_sm90_tensorop_s64x128x16gemm_f16_f16_f32_f16_f16_128x128x64_1x2x1_0_nnn_align8_warpspecialized_cooperative_epi_tma,passed,success,universal,384,512,512,f16:column,f16:column,f16:column,f16:column,1,0,serial,1,1,heuristic,invalid,invalid,false,false,1,tensorop,f32,128,128,64,1,2,1,0,0,0,6,4,2,1,64,128,16,90,90,1310720,201719808,153,0.00850784,143.48,23709.9
3,CUTLASS,gemm,cutlass3x_sm90_tensorop_s64x128x16gemm_f16_f16_f32_f16_f16_128x128x64_1x2x1_0_nnn_align8_stream_k_warpspecialized_cooperative_epi_nosmem,passed,success,universal,384,512,512,f16:column,f16:column,f16:column,f16:column,1,0,serial,1,1,heuristic,invalid,invalid,false,false,1,tensorop,f32,128,128,64,1,2,1,0,0,0,7,4,2,1,64,128,16,90,90,1310720,201719808,153,0.00981536,124.367,20551.4
3,CUTLASS,gemm,cutlass3x_sm90_tensorop_s64x128x16gemm_f16_f16_f32_f16_f16_128x128x64_1x2x1_0_nnn_align8_stream_k_warpspecialized_cooperative_epi_tma,passed,success,universal,384,512,512,f16:column,f16:column,f16:column,f16:column,1,0,serial,1,1,heuristic,invalid,invalid,false,false,1,tensorop,f32,128,128,64,1,2,1,0,0,0,6,4,2,1,64,128,16,90,90,1310720,201719808,153,0.00915616,133.32,22031
3,CUTLASS,gemm,cutlass3x_sm90_tensorop_s64x128x16gemm_f16_f16_f32_f16_f16_128x128x64_2x1x1_0_nnn_align8,passed,success,universal,384,512,512,f16:column,f16:column,f16:column,f16:column,1,0,serial,1,1,heuristic,invalid,invalid,false,false,1,tensorop,f32,128,128,64,2,1,1,0,0,0,7,4,2,1,64,128,16,90,90,1310720,201719808,153,0.00986048,123.798,20457.4
3,CUTLASS,gemm,cutlass3x_sm90_tensorop_s64x128x16gemm_f16_f16_f32_f16_f16_128x128x64_2x1x1_0_nnn_align8_warpspecialized_epi_nosmem,passed,success,universal,384,512,512,f16:column,f16:column,f16:column,f16:column,1,0,serial,1,1,heuristic,invalid,invalid,false,false,1,tensorop,f32,128,128,64,2,1,1,0,0,0,7,4,1,1,64,128,16,90,90,1310720,201719808,153,0.00952864,128.109,21169.8
3,CUTLASS,gemm,cutlass3x_sm90_tensorop_s64x128x16gemm_f16_f16_f32_f16_f16_128x128x64_2x1x1_0_nnn_align8_warpspecialized_pingpong_epi_tma,passed,success,universal,384,512,512,f16:column,f16:column,f16:column,f16:column,1,0,serial,1,1,heuristic,invalid,invalid,false,false,1,tensorop,f32,128,128,64,2,1,1,0,0,0,6,4,1,1,64,128,16,90,90,1310720,201719808,153,0.00927104,131.668,21758.1
3,CUTLASS,gemm,cutlass3x_sm90_tensorop_s64x128x16gemm_f16_f16_f32_f16_f16_128x128x64_2x1x1_0_nnn_align8_warpspecialized_pingpong_epi_nosmem,passed,success,universal,384,512,512,f16:column,f16:column,f16:column,f16:column,1,0,serial,1,1,heuristic,invalid,invalid,false,false,1,tensorop,f32,128,128,64,2,1,1,0,0,0,7,4,1,1,64,128,16,90,90,1310720,201719808,153,0.00996736,122.47,20238
3,CUTLASS,gemm,cutlass3x_sm90_tensorop_s64x128x16gemm_f16_f16_f32_f16_f16_128x128x64_2x1x1_0_nnn_align8_warpspecialized_cooperative_epi_nosmem,passed,success,universal,384,512,512,f16:column,f16:column,f16:column,f16:column,1,0,serial,1,1,heuristic,invalid,invalid,false,false,1,tensorop,f32,128,128,64,2,1,1,0,0,0,7,4,2,1,64,128,16,90,90,1310720,201719808,153,0.00981696,124.346,20548.1
3,CUTLASS,gemm,cutlass3x_sm90_tensorop_s64x128x16gemm_f16_f16_f32_f16_f16_128x128x64_2x1x1_0_nnn_align8_warpspecialized_cooperative_epi_tma,passed,success,universal,384,512,512,f16:column,f16:column,f16:column,f16:column,1,0,serial,1,1,heuristic,invalid,invalid,false,false,1,tensorop,f32,128,128,64,2,1,1,0,0,0,6,4,2,1,64,128,16,90,90,1310720,201719808,153,0.00862848,141.474,23378.4
3,CUTLASS,gemm,cutlass3x_sm90_tensorop_s64x128x16gemm_f16_f16_f32_f16_f16_128x128x64_2x1x1_0_nnn_align8_stream_k_warpspecialized_cooperative_epi_nosmem,passed,success,universal,384,512,512,f16:column,f16:column,f16:column,f16:column,1,0,serial,1,1,heuristic,invalid,invalid,false,false,1,tensorop,f32,128,128,64,2,1,1,0,0,0,7,4,2,1,64,128,16,90,90,1310720,201719808,153,0.0100294,121.712,20112.8
3,CUTLASS,gemm,cutlass3x_sm90_tensorop_s64x128x16gemm_f16_f16_f32_f16_f16_128x128x64_2x1x1_0_nnn_align8_stream_k_warpspecialized_cooperative_epi_tma,passed,success,universal,384,512,512,f16:column,f16:column,f16:column,f16:column,1,0,serial,1,1,heuristic,invalid,invalid,false,false,1,tensorop,f32,128,128,64,2,1,1,0,0,0,6,4,2,1,64,128,16,90,90,1310720,201719808,153,0.0093552,130.484,21562.3
4,CUTLASS,gemm,cutlass_tensorop_f16_s1688gemm_f16_256x128_32x2_nn_align8,passed,success,universal,512,512,512,f16:column,f16:column,f16:column,f16:column,1,0,serial,1,1,heuristic,invalid,invalid,false,false,1,tensorop,f32,256,128,32,1,1,1,0,0,0,2,4,2,1,16,8,8,75,1024,1572864,268959744,171,0.025879,56.6035,10393
4,CUTLASS,gemm,cutlass_tensorop_f16_s16816gemm_f16_256x128_32x3_nn_align8,passed,success,universal,512,512,512,f16:column,f16:column,f16:column,f16:column,1,0,serial,1,1,heuristic,invalid,invalid,false,false,1,tensorop,f32,256,128,32,1,1,1,0,0,0,3,4,2,1,16,8,16,80,1024,1572864,268959744,171,0.0145907,100.396,18433.6
4,CUTLASS,gemm,cutlass3x_sm90_tensorop_s64x128x16gemm_f16_f16_f32_f16_f16_128x128x64_1x2x1_0_nnn_align8,passed,success,universal,512,512,512,f16:column,f16:column,f16:column,f16:column,1,0,serial,1,1,heuristic,invalid,invalid,false,false,1,tensorop,f32,128,128,64,1,2,1,0,0,0,7,4,2,1,64,128,16,90,90,1572864,268959744,171,0.0094096,155.675,28583.5
4,CUTLASS,gemm,cutlass3x_sm90_tensorop_s64x128x16gemm_f16_f16_f32_f16_f16_128x128x64_1x2x1_0_nnn_align8_warpspecialized_epi_nosmem,passed,success,universal,512,512,512,f16:column,f16:column,f16:column,f16:column,1,0,serial,1,1,heuristic,invalid,invalid,false,false,1,tensorop,f32,128,128,64,1,2,1,0,0,0,7,4,1,1,64,128,16,90,90,1572864,268959744,171,0.00899008,162.94,29917.4
4,CUTLASS,gemm,cutlass3x_sm90_tensorop_s64x128x16gemm_f16_f16_f32_f16_f16_128x128x64_1x2x1_0_nnn_align8_warpspecialized_pingpong_epi_tma,passed,success,universal,512,512,512,f16:column,f16:column,f16:column,f16:column,1,0,serial,1,1,heuristic,invalid,invalid,false,false,1,tensorop,f32,128,128,64,1,2,1,0,0,0,6,4,1,1,64,128,16,90,90,1572864,268959744,171,0.0093616,156.474,28730.1
4,CUTLASS,gemm,cutlass3x_sm90_tensorop_s64x128x16gemm_f16_f16_f32_f16_f16_128x128x64_1x2x1_0_nnn_align8_warpspecialized_pingpong_epi_nosmem,passed,success,universal,512,512,512,f16:column,f16:column,f16:column,f16:column,1,0,serial,1,1,heuristic,invalid,invalid,false,false,1,tensorop,f32,128,128,64,1,2,1,0,0,0,7,4,1,1,64,128,16,90,90,1572864,268959744,171,0.00913888,160.287,29430.3
4,CUTLASS,gemm,cutlass3x_sm90_tensorop_s64x128x16gemm_f16_f16_f32_f16_f16_128x128x64_1x2x1_0_nnn_align8_warpspecialized_cooperative_epi_nosmem,passed,success,universal,512,512,512,f16:column,f16:column,f16:column,f16:column,1,0,serial,1,1,heuristic,invalid,invalid,false,false,1,tensorop,f32,128,128,64,1,2,1,0,0,0,7,4,2,1,64,128,16,90,90,1572864,268959744,171,0.00942112,155.485,28548.6
4,CUTLASS,gemm,cutlass3x_sm90_tensorop_s64x128x16gemm_f16_f16_f32_f16_f16_128x128x64_1x2x1_0_nnn_align8_warpspecialized_cooperative_epi_tma,passed,success,universal,512,512,512,f16:column,f16:column,f16:column,f16:column,1,0,serial,1,1,heuristic,invalid,invalid,false,false,1,tensorop,f32,128,128,64,1,2,1,0,0,0,6,4,2,1,64,128,16,90,90,1572864,268959744,171,0.008456,173.231,31807
4,CUTLASS,gemm,cutlass3x_sm90_tensorop_s64x128x16gemm_f16_f16_f32_f16_f16_128x128x64_1x2x1_0_nnn_align8_stream_k_warpspecialized_cooperative_epi_nosmem,passed,success,universal,512,512,512,f16:column,f16:column,f16:column,f16:column,1,0,serial,1,1,heuristic,invalid,invalid,false,false,1,tensorop,f32,128,128,64,1,2,1,0,0,0,7,4,2,1,64,128,16,90,90,1572864,268959744,171,0.00975296,150.195,27577.2
4,CUTLASS,gemm,cutlass3x_sm90_tensorop_s64x128x16gemm_f16_f16_f32_f16_f16_128x128x64_1x2x1_0_nnn_align8_stream_k_warpspecialized_cooperative_epi_tma,passed,success,universal,512,512,512,f16:column,f16:column,f16:column,f16:column,1,0,serial,1,1,heuristic,invalid,invalid,false,false,1,tensorop,f32,128,128,64,1,2,1,0,0,0,6,4,2,1,64,128,16,90,90,1572864,268959744,171,0.00937216,156.297,28697.7
4,CUTLASS,gemm,cutlass3x_sm90_tensorop_s64x128x16gemm_f16_f16_f32_f16_f16_128x128x64_2x1x1_0_nnn_align8,passed,success,universal,512,512,512,f16:column,f16:column,f16:column,f16:column,1,0,serial,1,1,heuristic,invalid,invalid,false,false,1,tensorop,f32,128,128,64,2,1,1,0,0,0,7,4,2,1,64,128,16,90,90,1572864,268959744,171,0.00934464,156.758,28782.2
4,CUTLASS,gemm,cutlass3x_sm90_tensorop_s64x128x16gemm_f16_f16_f32_f16_f16_128x128x64_2x1x1_0_nnn_align8_warpspecialized_epi_nosmem,passed,success,universal,512,512,512,f16:column,f16:column,f16:column,f16:column,1,0,serial,1,1,heuristic,invalid,invalid,false,false,1,tensorop,f32,128,128,64,2,1,1,0,0,0,7,4,1,1,64,128,16,90,90,1572864,268959744,171,0.00905632,161.748,29698.6
4,CUTLASS,gemm,cutlass3x_sm90_tensorop_s64x128x16gemm_f16_f16_f32_f16_f16_128x128x64_2x1x1_0_nnn_align8_warpspecialized_pingpong_epi_tma,passed,success,universal,512,512,512,f16:column,f16:column,f16:column,f16:column,1,0,serial,1,1,heuristic,invalid,invalid,false,false,1,tensorop,f32,128,128,64,2,1,1,0,0,0,6,4,1,1,64,128,16,90,90,1572864,268959744,171,0.00937152,156.308,28699.7
4,CUTLASS,gemm,cutlass3x_sm90_tensorop_s64x128x16gemm_f16_f16_f32_f16_f16_128x128x64_2x1x1_0_nnn_align8_warpspecialized_pingpong_epi_nosmem,passed,success,universal,512,512,512,f16:column,f16:column,f16:column,f16:column,1,0,serial,1,1,heuristic,invalid,invalid,false,false,1,tensorop,f32,128,128,64,2,1,1,0,0,0,7,4,1,1,64,128,16,90,90,1572864,268959744,171,0.00920128,159.2,29230.7
4,CUTLASS,gemm,cutlass3x_sm90_tensorop_s64x128x16gemm_f16_f16_f32_f16_f16_128x128x64_2x1x1_0_nnn_align8_warpspecialized_cooperative_epi_nosmem,passed,success,universal,512,512,512,f16:column,f16:column,f16:column,f16:column,1,0,serial,1,1,heuristic,invalid,invalid,false,false,1,tensorop,f32,128,128,64,2,1,1,0,0,0,7,4,2,1,64,128,16,90,90,1572864,268959744,171,0.00939264,155.957,28635.2
4,CUTLASS,gemm,cutlass3x_sm90_tensorop_s64x128x16gemm_f16_f16_f32_f16_f16_128x128x64_2x1x1_0_nnn_align8_warpspecialized_cooperative_epi_tma,passed,success,universal,512,512,512,f16:column,f16:column,f16:column,f16:column,1,0,serial,1,1,heuristic,invalid,invalid,false,false,1,tensorop,f32,128,128,64,2,1,1,0,0,0,6,4,2,1,64,128,16,90,90,1572864,268959744,171,0.00873728,167.654,30783
4,CUTLASS,gemm,cutlass3x_sm90_tensorop_s64x128x16gemm_f16_f16_f32_f16_f16_128x128x64_2x1x1_0_nnn_align8_stream_k_warpspecialized_cooperative_epi_nosmem,passed,success,universal,512,512,512,f16:column,f16:column,f16:column,f16:column,1,0,serial,1,1,heuristic,invalid,invalid,false,false,1,tensorop,f32,128,128,64,2,1,1,0,0,0,7,4,2,1,64,128,16,90,90,1572864,268959744,171,0.0097488,150.259,27589
4,CUTLASS,gemm,cutlass3x_sm90_tensorop_s64x128x16gemm_f16_f16_f32_f16_f16_128x128x64_2x1x1_0_nnn_align8_stream_k_warpspecialized_cooperative_epi_tma,passed,success,universal,512,512,512,f16:column,f16:column,f16:column,f16:column,1,0,serial,1,1,heuristic,invalid,invalid,false,false,1,tensorop,f32,128,128,64,2,1,1,0,0,0,6,4,2,1,64,128,16,90,90,1572864,268959744,171,0.00941952,155.512,28553.4
5,CUTLASS,gemm,cutlass_tensorop_f16_s1688gemm_f16_256x128_32x2_nn_align8,passed,success,universal,640,512,512,f16:column,f16:column,f16:column,f16:column,1,0,serial,1,1,heuristic,invalid,invalid,false,false,1,tensorop,f32,256,128,32,1,1,1,0,0,0,2,4,2,1,16,8,8,75,1024,1835008,336199680,183,0.0257725,66.3104,13044.9
5,CUTLASS,gemm,cutlass_tensorop_f16_s16816gemm_f16_256x128_32x3_nn_align8,passed,success,universal,640,512,512,f16:column,f16:column,f16:column,f16:column,1,0,serial,1,1,heuristic,invalid,invalid,false,false,1,tensorop,f32,256,128,32,1,1,1,0,0,0,3,4,2,1,16,8,16,80,1024,1835008,336199680,183,0.0146278,116.831,22983.5
5,CUTLASS,gemm,cutlass3x_sm90_tensorop_s64x128x16gemm_f16_f16_f32_f16_f16_128x128x64_1x2x1_0_nnn_align8,passed,success,universal,640,512,512,f16:column,f16:column,f16:column,f16:column,1,0,serial,1,1,heuristic,invalid,invalid,false,false,1,tensorop,f32,128,128,64,1,2,1,0,0,0,7,4,2,1,64,128,16,90,90,1835008,336199680,183,0.0099312,172.082,33852.9
5,CUTLASS,gemm,cutlass3x_sm90_tensorop_s64x128x16gemm_f16_f16_f32_f16_f16_128x128x64_1x2x1_0_nnn_align8_warpspecialized_epi_nosmem,passed,success,universal,640,512,512,f16:column,f16:column,f16:column,f16:column,1,0,serial,1,1,heuristic,invalid,invalid,false,false,1,tensorop,f32,128,128,64,1,2,1,0,0,0,7,4,1,1,64,128,16,90,90,1835008,336199680,183,0.0096528,177.045,34829.2
5,CUTLASS,gemm,cutlass3x_sm90_tensorop_s64x128x16gemm_f16_f16_f32_f16_f16_128x128x64_1x2x1_0_nnn_align8_warpspecialized_pingpong_epi_tma,passed,success,universal,640,512,512,f16:column,f16:column,f16:column,f16:column,1,0,serial,1,1,heuristic,invalid,invalid,false,false,1,tensorop,f32,128,128,64,1,2,1,0,0,0,6,4,1,1,64,128,16,90,90,1835008,336199680,183,0.00948416,180.194,35448.5
5,CUTLASS,gemm,cutlass3x_sm90_tensorop_s64x128x16gemm_f16_f16_f32_f16_f16_128x128x64_1x2x1_0_nnn_align8_warpspecialized_pingpong_epi_nosmem,passed,success,universal,640,512,512,f16:column,f16:column,f16:column,f16:column,1,0,serial,1,1,heuristic,invalid,invalid,false,false,1,tensorop,f32,128,128,64,1,2,1,0,0,0,7,4,1,1,64,128,16,90,90,1835008,336199680,183,0.0100074,170.773,33595.2
5,CUTLASS,gemm,cutlass3x_sm90_tensorop_s64x128x16gemm_f16_f16_f32_f16_f16_128x128x64_1x2x1_0_nnn_align8_warpspecialized_cooperative_epi_nosmem,passed,success,universal,640,512,512,f16:column,f16:column,f16:column,f16:column,1,0,serial,1,1,heuristic,invalid,invalid,false,false,1,tensorop,f32,128,128,64,1,2,1,0,0,0,7,4,2,1,64,128,16,90,90,1835008,336199680,183,0.00988512,172.885,34010.7
5,CUTLASS,gemm,cutlass3x_sm90_tensorop_s64x128x16gemm_f16_f16_f32_f16_f16_128x128x64_1x2x1_0_nnn_align8_warpspecialized_cooperative_epi_tma,passed,success,universal,640,512,512,f16:column,f16:column,f16:column,f16:column,1,0,serial,1,1,heuristic,invalid,invalid,false,false,1,tensorop,f32,128,128,64,1,2,1,0,0,0,6,4,2,1,64,128,16,90,90,1835008,336199680,183,0.00881792,193.808,38126.9
5,CUTLASS,gemm,cutlass3x_sm90_tensorop_s64x128x16gemm_f16_f16_f32_f16_f16_128x128x64_1x2x1_0_nnn_align8_stream_k_warpspecialized_cooperative_epi_nosmem,passed,success,universal,640,512,512,f16:column,f16:column,f16:column,f16:column,1,0,serial,1,1,heuristic,invalid,invalid,false,false,1,tensorop,f32,128,128,64,1,2,1,0,0,0,7,4,2,1,64,128,16,90,90,1835008,336199680,183,0.0100938,169.311,33307.7
5,CUTLASS,gemm,cutlass3x_sm90_tensorop_s64x128x16gemm_f16_f16_f32_f16_f16_128x128x64_1x2x1_0_nnn_align8_stream_k_warpspecialized_cooperative_epi_tma,passed,success,universal,640,512,512,f16:column,f16:column,f16:column,f16:column,1,0,serial,1,1,heuristic,invalid,invalid,false,false,1,tensorop,f32,128,128,64,1,2,1,0,0,0,6,4,2,1,64,128,16,90,90,1835008,336199680,183,0.00952192,179.479,35308
5,CUTLASS,gemm,cutlass3x_sm90_tensorop_s64x128x16gemm_f16_f16_f32_f16_f16_128x128x64_2x1x1_0_nnn_align8,passed,success,universal,640,512,512,f16:column,f16:column,f16:column,f16:column,1,0,serial,1,1,heuristic,invalid,invalid,false,false,1,tensorop,f32,128,128,64,2,1,1,0,0,0,7,4,2,1,64,128,16,90,90,1835008,336199680,183,0.00992064,172.266,33888.9
5,CUTLASS,gemm,cutlass3x_sm90_tensorop_s64x128x16gemm_f16_f16_f32_f16_f16_128x128x64_2x1x1_0_nnn_align8_warpspecialized_epi_nosmem,passed,success,universal,640,512,512,f16:column,f16:column,f16:column,f16:column,1,0,serial,1,1,heuristic,invalid,invalid,false,false,1,tensorop,f32,128,128,64,2,1,1,0,0,0,7,4,1,1,64,128,16,90,90,1835008,336199680,183,0.00998688,171.123,33664.1
5,CUTLASS,gemm,cutlass3x_sm90_tensorop_s64x128x16gemm_f16_f16_f32_f16_f16_128x128x64_2x1x1_0_nnn_align8_warpspecialized_pingpong_epi_tma,passed,success,universal,640,512,512,f16:column,f16:column,f16:column,f16:column,1,0,serial,1,1,heuristic,invalid,invalid,false,false,1,tensorop,f32,128,128,64,2,1,1,0,0,0,6,4,1,1,64,128,16,90,90,1835008,336199680,183,0.0095408,179.124,35238.1
5,CUTLASS,gemm,cutlass3x_sm90_tensorop_s64x128x16gemm_f16_f16_f32_f16_f16_128x128x64_2x1x1_0_nnn_align8_warpspecialized_pingpong_epi_nosmem,passed,success,universal,640,512,512,f16:column,f16:column,f16:column,f16:column,1,0,serial,1,1,heuristic,invalid,invalid,false,false,1,tensorop,f32,128,128,64,2,1,1,0,0,0,7,4,1,1,64,128,16,90,90,1835008,336199680,183,0.0100573,169.925,33428.5
5,CUTLASS,gemm,cutlass3x_sm90_tensorop_s64x128x16gemm_f16_f16_f32_f16_f16_128x128x64_2x1x1_0_nnn_align8_warpspecialized_cooperative_epi_nosmem,passed,success,universal,640,512,512,f16:column,f16:column,f16:column,f16:column,1,0,serial,1,1,heuristic,invalid,invalid,false,false,1,tensorop,f32,128,128,64,2,1,1,0,0,0,7,4,2,1,64,128,16,90,90,1835008,336199680,183,0.00987328,173.092,34051.5
5,CUTLASS,gemm,cutlass3x_sm90_tensorop_s64x128x16gemm_f16_f16_f32_f16_f16_128x128x64_2x1x1_0_nnn_align8_warpspecialized_cooperative_epi_tma,passed,success,universal,640,512,512,f16:column,f16:column,f16:column,f16:column,1,0,serial,1,1,heuristic,invalid,invalid,false,false,1,tensorop,f32,128,128,64,2,1,1,0,0,0,6,4,2,1,64,128,16,90,90,1835008,336199680,183,0.00885472,193.003,37968.4
5,CUTLASS,gemm,cutlass3x_sm90_tensorop_s64x128x16gemm_f16_f16_f32_f16_f16_128x128x64_2x1x1_0_nnn_align8_stream_k_warpspecialized_cooperative_epi_nosmem,passed,success,universal,640,512,512,f16:column,f16:column,f16:column,f16:column,1,0,serial,1,1,heuristic,invalid,invalid,false,false,1,tensorop,f32,128,128,64,2,1,1,0,0,0,7,4,2,1,64,128,16,90,90,1835008,336199680,183,0.0100672,169.758,33395.6
5,CUTLASS,gemm,cutlass3x_sm90_tensorop_s64x128x16gemm_f16_f16_f32_f16_f16_128x128x64_2x1x1_0_nnn_align8_stream_k_warpspecialized_cooperative_epi_tma,passed,success,universal,640,512,512,f16:column,f16:column,f16:column,f16:column,1,0,serial,1,1,heuristic,invalid,invalid,false,false,1,tensorop,f32,128,128,64,2,1,1,0,0,0,6,4,2,1,64,128,16,90,90,1835008,336199680,183,0.00955424,178.872,35188.5
6,CUTLASS,gemm,cutlass_tensorop_f16_s1688gemm_f16_256x128_32x2_nn_align8,passed,success,universal,768,512,512,f16:column,f16:column,f16:column,f16:column,1,0,serial,1,1,heuristic,invalid,invalid,false,false,1,tensorop,f32,256,128,32,1,1,1,0,0,0,2,4,2,1,16,8,8,75,1024,2097152,403439616,192,0.0257578,75.8267,15662.8
6,CUTLASS,gemm,cutlass_tensorop_f16_s16816gemm_f16_256x128_32x3_nn_align8,passed,success,universal,768,512,512,f16:column,f16:column,f16:column,f16:column,1,0,serial,1,1,heuristic,invalid,invalid,false,false,1,tensorop,f32,256,128,32,1,1,1,0,0,0,3,4,2,1,16,8,16,80,1024,2097152,403439616,192,0.0146864,132.989,27470.3
6,CUTLASS,gemm,cutlass3x_sm90_tensorop_s64x128x16gemm_f16_f16_f32_f16_f16_128x128x64_1x2x1_0_nnn_align8,passed,success,universal,768,512,512,f16:column,f16:column,f16:column,f16:column,1,0,serial,1,1,heuristic,invalid,invalid,false,false,1,tensorop,f32,128,128,64,1,2,1,0,0,0,7,4,2,1,64,128,16,90,90,2097152,403439616,192,0.0101475,192.473,39757.5
6,CUTLASS,gemm,cutlass3x_sm90_tensorop_s64x128x16gemm_f16_f16_f32_f16_f16_128x128x64_1x2x1_0_nnn_align8_warpspecialized_epi_nosmem,passed,success,universal,768,512,512,f16:column,f16:column,f16:column,f16:column,1,0,serial,1,1,heuristic,invalid,invalid,false,false,1,tensorop,f32,128,128,64,1,2,1,0,0,0,7,4,1,1,64,128,16,90,90,2097152,403439616,192,0.00955968,204.309,42202.2
6,CUTLASS,gemm,cutlass3x_sm90_tensorop_s64x128x16gemm_f16_f16_f32_f16_f16_128x128x64_1x2x1_0_nnn_align8_warpspecialized_pingpong_epi_tma,passed,success,universal,768,512,512,f16:column,f16:column,f16:column,f16:column,1,0,serial,1,1,heuristic,invalid,invalid,false,false,1,tensorop,f32,128,128,64,1,2,1,0,0,0,6,4,1,1,64,128,16,90,90,2097152,403439616,192,0.00958112,203.851,42107.8
6,CUTLASS,gemm,cutlass3x_sm90_tensorop_s64x128x16gemm_f16_f16_f32_f16_f16_128x128x64_1x2x1_0_nnn_align8_warpspecialized_pingpong_epi_nosmem,passed,success,universal,768,512,512,f16:column,f16:column,f16:column,f16:column,1,0,serial,1,1,heuristic,invalid,invalid,false,false,1,tensorop,f32,128,128,64,1,2,1,0,0,0,7,4,1,1,64,128,16,90,90,2097152,403439616,192,0.0104182,187.472,38724.4
6,CUTLASS,gemm,cutlass3x_sm90_tensorop_s64x128x16gemm_f16_f16_f32_f16_f16_128x128x64_1x2x1_0_nnn_align8_warpspecialized_cooperative_epi_nosmem,passed,success,universal,768,512,512,f16:column,f16:column,f16:column,f16:column,1,0,serial,1,1,heuristic,invalid,invalid,false,false,1,tensorop,f32,128,128,64,1,2,1,0,0,0,7,4,2,1,64,128,16,90,90,2097152,403439616,192,0.0101766,191.922,39643.7
6,CUTLASS,gemm,cutlass3x_sm90_tensorop_s64x128x16gemm_f16_f16_f32_f16_f16_128x128x64_1x2x1_0_nnn_align8_warpspecialized_cooperative_epi_tma,passed,success,universal,768,512,512,f16:column,f16:column,f16:column,f16:column,1,0,serial,1,1,heuristic,invalid,invalid,false,false,1,tensorop,f32,128,128,64,1,2,1,0,0,0,6,4,2,1,64,128,16,90,90,2097152,403439616,192,0.00868672,224.84,46443.3
6,CUTLASS,gemm,cutlass3x_sm90_tensorop_s64x128x16gemm_f16_f16_f32_f16_f16_128x128x64_1x2x1_0_nnn_align8_stream_k_warpspecialized_cooperative_epi_nosmem,passed,success,universal,768,512,512,f16:column,f16:column,f16:column,f16:column,1,0,serial,1,1,heuristic,invalid,invalid,false,false,1,tensorop,f32,128,128,64,1,2,1,0,0,0,7,4,2,1,64,128,16,90,90,2097152,403439616,192,0.0101347,192.716,39807.7
6,CUTLASS,gemm,cutlass3x_sm90_tensorop_s64x128x16gemm_f16_f16_f32_f16_f16_128x128x64_1x2x1_0_nnn_align8_stream_k_warpspecialized_cooperative_epi_tma,passed,success,universal,768,512,512,f16:column,f16:column,f16:column,f16:column,1,0,serial,1,1,heuristic,invalid,invalid,false,false,1,tensorop,f32,128,128,64,1,2,1,0,0,0,6,4,2,1,64,128,16,90,90,2097152,403439616,192,0.00938752,208.055,42976.2
6,CUTLASS,gemm,cutlass3x_sm90_tensorop_s64x128x16gemm_f16_f16_f32_f16_f16_128x128x64_2x1x1_0_nnn_align8,passed,success,universal,768,512,512,f16:column,f16:column,f16:column,f16:column,1,0,serial,1,1,heuristic,invalid,invalid,false,false,1,tensorop,f32,128,128,64,2,1,1,0,0,0,7,4,2,1,64,128,16,90,90,2097152,403439616,192,0.00991424,197.002,40692.9
6,CUTLASS,gemm,cutlass3x_sm90_tensorop_s64x128x16gemm_f16_f16_f32_f16_f16_128x128x64_2x1x1_0_nnn_align8_warpspecialized_epi_nosmem,passed,success,universal,768,512,512,f16:column,f16:column,f16:column,f16:column,1,0,serial,1,1,heuristic,invalid,invalid,false,false,1,tensorop,f32,128,128,64,2,1,1,0,0,0,7,4,1,1,64,128,16,90,90,2097152,403439616,192,0.00978848,199.533,41215.8
6,CUTLASS,gemm,cutlass3x_sm90_tensorop_s64x128x16gemm_f16_f16_f32_f16_f16_128x128x64_2x1x1_0_nnn_align8_warpspecialized_pingpong_epi_tma,passed,success,universal,768,512,512,f16:column,f16:column,f16:column,f16:column,1,0,serial,1,1,heuristic,invalid,invalid,false,false,1,tensorop,f32,128,128,64,2,1,1,0,0,0,6,4,1,1,64,128,16,90,90,2097152,403439616,192,0.0093344,209.239,43220.7
6,CUTLASS,gemm,cutlass3x_sm90_tensorop_s64x128x16gemm_f16_f16_f32_f16_f16_128x128x64_2x1x1_0_nnn_align8_warpspecialized_pingpong_epi_nosmem,passed,success,universal,768,512,512,f16:column,f16:column,f16:column,f16:column,1,0,serial,1,1,heuristic,invalid,invalid,false,false,1,tensorop,f32,128,128,64,2,1,1,0,0,0,7,4,1,1,64,128,16,90,90,2097152,403439616,192,0.0100909,193.553,39980.6
6,CUTLASS,gemm,cutlass3x_sm90_tensorop_s64x128x16gemm_f16_f16_f32_f16_f16_128x128x64_2x1x1_0_nnn_align8_warpspecialized_cooperative_epi_nosmem,passed,success,universal,768,512,512,f16:column,f16:column,f16:column,f16:column,1,0,serial,1,1,heuristic,invalid,invalid,false,false,1,tensorop,f32,128,128,64,2,1,1,0,0,0,7,4,2,1,64,128,16,90,90,2097152,403439616,192,0.00995936,196.109,40508.6
6,CUTLASS,gemm,cutlass3x_sm90_tensorop_s64x128x16gemm_f16_f16_f32_f16_f16_128x128x64_2x1x1_0_nnn_align8_warpspecialized_cooperative_epi_tma,passed,success,universal,768,512,512,f16:column,f16:column,f16:column,f16:column,1,0,serial,1,1,heuristic,invalid,invalid,false,false,1,tensorop,f32,128,128,64,2,1,1,0,0,0,6,4,2,1,64,128,16,90,90,2097152,403439616,192,0.00873248,223.662,46199.9
6,CUTLASS,gemm,cutlass3x_sm90_tensorop_s64x128x16gemm_f16_f16_f32_f16_f16_128x128x64_2x1x1_0_nnn_align8_stream_k_warpspecialized_cooperative_epi_nosmem,passed,success,universal,768,512,512,f16:column,f16:column,f16:column,f16:column,1,0,serial,1,1,heuristic,invalid,invalid,false,false,1,tensorop,f32,128,128,64,2,1,1,0,0,0,7,4,2,1,64,128,16,90,90,2097152,403439616,192,0.0101453,192.516,39766.2
6,CUTLASS,gemm,cutlass3x_sm90_tensorop_s64x128x16gemm_f16_f16_f32_f16_f16_128x128x64_2x1x1_0_nnn_align8_stream_k_warpspecialized_cooperative_epi_tma,passed,success,universal,768,512,512,f16:column,f16:column,f16:column,f16:column,1,0,serial,1,1,heuristic,invalid,invalid,false,false,1,tensorop,f32,128,128,64,2,1,1,0,0,0,6,4,2,1,64,128,16,90,90,2097152,403439616,192,0.00937568,208.318,43030.4
7,CUTLASS,gemm,cutlass_tensorop_f16_s1688gemm_f16_256x128_32x2_nn_align8,passed,success,universal,896,512,512,f16:column,f16:column,f16:column,f16:column,1,0,serial,1,1,heuristic,invalid,invalid,false,false,1,tensorop,f32,256,128,32,1,1,1,0,0,0,2,4,2,1,16,8,8,75,1024,2359296,470679552,199,0.0255824,85.8897,18398.6
7,CUTLASS,gemm,cutlass_tensorop_f16_s16816gemm_f16_256x128_32x3_nn_align8,passed,success,universal,896,512,512,f16:column,f16:column,f16:column,f16:column,1,0,serial,1,1,heuristic,invalid,invalid,false,false,1,tensorop,f32,256,128,32,1,1,1,0,0,0,3,4,2,1,16,8,16,80,1024,2359296,470679552,199,0.0145971,150.527,32244.7
7,CUTLASS,gemm,cutlass3x_sm90_tensorop_s64x128x16gemm_f16_f16_f32_f16_f16_128x128x64_1x2x1_0_nnn_align8,passed,success,universal,896,512,512,f16:column,f16:column,f16:column,f16:column,1,0,serial,1,1,heuristic,invalid,invalid,false,false,1,tensorop,f32,128,128,64,1,2,1,0,0,0,7,4,2,1,64,128,16,90,90,2359296,470679552,199,0.0104256,210.757,45146.5
7,CUTLASS,gemm,cutlass3x_sm90_tensorop_s64x128x16gemm_f16_f16_f32_f16_f16_128x128x64_1x2x1_0_nnn_align8_warpspecialized_epi_nosmem,passed,success,universal,896,512,512,f16:column,f16:column,f16:column,f16:column,1,0,serial,1,1,heuristic,invalid,invalid,false,false,1,tensorop,f32,128,128,64,1,2,1,0,0,0,7,4,1,1,64,128,16,90,90,2359296,470679552,199,0.0097504,225.351,48272.8
7,CUTLASS,gemm,cutlass3x_sm90_tensorop_s64x128x16gemm_f16_f16_f32_f16_f16_128x128x64_1x2x1_0_nnn_align8_warpspecialized_pingpong_epi_tma,passed,success,universal,896,512,512,f16:column,f16:column,f16:column,f16:column,1,0,serial,1,1,heuristic,invalid,invalid,false,false,1,tensorop,f32,128,128,64,1,2,1,0,0,0,6,4,1,1,64,128,16,90,90,2359296,470679552,199,0.00939232,233.943,50113.2
7,CUTLASS,gemm,cutlass3x_sm90_tensorop_s64x128x16gemm_f16_f16_f32_f16_f16_128x128x64_1x2x1_0_nnn_align8_warpspecialized_pingpong_epi_nosmem,passed,success,universal,896,512,512,f16:column,f16:column,f16:column,f16:column,1,0,serial,1,1,heuristic,invalid,invalid,false,false,1,tensorop,f32,128,128,64,1,2,1,0,0,0,7,4,1,1,64,128,16,90,90,2359296,470679552,199,0.010585,207.584,44466.8
7,CUTLASS,gemm,cutlass3x_sm90_tensorop_s64x128x16gemm_f16_f16_f32_f16_f16_128x128x64_1x2x1_0_nnn_align8_warpspecialized_cooperative_epi_nosmem,passed,success,universal,896,512,512,f16:column,f16:column,f16:column,f16:column,1,0,serial,1,1,heuristic,invalid,invalid,false,false,1,tensorop,f32,128,128,64,1,2,1,0,0,0,7,4,2,1,64,128,16,90,90,2359296,470679552,199,0.0103904,211.471,45299.5
7,CUTLASS,gemm,cutlass3x_sm90_tensorop_s64x128x16gemm_f16_f16_f32_f16_f16_128x128x64_1x2x1_0_nnn_align8_warpspecialized_cooperative_epi_tma,passed,success,universal,896,512,512,f16:column,f16:column,f16:column,f16:column,1,0,serial,1,1,heuristic,invalid,invalid,false,false,1,tensorop,f32,128,128,64,1,2,1,0,0,0,6,4,2,1,64,128,16,90,90,2359296,470679552,199,0.0086992,252.582,54106.1
7,CUTLASS,gemm,cutlass3x_sm90_tensorop_s64x128x16gemm_f16_f16_f32_f16_f16_128x128x64_1x2x1_0_nnn_align8_stream_k_warpspecialized_cooperative_epi_nosmem,passed,success,universal,896,512,512,f16:column,f16:column,f16:column,f16:column,1,0,serial,1,1,heuristic,invalid,invalid,false,false,1,tensorop,f32,128,128,64,1,2,1,0,0,0,7,4,2,1,64,128,16,90,90,2359296,470679552,199,0.0106998,205.355,43989.4
7,CUTLASS,gemm,cutlass3x_sm90_tensorop_s64x128x16gemm_f16_f16_f32_f16_f16_128x128x64_1x2x1_0_nnn_align8_stream_k_warpspecialized_cooperative_epi_tma,passed,success,universal,896,512,512,f16:column,f16:column,f16:column,f16:column,1,0,serial,1,1,heuristic,invalid,invalid,false,false,1,tensorop,f32,128,128,64,1,2,1,0,0,0,6,4,2,1,64,128,16,90,90,2359296,470679552,199,0.00944448,232.651,49836.5
7,CUTLASS,gemm,cutlass3x_sm90_tensorop_s64x128x16gemm_f16_f16_f32_f16_f16_128x128x64_2x1x1_0_nnn_align8,passed,success,universal,896,512,512,f16:column,f16:column,f16:column,f16:column,1,0,serial,1,1,heuristic,invalid,invalid,false,false,1,tensorop,f32,128,128,64,2,1,1,0,0,0,7,4,2,1,64,128,16,90,90,2359296,470679552,199,0.0106381,206.547,44244.8
7,CUTLASS,gemm,cutlass3x_sm90_tensorop_s64x128x16gemm_f16_f16_f32_f16_f16_128x128x64_2x1x1_0_nnn_align8_warpspecialized_epi_nosmem,passed,success,universal,896,512,512,f16:column,f16:column,f16:column,f16:column,1,0,serial,1,1,heuristic,invalid,invalid,false,false,1,tensorop,f32,128,128,64,2,1,1,0,0,0,7,4,1,1,64,128,16,90,90,2359296,470679552,199,0.0102698,213.955,45831.6
7,CUTLASS,gemm,cutlass3x_sm90_tensorop_s64x128x16gemm_f16_f16_f32_f16_f16_128x128x64_2x1x1_0_nnn_align8_warpspecialized_pingpong_epi_tma,passed,success,universal,896,512,512,f16:column,f16:column,f16:column,f16:column,1,0,serial,1,1,heuristic,invalid,invalid,false,false,1,tensorop,f32,128,128,64,2,1,1,0,0,0,6,4,1,1,64,128,16,90,90,2359296,470679552,199,0.00971296,226.22,48458.9
7,CUTLASS,gemm,cutlass3x_sm90_tensorop_s64x128x16gemm_f16_f16_f32_f16_f16_128x128x64_2x1x1_0_nnn_align8_warpspecialized_pingpong_epi_nosmem,passed,success,universal,896,512,512,f16:column,f16:column,f16:column,f16:column,1,0,serial,1,1,heuristic,invalid,invalid,false,false,1,tensorop,f32,128,128,64,2,1,1,0,0,0,7,4,1,1,64,128,16,90,90,2359296,470679552,199,0.0108941,201.694,43205.1
7,CUTLASS,gemm,cutlass3x_sm90_tensorop_s64x128x16gemm_f16_f16_f32_f16_f16_128x128x64_2x1x1_0_nnn_align8_warpspecialized_cooperative_epi_nosmem,passed,success,universal,896,512,512,f16:column,f16:column,f16:column,f16:column,1,0,serial,1,1,heuristic,invalid,invalid,false,false,1,tensorop,f32,128,128,64,2,1,1,0,0,0,7,4,2,1,64,128,16,90,90,2359296,470679552,199,0.0106982,205.386,43996
7,CUTLASS,gemm,cutlass3x_sm90_tensorop_s64x128x16gemm_f16_f16_f32_f16_f16_128x128x64_2x1x1_0_nnn_align8_warpspecialized_cooperative_epi_tma,passed,success,universal,896,512,512,f16:column,f16:column,f16:column,f16:column,1,0,serial,1,1,heuristic,invalid,invalid,false,false,1,tensorop,f32,128,128,64,2,1,1,0,0,0,6,4,2,1,64,128,16,90,90,2359296,470679552,199,0.00905696,242.605,51968.8
7,CUTLASS,gemm,cutlass3x_sm90_tensorop_s64x128x16gemm_f16_f16_f32_f16_f16_128x128x64_2x1x1_0_nnn_align8_stream_k_warpspecialized_cooperative_epi_nosmem,passed,success,universal,896,512,512,f16:column,f16:column,f16:column,f16:column,1,0,serial,1,1,heuristic,invalid,invalid,false,false,1,tensorop,f32,128,128,64,2,1,1,0,0,0,7,4,2,1,64,128,16,90,90,2359296,470679552,199,0.0108928,201.717,43210.2
7,CUTLASS,gemm,cutlass3x_sm90_tensorop_s64x128x16gemm_f16_f16_f32_f16_f16_128x128x64_2x1x1_0_nnn_align8_stream_k_warpspecialized_cooperative_epi_tma,passed,success,universal,896,512,512,f16:column,f16:column,f16:column,f16:column,1,0,serial,1,1,heuristic,invalid,invalid,false,false,1,tensorop,f32,128,128,64,2,1,1,0,0,0,6,4,2,1,64,128,16,90,90,2359296,470679552,199,0.00971296,226.22,48458.9
8,CUTLASS,gemm,cutlass_tensorop_f16_s1688gemm_f16_256x128_32x2_nn_align8,passed,success,universal,1024,512,512,f16:column,f16:column,f16:column,f16:column,1,0,serial,1,1,heuristic,invalid,invalid,false,false,1,tensorop,f32,256,128,32,1,1,1,0,0,0,2,4,2,1,16,8,8,75,1024,2621440,537919488,205,0.025648,95.189,20973.2
8,CUTLASS,gemm,cutlass_tensorop_f16_s16816gemm_f16_256x128_32x3_nn_align8,passed,success,universal,1024,512,512,f16:column,f16:column,f16:column,f16:column,1,0,serial,1,1,heuristic,invalid,invalid,false,false,1,tensorop,f32,256,128,32,1,1,1,0,0,0,3,4,2,1,16,8,16,80,1024,2621440,537919488,205,0.0146262,166.92,36777.7
8,CUTLASS,gemm,cutlass3x_sm90_tensorop_s64x128x16gemm_f16_f16_f32_f16_f16_128x128x64_1x2x1_0_nnn_align8,passed,success,universal,1024,512,512,f16:column,f16:column,f16:column,f16:column,1,0,serial,1,1,heuristic,invalid,invalid,false,false,1,tensorop,f32,128,128,64,1,2,1,0,0,0,7,4,2,1,64,128,16,90,90,2621440,537919488,205,0.00974016,250.654,55227
8,CUTLASS,gemm,cutlass3x_sm90_tensorop_s64x128x16gemm_f16_f16_f32_f16_f16_128x128x64_1x2x1_0_nnn_align8_warpspecialized_epi_nosmem,passed,success,universal,1024,512,512,f16:column,f16:column,f16:column,f16:column,1,0,serial,1,1,heuristic,invalid,invalid,false,false,1,tensorop,f32,128,128,64,1,2,1,0,0,0,7,4,1,1,64,128,16,90,90,2621440,537919488,205,0.00916256,266.455,58708.4
8,CUTLASS,gemm,cutlass3x_sm90_tensorop_s64x128x16gemm_f16_f16_f32_f16_f16_128x128x64_1x2x1_0_nnn_align8_warpspecialized_pingpong_epi_tma,passed,success,universal,1024,512,512,f16:column,f16:column,f16:column,f16:column,1,0,serial,1,1,heuristic,invalid,invalid,false,false,1,tensorop,f32,128,128,64,1,2,1,0,0,0,6,4,1,1,64,128,16,90,90,2621440,537919488,205,0.00962304,253.704,55899.1
8,CUTLASS,gemm,cutlass3x_sm90_tensorop_s64x128x16gemm_f16_f16_f32_f16_f16_128x128x64_1x2x1_0_nnn_align8_warpspecialized_pingpong_epi_nosmem,passed,success,universal,1024,512,512,f16:column,f16:column,f16:column,f16:column,1,0,serial,1,1,heuristic,invalid,invalid,false,false,1,tensorop,f32,128,128,64,1,2,1,0,0,0,7,4,1,1,64,128,16,90,90,2621440,537919488,205,0.00948608,257.367,56706.2
8,CUTLASS,gemm,cutlass3x_sm90_tensorop_s64x128x16gemm_f16_f16_f32_f16_f16_128x128x64_1x2x1_0_nnn_align8_warpspecialized_cooperative_epi_nosmem,passed,success,universal,1024,512,512,f16:column,f16:column,f16:column,f16:column,1,0,serial,1,1,heuristic,invalid,invalid,false,false,1,tensorop,f32,128,128,64,1,2,1,0,0,0,7,4,2,1,64,128,16,90,90,2621440,537919488,205,0.0097552,250.267,55141.8
8,CUTLASS,gemm,cutlass3x_sm90_tensorop_s64x128x16gemm_f16_f16_f32_f16_f16_128x128x64_1x2x1_0_nnn_align8_warpspecialized_cooperative_epi_tma,passed,success,universal,1024,512,512,f16:column,f16:column,f16:column,f16:column,1,0,serial,1,1,heuristic,invalid,invalid,false,false,1,tensorop,f32,128,128,64,1,2,1,0,0,0,6,4,2,1,64,128,16,90,90,2621440,537919488,205,0.0089536,272.673,60078.6
8,CUTLASS,gemm,cutlass3x_sm90_tensorop_s64x128x16gemm_f16_f16_f32_f16_f16_128x128x64_1x2x1_0_nnn_align8_stream_k_warpspecialized_cooperative_epi_nosmem,passed,success,universal,1024,512,512,f16:column,f16:column,f16:column,f16:column,1,0,serial,1,1,heuristic,invalid,invalid,false,false,1,tensorop,f32,128,128,64,1,2,1,0,0,0,7,4,2,1,64,128,16,90,90,2621440,537919488,205,0.0102218,238.844,52624.9
8,CUTLASS,gemm,cutlass3x_sm90_tensorop_s64x128x16gemm_f16_f16_f32_f16_f16_128x128x64_1x2x1_0_nnn_align8_stream_k_warpspecialized_cooperative_epi_tma,passed,success,universal,1024,512,512,f16:column,f16:column,f16:column,f16:column,1,0,serial,1,1,heuristic,invalid,invalid,false,false,1,tensorop,f32,128,128,64,1,2,1,0,0,0,6,4,2,1,64,128,16,90,90,2621440,537919488,205,0.0096784,252.253,55579.4
8,CUTLASS,gemm,cutlass3x_sm90_tensorop_s64x128x16gemm_f16_f16_f32_f16_f16_128x128x64_2x1x1_0_nnn_align8,passed,success,universal,1024,512,512,f16:column,f16:column,f16:column,f16:column,1,0,serial,1,1,heuristic,invalid,invalid,false,false,1,tensorop,f32,128,128,64,2,1,1,0,0,0,7,4,2,1,64,128,16,90,90,2621440,537919488,205,0.0097392,250.678,55232.4
8,CUTLASS,gemm,cutlass3x_sm90_tensorop_s64x128x16gemm_f16_f16_f32_f16_f16_128x128x64_2x1x1_0_nnn_align8_warpspecialized_epi_nosmem,passed,success,universal,1024,512,512,f16:column,f16:column,f16:column,f16:column,1,0,serial,1,1,heuristic,invalid,invalid,false,false,1,tensorop,f32,128,128,64,2,1,1,0,0,0,7,4,1,1,64,128,16,90,90,2621440,537919488,205,0.0092672,263.446,58045.5
8,CUTLASS,gemm,cutlass3x_sm90_tensorop_s64x128x16gemm_f16_f16_f32_f16_f16_128x128x64_2x1x1_0_nnn_align8_warpspecialized_pingpong_epi_tma,passed,success,universal,1024,512,512,f16:column,f16:column,f16:column,f16:column,1,0,serial,1,1,heuristic,invalid,invalid,false,false,1,tensorop,f32,128,128,64,2,1,1,0,0,0,6,4,1,1,64,128,16,90,90,2621440,537919488,205,0.0095936,254.483,56070.7
8,CUTLASS,gemm,cutlass3x_sm90_tensorop_s64x128x16gemm_f16_f16_f32_f16_f16_128x128x64_2x1x1_0_nnn_align8_warpspecialized_pingpong_epi_nosmem,passed,success,universal,1024,512,512,f16:column,f16:column,f16:column,f16:column,1,0,serial,1,1,heuristic,invalid,invalid,false,false,1,tensorop,f32,128,128,64,2,1,1,0,0,0,7,4,1,1,64,128,16,90,90,2621440,537919488,205,0.0094624,258.011,56848.1
8,CUTLASS,gemm,cutlass3x_sm90_tensorop_s64x128x16gemm_f16_f16_f32_f16_f16_128x128x64_2x1x1_0_nnn_align8_warpspecialized_cooperative_epi_nosmem,passed,success,universal,1024,512,512,f16:column,f16:column,f16:column,f16:column,1,0,serial,1,1,heuristic,invalid,invalid,false,false,1,tensorop,f32,128,128,64,2,1,1,0,0,0,7,4,2,1,64,128,16,90,90,2621440,537919488,205,0.00964224,253.199,55787.8
8,CUTLASS,gemm,cutlass3x_sm90_tensorop_s64x128x16gemm_f16_f16_f32_f16_f16_128x128x64_2x1x1_0_nnn_align8_warpspecialized_cooperative_epi_tma,passed,success,universal,1024,512,512,f16:column,f16:column,f16:column,f16:column,1,0,serial,1,1,heuristic,invalid,invalid,false,false,1,tensorop,f32,128,128,64,2,1,1,0,0,0,6,4,2,1,64,128,16,90,90,2621440,537919488,205,0.00884128,276.137,60841.8
8,CUTLASS,gemm,cutlass3x_sm90_tensorop_s64x128x16gemm_f16_f16_f32_f16_f16_128x128x64_2x1x1_0_nnn_align8_stream_k_warpspecialized_cooperative_epi_nosmem,passed,success,universal,1024,512,512,f16:column,f16:column,f16:column,f16:column,1,0,serial,1,1,heuristic,invalid,invalid,false,false,1,tensorop,f32,128,128,64,2,1,1,0,0,0,7,4,2,1,64,128,16,90,90,2621440,537919488,205,0.0100032,244.063,53774.7
8,CUTLASS,gemm,cutlass3x_sm90_tensorop_s64x128x16gemm_f16_f16_f32_f16_f16_128x128x64_2x1x1_0_nnn_align8_stream_k_warpspecialized_cooperative_epi_tma,passed,success,universal,1024,512,512,f16:column,f16:column,f16:column,f16:column,1,0,serial,1,1,heuristic,invalid,invalid,false,false,1,tensorop,f32,128,128,64,2,1,1,0,0,0,6,4,2,1,64,128,16,90,90,2621440,537919488,205,0.0095792,254.865,56154.9
9,CUTLASS,gemm,cutlass_tensorop_f16_s1688gemm_f16_256x128_32x2_nn_align8,passed,success,universal,1152,512,512,f16:column,f16:column,f16:column,f16:column,1,0,serial,1,1,heuristic,invalid,invalid,false,false,1,tensorop,f32,256,128,32,1,1,1,0,0,0,2,4,2,1,16,8,8,75,1024,2883584,605159424,209,0.0258189,104.015,23438.6
9,CUTLASS,gemm,cutlass_tensorop_f16_s16816gemm_f16_256x128_32x3_nn_align8,passed,success,universal,1152,512,512,f16:column,f16:column,f16:column,f16:column,1,0,serial,1,1,heuristic,invalid,invalid,false,false,1,tensorop,f32,256,128,32,1,1,1,0,0,0,3,4,2,1,16,8,16,80,1024,2883584,605159424,209,0.0147072,182.601,41147.2
9,CUTLASS,gemm,cutlass3x_sm90_tensorop_s64x128x16gemm_f16_f16_f32_f16_f16_128x128x64_1x2x1_0_nnn_align8,passed,success,universal,1152,512,512,f16:column,f16:column,f16:column,f16:column,1,0,serial,1,1,heuristic,invalid,invalid,false,false,1,tensorop,f32,128,128,64,1,2,1,0,0,0,7,4,2,1,64,128,16,90,90,2883584,605159424,209,0.0104256,257.592,58045.5
9,CUTLASS,gemm,cutlass3x_sm90_tensorop_s64x128x16gemm_f16_f16_f32_f16_f16_128x128x64_1x2x1_0_nnn_align8_warpspecialized_epi_nosmem,passed,success,universal,1152,512,512,f16:column,f16:column,f16:column,f16:column,1,0,serial,1,1,heuristic,invalid,invalid,false,false,1,tensorop,f32,128,128,64,1,2,1,0,0,0,7,4,1,1,64,128,16,90,90,2883584,605159424,209,0.00971424,276.455,62296.1
9,CUTLASS,gemm,cutlass3x_sm90_tensorop_s64x128x16gemm_f16_f16_f32_f16_f16_128x128x64_1x2x1_0_nnn_align8_warpspecialized_pingpong_epi_tma,passed,success,universal,1152,512,512,f16:column,f16:column,f16:column,f16:column,1,0,serial,1,1,heuristic,invalid,invalid,false,false,1,tensorop,f32,128,128,64,1,2,1,0,0,0,6,4,1,1,64,128,16,90,90,2883584,605159424,209,0.00947712,283.372,63854.8
9,CUTLASS,gemm,cutlass3x_sm90_tensorop_s64x128x16gemm_f16_f16_f32_f16_f16_128x128x64_1x2x1_0_nnn_align8_warpspecialized_pingpong_epi_nosmem,passed,success,universal,1152,512,512,f16:column,f16:column,f16:column,f16:column,1,0,serial,1,1,heuristic,invalid,invalid,false,false,1,tensorop,f32,128,128,64,1,2,1,0,0,0,7,4,1,1,64,128,16,90,90,2883584,605159424,209,0.0104752,256.372,57770.7
9,CUTLASS,gemm,cutlass3x_sm90_tensorop_s64x128x16gemm_f16_f16_f32_f16_f16_128x128x64_1x2x1_0_nnn_align8_warpspecialized_cooperative_epi_nosmem,passed,success,universal,1152,512,512,f16:column,f16:column,f16:column,f16:column,1,0,serial,1,1,heuristic,invalid,invalid,false,false,1,tensorop,f32,128,128,64,1,2,1,0,0,0,7,4,2,1,64,128,16,90,90,2883584,605159424,209,0.0104134,257.892,58113.3
9,CUTLASS,gemm,cutlass3x_sm90_tensorop_s64x128x16gemm_f16_f16_f32_f16_f16_128x128x64_1x2x1_0_nnn_align8_warpspecialized_cooperative_epi_tma,passed,success,universal,1152,512,512,f16:column,f16:column,f16:column,f16:column,1,0,serial,1,1,heuristic,invalid,invalid,false,false,1,tensorop,f32,128,128,64,1,2,1,0,0,0,6,4,2,1,64,128,16,90,90,2883584,605159424,209,0.0087696,306.234,69006.5
9,CUTLASS,gemm,cutlass3x_sm90_tensorop_s64x128x16gemm_f16_f16_f32_f16_f16_128x128x64_1x2x1_0_nnn_align8_stream_k_warpspecialized_cooperative_epi_nosmem,passed,success,universal,1152,512,512,f16:column,f16:column,f16:column,f16:column,1,0,serial,1,1,heuristic,invalid,invalid,false,false,1,tensorop,f32,128,128,64,1,2,1,0,0,0,7,4,2,1,64,128,16,90,90,2883584,605159424,209,0.0106653,251.803,56741.1
9,CUTLASS,gemm,cutlass3x_sm90_tensorop_s64x128x16gemm_f16_f16_f32_f16_f16_128x128x64_1x2x1_0_nnn_align8_stream_k_warpspecialized_cooperative_epi_tma,passed,success,universal,1152,512,512,f16:column,f16:column,f16:column,f16:column,1,0,serial,1,1,heuristic,invalid,invalid,false,false,1,tensorop,f32,128,128,64,1,2,1,0,0,0,6,4,2,1,64,128,16,90,90,2883584,605159424,209,0.00955008,281.207,63367
9,CUTLASS,gemm,cutlass3x_sm90_tensorop_s64x128x16gemm_f16_f16_f32_f16_f16_128x128x64_2x1x1_0_nnn_align8,passed,success,universal,1152,512,512,f16:column,f16:column,f16:column,f16:column,1,0,serial,1,1,heuristic,invalid,invalid,false,false,1,tensorop,f32,128,128,64,2,1,1,0,0,0,7,4,2,1,64,128,16,90,90,2883584,605159424,209,0.0105725,254.013,57239.1
9,CUTLASS,gemm,cutlass3x_sm90_tensorop_s64x128x16gemm_f16_f16_f32_f16_f16_128x128x64_2x1x1_0_nnn_align8_warpspecialized_epi_nosmem,passed,success,universal,1152,512,512,f16:column,f16:column,f16:column,f16:column,1,0,serial,1,1,heuristic,invalid,invalid,false,false,1,tensorop,f32,128,128,64,2,1,1,0,0,0,7,4,1,1,64,128,16,90,90,2883584,605159424,209,0.010064,266.847,60131.1
9,CUTLASS,gemm,cutlass3x_sm90_tensorop_s64x128x16gemm_f16_f16_f32_f16_f16_128x128x64_2x1x1_0_nnn_align8_warpspecialized_pingpong_epi_tma,passed,success,universal,1152,512,512,f16:column,f16:column,f16:column,f16:column,1,0,serial,1,1,heuristic,invalid,invalid,false,false,1,tensorop,f32,128,128,64,2,1,1,0,0,0,6,4,1,1,64,128,16,90,90,2883584,605159424,209,0.0096224,279.093,62890.7
9,CUTLASS,gemm,cutlass3x_sm90_tensorop_s64x128x16gemm_f16_f16_f32_f16_f16_128x128x64_2x1x1_0_nnn_align8_warpspecialized_pingpong_epi_nosmem,passed,success,universal,1152,512,512,f16:column,f16:column,f16:column,f16:column,1,0,serial,1,1,heuristic,invalid,invalid,false,false,1,tensorop,f32,128,128,64,2,1,1,0,0,0,7,4,1,1,64,128,16,90,90,2883584,605159424,209,0.0105565,254.398,57325.9
9,CUTLASS,gemm,cutlass3x_sm90_tensorop_s64x128x16gemm_f16_f16_f32_f16_f16_128x128x64_2x1x1_0_nnn_align8_warpspecialized_cooperative_epi_nosmem,passed,success,universal,1152,512,512,f16:column,f16:column,f16:column,f16:column,1,0,serial,1,1,heuristic,invalid,invalid,false,false,1,tensorop,f32,128,128,64,2,1,1,0,0,0,7,4,2,1,64,128,16,90,90,2883584,605159424,209,0.010527,255.109,57486.2
9,CUTLASS,gemm,cutlass3x_sm90_tensorop_s64x128x16gemm_f16_f16_f32_f16_f16_128x128x64_2x1x1_0_nnn_align8_warpspecialized_cooperative_epi_tma,passed,success,universal,1152,512,512,f16:column,f16:column,f16:column,f16:column,1,0,serial,1,1,heuristic,invalid,invalid,false,false,1,tensorop,f32,128,128,64,2,1,1,0,0,0,6,4,2,1,64,128,16,90,90,2883584,605159424,209,0.00896,299.726,67540.1
9,CUTLASS,gemm,cutlass3x_sm90_tensorop_s64x128x16gemm_f16_f16_f32_f16_f16_128x128x64_2x1x1_0_nnn_align8_stream_k_warpspecialized_cooperative_epi_nosmem,passed,success,universal,1152,512,512,f16:column,f16:column,f16:column,f16:column,1,0,serial,1,1,heuristic,invalid,invalid,false,false,1,tensorop,f32,128,128,64,2,1,1,0,0,0,7,4,2,1,64,128,16,90,90,2883584,605159424,209,0.0106355,252.507,56899.8
9,CUTLASS,gemm,cutlass3x_sm90_tensorop_s64x128x16gemm_f16_f16_f32_f16_f16_128x128x64_2x1x1_0_nnn_align8_stream_k_warpspecialized_cooperative_epi_tma,passed,success,universal,1152,512,512,f16:column,f16:column,f16:column,f16:column,1,0,serial,1,1,heuristic,invalid,invalid,false,false,1,tensorop,f32,128,128,64,2,1,1,0,0,0,6,4,2,1,64,128,16,90,90,2883584,605159424,209,0.009888,271.597,61201.4
10,CUTLASS,gemm,cutlass_tensorop_f16_s1688gemm_f16_256x128_32x2_nn_align8,passed,success,universal,1280,512,512,f16:column,f16:column,f16:column,f16:column,1,0,serial,1,1,heuristic,invalid,invalid,false,false,1,tensorop,f32,256,128,32,1,1,1,0,0,0,2,4,2,1,16,8,8,75,1024,3145728,672399360,213,0.0259891,112.727,25872.3
10,CUTLASS,gemm,cutlass_tensorop_f16_s16816gemm_f16_256x128_32x3_nn_align8,passed,success,universal,1280,512,512,f16:column,f16:column,f16:column,f16:column,1,0,serial,1,1,heuristic,invalid,invalid,false,false,1,tensorop,f32,256,128,32,1,1,1,0,0,0,3,4,2,1,16,8,16,80,1024,3145728,672399360,213,0.0149328,196.191,45028.3
10,CUTLASS,gemm,cutlass3x_sm90_tensorop_s64x128x16gemm_f16_f16_f32_f16_f16_128x128x64_1x2x1_0_nnn_align8,passed,success,universal,1280,512,512,f16:column,f16:column,f16:column,f16:column,1,0,serial,1,1,heuristic,invalid,invalid,false,false,1,tensorop,f32,128,128,64,1,2,1,0,0,0,7,4,2,1,64,128,16,90,90,3145728,672399360,213,0.0102304,286.371,65725.6
10,CUTLASS,gemm,cutlass3x_sm90_tensorop_s64x128x16gemm_f16_f16_f32_f16_f16_128x128x64_1x2x1_0_nnn_align8_warpspecialized_epi_nosmem,passed,success,universal,1280,512,512,f16:column,f16:column,f16:column,f16:column,1,0,serial,1,1,heuristic,invalid,invalid,false,false,1,tensorop,f32,128,128,64,1,2,1,0,0,0,7,4,1,1,64,128,16,90,90,3145728,672399360,213,0.00957248,306.053,70243
10,CUTLASS,gemm,cutlass3x_sm90_tensorop_s64x128x16gemm_f16_f16_f32_f16_f16_128x128x64_1x2x1_0_nnn_align8_warpspecialized_pingpong_epi_tma,passed,success,universal,1280,512,512,f16:column,f16:column,f16:column,f16:column,1,0,serial,1,1,heuristic,invalid,invalid,false,false,1,tensorop,f32,128,128,64,1,2,1,0,0,0,6,4,1,1,64,128,16,90,90,3145728,672399360,213,0.00971936,301.428,69181.4
10,CUTLASS,gemm,cutlass3x_sm90_tensorop_s64x128x16gemm_f16_f16_f32_f16_f16_128x128x64_1x2x1_0_nnn_align8_warpspecialized_pingpong_epi_nosmem,passed,success,universal,1280,512,512,f16:column,f16:column,f16:column,f16:column,1,0,serial,1,1,heuristic,invalid,invalid,false,false,1,tensorop,f32,128,128,64,1,2,1,0,0,0,7,4,1,1,64,128,16,90,90,3145728,672399360,213,0.0101898,287.513,65987.8
10,CUTLASS,gemm,cutlass3x_sm90_tensorop_s64x128x16gemm_f16_f16_f32_f16_f16_128x128x64_1x2x1_0_nnn_align8_warpspecialized_cooperative_epi_nosmem,passed,success,universal,1280,512,512,f16:column,f16:column,f16:column,f16:column,1,0,serial,1,1,heuristic,invalid,invalid,false,false,1,tensorop,f32,128,128,64,1,2,1,0,0,0,7,4,2,1,64,128,16,90,90,3145728,672399360,213,0.0101782,287.838,66062.4
10,CUTLASS,gemm,cutlass3x_sm90_tensorop_s64x128x16gemm_f16_f16_f32_f16_f16_128x128x64_1x2x1_0_nnn_align8_warpspecialized_cooperative_epi_tma,passed,success,universal,1280,512,512,f16:column,f16:column,f16:column,f16:column,1,0,serial,1,1,heuristic,invalid,invalid,false,false,1,tensorop,f32,128,128,64,1,2,1,0,0,0,6,4,2,1,64,128,16,90,90,3145728,672399360,213,0.00906784,323.085,74152.1
10,CUTLASS,gemm,cutlass3x_sm90_tensorop_s64x128x16gemm_f16_f16_f32_f16_f16_128x128x64_1x2x1_0_nnn_align8_stream_k_warpspecialized_cooperative_epi_nosmem,passed,success,universal,1280,512,512,f16:column,f16:column,f16:column,f16:column,1,0,serial,1,1,heuristic,invalid,invalid,false,false,1,tensorop,f32,128,128,64,1,2,1,0,0,0,7,4,2,1,64,128,16,90,90,3145728,672399360,213,0.0106042,276.277,63409
10,CUTLASS,gemm,cutlass3x_sm90_tensorop_s64x128x16gemm_f16_f16_f32_f16_f16_128x128x64_1x2x1_0_nnn_align8_stream_k_warpspecialized_cooperative_epi_tma,passed,success,universal,1280,512,512,f16:column,f16:column,f16:column,f16:column,1,0,serial,1,1,heuristic,invalid,invalid,false,false,1,tensorop,f32,128,128,64,1,2,1,0,0,0,6,4,2,1,64,128,16,90,90,3145728,672399360,213,0.00980864,298.684,68551.7
10,CUTLASS,gemm,cutlass3x_sm90_tensorop_s64x128x16gemm_f16_f16_f32_f16_f16_128x128x64_2x1x1_0_nnn_align8,passed,success,universal,1280,512,512,f16:column,f16:column,f16:column,f16:column,1,0,serial,1,1,heuristic,invalid,invalid,false,false,1,tensorop,f32,128,128,64,2,1,1,0,0,0,7,4,2,1,64,128,16,90,90,3145728,672399360,213,0.0102019,287.17,65909.1
10,CUTLASS,gemm,cutlass3x_sm90_tensorop_s64x128x16gemm_f16_f16_f32_f16_f16_128x128x64_2x1x1_0_nnn_align8_warpspecialized_epi_nosmem,passed,success,universal,1280,512,512,f16:column,f16:column,f16:column,f16:column,1,0,serial,1,1,heuristic,invalid,invalid,false,false,1,tensorop,f32,128,128,64,2,1,1,0,0,0,7,4,1,1,64,128,16,90,90,3145728,672399360,213,0.00961792,304.607,69911.1
10,CUTLASS,gemm,cutlass3x_sm90_tensorop_s64x128x16gemm_f16_f16_f32_f16_f16_128x128x64_2x1x1_0_nnn_align8_warpspecialized_pingpong_epi_tma,passed,success,universal,1280,512,512,f16:column,f16:column,f16:column,f16:column,1,0,serial,1,1,heuristic,invalid,invalid,false,false,1,tensorop,f32,128,128,64,2,1,1,0,0,0,6,4,1,1,64,128,16,90,90,3145728,672399360,213,0.00981728,298.422,68491.4
10,CUTLASS,gemm,cutlass3x_sm90_tensorop_s64x128x16gemm_f16_f16_f32_f16_f16_128x128x64_2x1x1_0_nnn_align8_warpspecialized_pingpong_epi_nosmem,passed,success,universal,1280,512,512,f16:column,f16:column,f16:column,f16:column,1,0,serial,1,1,heuristic,invalid,invalid,false,false,1,tensorop,f32,128,128,64,2,1,1,0,0,0,7,4,1,1,64,128,16,90,90,3145728,672399360,213,0.0101811,287.757,66043.8
10,CUTLASS,gemm,cutlass3x_sm90_tensorop_s64x128x16gemm_f16_f16_f32_f16_f16_128x128x64_2x1x1_0_nnn_align8_warpspecialized_cooperative_epi_nosmem,passed,success,universal,1280,512,512,f16:column,f16:column,f16:column,f16:column,1,0,serial,1,1,heuristic,invalid,invalid,false,false,1,tensorop,f32,128,128,64,2,1,1,0,0,0,7,4,2,1,64,128,16,90,90,3145728,672399360,213,0.0101744,287.947,66087.4
10,CUTLASS,gemm,cutlass3x_sm90_tensorop_s64x128x16gemm_f16_f16_f32_f16_f16_128x128x64_2x1x1_0_nnn_align8_warpspecialized_cooperative_epi_tma,passed,success,universal,1280,512,512,f16:column,f16:column,f16:column,f16:column,1,0,serial,1,1,heuristic,invalid,invalid,false,false,1,tensorop,f32,128,128,64,2,1,1,0,0,0,6,4,2,1,64,128,16,90,90,3145728,672399360,213,0.00912352,321.114,73699.6
10,CUTLASS,gemm,cutlass3x_sm90_tensorop_s64x128x16gemm_f16_f16_f32_f16_f16_128x128x64_2x1x1_0_nnn_align8_stream_k_warpspecialized_cooperative_epi_nosmem,passed,success,universal,1280,512,512,f16:column,f16:column,f16:column,f16:column,1,0,serial,1,1,heuristic,invalid,invalid,false,false,1,tensorop,f32,128,128,64,2,1,1,0,0,0,7,4,2,1,64,128,16,90,90,3145728,672399360,213,0.0105242,278.377,63891
10,CUTLASS,gemm,cutlass3x_sm90_tensorop_s64x128x16gemm_f16_f16_f32_f16_f16_128x128x64_2x1x1_0_nnn_align8_stream_k_warpspecialized_cooperative_epi_tma,passed,success,universal,1280,512,512,f16:column,f16:column,f16:column,f16:column,1,0,serial,1,1,heuristic,invalid,invalid,false,false,1,tensorop,f32,128,128,64,2,1,1,0,0,0,6,4,2,1,64,128,16,90,90,3145728,672399360,213,0.00981984,298.344,68473.6
11,CUTLASS,gemm,cutlass_tensorop_f16_s1688gemm_f16_256x128_32x2_nn_align8,passed,success,universal,1408,512,512,f16:column,f16:column,f16:column,f16:column,1,0,serial,1,1,heuristic,invalid,invalid,false,false,1,tensorop,f32,256,128,32,1,1,1,0,0,0,2,4,2,1,16,8,8,75,1024,3407872,739639296,217,0.0260317,121.922,28413
11,CUTLASS,gemm,cutlass_tensorop_f16_s16816gemm_f16_256x128_32x3_nn_align8,passed,success,universal,1408,512,512,f16:column,f16:column,f16:column,f16:column,1,0,serial,1,1,heuristic,invalid,invalid,false,false,1,tensorop,f32,256,128,32,1,1,1,0,0,0,3,4,2,1,16,8,16,80,1024,3407872,739639296,217,0.0149891,211.742,49345.1
11,CUTLASS,gemm,cutlass3x_sm90_tensorop_s64x128x16gemm_f16_f16_f32_f16_f16_128x128x64_1x2x1_0_nnn_align8,passed,success,universal,1408,512,512,f16:column,f16:column,f16:column,f16:column,1,0,serial,1,1,heuristic,invalid,invalid,false,false,1,tensorop,f32,128,128,64,1,2,1,0,0,0,7,4,2,1,64,128,16,90,90,3407872,739639296,217,0.0102237,310.439,72345.7
11,CUTLASS,gemm,cutlass3x_sm90_tensorop_s64x128x16gemm_f16_f16_f32_f16_f16_128x128x64_1x2x1_0_nnn_align8_warpspecialized_epi_nosmem,passed,success,universal,1408,512,512,f16:column,f16:column,f16:column,f16:column,1,0,serial,1,1,heuristic,invalid,invalid,false,false,1,tensorop,f32,128,128,64,1,2,1,0,0,0,7,4,1,1,64,128,16,90,90,3407872,739639296,217,0.00970368,327.075,76222.6
11,CUTLASS,gemm,cutlass3x_sm90_tensorop_s64x128x16gemm_f16_f16_f32_f16_f16_128x128x64_1x2x1_0_nnn_align8_warpspecialized_pingpong_epi_tma,passed,success,universal,1408,512,512,f16:column,f16:column,f16:column,f16:column,1,0,serial,1,1,heuristic,invalid,invalid,false,false,1,tensorop,f32,128,128,64,1,2,1,0,0,0,6,4,1,1,64,128,16,90,90,3407872,739639296,217,0.00960768,330.343,76984.2
11,CUTLASS,gemm,cutlass3x_sm90_tensorop_s64x128x16gemm_f16_f16_f32_f16_f16_128x128x64_1x2x1_0_nnn_align8_warpspecialized_pingpong_epi_nosmem,passed,success,universal,1408,512,512,f16:column,f16:column,f16:column,f16:column,1,0,serial,1,1,heuristic,invalid,invalid,false,false,1,tensorop,f32,128,128,64,1,2,1,0,0,0,7,4,1,1,64,128,16,90,90,3407872,739639296,217,0.0104064,304.988,71075.4
11,CUTLASS,gemm,cutlass3x_sm90_tensorop_s64x128x16gemm_f16_f16_f32_f16_f16_128x128x64_1x2x1_0_nnn_align8_warpspecialized_cooperative_epi_nosmem,passed,success,universal,1408,512,512,f16:column,f16:column,f16:column,f16:column,1,0,serial,1,1,heuristic,invalid,invalid,false,false,1,tensorop,f32,128,128,64,1,2,1,0,0,0,7,4,2,1,64,128,16,90,90,3407872,739639296,217,0.0102614,309.297,72079.5
11,CUTLASS,gemm,cutlass3x_sm90_tensorop_s64x128x16gemm_f16_f16_f32_f16_f16_128x128x64_1x2x1_0_nnn_align8_warpspecialized_cooperative_epi_tma,passed,success,universal,1408,512,512,f16:column,f16:column,f16:column,f16:column,1,0,serial,1,1,heuristic,invalid,invalid,false,false,1,tensorop,f32,128,128,64,1,2,1,0,0,0,6,4,2,1,64,128,16,90,90,3407872,739639296,217,0.0089696,353.843,82460.7
11,CUTLASS,gemm,cutlass3x_sm90_tensorop_s64x128x16gemm_f16_f16_f32_f16_f16_128x128x64_1x2x1_0_nnn_align8_stream_k_warpspecialized_cooperative_epi_nosmem,passed,success,universal,1408,512,512,f16:column,f16:column,f16:column,f16:column,1,0,serial,1,1,heuristic,invalid,invalid,false,false,1,tensorop,f32,128,128,64,1,2,1,0,0,0,7,4,2,1,64,128,16,90,90,3407872,739639296,217,0.0105229,301.612,70288.7
11,CUTLASS,gemm,cutlass3x_sm90_tensorop_s64x128x16gemm_f16_f16_f32_f16_f16_128x128x64_1x2x1_0_nnn_align8_stream_k_warpspecialized_cooperative_epi_tma,passed,success,universal,1408,512,512,f16:column,f16:column,f16:column,f16:column,1,0,serial,1,1,heuristic,invalid,invalid,false,false,1,tensorop,f32,128,128,64,1,2,1,0,0,0,6,4,2,1,64,128,16,90,90,3407872,739639296,217,0.00969056,327.518,76325.8
11,CUTLASS,gemm,cutlass3x_sm90_tensorop_s64x128x16gemm_f16_f16_f32_f16_f16_128x128x64_2x1x1_0_nnn_align8,passed,success,universal,1408,512,512,f16:column,f16:column,f16:column,f16:column,1,0,serial,1,1,heuristic,invalid,invalid,false,false,1,tensorop,f32,128,128,64,2,1,1,0,0,0,7,4,2,1,64,128,16,90,90,3407872,739639296,217,0.0103085,307.885,71750.6
11,CUTLASS,gemm,cutlass3x_sm90_tensorop_s64x128x16gemm_f16_f16_f32_f16_f16_128x128x64_2x1x1_0_nnn_align8_warpspecialized_epi_nosmem,passed,success,universal,1408,512,512,f16:column,f16:column,f16:column,f16:column,1,0,serial,1,1,heuristic,invalid,invalid,false,false,1,tensorop,f32,128,128,64,2,1,1,0,0,0,7,4,1,1,64,128,16,90,90,3407872,739639296,217,0.00967392,328.081,76457
11,CUTLASS,gemm,cutlass3x_sm90_tensorop_s64x128x16gemm_f16_f16_f32_f16_f16_128x128x64_2x1x1_0_nnn_align8_warpspecialized_pingpong_epi_tma,passed,success,universal,1408,512,512,f16:column,f16:column,f16:column,f16:column,1,0,serial,1,1,heuristic,invalid,invalid,false,false,1,tensorop,f32,128,128,64,2,1,1,0,0,0,6,4,1,1,64,128,16,90,90,3407872,739639296,217,0.00972256,326.44,76074.5
11,CUTLASS,gemm,cutlass3x_sm90_tensorop_s64x128x16gemm_f16_f16_f32_f16_f16_128x128x64_2x1x1_0_nnn_align8_warpspecialized_pingpong_epi_nosmem,passed,success,universal,1408,512,512,f16:column,f16:column,f16:column,f16:column,1,0,serial,1,1,heuristic,invalid,invalid,false,false,1,tensorop,f32,128,128,64,2,1,1,0,0,0,7,4,1,1,64,128,16,90,90,3407872,739639296,217,0.0104221,304.529,70968.5
11,CUTLASS,gemm,cutlass3x_sm90_tensorop_s64x128x16gemm_f16_f16_f32_f16_f16_128x128x64_2x1x1_0_nnn_align8_warpspecialized_cooperative_epi_nosmem,passed,success,universal,1408,512,512,f16:column,f16:column,f16:column,f16:column,1,0,serial,1,1,heuristic,invalid,invalid,false,false,1,tensorop,f32,128,128,64,2,1,1,0,0,0,7,4,2,1,64,128,16,90,90,3407872,739639296,217,0.0103837,305.655,71230.9
11,CUTLASS,gemm,cutlass3x_sm90_tensorop_s64x128x16gemm_f16_f16_f32_f16_f16_128x128x64_2x1x1_0_nnn_align8_warpspecialized_cooperative_epi_tma,passed,success,universal,1408,512,512,f16:column,f16:column,f16:column,f16:column,1,0,serial,1,1,heuristic,invalid,invalid,false,false,1,tensorop,f32,128,128,64,2,1,1,0,0,0,6,4,2,1,64,128,16,90,90,3407872,739639296,217,0.00908896,349.196,81377.8
11,CUTLASS,gemm,cutlass3x_sm90_tensorop_s64x128x16gemm_f16_f16_f32_f16_f16_128x128x64_2x1x1_0_nnn_align8_stream_k_warpspecialized_cooperative_epi_nosmem,passed,success,universal,1408,512,512,f16:column,f16:column,f16:column,f16:column,1,0,serial,1,1,heuristic,invalid,invalid,false,false,1,tensorop,f32,128,128,64,2,1,1,0,0,0,7,4,2,1,64,128,16,90,90,3407872,739639296,217,0.0105763,300.088,69933.5
11,CUTLASS,gemm,cutlass3x_sm90_tensorop_s64x128x16gemm_f16_f16_f32_f16_f16_128x128x64_2x1x1_0_nnn_align8_stream_k_warpspecialized_cooperative_epi_tma,passed,success,universal,1408,512,512,f16:column,f16:column,f16:column,f16:column,1,0,serial,1,1,heuristic,invalid,invalid,false,false,1,tensorop,f32,128,128,64,2,1,1,0,0,0,6,4,2,1,64,128,16,90,90,3407872,739639296,217,0.0098688,321.602,74947.2
12,CUTLASS,gemm,cutlass_tensorop_f16_s1688gemm_f16_256x128_32x2_nn_align8,passed,success,universal,1536,512,512,f16:column,f16:column,f16:column,f16:column,1,0,serial,1,1,heuristic,invalid,invalid,false,false,1,tensorop,f32,256,128,32,1,1,1,0,0,0,2,4,2,1,16,8,8,75,1024,3670016,806879232,219,0.0258515,132.215,31212.1
12,CUTLASS,gemm,cutlass_tensorop_f16_s16816gemm_f16_256x128_32x3_nn_align8,passed,success,universal,1536,512,512,f16:column,f16:column,f16:column,f16:column,1,0,serial,1,1,heuristic,invalid,invalid,false,false,1,tensorop,f32,256,128,32,1,1,1,0,0,0,3,4,2,1,16,8,16,80,1024,3670016,806879232,219,0.0148637,229.954,54285.3
12,CUTLASS,gemm,cutlass3x_sm90_tensorop_s64x128x16gemm_f16_f16_f32_f16_f16_128x128x64_1x2x1_0_nnn_align8,passed,success,universal,1536,512,512,f16:column,f16:column,f16:column,f16:column,1,0,serial,1,1,heuristic,invalid,invalid,false,false,1,tensorop,f32,128,128,64,1,2,1,0,0,0,7,4,2,1,64,128,16,90,90,3670016,806879232,219,0.010353,330.144,77937.1
12,CUTLASS,gemm,cutlass3x_sm90_tensorop_s64x128x16gemm_f16_f16_f32_f16_f16_128x128x64_1x2x1_0_nnn_align8_warpspecialized_epi_nosmem,passed,success,universal,1536,512,512,f16:column,f16:column,f16:column,f16:column,1,0,serial,1,1,heuristic,invalid,invalid,false,false,1,tensorop,f32,128,128,64,1,2,1,0,0,0,7,4,1,1,64,128,16,90,90,3670016,806879232,219,0.0098656,346.453,81787.1
12,CUTLASS,gemm,cutlass3x_sm90_tensorop_s64x128x16gemm_f16_f16_f32_f16_f16_128x128x64_1x2x1_0_nnn_align8_warpspecialized_pingpong_epi_tma,passed,success,universal,1536,512,512,f16:column,f16:column,f16:column,f16:column,1,0,serial,1,1,heuristic,invalid,invalid,false,false,1,tensorop,f32,128,128,64,1,2,1,0,0,0,6,4,1,1,64,128,16,90,90,3670016,806879232,219,0.00975296,350.454,82731.7
12,CUTLASS,gemm,cutlass3x_sm90_tensorop_s64x128x16gemm_f16_f16_f32_f16_f16_128x128x64_1x2x1_0_nnn_align8_warpspecialized_pingpong_epi_nosmem,passed,success,universal,1536,512,512,f16:column,f16:column,f16:column,f16:column,1,0,serial,1,1,heuristic,invalid,invalid,false,false,1,tensorop,f32,128,128,64,1,2,1,0,0,0,7,4,1,1,64,128,16,90,90,3670016,806879232,219,0.0105818,323.006,76251.9
12,CUTLASS,gemm,cutlass3x_sm90_tensorop_s64x128x16gemm_f16_f16_f32_f16_f16_128x128x64_1x2x1_0_nnn_align8_warpspecialized_cooperative_epi_nosmem,passed,success,universal,1536,512,512,f16:column,f16:column,f16:column,f16:column,1,0,serial,1,1,heuristic,invalid,invalid,false,false,1,tensorop,f32,128,128,64,1,2,1,0,0,0,7,4,2,1,64,128,16,90,90,3670016,806879232,219,0.0104339,327.582,77332.3
12,CUTLASS,gemm,cutlass3x_sm90_tensorop_s64x128x16gemm_f16_f16_f32_f16_f16_128x128x64_1x2x1_0_nnn_align8_warpspecialized_cooperative_epi_tma,passed,success,universal,1536,512,512,f16:column,f16:column,f16:column,f16:column,1,0,serial,1,1,heuristic,invalid,invalid,false,false,1,tensorop,f32,128,128,64,1,2,1,0,0,0,6,4,2,1,64,128,16,90,90,3670016,806879232,219,0.0091792,372.36,87903
12,CUTLASS,gemm,cutlass3x_sm90_tensorop_s64x128x16gemm_f16_f16_f32_f16_f16_128x128x64_1x2x1_0_nnn_align8_stream_k_warpspecialized_cooperative_epi_nosmem,passed,success,universal,1536,512,512,f16:column,f16:column,f16:column,f16:column,1,0,serial,1,1,heuristic,invalid,invalid,false,false,1,tensorop,f32,128,128,64,1,2,1,0,0,0,7,4,2,1,64,128,16,90,90,3670016,806879232,219,0.0107488,317.986,75066.9
12,CUTLASS,gemm,cutlass3x_sm90_tensorop_s64x128x16gemm_f16_f16_f32_f16_f16_128x128x64_1x2x1_0_nnn_align8_stream_k_warpspecialized_cooperative_epi_tma,passed,success,universal,1536,512,512,f16:column,f16:column,f16:column,f16:column,1,0,serial,1,1,heuristic,invalid,invalid,false,false,1,tensorop,f32,128,128,64,1,2,1,0,0,0,6,4,2,1,64,128,16,90,90,3670016,806879232,219,0.00995424,343.368,81058.9
12,CUTLASS,gemm,cutlass3x_sm90_tensorop_s64x128x16gemm_f16_f16_f32_f16_f16_128x128x64_2x1x1_0_nnn_align8,passed,success,universal,1536,512,512,f16:column,f16:column,f16:column,f16:column,1,0,serial,1,1,heuristic,invalid,invalid,false,false,1,tensorop,f32,128,128,64,2,1,1,0,0,0,7,4,2,1,64,128,16,90,90,3670016,806879232,219,0.01032,331.199,78186
12,CUTLASS,gemm,cutlass3x_sm90_tensorop_s64x128x16gemm_f16_f16_f32_f16_f16_128x128x64_2x1x1_0_nnn_align8_warpspecialized_epi_nosmem,passed,success,universal,1536,512,512,f16:column,f16:column,f16:column,f16:column,1,0,serial,1,1,heuristic,invalid,invalid,false,false,1,tensorop,f32,128,128,64,2,1,1,0,0,0,7,4,1,1,64,128,16,90,90,3670016,806879232,219,0.0101059,338.215,79842.2
12,CUTLASS,gemm,cutlass3x_sm90_tensorop_s64x128x16gemm_f16_f16_f32_f16_f16_128x128x64_2x1x1_0_nnn_align8_warpspecialized_pingpong_epi_tma,passed,success,universal,1536,512,512,f16:column,f16:column,f16:column,f16:column,1,0,serial,1,1,heuristic,invalid,invalid,false,false,1,tensorop,f32,128,128,64,2,1,1,0,0,0,6,4,1,1,64,128,16,90,90,3670016,806879232,219,0.0099168,344.664,81364.9
12,CUTLASS,gemm,cutlass3x_sm90_tensorop_s64x128x16gemm_f16_f16_f32_f16_f16_128x128x64_2x1x1_0_nnn_align8_warpspecialized_pingpong_epi_nosmem,passed,success,universal,1536,512,512,f16:column,f16:column,f16:column,f16:column,1,0,serial,1,1,heuristic,invalid,invalid,false,false,1,tensorop,f32,128,128,64,2,1,1,0,0,0,7,4,1,1,64,128,16,90,90,3670016,806879232,219,0.0106317,321.489,75893.9
12,CUTLASS,gemm,cutlass3x_sm90_tensorop_s64x128x16gemm_f16_f16_f32_f16_f16_128x128x64_2x1x1_0_nnn_align8_warpspecialized_cooperative_epi_nosmem,passed,success,universal,1536,512,512,f16:column,f16:column,f16:column,f16:column,1,0,serial,1,1,heuristic,invalid,invalid,false,false,1,tensorop,f32,128,128,64,2,1,1,0,0,0,7,4,2,1,64,128,16,90,90,3670016,806879232,219,0.0104595,326.781,77143
12,CUTLASS,gemm,cutlass3x_sm90_tensorop_s64x128x16gemm_f16_f16_f32_f16_f16_128x128x64_2x1x1_0_nnn_align8_warpspecialized_cooperative_epi_tma,passed,success,universal,1536,512,512,f16:column,f16:column,f16:column,f16:column,1,0,serial,1,1,heuristic,invalid,invalid,false,false,1,tensorop,f32,128,128,64,2,1,1,0,0,0,6,4,2,1,64,128,16,90,90,3670016,806879232,219,0.0092016,371.454,87689
12,CUTLASS,gemm,cutlass3x_sm90_tensorop_s64x128x16gemm_f16_f16_f32_f16_f16_128x128x64_2x1x1_0_nnn_align8_stream_k_warpspecialized_cooperative_epi_nosmem,passed,success,universal,1536,512,512,f16:column,f16:column,f16:column,f16:column,1,0,serial,1,1,heuristic,invalid,invalid,false,false,1,tensorop,f32,128,128,64,2,1,1,0,0,0,7,4,2,1,64,128,16,90,90,3670016,806879232,219,0.0106874,319.814,75498.5
12,CUTLASS,gemm,cutlass3x_sm90_tensorop_s64x128x16gemm_f16_f16_f32_f16_f16_128x128x64_2x1x1_0_nnn_align8_stream_k_warpspecialized_cooperative_epi_tma,passed,success,universal,1536,512,512,f16:column,f16:column,f16:column,f16:column,1,0,serial,1,1,heuristic,invalid,invalid,false,false,1,tensorop,f32,128,128,64,2,1,1,0,0,0,6,4,2,1,64,128,16,90,90,3670016,806879232,219,0.00994688,343.622,81118.8
13,CUTLASS,gemm,cutlass_tensorop_f16_s1688gemm_f16_256x128_32x2_nn_align8,passed,success,universal,1664,512,512,f16:column,f16:column,f16:column,f16:column,1,0,serial,1,1,heuristic,invalid,invalid,false,false,1,tensorop,f32,256,128,32,1,1,1,0,0,0,2,4,2,1,16,8,8,75,1024,3932160,874119168,222,0.0262077,139.734,33353.5
13,CUTLASS,gemm,cutlass_tensorop_f16_s16816gemm_f16_256x128_32x3_nn_align8,passed,success,universal,1664,512,512,f16:column,f16:column,f16:column,f16:column,1,0,serial,1,1,heuristic,invalid,invalid,false,false,1,tensorop,f32,256,128,32,1,1,1,0,0,0,3,4,2,1,16,8,16,80,1024,3932160,874119168,222,0.0150861,242.748,57942.1
13,CUTLASS,gemm,cutlass3x_sm90_tensorop_s64x128x16gemm_f16_f16_f32_f16_f16_128x128x64_1x2x1_0_nnn_align8,passed,success,universal,1664,512,512,f16:column,f16:column,f16:column,f16:column,1,0,serial,1,1,heuristic,invalid,invalid,false,false,1,tensorop,f32,128,128,64,1,2,1,0,0,0,7,4,2,1,64,128,16,90,90,3932160,874119168,222,0.0105939,345.68,82511.4
13,CUTLASS,gemm,cutlass3x_sm90_tensorop_s64x128x16gemm_f16_f16_f32_f16_f16_128x128x64_1x2x1_0_nnn_align8_warpspecialized_epi_nosmem,passed,success,universal,1664,512,512,f16:column,f16:column,f16:column,f16:column,1,0,serial,1,1,heuristic,invalid,invalid,false,false,1,tensorop,f32,128,128,64,1,2,1,0,0,0,7,4,1,1,64,128,16,90,90,3932160,874119168,222,0.00974368,375.845,89711.4
13,CUTLASS,gemm,cutlass3x_sm90_tensorop_s64x128x16gemm_f16_f16_f32_f16_f16_128x128x64_1x2x1_0_nnn_align8_warpspecialized_pingpong_epi_tma,passed,success,universal,1664,512,512,f16:column,f16:column,f16:column,f16:column,1,0,serial,1,1,heuristic,invalid,invalid,false,false,1,tensorop,f32,128,128,64,1,2,1,0,0,0,6,4,1,1,64,128,16,90,90,3932160,874119168,222,0.00985216,371.706,88723.6
13,CUTLASS,gemm,cutlass3x_sm90_tensorop_s64x128x16gemm_f16_f16_f32_f16_f16_128x128x64_1x2x1_0_nnn_align8_warpspecialized_pingpong_epi_nosmem,passed,success,universal,1664,512,512,f16:column,f16:column,f16:column,f16:column,1,0,serial,1,1,heuristic,invalid,invalid,false,false,1,tensorop,f32,128,128,64,1,2,1,0,0,0,7,4,1,1,64,128,16,90,90,3932160,874119168,222,0.0104694,349.79,83492.4
13,CUTLASS,gemm,cutlass3x_sm90_tensorop_s64x128x16gemm_f16_f16_f32_f16_f16_128x128x64_1x2x1_0_nnn_align8_warpspecialized_cooperative_epi_nosmem,passed,success,universal,1664,512,512,f16:column,f16:column,f16:column,f16:column,1,0,serial,1,1,heuristic,invalid,invalid,false,false,1,tensorop,f32,128,128,64,1,2,1,0,0,0,7,4,2,1,64,128,16,90,90,3932160,874119168,222,0.0104877,349.182,83347.2
13,CUTLASS,gemm,cutlass3x_sm90_tensorop_s64x128x16gemm_f16_f16_f32_f16_f16_128x128x64_1x2x1_0_nnn_align8_warpspecialized_cooperative_epi_tma,passed,success,universal,1664,512,512,f16:column,f16:column,f16:column,f16:column,1,0,serial,1,1,heuristic,invalid,invalid,false,false,1,tensorop,f32,128,128,64,1,2,1,0,0,0,6,4,2,1,64,128,16,90,90,3932160,874119168,222,0.0092272,396.882,94732.9
13,CUTLASS,gemm,cutlass3x_sm90_tensorop_s64x128x16gemm_f16_f16_f32_f16_f16_128x128x64_1x2x1_0_nnn_align8_stream_k_warpspecialized_cooperative_epi_nosmem,passed,success,universal,1664,512,512,f16:column,f16:column,f16:column,f16:column,1,0,serial,1,1,heuristic,invalid,invalid,false,false,1,tensorop,f32,128,128,64,1,2,1,0,0,0,7,4,2,1,64,128,16,90,90,3932160,874119168,222,0.0109043,335.84,80162.6
13,CUTLASS,gemm,cutlass3x_sm90_tensorop_s64x128x16gemm_f16_f16_f32_f16_f16_128x128x64_1x2x1_0_nnn_align8_stream_k_warpspecialized_cooperative_epi_tma,passed,success,universal,1664,512,512,f16:column,f16:column,f16:column,f16:column,1,0,serial,1,1,heuristic,invalid,invalid,false,false,1,tensorop,f32,128,128,64,1,2,1,0,0,0,6,4,2,1,64,128,16,90,90,3932160,874119168,222,0.00980992,373.307,89105.6
13,CUTLASS,gemm,cutlass3x_sm90_tensorop_s64x128x16gemm_f16_f16_f32_f16_f16_128x128x64_2x1x1_0_nnn_align8,passed,success,universal,1664,512,512,f16:column,f16:column,f16:column,f16:column,1,0,serial,1,1,heuristic,invalid,invalid,false,false,1,tensorop,f32,128,128,64,2,1,1,0,0,0,7,4,2,1,64,128,16,90,90,3932160,874119168,222,0.010153,360.694,86095
13,CUTLASS,gemm,cutlass3x_sm90_tensorop_s64x128x16gemm_f16_f16_f32_f16_f16_128x128x64_2x1x1_0_nnn_align8_warpspecialized_epi_nosmem,passed,success,universal,1664,512,512,f16:column,f16:column,f16:column,f16:column,1,0,serial,1,1,heuristic,invalid,invalid,false,false,1,tensorop,f32,128,128,64,2,1,1,0,0,0,7,4,1,1,64,128,16,90,90,3932160,874119168,222,0.0098896,370.299,88387.7
13,CUTLASS,gemm,cutlass3x_sm90_tensorop_s64x128x16gemm_f16_f16_f32_f16_f16_128x128x64_2x1x1_0_nnn_align8_warpspecialized_pingpong_epi_tma,passed,success,universal,1664,512,512,f16:column,f16:column,f16:column,f16:column,1,0,serial,1,1,heuristic,invalid,invalid,false,false,1,tensorop,f32,128,128,64,2,1,1,0,0,0,6,4,1,1,64,128,16,90,90,3932160,874119168,222,0.00977856,374.504,89391.4
13,CUTLASS,gemm,cutlass3x_sm90_tensorop_s64x128x16gemm_f16_f16_f32_f16_f16_128x128x64_2x1x1_0_nnn_align8_warpspecialized_pingpong_epi_nosmem,passed,success,universal,1664,512,512,f16:column,f16:column,f16:column,f16:column,1,0,serial,1,1,heuristic,invalid,invalid,false,false,1,tensorop,f32,128,128,64,2,1,1,0,0,0,7,4,1,1,64,128,16,90,90,3932160,874119168,222,0.0102112,358.637,85604
13,CUTLASS,gemm,cutlass3x_sm90_tensorop_s64x128x16gemm_f16_f16_f32_f16_f16_128x128x64_2x1x1_0_nnn_align8_warpspecialized_cooperative_epi_nosmem,passed,success,universal,1664,512,512,f16:column,f16:column,f16:column,f16:column,1,0,serial,1,1,heuristic,invalid,invalid,false,false,1,tensorop,f32,128,128,64,2,1,1,0,0,0,7,4,2,1,64,128,16,90,90,3932160,874119168,222,0.0102352,357.796,85403.2
13,CUTLASS,gemm,cutlass3x_sm90_tensorop_s64x128x16gemm_f16_f16_f32_f16_f16_128x128x64_2x1x1_0_nnn_align8_warpspecialized_cooperative_epi_tma,passed,success,universal,1664,512,512,f16:column,f16:column,f16:column,f16:column,1,0,serial,1,1,heuristic,invalid,invalid,false,false,1,tensorop,f32,128,128,64,2,1,1,0,0,0,6,4,2,1,64,128,16,90,90,3932160,874119168,222,0.00906528,403.971,96425
13,CUTLASS,gemm,cutlass3x_sm90_tensorop_s64x128x16gemm_f16_f16_f32_f16_f16_128x128x64_2x1x1_0_nnn_align8_stream_k_warpspecialized_cooperative_epi_nosmem,passed,success,universal,1664,512,512,f16:column,f16:column,f16:column,f16:column,1,0,serial,1,1,heuristic,invalid,invalid,false,false,1,tensorop,f32,128,128,64,2,1,1,0,0,0,7,4,2,1,64,128,16,90,90,3932160,874119168,222,0.0106509,343.832,82070.1
13,CUTLASS,gemm,cutlass3x_sm90_tensorop_s64x128x16gemm_f16_f16_f32_f16_f16_128x128x64_2x1x1_0_nnn_align8_stream_k_warpspecialized_cooperative_epi_tma,passed,success,universal,1664,512,512,f16:column,f16:column,f16:column,f16:column,1,0,serial,1,1,heuristic,invalid,invalid,false,false,1,tensorop,f32,128,128,64,2,1,1,0,0,0,6,4,2,1,64,128,16,90,90,3932160,874119168,222,0.00985248,371.694,88720.7
14,CUTLASS,gemm,cutlass_tensorop_f16_s1688gemm_f16_256x128_32x2_nn_align8,passed,success,universal,1792,512,512,f16:column,f16:column,f16:column,f16:column,1,0,serial,1,1,heuristic,invalid,invalid,false,false,1,tensorop,f32,256,128,32,1,1,1,0,0,0,2,4,2,1,16,8,8,75,1024,4194304,941359104,224,0.0260586,149.903,36124.8
14,CUTLASS,gemm,cutlass_tensorop_f16_s16816gemm_f16_256x128_32x3_nn_align8,passed,success,universal,1792,512,512,f16:column,f16:column,f16:column,f16:column,1,0,serial,1,1,heuristic,invalid,invalid,false,false,1,tensorop,f32,256,128,32,1,1,1,0,0,0,3,4,2,1,16,8,16,80,1024,4194304,941359104,224,0.0149878,260.628,62808.2
14,CUTLASS,gemm,cutlass3x_sm90_tensorop_s64x128x16gemm_f16_f16_f32_f16_f16_128x128x64_1x2x1_0_nnn_align8,passed,success,universal,1792,512,512,f16:column,f16:column,f16:column,f16:column,1,0,serial,1,1,heuristic,invalid,invalid,false,false,1,tensorop,f32,128,128,64,1,2,1,0,0,0,7,4,2,1,64,128,16,90,90,4194304,941359104,224,0.0107994,361.711,87168
14,CUTLASS,gemm,cutlass3x_sm90_tensorop_s64x128x16gemm_f16_f16_f32_f16_f16_128x128x64_1x2x1_0_nnn_align8_warpspecialized_epi_nosmem,passed,success,universal,1792,512,512,f16:column,f16:column,f16:column,f16:column,1,0,serial,1,1,heuristic,invalid,invalid,false,false,1,tensorop,f32,128,128,64,1,2,1,0,0,0,7,4,1,1,64,128,16,90,90,4194304,941359104,224,0.0104192,374.909,90348.5
14,CUTLASS,gemm,cutlass3x_sm90_tensorop_s64x128x16gemm_f16_f16_f32_f16_f16_128x128x64_1x2x1_0_nnn_align8_warpspecialized_pingpong_epi_tma,passed,success,universal,1792,512,512,f16:column,f16:column,f16:column,f16:column,1,0,serial,1,1,heuristic,invalid,invalid,false,false,1,tensorop,f32,128,128,64,1,2,1,0,0,0,6,4,1,1,64,128,16,90,90,4194304,941359104,224,0.00975872,400.283,96463.4
14,CUTLASS,gemm,cutlass3x_sm90_tensorop_s64x128x16gemm_f16_f16_f32_f16_f16_128x128x64_1x2x1_0_nnn_align8_warpspecialized_pingpong_epi_nosmem,passed,success,universal,1792,512,512,f16:column,f16:column,f16:column,f16:column,1,0,serial,1,1,heuristic,invalid,invalid,false,false,1,tensorop,f32,128,128,64,1,2,1,0,0,0,7,4,1,1,64,128,16,90,90,4194304,941359104,224,0.0110675,352.947,85056
14,CUTLASS,gemm,cutlass3x_sm90_tensorop_s64x128x16gemm_f16_f16_f32_f16_f16_128x128x64_1x2x1_0_nnn_align8_warpspecialized_cooperative_epi_nosmem,passed,success,universal,1792,512,512,f16:column,f16:column,f16:column,f16:column,1,0,serial,1,1,heuristic,invalid,invalid,false,false,1,tensorop,f32,128,128,64,1,2,1,0,0,0,7,4,2,1,64,128,16,90,90,4194304,941359104,224,0.01084,360.355,86841.2
14,CUTLASS,gemm,cutlass3x_sm90_tensorop_s64x128x16gemm_f16_f16_f32_f16_f16_128x128x64_1x2x1_0_nnn_align8_warpspecialized_cooperative_epi_tma,passed,success,universal,1792,512,512,f16:column,f16:column,f16:column,f16:column,1,0,serial,1,1,heuristic,invalid,invalid,false,false,1,tensorop,f32,128,128,64,1,2,1,0,0,0,6,4,2,1,64,128,16,90,90,4194304,941359104,224,0.00908224,430.098,103648
14,CUTLASS,gemm,cutlass3x_sm90_tensorop_s64x128x16gemm_f16_f16_f32_f16_f16_128x128x64_1x2x1_0_nnn_align8_stream_k_warpspecialized_cooperative_epi_nosmem,passed,success,universal,1792,512,512,f16:column,f16:column,f16:column,f16:column,1,0,serial,1,1,heuristic,invalid,invalid,false,false,1,tensorop,f32,128,128,64,1,2,1,0,0,0,7,4,2,1,64,128,16,90,90,4194304,941359104,224,0.0109757,355.9,85767.7
14,CUTLASS,gemm,cutlass3x_sm90_tensorop_s64x128x16gemm_f16_f16_f32_f16_f16_128x128x64_1x2x1_0_nnn_align8_stream_k_warpspecialized_cooperative_epi_tma,passed,success,universal,1792,512,512,f16:column,f16:column,f16:column,f16:column,1,0,serial,1,1,heuristic,invalid,invalid,false,false,1,tensorop,f32,128,128,64,1,2,1,0,0,0,6,4,2,1,64,128,16,90,90,4194304,941359104,224,0.00986848,395.831,95390.5
14,CUTLASS,gemm,cutlass3x_sm90_tensorop_s64x128x16gemm_f16_f16_f32_f16_f16_128x128x64_2x1x1_0_nnn_align8,passed,success,universal,1792,512,512,f16:column,f16:column,f16:column,f16:column,1,0,serial,1,1,heuristic,invalid,invalid,false,false,1,tensorop,f32,128,128,64,2,1,1,0,0,0,7,4,2,1,64,128,16,90,90,4194304,941359104,224,0.0106282,367.538,88572.2
14,CUTLASS,gemm,cutlass3x_sm90_tensorop_s64x128x16gemm_f16_f16_f32_f16_f16_128x128x64_2x1x1_0_nnn_align8_warpspecialized_epi_nosmem,passed,success,universal,1792,512,512,f16:column,f16:column,f16:column,f16:column,1,0,serial,1,1,heuristic,invalid,invalid,false,false,1,tensorop,f32,128,128,64,2,1,1,0,0,0,7,4,1,1,64,128,16,90,90,4194304,941359104,224,0.0104,375.601,90515.3
14,CUTLASS,gemm,cutlass3x_sm90_tensorop_s64x128x16gemm_f16_f16_f32_f16_f16_128x128x64_2x1x1_0_nnn_align8_warpspecialized_pingpong_epi_tma,passed,success,universal,1792,512,512,f16:column,f16:column,f16:column,f16:column,1,0,serial,1,1,heuristic,invalid,invalid,false,false,1,tensorop,f32,128,128,64,2,1,1,0,0,0,6,4,1,1,64,128,16,90,90,4194304,941359104,224,0.00969696,402.832,97077.8
14,CUTLASS,gemm,cutlass3x_sm90_tensorop_s64x128x16gemm_f16_f16_f32_f16_f16_128x128x64_2x1x1_0_nnn_align8_warpspecialized_pingpong_epi_nosmem,passed,success,universal,1792,512,512,f16:column,f16:column,f16:column,f16:column,1,0,serial,1,1,heuristic,invalid,invalid,false,false,1,tensorop,f32,128,128,64,2,1,1,0,0,0,7,4,1,1,64,128,16,90,90,4194304,941359104,224,0.0108963,358.493,86392.4
14,CUTLASS,gemm,cutlass3x_sm90_tensorop_s64x128x16gemm_f16_f16_f32_f16_f16_128x128x64_2x1x1_0_nnn_align8_warpspecialized_cooperative_epi_nosmem,passed,success,universal,1792,512,512,f16:column,f16:column,f16:column,f16:column,1,0,serial,1,1,heuristic,invalid,invalid,false,false,1,tensorop,f32,128,128,64,2,1,1,0,0,0,7,4,2,1,64,128,16,90,90,4194304,941359104,224,0.0106618,366.379,88293
14,CUTLASS,gemm,cutlass3x_sm90_tensorop_s64x128x16gemm_f16_f16_f32_f16_f16_128x128x64_2x1x1_0_nnn_align8_warpspecialized_cooperative_epi_tma,passed,success,universal,1792,512,512,f16:column,f16:column,f16:column,f16:column,1,0,serial,1,1,heuristic,invalid,invalid,false,false,1,tensorop,f32,128,128,64,2,1,1,0,0,0,6,4,2,1,64,128,16,90,90,4194304,941359104,224,0.00896928,435.514,104954
14,CUTLASS,gemm,cutlass3x_sm90_tensorop_s64x128x16gemm_f16_f16_f32_f16_f16_128x128x64_2x1x1_0_nnn_align8_stream_k_warpspecialized_cooperative_epi_nosmem,passed,success,universal,1792,512,512,f16:column,f16:column,f16:column,f16:column,1,0,serial,1,1,heuristic,invalid,invalid,false,false,1,tensorop,f32,128,128,64,2,1,1,0,0,0,7,4,2,1,64,128,16,90,90,4194304,941359104,224,0.0108752,359.189,86560.2
14,CUTLASS,gemm,cutlass3x_sm90_tensorop_s64x128x16gemm_f16_f16_f32_f16_f16_128x128x64_2x1x1_0_nnn_align8_stream_k_warpspecialized_cooperative_epi_tma,passed,success,universal,1792,512,512,f16:column,f16:column,f16:column,f16:column,1,0,serial,1,1,heuristic,invalid,invalid,false,false,1,tensorop,f32,128,128,64,2,1,1,0,0,0,6,4,2,1,64,128,16,90,90,4194304,941359104,224,0.00981376,398.038,95922.4
15,CUTLASS,gemm,cutlass_tensorop_f16_s1688gemm_f16_256x128_32x2_nn_align8,passed,success,universal,1920,512,512,f16:column,f16:column,f16:column,f16:column,1,0,serial,1,1,heuristic,invalid,invalid,false,false,1,tensorop,f32,256,128,32,1,1,1,0,0,0,2,4,2,1,16,8,8,75,1024,4456448,1008599040,226,0.0260611,159.256,38701.3
15,CUTLASS,gemm,cutlass_tensorop_f16_s16816gemm_f16_256x128_32x3_nn_align8,passed,success,universal,1920,512,512,f16:column,f16:column,f16:column,f16:column,1,0,serial,1,1,heuristic,invalid,invalid,false,false,1,tensorop,f32,256,128,32,1,1,1,0,0,0,3,4,2,1,16,8,16,80,1024,4456448,1008599040,226,0.0149693,277.261,67377.9
15,CUTLASS,gemm,cutlass3x_sm90_tensorop_s64x128x16gemm_f16_f16_f32_f16_f16_128x128x64_1x2x1_0_nnn_align8,passed,success,universal,1920,512,512,f16:column,f16:column,f16:column,f16:column,1,0,serial,1,1,heuristic,invalid,invalid,false,false,1,tensorop,f32,128,128,64,1,2,1,0,0,0,7,4,2,1,64,128,16,90,90,4456448,1008599040,226,0.0102976,403.044,97945.1
15,CUTLASS,gemm,cutlass3x_sm90_tensorop_s64x128x16gemm_f16_f16_f32_f16_f16_128x128x64_1x2x1_0_nnn_align8_warpspecialized_epi_nosmem,passed,success,universal,1920,512,512,f16:column,f16:column,f16:column,f16:column,1,0,serial,1,1,heuristic,invalid,invalid,false,false,1,tensorop,f32,128,128,64,1,2,1,0,0,0,7,4,1,1,64,128,16,90,90,4456448,1008599040,226,0.00959616,432.505,105104
15,CUTLASS,gemm,cutlass3x_sm90_tensorop_s64x128x16gemm_f16_f16_f32_f16_f16_128x128x64_1x2x1_0_nnn_align8_warpspecialized_pingpong_epi_tma,passed,success,universal,1920,512,512,f16:column,f16:column,f16:column,f16:column,1,0,serial,1,1,heuristic,invalid,invalid,false,false,1,tensorop,f32,128,128,64,1,2,1,0,0,0,6,4,1,1,64,128,16,90,90,4456448,1008599040,226,0.00987648,420.23,102121
15,CUTLASS,gemm,cutlass3x_sm90_tensorop_s64x128x16gemm_f16_f16_f32_f16_f16_128x128x64_1x2x1_0_nnn_align8_warpspecialized_pingpong_epi_nosmem,passed,success,universal,1920,512,512,f16:column,f16:column,f16:column,f16:column,1,0,serial,1,1,heuristic,invalid,invalid,false,false,1,tensorop,f32,128,128,64,1,2,1,0,0,0,7,4,1,1,64,128,16,90,90,4456448,1008599040,226,0.0104064,398.831,96921
15,CUTLASS,gemm,cutlass3x_sm90_tensorop_s64x128x16gemm_f16_f16_f32_f16_f16_128x128x64_1x2x1_0_nnn_align8_warpspecialized_cooperative_epi_nosmem,passed,success,universal,1920,512,512,f16:column,f16:column,f16:column,f16:column,1,0,serial,1,1,heuristic,invalid,invalid,false,false,1,tensorop,f32,128,128,64,1,2,1,0,0,0,7,4,2,1,64,128,16,90,90,4456448,1008599040,226,0.0103194,402.195,97738.5
15,CUTLASS,gemm,cutlass3x_sm90_tensorop_s64x128x16gemm_f16_f16_f32_f16_f16_128x128x64_1x2x1_0_nnn_align8_warpspecialized_cooperative_epi_tma,passed,success,universal,1920,512,512,f16:column,f16:column,f16:column,f16:column,1,0,serial,1,1,heuristic,invalid,invalid,false,false,1,tensorop,f32,128,128,64,1,2,1,0,0,0,6,4,2,1,64,128,16,90,90,4456448,1008599040,226,0.00919232,451.506,109722
15,CUTLASS,gemm,cutlass3x_sm90_tensorop_s64x128x16gemm_f16_f16_f32_f16_f16_128x128x64_1x2x1_0_nnn_align8_stream_k_warpspecialized_cooperative_epi_nosmem,passed,success,universal,1920,512,512,f16:column,f16:column,f16:column,f16:column,1,0,serial,1,1,heuristic,invalid,invalid,false,false,1,tensorop,f32,128,128,64,1,2,1,0,0,0,7,4,2,1,64,128,16,90,90,4456448,1008599040,226,0.0107632,385.609,93708.1
15,CUTLASS,gemm,cutlass3x_sm90_tensorop_s64x128x16gemm_f16_f16_f32_f16_f16_128x128x64_1x2x1_0_nnn_align8_stream_k_warpspecialized_cooperative_epi_tma,passed,success,universal,1920,512,512,f16:column,f16:column,f16:column,f16:column,1,0,serial,1,1,heuristic,invalid,invalid,false,false,1,tensorop,f32,128,128,64,1,2,1,0,0,0,6,4,2,1,64,128,16,90,90,4456448,1008599040,226,0.0099824,415.771,101038
15,CUTLASS,gemm,cutlass3x_sm90_tensorop_s64x128x16gemm_f16_f16_f32_f16_f16_128x128x64_2x1x1_0_nnn_align8,passed,success,universal,1920,512,512,f16:column,f16:column,f16:column,f16:column,1,0,serial,1,1,heuristic,invalid,invalid,false,false,1,tensorop,f32,128,128,64,2,1,1,0,0,0,7,4,2,1,64,128,16,90,90,4456448,1008599040,226,0.0102051,406.697,98832.7
15,CUTLASS,gemm,cutlass3x_sm90_tensorop_s64x128x16gemm_f16_f16_f32_f16_f16_128x128x64_2x1x1_0_nnn_align8_warpspecialized_epi_nosmem,passed,success,universal,1920,512,512,f16:column,f16:column,f16:column,f16:column,1,0,serial,1,1,heuristic,invalid,invalid,false,false,1,tensorop,f32,128,128,64,2,1,1,0,0,0,7,4,1,1,64,128,16,90,90,4456448,1008599040,226,0.00958848,432.852,105189
15,CUTLASS,gemm,cutlass3x_sm90_tensorop_s64x128x16gemm_f16_f16_f32_f16_f16_128x128x64_2x1x1_0_nnn_align8_warpspecialized_pingpong_epi_tma,passed,success,universal,1920,512,512,f16:column,f16:column,f16:column,f16:column,1,0,serial,1,1,heuristic,invalid,invalid,false,false,1,tensorop,f32,128,128,64,2,1,1,0,0,0,6,4,1,1,64,128,16,90,90,4456448,1008599040,226,0.00977344,424.66,103198
15,CUTLASS,gemm,cutlass3x_sm90_tensorop_s64x128x16gemm_f16_f16_f32_f16_f16_128x128x64_2x1x1_0_nnn_align8_warpspecialized_pingpong_epi_nosmem,passed,success,universal,1920,512,512,f16:column,f16:column,f16:column,f16:column,1,0,serial,1,1,heuristic,invalid,invalid,false,false,1,tensorop,f32,128,128,64,2,1,1,0,0,0,7,4,1,1,64,128,16,90,90,4456448,1008599040,226,0.0103306,401.759,97632.6
15,CUTLASS,gemm,cutlass3x_sm90_tensorop_s64x128x16gemm_f16_f16_f32_f16_f16_128x128x64_2x1x1_0_nnn_align8_warpspecialized_cooperative_epi_nosmem,passed,success,universal,1920,512,512,f16:column,f16:column,f16:column,f16:column,1,0,serial,1,1,heuristic,invalid,invalid,false,false,1,tensorop,f32,128,128,64,2,1,1,0,0,0,7,4,2,1,64,128,16,90,90,4456448,1008599040,226,0.010217,406.226,98718.1
15,CUTLASS,gemm,cutlass3x_sm90_tensorop_s64x128x16gemm_f16_f16_f32_f16_f16_128x128x64_2x1x1_0_nnn_align8_warpspecialized_cooperative_epi_tma,passed,success,universal,1920,512,512,f16:column,f16:column,f16:column,f16:column,1,0,serial,1,1,heuristic,invalid,invalid,false,false,1,tensorop,f32,128,128,64,2,1,1,0,0,0,6,4,2,1,64,128,16,90,90,4456448,1008599040,226,0.00919936,451.161,109638
15,CUTLASS,gemm,cutlass3x_sm90_tensorop_s64x128x16gemm_f16_f16_f32_f16_f16_128x128x64_2x1x1_0_nnn_align8_stream_k_warpspecialized_cooperative_epi_nosmem,passed,success,universal,1920,512,512,f16:column,f16:column,f16:column,f16:column,1,0,serial,1,1,heuristic,invalid,invalid,false,false,1,tensorop,f32,128,128,64,2,1,1,0,0,0,7,4,2,1,64,128,16,90,90,4456448,1008599040,226,0.0110397,375.952,91361.3
15,CUTLASS,gemm,cutlass3x_sm90_tensorop_s64x128x16gemm_f16_f16_f32_f16_f16_128x128x64_2x1x1_0_nnn_align8_stream_k_warpspecialized_cooperative_epi_tma,passed,success,universal,1920,512,512,f16:column,f16:column,f16:column,f16:column,1,0,serial,1,1,heuristic,invalid,invalid,false,false,1,tensorop,f32,128,128,64,2,1,1,0,0,0,6,4,2,1,64,128,16,90,90,4456448,1008599040,226,0.0101869,407.425,99009.6
16,CUTLASS,gemm,cutlass_tensorop_f16_s1688gemm_f16_256x128_32x2_nn_align8,passed,success,universal,2048,512,512,f16:column,f16:column,f16:column,f16:column,1,0,serial,1,1,heuristic,invalid,invalid,false,false,1,tensorop,f32,256,128,32,1,1,1,0,0,0,2,4,2,1,16,8,8,75,1024,4718592,1075838976,228,0.0261485,168.061,41143.5
16,CUTLASS,gemm,cutlass_tensorop_f16_s16816gemm_f16_256x128_32x3_nn_align8,passed,success,universal,2048,512,512,f16:column,f16:column,f16:column,f16:column,1,0,serial,1,1,heuristic,invalid,invalid,false,false,1,tensorop,f32,256,128,32,1,1,1,0,0,0,3,4,2,1,16,8,16,80,1024,4718592,1075838976,228,0.0151578,289.92,70976.1
16,CUTLASS,gemm,cutlass3x_sm90_tensorop_s64x128x16gemm_f16_f16_f32_f16_f16_128x128x64_1x2x1_0_nnn_align8,passed,success,universal,2048,512,512,f16:column,f16:column,f16:column,f16:column,1,0,serial,1,1,heuristic,invalid,invalid,false,false,1,tensorop,f32,128,128,64,1,2,1,0,0,0,7,4,2,1,64,128,16,90,90,4718592,1075838976,228,0.0101632,432.396,105856
16,CUTLASS,gemm,cutlass3x_sm90_tensorop_s64x128x16gemm_f16_f16_f32_f16_f16_128x128x64_1x2x1_0_nnn_align8_warpspecialized_epi_nosmem,passed,success,universal,2048,512,512,f16:column,f16:column,f16:column,f16:column,1,0,serial,1,1,heuristic,invalid,invalid,false,false,1,tensorop,f32,128,128,64,1,2,1,0,0,0,7,4,1,1,64,128,16,90,90,4718592,1075838976,228,0.00951456,461.874,113073
16,CUTLASS,gemm,cutlass3x_sm90_tensorop_s64x128x16gemm_f16_f16_f32_f16_f16_128x128x64_1x2x1_0_nnn_align8_warpspecialized_pingpong_epi_tma,passed,success,universal,2048,512,512,f16:column,f16:column,f16:column,f16:column,1,0,serial,1,1,heuristic,invalid,invalid,false,false,1,tensorop,f32,128,128,64,1,2,1,0,0,0,6,4,1,1,64,128,16,90,90,4718592,1075838976,228,0.010016,438.751,107412
16,CUTLASS,gemm,cutlass3x_sm90_tensorop_s64x128x16gemm_f16_f16_f32_f16_f16_128x128x64_1x2x1_0_nnn_align8_warpspecialized_pingpong_epi_nosmem,passed,success,universal,2048,512,512,f16:column,f16:column,f16:column,f16:column,1,0,serial,1,1,heuristic,invalid,invalid,false,false,1,tensorop,f32,128,128,64,1,2,1,0,0,0,7,4,1,1,64,128,16,90,90,4718592,1075838976,228,0.0100246,438.373,107319
16,CUTLASS,gemm,cutlass3x_sm90_tensorop_s64x128x16gemm_f16_f16_f32_f16_f16_128x128x64_1x2x1_0_nnn_align8_warpspecialized_cooperative_epi_nosmem,passed,success,universal,2048,512,512,f16:column,f16:column,f16:column,f16:column,1,0,serial,1,1,heuristic,invalid,invalid,false,false,1,tensorop,f32,128,128,64,1,2,1,0,0,0,7,4,2,1,64,128,16,90,90,4718592,1075838976,228,0.0101107,434.641,106406
16,CUTLASS,gemm,cutlass3x_sm90_tensorop_s64x128x16gemm_f16_f16_f32_f16_f16_128x128x64_1x2x1_0_nnn_align8_warpspecialized_cooperative_epi_tma,passed,success,universal,2048,512,512,f16:column,f16:column,f16:column,f16:column,1,0,serial,1,1,heuristic,invalid,invalid,false,false,1,tensorop,f32,128,128,64,1,2,1,0,0,0,6,4,2,1,64,128,16,90,90,4718592,1075838976,228,0.0093616,469.421,114920
16,CUTLASS,gemm,cutlass3x_sm90_tensorop_s64x128x16gemm_f16_f16_f32_f16_f16_128x128x64_1x2x1_0_nnn_align8_stream_k_warpspecialized_cooperative_epi_nosmem,passed,success,universal,2048,512,512,f16:column,f16:column,f16:column,f16:column,1,0,serial,1,1,heuristic,invalid,invalid,false,false,1,tensorop,f32,128,128,64,1,2,1,0,0,0,7,4,2,1,64,128,16,90,90,4718592,1075838976,228,0.0106086,414.241,101412
16,CUTLASS,gemm,cutlass3x_sm90_tensorop_s64x128x16gemm_f16_f16_f32_f16_f16_128x128x64_1x2x1_0_nnn_align8_stream_k_warpspecialized_cooperative_epi_tma,passed,success,universal,2048,512,512,f16:column,f16:column,f16:column,f16:column,1,0,serial,1,1,heuristic,invalid,invalid,false,false,1,tensorop,f32,128,128,64,1,2,1,0,0,0,6,4,2,1,64,128,16,90,90,4718592,1075838976,228,0.0102038,430.674,105435
16,CUTLASS,gemm,cutlass3x_sm90_tensorop_s64x128x16gemm_f16_f16_f32_f16_f16_128x128x64_2x1x1_0_nnn_align8,passed,success,universal,2048,512,512,f16:column,f16:column,f16:column,f16:column,1,0,serial,1,1,heuristic,invalid,invalid,false,false,1,tensorop,f32,128,128,64,2,1,1,0,0,0,7,4,2,1,64,128,16,90,90,4718592,1075838976,228,0.00994112,442.056,108221
16,CUTLASS,gemm,cutlass3x_sm90_tensorop_s64x128x16gemm_f16_f16_f32_f16_f16_128x128x64_2x1x1_0_nnn_align8_warpspecialized_epi_nosmem,passed,success,universal,2048,512,512,f16:column,f16:column,f16:column,f16:column,1,0,serial,1,1,heuristic,invalid,invalid,false,false,1,tensorop,f32,128,128,64,2,1,1,0,0,0,7,4,1,1,64,128,16,90,90,4718592,1075838976,228,0.00958336,458.559,112261
16,CUTLASS,gemm,cutlass3x_sm90_tensorop_s64x128x16gemm_f16_f16_f32_f16_f16_128x128x64_2x1x1_0_nnn_align8_warpspecialized_pingpong_epi_tma,passed,success,universal,2048,512,512,f16:column,f16:column,f16:column,f16:column,1,0,serial,1,1,heuristic,invalid,invalid,false,false,1,tensorop,f32,128,128,64,2,1,1,0,0,0,6,4,1,1,64,128,16,90,90,4718592,1075838976,228,0.00985312,446.004,109188
16,CUTLASS,gemm,cutlass3x_sm90_tensorop_s64x128x16gemm_f16_f16_f32_f16_f16_128x128x64_2x1x1_0_nnn_align8_warpspecialized_pingpong_epi_nosmem,passed,success,universal,2048,512,512,f16:column,f16:column,f16:column,f16:column,1,0,serial,1,1,heuristic,invalid,invalid,false,false,1,tensorop,f32,128,128,64,2,1,1,0,0,0,7,4,1,1,64,128,16,90,90,4718592,1075838976,228,0.0100218,438.499,107350
16,CUTLASS,gemm,cutlass3x_sm90_tensorop_s64x128x16gemm_f16_f16_f32_f16_f16_128x128x64_2x1x1_0_nnn_align8_warpspecialized_cooperative_epi_nosmem,passed,success,universal,2048,512,512,f16:column,f16:column,f16:column,f16:column,1,0,serial,1,1,heuristic,invalid,invalid,false,false,1,tensorop,f32,128,128,64,2,1,1,0,0,0,7,4,2,1,64,128,16,90,90,4718592,1075838976,228,0.00993664,442.255,108270
16,CUTLASS,gemm,cutlass3x_sm90_tensorop_s64x128x16gemm_f16_f16_f32_f16_f16_128x128x64_2x1x1_0_nnn_align8_warpspecialized_cooperative_epi_tma,passed,success,universal,2048,512,512,f16:column,f16:column,f16:column,f16:column,1,0,serial,1,1,heuristic,invalid,invalid,false,false,1,tensorop,f32,128,128,64,2,1,1,0,0,0,6,4,2,1,64,128,16,90,90,4718592,1075838976,228,0.00922048,476.605,116679
16,CUTLASS,gemm,cutlass3x_sm90_tensorop_s64x128x16gemm_f16_f16_f32_f16_f16_128x128x64_2x1x1_0_nnn_align8_stream_k_warpspecialized_cooperative_epi_nosmem,passed,success,universal,2048,512,512,f16:column,f16:column,f16:column,f16:column,1,0,serial,1,1,heuristic,invalid,invalid,false,false,1,tensorop,f32,128,128,64,2,1,1,0,0,0,7,4,2,1,64,128,16,90,90,4718592,1075838976,228,0.0106045,414.403,101451
16,CUTLASS,gemm,cutlass3x_sm90_tensorop_s64x128x16gemm_f16_f16_f32_f16_f16_128x128x64_2x1x1_0_nnn_align8_stream_k_warpspecialized_cooperative_epi_tma,passed,success,universal,2048,512,512,f16:column,f16:column,f16:column,f16:column,1,0,serial,1,1,heuristic,invalid,invalid,false,false,1,tensorop,f32,128,128,64,2,1,1,0,0,0,6,4,2,1,64,128,16,90,90,4718592,1075838976,228,0.0100931,435.399,106591
17,CUTLASS,gemm,cutlass_tensorop_f16_s1688gemm_f16_256x128_32x2_nn_align8,passed,success,universal,128,512,512,f16:column,f16:column,f16:column,f16:column,1,0,serial,2,1,heuristic,invalid,invalid,false,false,1,tensorop,f32,256,128,32,1,1,1,0,0,0,2,4,2,1,16,8,8,75,1024,786432,67239936,85,0.0190906,38.3657,3522.16
17,CUTLASS,gemm,cutlass_tensorop_f16_s16816gemm_f16_256x128_32x3_nn_align8,passed,success,universal,128,512,512,f16:column,f16:column,f16:column,f16:column,1,0,serial,2,1,heuristic,invalid,invalid,false,false,1,tensorop,f32,256,128,32,1,1,1,0,0,0,3,4,2,1,16,8,16,80,1024,786432,67239936,85,0.0137885,53.1184,4876.53
17,CUTLASS,gemm,cutlass3x_sm90_tensorop_s64x128x16gemm_f16_f16_f32_f16_f16_128x128x64_1x2x1_0_nnn_align8,passed,success,universal,128,512,512,f16:column,f16:column,f16:column,f16:column,1,0,serial,2,1,heuristic,invalid,invalid,false,false,1,tensorop,f32,128,128,64,1,2,1,0,0,0,7,4,2,1,64,128,16,90,90,786432,67239936,85,0.00888128,82.4681,7570.97
17,CUTLASS,gemm,cutlass3x_sm90_tensorop_s64x128x16gemm_f16_f16_f32_f16_f16_128x128x64_1x2x1_0_nnn_align8_warpspecialized_epi_nosmem,passed,success,universal,128,512,512,f16:column,f16:column,f16:column,f16:column,1,0,serial,2,1,heuristic,invalid,invalid,false,false,1,tensorop,f32,128,128,64,1,2,1,0,0,0,7,4,1,1,64,128,16,90,90,786432,67239936,85,0.00836032,87.6069,8042.75
17,CUTLASS,gemm,cutlass3x_sm90_tensorop_s64x128x16gemm_f16_f16_f32_f16_f16_128x128x64_1x2x1_0_nnn_align8_warpspecialized_pingpong_epi_tma,passed,success,universal,128,512,512,f16:column,f16:column,f16:column,f16:column,1,0,serial,2,1,heuristic,invalid,invalid,false,false,1,tensorop,f32,128,128,64,1,2,1,0,0,0,6,4,1,1,64,128,16,90,90,786432,67239936,85,0.00882208,83.0215,7621.78
17,CUTLASS,gemm,cutlass3x_sm90_tensorop_s64x128x16gemm_f16_f16_f32_f16_f16_128x128x64_1x2x1_0_nnn_align8_warpspecialized_pingpong_epi_nosmem,passed,success,universal,128,512,512,f16:column,f16:column,f16:column,f16:column,1,0,serial,2,1,heuristic,invalid,invalid,false,false,1,tensorop,f32,128,128,64,1,2,1,0,0,0,7,4,1,1,64,128,16,90,90,786432,67239936,85,0.00863552,84.815,7786.44
17,CUTLASS,gemm,cutlass3x_sm90_tensorop_s64x128x16gemm_f16_f16_f32_f16_f16_128x128x64_1x2x1_0_nnn_align8_warpspecialized_cooperative_epi_nosmem,passed,success,universal,128,512,512,f16:column,f16:column,f16:column,f16:column,1,0,serial,2,1,heuristic,invalid,invalid,false,false,1,tensorop,f32,128,128,64,1,2,1,0,0,0,7,4,2,1,64,128,16,90,90,786432,67239936,85,0.00887296,82.5454,7578.07
17,CUTLASS,gemm,cutlass3x_sm90_tensorop_s64x128x16gemm_f16_f16_f32_f16_f16_128x128x64_1x2x1_0_nnn_align8_warpspecialized_cooperative_epi_tma,passed,success,universal,128,512,512,f16:column,f16:column,f16:column,f16:column,1,0,serial,2,1,heuristic,invalid,invalid,false,false,1,tensorop,f32,128,128,64,1,2,1,0,0,0,6,4,2,1,64,128,16,90,90,786432,67239936,85,0.00825312,88.7448,8147.21
17,CUTLASS,gemm,cutlass3x_sm90_tensorop_s64x128x16gemm_f16_f16_f32_f16_f16_128x128x64_1x2x1_0_nnn_align8_stream_k_warpspecialized_cooperative_epi_nosmem,passed,success,universal,128,512,512,f16:column,f16:column,f16:column,f16:column,1,0,serial,2,1,heuristic,invalid,invalid,false,false,1,tensorop,f32,128,128,64,1,2,1,0,0,0,7,4,2,1,64,128,16,90,90,786432,67239936,85,0.0119283,61.4019,5637
17,CUTLASS,gemm,cutlass3x_sm90_tensorop_s64x128x16gemm_f16_f16_f32_f16_f16_128x128x64_1x2x1_0_nnn_align8_stream_k_warpspecialized_cooperative_epi_tma,passed,success,universal,128,512,512,f16:column,f16:column,f16:column,f16:column,1,0,serial,2,1,heuristic,invalid,invalid,false,false,1,tensorop,f32,128,128,64,1,2,1,0,0,0,6,4,2,1,64,128,16,90,90,786432,67239936,85,0.011761,62.2757,5717.22
17,CUTLASS,gemm,cutlass3x_sm90_tensorop_s64x128x16gemm_f16_f16_f32_f16_f16_128x128x64_2x1x1_0_nnn_align8,passed,success,universal,128,512,512,f16:column,f16:column,f16:column,f16:column,1,0,serial,2,1,heuristic,invalid,invalid,false,false,1,tensorop,f32,128,128,64,2,1,1,0,0,0,7,4,2,1,64,128,16,90,90,786432,67239936,85,0.0092816,78.9112,7244.43
17,CUTLASS,gemm,cutlass3x_sm90_tensorop_s64x128x16gemm_f16_f16_f32_f16_f16_128x128x64_2x1x1_0_nnn_align8_warpspecialized_epi_nosmem,passed,success,universal,128,512,512,f16:column,f16:column,f16:column,f16:column,1,0,serial,2,1,heuristic,invalid,invalid,false,false,1,tensorop,f32,128,128,64,2,1,1,0,0,0,7,4,1,1,64,128,16,90,90,786432,67239936,85,0.00881088,83.127,7631.47
17,CUTLASS,gemm,cutlass3x_sm90_tensorop_s64x128x16gemm_f16_f16_f32_f16_f16_128x128x64_2x1x1_0_nnn_align8_warpspecialized_pingpong_epi_tma,passed,success,universal,128,512,512,f16:column,f16:column,f16:column,f16:column,1,0,serial,2,1,heuristic,invalid,invalid,false,false,1,tensorop,f32,128,128,64,2,1,1,0,0,0,6,4,1,1,64,128,16,90,90,786432,67239936,85,0.0092352,79.3076,7280.83
17,CUTLASS,gemm,cutlass3x_sm90_tensorop_s64x128x16gemm_f16_f16_f32_f16_f16_128x128x64_2x1x1_0_nnn_align8_warpspecialized_pingpong_epi_nosmem,passed,success,universal,128,512,512,f16:column,f16:column,f16:column,f16:column,1,0,serial,2,1,heuristic,invalid,invalid,false,false,1,tensorop,f32,128,128,64,2,1,1,0,0,0,7,4,1,1,64,128,16,90,90,786432,67239936,85,0.00901792,81.2185,7456.26
17,CUTLASS,gemm,cutlass3x_sm90_tensorop_s64x128x16gemm_f16_f16_f32_f16_f16_128x128x64_2x1x1_0_nnn_align8_warpspecialized_cooperative_epi_nosmem,passed,success,universal,128,512,512,f16:column,f16:column,f16:column,f16:column,1,0,serial,2,1,heuristic,invalid,invalid,false,false,1,tensorop,f32,128,128,64,2,1,1,0,0,0,7,4,2,1,64,128,16,90,90,786432,67239936,85,0.0093696,78.17,7176.39
17,CUTLASS,gemm,cutlass3x_sm90_tensorop_s64x128x16gemm_f16_f16_f32_f16_f16_128x128x64_2x1x1_0_nnn_align8_warpspecialized_cooperative_epi_tma,passed,success,universal,128,512,512,f16:column,f16:column,f16:column,f16:column,1,0,serial,2,1,heuristic,invalid,invalid,false,false,1,tensorop,f32,128,128,64,2,1,1,0,0,0,6,4,2,1,64,128,16,90,90,786432,67239936,85,0.00858144,85.3495,7835.51
17,CUTLASS,gemm,cutlass3x_sm90_tensorop_s64x128x16gemm_f16_f16_f32_f16_f16_128x128x64_2x1x1_0_nnn_align8_stream_k_warpspecialized_cooperative_epi_nosmem,passed,success,universal,128,512,512,f16:column,f16:column,f16:column,f16:column,1,0,serial,2,1,heuristic,invalid,invalid,false,false,1,tensorop,f32,128,128,64,2,1,1,0,0,0,7,4,2,1,64,128,16,90,90,786432,67239936,85,0.0121584,60.24,5530.33
17,CUTLASS,gemm,cutlass3x_sm90_tensorop_s64x128x16gemm_f16_f16_f32_f16_f16_128x128x64_2x1x1_0_nnn_align8_stream_k_warpspecialized_cooperative_epi_tma,passed,success,universal,128,512,512,f16:column,f16:column,f16:column,f16:column,1,0,serial,2,1,heuristic,invalid,invalid,false,false,1,tensorop,f32,128,128,64,2,1,1,0,0,0,6,4,2,1,64,128,16,90,90,786432,67239936,85,0.0122198,59.9371,5502.52
18,CUTLASS,gemm,cutlass_tensorop_f16_s1688gemm_f16_256x128_32x2_nn_align8,passed,success,universal,256,512,512,f16:column,f16:column,f16:column,f16:column,1,0,serial,2,1,heuristic,invalid,invalid,false,false,1,tensorop,f32,256,128,32,1,1,1,0,0,0,2,4,2,1,16,8,8,75,1024,1048576,134479872,128,0.0189757,51.4639,7086.96
18,CUTLASS,gemm,cutlass_tensorop_f16_s16816gemm_f16_256x128_32x3_nn_align8,passed,success,universal,256,512,512,f16:column,f16:column,f16:column,f16:column,1,0,serial,2,1,heuristic,invalid,invalid,false,false,1,tensorop,f32,256,128,32,1,1,1,0,0,0,3,4,2,1,16,8,16,80,1024,1048576,134479872,128,0.0138992,70.2603,9675.37
18,CUTLASS,gemm,cutlass3x_sm90_tensorop_s64x128x16gemm_f16_f16_f32_f16_f16_128x128x64_1x2x1_0_nnn_align8,passed,success,universal,256,512,512,f16:column,f16:column,f16:column,f16:column,1,0,serial,2,1,heuristic,invalid,invalid,false,false,1,tensorop,f32,128,128,64,1,2,1,0,0,0,7,4,2,1,64,128,16,90,90,1048576,134479872,128,0.0090144,108.334,14918.3
18,CUTLASS,gemm,cutlass3x_sm90_tensorop_s64x128x16gemm_f16_f16_f32_f16_f16_128x128x64_1x2x1_0_nnn_align8_warpspecialized_epi_nosmem,passed,success,universal,256,512,512,f16:column,f16:column,f16:column,f16:column,1,0,serial,2,1,heuristic,invalid,invalid,false,false,1,tensorop,f32,128,128,64,1,2,1,0,0,0,7,4,1,1,64,128,16,90,90,1048576,134479872,128,0.00861792,113.318,15604.7
18,CUTLASS,gemm,cutlass3x_sm90_tensorop_s64x128x16gemm_f16_f16_f32_f16_f16_128x128x64_1x2x1_0_nnn_align8_warpspecialized_pingpong_epi_tma,passed,success,universal,256,512,512,f16:column,f16:column,f16:column,f16:column,1,0,serial,2,1,heuristic,invalid,invalid,false,false,1,tensorop,f32,128,128,64,1,2,1,0,0,0,6,4,1,1,64,128,16,90,90,1048576,134479872,128,0.00903008,108.146,14892.4
18,CUTLASS,gemm,cutlass3x_sm90_tensorop_s64x128x16gemm_f16_f16_f32_f16_f16_128x128x64_1x2x1_0_nnn_align8_warpspecialized_pingpong_epi_nosmem,passed,success,universal,256,512,512,f16:column,f16:column,f16:column,f16:column,1,0,serial,2,1,heuristic,invalid,invalid,false,false,1,tensorop,f32,128,128,64,1,2,1,0,0,0,7,4,1,1,64,128,16,90,90,1048576,134479872,128,0.0088368,110.511,15218.2
18,CUTLASS,gemm,cutlass3x_sm90_tensorop_s64x128x16gemm_f16_f16_f32_f16_f16_128x128x64_1x2x1_0_nnn_align8_warpspecialized_cooperative_epi_nosmem,passed,success,universal,256,512,512,f16:column,f16:column,f16:column,f16:column,1,0,serial,2,1,heuristic,invalid,invalid,false,false,1,tensorop,f32,128,128,64,1,2,1,0,0,0,7,4,2,1,64,128,16,90,90,1048576,134479872,128,0.00912256,107.049,14741.5
18,CUTLASS,gemm,cutlass3x_sm90_tensorop_s64x128x16gemm_f16_f16_f32_f16_f16_128x128x64_1x2x1_0_nnn_align8_warpspecialized_cooperative_epi_tma,passed,success,universal,256,512,512,f16:column,f16:column,f16:column,f16:column,1,0,serial,2,1,heuristic,invalid,invalid,false,false,1,tensorop,f32,128,128,64,1,2,1,0,0,0,6,4,2,1,64,128,16,90,90,1048576,134479872,128,0.00841888,115.997,15973.6
18,CUTLASS,gemm,cutlass3x_sm90_tensorop_s64x128x16gemm_f16_f16_f32_f16_f16_128x128x64_1x2x1_0_nnn_align8_stream_k_warpspecialized_cooperative_epi_nosmem,passed,success,universal,256,512,512,f16:column,f16:column,f16:column,f16:column,1,0,serial,2,1,heuristic,invalid,invalid,false,false,1,tensorop,f32,128,128,64,1,2,1,0,0,0,7,4,2,1,64,128,16,90,90,1048576,134479872,128,0.0127459,76.6177,10550.8
18,CUTLASS,gemm,cutlass3x_sm90_tensorop_s64x128x16gemm_f16_f16_f32_f16_f16_128x128x64_1x2x1_0_nnn_align8_stream_k_warpspecialized_cooperative_epi_tma,passed,success,universal,256,512,512,f16:column,f16:column,f16:column,f16:column,1,0,serial,2,1,heuristic,invalid,invalid,false,false,1,tensorop,f32,128,128,64,1,2,1,0,0,0,6,4,2,1,64,128,16,90,90,1048576,134479872,128,0.0123683,78.9568,10872.9
18,CUTLASS,gemm,cutlass3x_sm90_tensorop_s64x128x16gemm_f16_f16_f32_f16_f16_128x128x64_2x1x1_0_nnn_align8,passed,success,universal,256,512,512,f16:column,f16:column,f16:column,f16:column,1,0,serial,2,1,heuristic,invalid,invalid,false,false,1,tensorop,f32,128,128,64,2,1,1,0,0,0,7,4,2,1,64,128,16,90,90,1048576,134479872,128,0.00916992,106.496,14665.3
18,CUTLASS,gemm,cutlass3x_sm90_tensorop_s64x128x16gemm_f16_f16_f32_f16_f16_128x128x64_2x1x1_0_nnn_align8_warpspecialized_epi_nosmem,passed,success,universal,256,512,512,f16:column,f16:column,f16:column,f16:column,1,0,serial,2,1,heuristic,invalid,invalid,false,false,1,tensorop,f32,128,128,64,2,1,1,0,0,0,7,4,1,1,64,128,16,90,90,1048576,134479872,128,0.00882688,110.635,15235.3
18,CUTLASS,gemm,cutlass3x_sm90_tensorop_s64x128x16gemm_f16_f16_f32_f16_f16_128x128x64_2x1x1_0_nnn_align8_warpspecialized_pingpong_epi_tma,passed,success,universal,256,512,512,f16:column,f16:column,f16:column,f16:column,1,0,serial,2,1,heuristic,invalid,invalid,false,false,1,tensorop,f32,128,128,64,2,1,1,0,0,0,6,4,1,1,64,128,16,90,90,1048576,134479872,128,0.0091152,107.136,14753.4
18,CUTLASS,gemm,cutlass3x_sm90_tensorop_s64x128x16gemm_f16_f16_f32_f16_f16_128x128x64_2x1x1_0_nnn_align8_warpspecialized_pingpong_epi_nosmem,passed,success,universal,256,512,512,f16:column,f16:column,f16:column,f16:column,1,0,serial,2,1,heuristic,invalid,invalid,false,false,1,tensorop,f32,128,128,64,2,1,1,0,0,0,7,4,1,1,64,128,16,90,90,1048576,134479872,128,0.0089568,109.03,15014.3
18,CUTLASS,gemm,cutlass3x_sm90_tensorop_s64x128x16gemm_f16_f16_f32_f16_f16_128x128x64_2x1x1_0_nnn_align8_warpspecialized_cooperative_epi_nosmem,passed,success,universal,256,512,512,f16:column,f16:column,f16:column,f16:column,1,0,serial,2,1,heuristic,invalid,invalid,false,false,1,tensorop,f32,128,128,64,2,1,1,0,0,0,7,4,2,1,64,128,16,90,90,1048576,134479872,128,0.0092064,106.074,14607.2
18,CUTLASS,gemm,cutlass3x_sm90_tensorop_s64x128x16gemm_f16_f16_f32_f16_f16_128x128x64_2x1x1_0_nnn_align8_warpspecialized_cooperative_epi_tma,passed,success,universal,256,512,512,f16:column,f16:column,f16:column,f16:column,1,0,serial,2,1,heuristic,invalid,invalid,false,false,1,tensorop,f32,128,128,64,2,1,1,0,0,0,6,4,2,1,64,128,16,90,90,1048576,134479872,128,0.00855968,114.089,15710.9
18,CUTLASS,gemm,cutlass3x_sm90_tensorop_s64x128x16gemm_f16_f16_f32_f16_f16_128x128x64_2x1x1_0_nnn_align8_stream_k_warpspecialized_cooperative_epi_nosmem,passed,success,universal,256,512,512,f16:column,f16:column,f16:column,f16:column,1,0,serial,2,1,heuristic,invalid,invalid,false,false,1,tensorop,f32,128,128,64,2,1,1,0,0,0,7,4,2,1,64,128,16,90,90,1048576,134479872,128,0.0126717,77.0665,10612.6
18,CUTLASS,gemm,cutlass3x_sm90_tensorop_s64x128x16gemm_f16_f16_f32_f16_f16_128x128x64_2x1x1_0_nnn_align8_stream_k_warpspecialized_cooperative_epi_tma,passed,success,universal,256,512,512,f16:column,f16:column,f16:column,f16:column,1,0,serial,2,1,heuristic,invalid,invalid,false,false,1,tensorop,f32,128,128,64,2,1,1,0,0,0,6,4,2,1,64,128,16,90,90,1048576,134479872,128,0.0124259,78.5908,10822.5
19,CUTLASS,gemm,cutlass_tensorop_f16_s1688gemm_f16_256x128_32x2_nn_align8,passed,success,universal,384,512,512,f16:column,f16:column,f16:column,f16:column,1,0,serial,2,1,heuristic,invalid,invalid,false,false,1,tensorop,f32,256,128,32,1,1,1,0,0,0,2,4,2,1,16,8,8,75,1024,1310720,201719808,153,0.0195568,62.4183,10314.6
19,CUTLASS,gemm,cutlass_tensorop_f16_s16816gemm_f16_256x128_32x3_nn_align8,passed,success,universal,384,512,512,f16:column,f16:column,f16:column,f16:column,1,0,serial,2,1,heuristic,invalid,invalid,false,false,1,tensorop,f32,256,128,32,1,1,1,0,0,0,3,4,2,1,16,8,16,80,1024,1310720,201719808,153,0.0144976,84.2004,13914
19,CUTLASS,gemm,cutlass3x_sm90_tensorop_s64x128x16gemm_f16_f16_f32_f16_f16_128x128x64_1x2x1_0_nnn_align8,passed,success,universal,384,512,512,f16:column,f16:column,f16:column,f16:column,1,0,serial,2,1,heuristic,invalid,invalid,false,false,1,tensorop,f32,128,128,64,1,2,1,0,0,0,7,4,2,1,64,128,16,90,90,1310720,201719808,153,0.00973088,125.446,20729.9
19,CUTLASS,gemm,cutlass3x_sm90_tensorop_s64x128x16gemm_f16_f16_f32_f16_f16_128x128x64_1x2x1_0_nnn_align8_warpspecialized_epi_nosmem,passed,success,universal,384,512,512,f16:column,f16:column,f16:column,f16:column,1,0,serial,2,1,heuristic,invalid,invalid,false,false,1,tensorop,f32,128,128,64,1,2,1,0,0,0,7,4,1,1,64,128,16,90,90,1310720,201719808,153,0.00922144,132.377,21875.1
19,CUTLASS,gemm,cutlass3x_sm90_tensorop_s64x128x16gemm_f16_f16_f32_f16_f16_128x128x64_1x2x1_0_nnn_align8_warpspecialized_pingpong_epi_tma,passed,success,universal,384,512,512,f16:column,f16:column,f16:column,f16:column,1,0,serial,2,1,heuristic,invalid,invalid,false,false,1,tensorop,f32,128,128,64,1,2,1,0,0,0,6,4,1,1,64,128,16,90,90,1310720,201719808,153,0.00924352,132.06,21822.8
19,CUTLASS,gemm,cutlass3x_sm90_tensorop_s64x128x16gemm_f16_f16_f32_f16_f16_128x128x64_1x2x1_0_nnn_align8_warpspecialized_pingpong_epi_nosmem,passed,success,universal,384,512,512,f16:column,f16:column,f16:column,f16:column,1,0,serial,2,1,heuristic,invalid,invalid,false,false,1,tensorop,f32,128,128,64,1,2,1,0,0,0,7,4,1,1,64,128,16,90,90,1310720,201719808,153,0.00977856,124.835,20628.8
19,CUTLASS,gemm,cutlass3x_sm90_tensorop_s64x128x16gemm_f16_f16_f32_f16_f16_128x128x64_1x2x1_0_nnn_align8_warpspecialized_cooperative_epi_nosmem,passed,success,universal,384,512,512,f16:column,f16:column,f16:column,f16:column,1,0,serial,2,1,heuristic,invalid,invalid,false,false,1,tensorop,f32,128,128,64,1,2,1,0,0,0,7,4,2,1,64,128,16,90,90,1310720,201719808,153,0.00979424,124.635,20595.8
19,CUTLASS,gemm,cutlass3x_sm90_tensorop_s64x128x16gemm_f16_f16_f32_f16_f16_128x128x64_1x2x1_0_nnn_align8_warpspecialized_cooperative_epi_tma,passed,success,universal,384,512,512,f16:column,f16:column,f16:column,f16:column,1,0,serial,2,1,heuristic,invalid,invalid,false,false,1,tensorop,f32,128,128,64,1,2,1,0,0,0,6,4,2,1,64,128,16,90,90,1310720,201719808,153,0.00864864,141.144,23323.9
19,CUTLASS,gemm,cutlass3x_sm90_tensorop_s64x128x16gemm_f16_f16_f32_f16_f16_128x128x64_1x2x1_0_nnn_align8_stream_k_warpspecialized_cooperative_epi_nosmem,passed,success,universal,384,512,512,f16:column,f16:column,f16:column,f16:column,1,0,serial,2,1,heuristic,invalid,invalid,false,false,1,tensorop,f32,128,128,64,1,2,1,0,0,0,7,4,2,1,64,128,16,90,90,1310720,201719808,153,0.0130138,93.801,15500.5
19,CUTLASS,gemm,cutlass3x_sm90_tensorop_s64x128x16gemm_f16_f16_f32_f16_f16_128x128x64_1x2x1_0_nnn_align8_stream_k_warpspecialized_cooperative_epi_tma,passed,success,universal,384,512,512,f16:column,f16:column,f16:column,f16:column,1,0,serial,2,1,heuristic,invalid,invalid,false,false,1,tensorop,f32,128,128,64,1,2,1,0,0,0,6,4,2,1,64,128,16,90,90,1310720,201719808,153,0.012393,98.4997,16277
19,CUTLASS,gemm,cutlass3x_sm90_tensorop_s64x128x16gemm_f16_f16_f32_f16_f16_128x128x64_2x1x1_0_nnn_align8,passed,success,universal,384,512,512,f16:column,f16:column,f16:column,f16:column,1,0,serial,2,1,heuristic,invalid,invalid,false,false,1,tensorop,f32,128,128,64,2,1,1,0,0,0,7,4,2,1,64,128,16,90,90,1310720,201719808,153,0.00980096,124.549,20581.6
19,CUTLASS,gemm,cutlass3x_sm90_tensorop_s64x128x16gemm_f16_f16_f32_f16_f16_128x128x64_2x1x1_0_nnn_align8_warpspecialized_epi_nosmem,passed,success,universal,384,512,512,f16:column,f16:column,f16:column,f16:column,1,0,serial,2,1,heuristic,invalid,invalid,false,false,1,tensorop,f32,128,128,64,2,1,1,0,0,0,7,4,1,1,64,128,16,90,90,1310720,201719808,153,0.00947264,128.866,21295
19,CUTLASS,gemm,cutlass3x_sm90_tensorop_s64x128x16gemm_f16_f16_f32_f16_f16_128x128x64_2x1x1_0_nnn_align8_warpspecialized_pingpong_epi_tma,passed,success,universal,384,512,512,f16:column,f16:column,f16:column,f16:column,1,0,serial,2,1,heuristic,invalid,invalid,false,false,1,tensorop,f32,128,128,64,2,1,1,0,0,0,6,4,1,1,64,128,16,90,90,1310720,201719808,153,0.00935488,130.488,21563.1
19,CUTLASS,gemm,cutlass3x_sm90_tensorop_s64x128x16gemm_f16_f16_f32_f16_f16_128x128x64_2x1x1_0_nnn_align8_warpspecialized_pingpong_epi_nosmem,passed,success,universal,384,512,512,f16:column,f16:column,f16:column,f16:column,1,0,serial,2,1,heuristic,invalid,invalid,false,false,1,tensorop,f32,128,128,64,2,1,1,0,0,0,7,4,1,1,64,128,16,90,90,1310720,201719808,153,0.0100048,122.012,20162.3
19,CUTLASS,gemm,cutlass3x_sm90_tensorop_s64x128x16gemm_f16_f16_f32_f16_f16_128x128x64_2x1x1_0_nnn_align8_warpspecialized_cooperative_epi_nosmem,passed,success,universal,384,512,512,f16:column,f16:column,f16:column,f16:column,1,0,serial,2,1,heuristic,invalid,invalid,false,false,1,tensorop,f32,128,128,64,2,1,1,0,0,0,7,4,2,1,64,128,16,90,90,1310720,201719808,153,0.00987872,123.569,20419.6
19,CUTLASS,gemm,cutlass3x_sm90_tensorop_s64x128x16gemm_f16_f16_f32_f16_f16_128x128x64_2x1x1_0_nnn_align8_warpspecialized_cooperative_epi_tma,passed,success,universal,384,512,512,f16:column,f16:column,f16:column,f16:column,1,0,serial,2,1,heuristic,invalid,invalid,false,false,1,tensorop,f32,128,128,64,2,1,1,0,0,0,6,4,2,1,64,128,16,90,90,1310720,201719808,153,0.00870784,140.184,23165.3
19,CUTLASS,gemm,cutlass3x_sm90_tensorop_s64x128x16gemm_f16_f16_f32_f16_f16_128x128x64_2x1x1_0_nnn_align8_stream_k_warpspecialized_cooperative_epi_nosmem,passed,success,universal,384,512,512,f16:column,f16:column,f16:column,f16:column,1,0,serial,2,1,heuristic,invalid,invalid,false,false,1,tensorop,f32,128,128,64,2,1,1,0,0,0,7,4,2,1,64,128,16,90,90,1310720,201719808,153,0.0128666,94.8741,15677.8
19,CUTLASS,gemm,cutlass3x_sm90_tensorop_s64x128x16gemm_f16_f16_f32_f16_f16_128x128x64_2x1x1_0_nnn_align8_stream_k_warpspecialized_cooperative_epi_tma,passed,success,universal,384,512,512,f16:column,f16:column,f16:column,f16:column,1,0,serial,2,1,heuristic,invalid,invalid,false,false,1,tensorop,f32,128,128,64,2,1,1,0,0,0,6,4,2,1,64,128,16,90,90,1310720,201719808,153,0.0123882,98.5379,16283.3
20,CUTLASS,gemm,cutlass_tensorop_f16_s1688gemm_f16_256x128_32x2_nn_align8,passed,success,universal,512,512,512,f16:column,f16:column,f16:column,f16:column,1,0,serial,2,1,heuristic,invalid,invalid,false,false,1,tensorop,f32,256,128,32,1,1,1,0,0,0,2,4,2,1,16,8,8,75,1024,1572864,268959744,171,0.0194115,75.4626,13855.7
20,CUTLASS,gemm,cutlass_tensorop_f16_s16816gemm_f16_256x128_32x3_nn_align8,passed,success,universal,512,512,512,f16:column,f16:column,f16:column,f16:column,1,0,serial,2,1,heuristic,invalid,invalid,false,false,1,tensorop,f32,256,128,32,1,1,1,0,0,0,3,4,2,1,16,8,16,80,1024,1572864,268959744,171,0.0143062,102.392,18800.2
20,CUTLASS,gemm,cutlass3x_sm90_tensorop_s64x128x16gemm_f16_f16_f32_f16_f16_128x128x64_1x2x1_0_nnn_align8,passed,success,universal,512,512,512,f16:column,f16:column,f16:column,f16:column,1,0,serial,2,1,heuristic,invalid,invalid,false,false,1,tensorop,f32,128,128,64,1,2,1,0,0,0,7,4,2,1,64,128,16,90,90,1572864,268959744,171,0.00929088,157.665,28948.8
20,CUTLASS,gemm,cutlass3x_sm90_tensorop_s64x128x16gemm_f16_f16_f32_f16_f16_128x128x64_1x2x1_0_nnn_align8_warpspecialized_epi_nosmem,passed,success,universal,512,512,512,f16:column,f16:column,f16:column,f16:column,1,0,serial,2,1,heuristic,invalid,invalid,false,false,1,tensorop,f32,128,128,64,1,2,1,0,0,0,7,4,1,1,64,128,16,90,90,1572864,268959744,171,0.00884736,165.568,30400
20,CUTLASS,gemm,cutlass3x_sm90_tensorop_s64x128x16gemm_f16_f16_f32_f16_f16_128x128x64_1x2x1_0_nnn_align8_warpspecialized_pingpong_epi_tma,passed,success,universal,512,512,512,f16:column,f16:column,f16:column,f16:column,1,0,serial,2,1,heuristic,invalid,invalid,false,false,1,tensorop,f32,128,128,64,1,2,1,0,0,0,6,4,1,1,64,128,16,90,90,1572864,268959744,171,0.00927808,157.882,28988.7
20,CUTLASS,gemm,cutlass3x_sm90_tensorop_s64x128x16gemm_f16_f16_f32_f16_f16_128x128x64_1x2x1_0_nnn_align8_warpspecialized_pingpong_epi_nosmem,passed,success,universal,512,512,512,f16:column,f16:column,f16:column,f16:column,1,0,serial,2,1,heuristic,invalid,invalid,false,false,1,tensorop,f32,128,128,64,1,2,1,0,0,0,7,4,1,1,64,128,16,90,90,1572864,268959744,171,0.0089936,162.876,29905.7
20,CUTLASS,gemm,cutlass3x_sm90_tensorop_s64x128x16gemm_f16_f16_f32_f16_f16_128x128x64_1x2x1_0_nnn_align8_warpspecialized_cooperative_epi_nosmem,passed,success,universal,512,512,512,f16:column,f16:column,f16:column,f16:column,1,0,serial,2,1,heuristic,invalid,invalid,false,false,1,tensorop,f32,128,128,64,1,2,1,0,0,0,7,4,2,1,64,128,16,90,90,1572864,268959744,171,0.0093504,156.661,28764.5
20,CUTLASS,gemm,cutlass3x_sm90_tensorop_s64x128x16gemm_f16_f16_f32_f16_f16_128x128x64_1x2x1_0_nnn_align8_warpspecialized_cooperative_epi_tma,passed,success,universal,512,512,512,f16:column,f16:column,f16:column,f16:column,1,0,serial,2,1,heuristic,invalid,invalid,false,false,1,tensorop,f32,128,128,64,1,2,1,0,0,0,6,4,2,1,64,128,16,90,90,1572864,268959744,171,0.00861024,170.128,31237.2
20,CUTLASS,gemm,cutlass3x_sm90_tensorop_s64x128x16gemm_f16_f16_f32_f16_f16_128x128x64_1x2x1_0_nnn_align8_stream_k_warpspecialized_cooperative_epi_nosmem,passed,success,universal,512,512,512,f16:column,f16:column,f16:column,f16:column,1,0,serial,2,1,heuristic,invalid,invalid,false,false,1,tensorop,f32,128,128,64,1,2,1,0,0,0,7,4,2,1,64,128,16,90,90,1572864,268959744,171,0.012567,116.562,21402
20,CUTLASS,gemm,cutlass3x_sm90_tensorop_s64x128x16gemm_f16_f16_f32_f16_f16_128x128x64_1x2x1_0_nnn_align8_stream_k_warpspecialized_cooperative_epi_tma,passed,success,universal,512,512,512,f16:column,f16:column,f16:column,f16:column,1,0,serial,2,1,heuristic,invalid,invalid,false,false,1,tensorop,f32,128,128,64,1,2,1,0,0,0,6,4,2,1,64,128,16,90,90,1572864,268959744,171,0.0123338,118.767,21806.8
20,CUTLASS,gemm,cutlass3x_sm90_tensorop_s64x128x16gemm_f16_f16_f32_f16_f16_128x128x64_2x1x1_0_nnn_align8,passed,success,universal,512,512,512,f16:column,f16:column,f16:column,f16:column,1,0,serial,2,1,heuristic,invalid,invalid,false,false,1,tensorop,f32,128,128,64,2,1,1,0,0,0,7,4,2,1,64,128,16,90,90,1572864,268959744,171,0.00925056,158.352,29075
20,CUTLASS,gemm,cutlass3x_sm90_tensorop_s64x128x16gemm_f16_f16_f32_f16_f16_128x128x64_2x1x1_0_nnn_align8_warpspecialized_epi_nosmem,passed,success,universal,512,512,512,f16:column,f16:column,f16:column,f16:column,1,0,serial,2,1,heuristic,invalid,invalid,false,false,1,tensorop,f32,128,128,64,2,1,1,0,0,0,7,4,1,1,64,128,16,90,90,1572864,268959744,171,0.00910592,160.867,29536.8
20,CUTLASS,gemm,cutlass3x_sm90_tensorop_s64x128x16gemm_f16_f16_f32_f16_f16_128x128x64_2x1x1_0_nnn_align8_warpspecialized_pingpong_epi_tma,passed,success,universal,512,512,512,f16:column,f16:column,f16:column,f16:column,1,0,serial,2,1,heuristic,invalid,invalid,false,false,1,tensorop,f32,128,128,64,2,1,1,0,0,0,6,4,1,1,64,128,16,90,90,1572864,268959744,171,0.00937504,156.249,28688.9
20,CUTLASS,gemm,cutlass3x_sm90_tensorop_s64x128x16gemm_f16_f16_f32_f16_f16_128x128x64_2x1x1_0_nnn_align8_warpspecialized_pingpong_epi_nosmem,passed,success,universal,512,512,512,f16:column,f16:column,f16:column,f16:column,1,0,serial,2,1,heuristic,invalid,invalid,false,false,1,tensorop,f32,128,128,64,2,1,1,0,0,0,7,4,1,1,64,128,16,90,90,1572864,268959744,171,0.00925088,158.346,29074
20,CUTLASS,gemm,cutlass3x_sm90_tensorop_s64x128x16gemm_f16_f16_f32_f16_f16_128x128x64_2x1x1_0_nnn_align8_warpspecialized_cooperative_epi_nosmem,passed,success,universal,512,512,512,f16:column,f16:column,f16:column,f16:column,1,0,serial,2,1,heuristic,invalid,invalid,false,false,1,tensorop,f32,128,128,64,2,1,1,0,0,0,7,4,2,1,64,128,16,90,90,1572864,268959744,171,0.00940448,155.76,28599.1
20,CUTLASS,gemm,cutlass3x_sm90_tensorop_s64x128x16gemm_f16_f16_f32_f16_f16_128x128x64_2x1x1_0_nnn_align8_warpspecialized_cooperative_epi_tma,passed,success,universal,512,512,512,f16:column,f16:column,f16:column,f16:column,1,0,serial,2,1,heuristic,invalid,invalid,false,false,1,tensorop,f32,128,128,64,2,1,1,0,0,0,6,4,2,1,64,128,16,90,90,1572864,268959744,171,0.00877024,167.024,30667.3
20,CUTLASS,gemm,cutlass3x_sm90_tensorop_s64x128x16gemm_f16_f16_f32_f16_f16_128x128x64_2x1x1_0_nnn_align8_stream_k_warpspecialized_cooperative_epi_nosmem,passed,success,universal,512,512,512,f16:column,f16:column,f16:column,f16:column,1,0,serial,2,1,heuristic,invalid,invalid,false,false,1,tensorop,f32,128,128,64,2,1,1,0,0,0,7,4,2,1,64,128,16,90,90,1572864,268959744,171,0.012728,115.088,21131.3
20,CUTLASS,gemm,cutlass3x_sm90_tensorop_s64x128x16gemm_f16_f16_f32_f16_f16_128x128x64_2x1x1_0_nnn_align8_stream_k_warpspecialized_cooperative_epi_tma,passed,success,universal,512,512,512,f16:column,f16:column,f16:column,f16:column,1,0,serial,2,1,heuristic,invalid,invalid,false,false,1,tensorop,f32,128,128,64,2,1,1,0,0,0,6,4,2,1,64,128,16,90,90,1572864,268959744,171,0.0125414,116.8,21445.7
21,CUTLASS,gemm,cutlass_tensorop_f16_s1688gemm_f16_256x128_32x2_nn_align8,passed,success,universal,640,512,512,f16:column,f16:column,f16:column,f16:column,1,0,serial,2,1,heuristic,invalid,invalid,false,false,1,tensorop,f32,256,128,32,1,1,1,0,0,0,2,4,2,1,16,8,8,75,1024,1835008,336199680,183,0.0198621,86.0426,16926.7
21,CUTLASS,gemm,cutlass_tensorop_f16_s16816gemm_f16_256x128_32x3_nn_align8,passed,success,universal,640,512,512,f16:column,f16:column,f16:column,f16:column,1,0,serial,2,1,heuristic,invalid,invalid,false,false,1,tensorop,f32,256,128,32,1,1,1,0,0,0,3,4,2,1,16,8,16,80,1024,1835008,336199680,183,0.0146621,116.558,22929.9
21,CUTLASS,gemm,cutlass3x_sm90_tensorop_s64x128x16gemm_f16_f16_f32_f16_f16_128x128x64_1x2x1_0_nnn_align8,passed,success,universal,640,512,512,f16:column,f16:column,f16:column,f16:column,1,0,serial,2,1,heuristic,invalid,invalid,false,false,1,tensorop,f32,128,128,64,1,2,1,0,0,0,7,4,2,1,64,128,16,90,90,1835008,336199680,183,0.0099264,172.166,33869.2
21,CUTLASS,gemm,cutlass3x_sm90_tensorop_s64x128x16gemm_f16_f16_f32_f16_f16_128x128x64_1x2x1_0_nnn_align8_warpspecialized_epi_nosmem,passed,success,universal,640,512,512,f16:column,f16:column,f16:column,f16:column,1,0,serial,2,1,heuristic,invalid,invalid,false,false,1,tensorop,f32,128,128,64,1,2,1,0,0,0,7,4,1,1,64,128,16,90,90,1835008,336199680,183,0.00967232,176.688,34758.9
21,CUTLASS,gemm,cutlass3x_sm90_tensorop_s64x128x16gemm_f16_f16_f32_f16_f16_128x128x64_1x2x1_0_nnn_align8_warpspecialized_pingpong_epi_tma,passed,success,universal,640,512,512,f16:column,f16:column,f16:column,f16:column,1,0,serial,2,1,heuristic,invalid,invalid,false,false,1,tensorop,f32,128,128,64,1,2,1,0,0,0,6,4,1,1,64,128,16,90,90,1835008,336199680,183,0.00954304,179.082,35229.8
21,CUTLASS,gemm,cutlass3x_sm90_tensorop_s64x128x16gemm_f16_f16_f32_f16_f16_128x128x64_1x2x1_0_nnn_align8_warpspecialized_pingpong_epi_nosmem,passed,success,universal,640,512,512,f16:column,f16:column,f16:column,f16:column,1,0,serial,2,1,heuristic,invalid,invalid,false,false,1,tensorop,f32,128,128,64,1,2,1,0,0,0,7,4,1,1,64,128,16,90,90,1835008,336199680,183,0.0100886,169.397,33324.6
21,CUTLASS,gemm,cutlass3x_sm90_tensorop_s64x128x16gemm_f16_f16_f32_f16_f16_128x128x64_1x2x1_0_nnn_align8_warpspecialized_cooperative_epi_nosmem,passed,success,universal,640,512,512,f16:column,f16:column,f16:column,f16:column,1,0,serial,2,1,heuristic,invalid,invalid,false,false,1,tensorop,f32,128,128,64,1,2,1,0,0,0,7,4,2,1,64,128,16,90,90,1835008,336199680,183,0.00999616,170.964,33632.9
21,CUTLASS,gemm,cutlass3x_sm90_tensorop_s64x128x16gemm_f16_f16_f32_f16_f16_128x128x64_1x2x1_0_nnn_align8_warpspecialized_cooperative_epi_tma,passed,success,universal,640,512,512,f16:column,f16:column,f16:column,f16:column,1,0,serial,2,1,heuristic,invalid,invalid,false,false,1,tensorop,f32,128,128,64,1,2,1,0,0,0,6,4,2,1,64,128,16,90,90,1835008,336199680,183,0.00887104,192.648,37898.6
21,CUTLASS,gemm,cutlass3x_sm90_tensorop_s64x128x16gemm_f16_f16_f32_f16_f16_128x128x64_1x2x1_0_nnn_align8_stream_k_warpspecialized_cooperative_epi_nosmem,passed,success,universal,640,512,512,f16:column,f16:column,f16:column,f16:column,1,0,serial,2,1,heuristic,invalid,invalid,false,false,1,tensorop,f32,128,128,64,1,2,1,0,0,0,7,4,2,1,64,128,16,90,90,1835008,336199680,183,0.0131578,129.884,25551.4
21,CUTLASS,gemm,cutlass3x_sm90_tensorop_s64x128x16gemm_f16_f16_f32_f16_f16_128x128x64_1x2x1_0_nnn_align8_stream_k_warpspecialized_cooperative_epi_tma,passed,success,universal,640,512,512,f16:column,f16:column,f16:column,f16:column,1,0,serial,2,1,heuristic,invalid,invalid,false,false,1,tensorop,f32,128,128,64,1,2,1,0,0,0,6,4,2,1,64,128,16,90,90,1835008,336199680,183,0.0125779,135.872,26729.4
21,CUTLASS,gemm,cutlass3x_sm90_tensorop_s64x128x16gemm_f16_f16_f32_f16_f16_128x128x64_2x1x1_0_nnn_align8,passed,success,universal,640,512,512,f16:column,f16:column,f16:column,f16:column,1,0,serial,2,1,heuristic,invalid,invalid,false,false,1,tensorop,f32,128,128,64,2,1,1,0,0,0,7,4,2,1,64,128,16,90,90,1835008,336199680,183,0.00987008,173.148,34062.5
21,CUTLASS,gemm,cutlass3x_sm90_tensorop_s64x128x16gemm_f16_f16_f32_f16_f16_128x128x64_2x1x1_0_nnn_align8_warpspecialized_epi_nosmem,passed,success,universal,640,512,512,f16:column,f16:column,f16:column,f16:column,1,0,serial,2,1,heuristic,invalid,invalid,false,false,1,tensorop,f32,128,128,64,2,1,1,0,0,0,7,4,1,1,64,128,16,90,90,1835008,336199680,183,0.00997472,171.332,33705.2
21,CUTLASS,gemm,cutlass3x_sm90_tensorop_s64x128x16gemm_f16_f16_f32_f16_f16_128x128x64_2x1x1_0_nnn_align8_warpspecialized_pingpong_epi_tma,passed,success,universal,640,512,512,f16:column,f16:column,f16:column,f16:column,1,0,serial,2,1,heuristic,invalid,invalid,false,false,1,tensorop,f32,128,128,64,2,1,1,0,0,0,6,4,1,1,64,128,16,90,90,1835008,336199680,183,0.00947808,180.309,35471.3
21,CUTLASS,gemm,cutlass3x_sm90_tensorop_s64x128x16gemm_f16_f16_f32_f16_f16_128x128x64_2x1x1_0_nnn_align8_warpspecialized_pingpong_epi_nosmem,passed,success,universal,640,512,512,f16:column,f16:column,f16:column,f16:column,1,0,serial,2,1,heuristic,invalid,invalid,false,false,1,tensorop,f32,128,128,64,2,1,1,0,0,0,7,4,1,1,64,128,16,90,90,1835008,336199680,183,0.009968,171.447,33727.9
21,CUTLASS,gemm,cutlass3x_sm90_tensorop_s64x128x16gemm_f16_f16_f32_f16_f16_128x128x64_2x1x1_0_nnn_align8_warpspecialized_cooperative_epi_nosmem,passed,success,universal,640,512,512,f16:column,f16:column,f16:column,f16:column,1,0,serial,2,1,heuristic,invalid,invalid,false,false,1,tensorop,f32,128,128,64,2,1,1,0,0,0,7,4,2,1,64,128,16,90,90,1835008,336199680,183,0.00968128,176.525,34726.8
21,CUTLASS,gemm,cutlass3x_sm90_tensorop_s64x128x16gemm_f16_f16_f32_f16_f16_128x128x64_2x1x1_0_nnn_align8_warpspecialized_cooperative_epi_tma,passed,success,universal,640,512,512,f16:column,f16:column,f16:column,f16:column,1,0,serial,2,1,heuristic,invalid,invalid,false,false,1,tensorop,f32,128,128,64,2,1,1,0,0,0,6,4,2,1,64,128,16,90,90,1835008,336199680,183,0.00866112,197.317,38817.1
21,CUTLASS,gemm,cutlass3x_sm90_tensorop_s64x128x16gemm_f16_f16_f32_f16_f16_128x128x64_2x1x1_0_nnn_align8_stream_k_warpspecialized_cooperative_epi_nosmem,passed,success,universal,640,512,512,f16:column,f16:column,f16:column,f16:column,1,0,serial,2,1,heuristic,invalid,invalid,false,false,1,tensorop,f32,128,128,64,2,1,1,0,0,0,7,4,2,1,64,128,16,90,90,1835008,336199680,183,0.0130038,131.422,25853.9
21,CUTLASS,gemm,cutlass3x_sm90_tensorop_s64x128x16gemm_f16_f16_f32_f16_f16_128x128x64_2x1x1_0_nnn_align8_stream_k_warpspecialized_cooperative_epi_tma,passed,success,universal,640,512,512,f16:column,f16:column,f16:column,f16:column,1,0,serial,2,1,heuristic,invalid,invalid,false,false,1,tensorop,f32,128,128,64,2,1,1,0,0,0,6,4,2,1,64,128,16,90,90,1835008,336199680,183,0.0126045,135.585,26673
22,CUTLASS,gemm,cutlass_tensorop_f16_s1688gemm_f16_256x128_32x2_nn_align8,passed,success,universal,768,512,512,f16:column,f16:column,f16:column,f16:column,1,0,serial,2,1,heuristic,invalid,invalid,false,false,1,tensorop,f32,256,128,32,1,1,1,0,0,0,2,4,2,1,16,8,8,75,1024,2097152,403439616,192,0.019729,98.9979,20449.1
22,CUTLASS,gemm,cutlass_tensorop_f16_s16816gemm_f16_256x128_32x3_nn_align8,passed,success,universal,768,512,512,f16:column,f16:column,f16:column,f16:column,1,0,serial,2,1,heuristic,invalid,invalid,false,false,1,tensorop,f32,256,128,32,1,1,1,0,0,0,3,4,2,1,16,8,16,80,1024,2097152,403439616,192,0.0146298,133.504,27576.6
22,CUTLASS,gemm,cutlass3x_sm90_tensorop_s64x128x16gemm_f16_f16_f32_f16_f16_128x128x64_1x2x1_0_nnn_align8,passed,success,universal,768,512,512,f16:column,f16:column,f16:column,f16:column,1,0,serial,2,1,heuristic,invalid,invalid,false,false,1,tensorop,f32,128,128,64,1,2,1,0,0,0,7,4,2,1,64,128,16,90,90,2097152,403439616,192,0.00995072,196.28,40543.8
22,CUTLASS,gemm,cutlass3x_sm90_tensorop_s64x128x16gemm_f16_f16_f32_f16_f16_128x128x64_1x2x1_0_nnn_align8_warpspecialized_epi_nosmem,passed,success,universal,768,512,512,f16:column,f16:column,f16:column,f16:column,1,0,serial,2,1,heuristic,invalid,invalid,false,false,1,tensorop,f32,128,128,64,1,2,1,0,0,0,7,4,1,1,64,128,16,90,90,2097152,403439616,192,0.00945088,206.661,42688
22,CUTLASS,gemm,cutlass3x_sm90_tensorop_s64x128x16gemm_f16_f16_f32_f16_f16_128x128x64_1x2x1_0_nnn_align8_warpspecialized_pingpong_epi_tma,passed,success,universal,768,512,512,f16:column,f16:column,f16:column,f16:column,1,0,serial,2,1,heuristic,invalid,invalid,false,false,1,tensorop,f32,128,128,64,1,2,1,0,0,0,6,4,1,1,64,128,16,90,90,2097152,403439616,192,0.0093696,208.453,43058.4
22,CUTLASS,gemm,cutlass3x_sm90_tensorop_s64x128x16gemm_f16_f16_f32_f16_f16_128x128x64_1x2x1_0_nnn_align8_warpspecialized_pingpong_epi_nosmem,passed,success,universal,768,512,512,f16:column,f16:column,f16:column,f16:column,1,0,serial,2,1,heuristic,invalid,invalid,false,false,1,tensorop,f32,128,128,64,1,2,1,0,0,0,7,4,1,1,64,128,16,90,90,2097152,403439616,192,0.0101981,191.519,39560.3
22,CUTLASS,gemm,cutlass3x_sm90_tensorop_s64x128x16gemm_f16_f16_f32_f16_f16_128x128x64_1x2x1_0_nnn_align8_warpspecialized_cooperative_epi_nosmem,passed,success,universal,768,512,512,f16:column,f16:column,f16:column,f16:column,1,0,serial,2,1,heuristic,invalid,invalid,false,false,1,tensorop,f32,128,128,64,1,2,1,0,0,0,7,4,2,1,64,128,16,90,90,2097152,403439616,192,0.0100051,195.213,40323.3
22,CUTLASS,gemm,cutlass3x_sm90_tensorop_s64x128x16gemm_f16_f16_f32_f16_f16_128x128x64_1x2x1_0_nnn_align8_warpspecialized_cooperative_epi_tma,passed,success,universal,768,512,512,f16:column,f16:column,f16:column,f16:column,1,0,serial,2,1,heuristic,invalid,invalid,false,false,1,tensorop,f32,128,128,64,1,2,1,0,0,0,6,4,2,1,64,128,16,90,90,2097152,403439616,192,0.00875008,223.212,46107
22,CUTLASS,gemm,cutlass3x_sm90_tensorop_s64x128x16gemm_f16_f16_f32_f16_f16_128x128x64_1x2x1_0_nnn_align8_stream_k_warpspecialized_cooperative_epi_nosmem,passed,success,universal,768,512,512,f16:column,f16:column,f16:column,f16:column,1,0,serial,2,1,heuristic,invalid,invalid,false,false,1,tensorop,f32,128,128,64,1,2,1,0,0,0,7,4,2,1,64,128,16,90,90,2097152,403439616,192,0.013137,148.674,30710.3
22,CUTLASS,gemm,cutlass3x_sm90_tensorop_s64x128x16gemm_f16_f16_f32_f16_f16_128x128x64_1x2x1_0_nnn_align8_stream_k_warpspecialized_cooperative_epi_tma,passed,success,universal,768,512,512,f16:column,f16:column,f16:column,f16:column,1,0,serial,2,1,heuristic,invalid,invalid,false,false,1,tensorop,f32,128,128,64,1,2,1,0,0,0,6,4,2,1,64,128,16,90,90,2097152,403439616,192,0.0125891,155.144,32046.7
22,CUTLASS,gemm,cutlass3x_sm90_tensorop_s64x128x16gemm_f16_f16_f32_f16_f16_128x128x64_2x1x1_0_nnn_align8,passed,success,universal,768,512,512,f16:column,f16:column,f16:column,f16:column,1,0,serial,2,1,heuristic,invalid,invalid,false,false,1,tensorop,f32,128,128,64,2,1,1,0,0,0,7,4,2,1,64,128,16,90,90,2097152,403439616,192,0.0098912,197.461,40787.7
22,CUTLASS,gemm,cutlass3x_sm90_tensorop_s64x128x16gemm_f16_f16_f32_f16_f16_128x128x64_2x1x1_0_nnn_align8_warpspecialized_epi_nosmem,passed,success,universal,768,512,512,f16:column,f16:column,f16:column,f16:column,1,0,serial,2,1,heuristic,invalid,invalid,false,false,1,tensorop,f32,128,128,64,2,1,1,0,0,0,7,4,1,1,64,128,16,90,90,2097152,403439616,192,0.00968096,201.749,41673.5
22,CUTLASS,gemm,cutlass3x_sm90_tensorop_s64x128x16gemm_f16_f16_f32_f16_f16_128x128x64_2x1x1_0_nnn_align8_warpspecialized_pingpong_epi_tma,passed,success,universal,768,512,512,f16:column,f16:column,f16:column,f16:column,1,0,serial,2,1,heuristic,invalid,invalid,false,false,1,tensorop,f32,128,128,64,2,1,1,0,0,0,6,4,1,1,64,128,16,90,90,2097152,403439616,192,0.00925952,210.932,43570.3
22,CUTLASS,gemm,cutlass3x_sm90_tensorop_s64x128x16gemm_f16_f16_f32_f16_f16_128x128x64_2x1x1_0_nnn_align8_warpspecialized_pingpong_epi_nosmem,passed,success,universal,768,512,512,f16:column,f16:column,f16:column,f16:column,1,0,serial,2,1,heuristic,invalid,invalid,false,false,1,tensorop,f32,128,128,64,2,1,1,0,0,0,7,4,1,1,64,128,16,90,90,2097152,403439616,192,0.0101107,193.174,39902.2
22,CUTLASS,gemm,cutlass3x_sm90_tensorop_s64x128x16gemm_f16_f16_f32_f16_f16_128x128x64_2x1x1_0_nnn_align8_warpspecialized_cooperative_epi_nosmem,passed,success,universal,768,512,512,f16:column,f16:column,f16:column,f16:column,1,0,serial,2,1,heuristic,invalid,invalid,false,false,1,tensorop,f32,128,128,64,2,1,1,0,0,0,7,4,2,1,64,128,16,90,90,2097152,403439616,192,0.0098816,197.653,40827.4
22,CUTLASS,gemm,cutlass3x_sm90_tensorop_s64x128x16gemm_f16_f16_f32_f16_f16_128x128x64_2x1x1_0_nnn_align8_warpspecialized_cooperative_epi_tma,passed,success,universal,768,512,512,f16:column,f16:column,f16:column,f16:column,1,0,serial,2,1,heuristic,invalid,invalid,false,false,1,tensorop,f32,128,128,64,2,1,1,0,0,0,6,4,2,1,64,128,16,90,90,2097152,403439616,192,0.00875872,222.992,46061.5
22,CUTLASS,gemm,cutlass3x_sm90_tensorop_s64x128x16gemm_f16_f16_f32_f16_f16_128x128x64_2x1x1_0_nnn_align8_stream_k_warpspecialized_cooperative_epi_nosmem,passed,success,universal,768,512,512,f16:column,f16:column,f16:column,f16:column,1,0,serial,2,1,heuristic,invalid,invalid,false,false,1,tensorop,f32,128,128,64,2,1,1,0,0,0,7,4,2,1,64,128,16,90,90,2097152,403439616,192,0.013089,149.219,30822.9
22,CUTLASS,gemm,cutlass3x_sm90_tensorop_s64x128x16gemm_f16_f16_f32_f16_f16_128x128x64_2x1x1_0_nnn_align8_stream_k_warpspecialized_cooperative_epi_tma,passed,success,universal,768,512,512,f16:column,f16:column,f16:column,f16:column,1,0,serial,2,1,heuristic,invalid,invalid,false,false,1,tensorop,f32,128,128,64,2,1,1,0,0,0,6,4,2,1,64,128,16,90,90,2097152,403439616,192,0.0126944,153.857,31780.9
23,CUTLASS,gemm,cutlass_tensorop_f16_s1688gemm_f16_256x128_32x2_nn_align8,passed,success,universal,896,512,512,f16:column,f16:column,f16:column,f16:column,1,0,serial,2,1,heuristic,invalid,invalid,false,false,1,tensorop,f32,256,128,32,1,1,1,0,0,0,2,4,2,1,16,8,8,75,1024,2359296,470679552,199,0.0199488,110.145,23594.4
23,CUTLASS,gemm,cutlass_tensorop_f16_s16816gemm_f16_256x128_32x3_nn_align8,passed,success,universal,896,512,512,f16:column,f16:column,f16:column,f16:column,1,0,serial,2,1,heuristic,invalid,invalid,false,false,1,tensorop,f32,256,128,32,1,1,1,0,0,0,3,4,2,1,16,8,16,80,1024,2359296,470679552,199,0.0149325,147.147,31520.5
23,CUTLASS,gemm,cutlass3x_sm90_tensorop_s64x128x16gemm_f16_f16_f32_f16_f16_128x128x64_1x2x1_0_nnn_align8,passed,success,universal,896,512,512,f16:column,f16:column,f16:column,f16:column,1,0,serial,2,1,heuristic,invalid,invalid,false,false,1,tensorop,f32,128,128,64,1,2,1,0,0,0,7,4,2,1,64,128,16,90,90,2359296,470679552,199,0.0105722,207.835,44520.7
23,CUTLASS,gemm,cutlass3x_sm90_tensorop_s64x128x16gemm_f16_f16_f32_f16_f16_128x128x64_1x2x1_0_nnn_align8_warpspecialized_epi_nosmem,passed,success,universal,896,512,512,f16:column,f16:column,f16:column,f16:column,1,0,serial,2,1,heuristic,invalid,invalid,false,false,1,tensorop,f32,128,128,64,1,2,1,0,0,0,7,4,1,1,64,128,16,90,90,2359296,470679552,199,0.00994272,220.992,47339.1
23,CUTLASS,gemm,cutlass3x_sm90_tensorop_s64x128x16gemm_f16_f16_f32_f16_f16_128x128x64_1x2x1_0_nnn_align8_warpspecialized_pingpong_epi_tma,passed,success,universal,896,512,512,f16:column,f16:column,f16:column,f16:column,1,0,serial,2,1,heuristic,invalid,invalid,false,false,1,tensorop,f32,128,128,64,1,2,1,0,0,0,6,4,1,1,64,128,16,90,90,2359296,470679552,199,0.00957664,229.44,49148.7
23,CUTLASS,gemm,cutlass3x_sm90_tensorop_s64x128x16gemm_f16_f16_f32_f16_f16_128x128x64_1x2x1_0_nnn_align8_warpspecialized_pingpong_epi_nosmem,passed,success,universal,896,512,512,f16:column,f16:column,f16:column,f16:column,1,0,serial,2,1,heuristic,invalid,invalid,false,false,1,tensorop,f32,128,128,64,1,2,1,0,0,0,7,4,1,1,64,128,16,90,90,2359296,470679552,199,0.010735,204.682,43845.2
23,CUTLASS,gemm,cutlass3x_sm90_tensorop_s64x128x16gemm_f16_f16_f32_f16_f16_128x128x64_1x2x1_0_nnn_align8_warpspecialized_cooperative_epi_nosmem,passed,success,universal,896,512,512,f16:column,f16:column,f16:column,f16:column,1,0,serial,2,1,heuristic,invalid,invalid,false,false,1,tensorop,f32,128,128,64,1,2,1,0,0,0,7,4,2,1,64,128,16,90,90,2359296,470679552,199,0.010624,206.821,44303.4
23,CUTLASS,gemm,cutlass3x_sm90_tensorop_s64x128x16gemm_f16_f16_f32_f16_f16_128x128x64_1x2x1_0_nnn_align8_warpspecialized_cooperative_epi_tma,passed,success,universal,896,512,512,f16:column,f16:column,f16:column,f16:column,1,0,serial,2,1,heuristic,invalid,invalid,false,false,1,tensorop,f32,128,128,64,1,2,1,0,0,0,6,4,2,1,64,128,16,90,90,2359296,470679552,199,0.00893216,245.995,52694.9
23,CUTLASS,gemm,cutlass3x_sm90_tensorop_s64x128x16gemm_f16_f16_f32_f16_f16_128x128x64_1x2x1_0_nnn_align8_stream_k_warpspecialized_cooperative_epi_nosmem,passed,success,universal,896,512,512,f16:column,f16:column,f16:column,f16:column,1,0,serial,2,1,heuristic,invalid,invalid,false,false,1,tensorop,f32,128,128,64,1,2,1,0,0,0,7,4,2,1,64,128,16,90,90,2359296,470679552,199,0.0142138,154.587,33114.4
23,CUTLASS,gemm,cutlass3x_sm90_tensorop_s64x128x16gemm_f16_f16_f32_f16_f16_128x128x64_1x2x1_0_nnn_align8_stream_k_warpspecialized_cooperative_epi_tma,passed,success,universal,896,512,512,f16:column,f16:column,f16:column,f16:column,1,0,serial,2,1,heuristic,invalid,invalid,false,false,1,tensorop,f32,128,128,64,1,2,1,0,0,0,6,4,2,1,64,128,16,90,90,2359296,470679552,199,0.0132234,166.165,35594.6
23,CUTLASS,gemm,cutlass3x_sm90_tensorop_s64x128x16gemm_f16_f16_f32_f16_f16_128x128x64_2x1x1_0_nnn_align8,passed,success,universal,896,512,512,f16:column,f16:column,f16:column,f16:column,1,0,serial,2,1,heuristic,invalid,invalid,false,false,1,tensorop,f32,128,128,64,2,1,1,0,0,0,7,4,2,1,64,128,16,90,90,2359296,470679552,199,0.0106774,205.786,44081.7
23,CUTLASS,gemm,cutlass3x_sm90_tensorop_s64x128x16gemm_f16_f16_f32_f16_f16_128x128x64_2x1x1_0_nnn_align8_warpspecialized_epi_nosmem,passed,success,universal,896,512,512,f16:column,f16:column,f16:column,f16:column,1,0,serial,2,1,heuristic,invalid,invalid,false,false,1,tensorop,f32,128,128,64,2,1,1,0,0,0,7,4,1,1,64,128,16,90,90,2359296,470679552,199,0.0102896,213.542,45743.2
23,CUTLASS,gemm,cutlass3x_sm90_tensorop_s64x128x16gemm_f16_f16_f32_f16_f16_128x128x64_2x1x1_0_nnn_align8_warpspecialized_pingpong_epi_tma,passed,success,universal,896,512,512,f16:column,f16:column,f16:column,f16:column,1,0,serial,2,1,heuristic,invalid,invalid,false,false,1,tensorop,f32,128,128,64,2,1,1,0,0,0,6,4,1,1,64,128,16,90,90,2359296,470679552,199,0.00961472,228.531,48954.1
23,CUTLASS,gemm,cutlass3x_sm90_tensorop_s64x128x16gemm_f16_f16_f32_f16_f16_128x128x64_2x1x1_0_nnn_align8_warpspecialized_pingpong_epi_nosmem,passed,success,universal,896,512,512,f16:column,f16:column,f16:column,f16:column,1,0,serial,2,1,heuristic,invalid,invalid,false,false,1,tensorop,f32,128,128,64,2,1,1,0,0,0,7,4,1,1,64,128,16,90,90,2359296,470679552,199,0.010897,201.64,43193.7
23,CUTLASS,gemm,cutlass3x_sm90_tensorop_s64x128x16gemm_f16_f16_f32_f16_f16_128x128x64_2x1x1_0_nnn_align8_warpspecialized_cooperative_epi_nosmem,passed,success,universal,896,512,512,f16:column,f16:column,f16:column,f16:column,1,0,serial,2,1,heuristic,invalid,invalid,false,false,1,tensorop,f32,128,128,64,2,1,1,0,0,0,7,4,2,1,64,128,16,90,90,2359296,470679552,199,0.0106787,205.761,44076.4
23,CUTLASS,gemm,cutlass3x_sm90_tensorop_s64x128x16gemm_f16_f16_f32_f16_f16_128x128x64_2x1x1_0_nnn_align8_warpspecialized_cooperative_epi_tma,passed,success,universal,896,512,512,f16:column,f16:column,f16:column,f16:column,1,0,serial,2,1,heuristic,invalid,invalid,false,false,1,tensorop,f32,128,128,64,2,1,1,0,0,0,6,4,2,1,64,128,16,90,90,2359296,470679552,199,0.00902784,243.388,52136.5
23,CUTLASS,gemm,cutlass3x_sm90_tensorop_s64x128x16gemm_f16_f16_f32_f16_f16_128x128x64_2x1x1_0_nnn_align8_stream_k_warpspecialized_cooperative_epi_nosmem,passed,success,universal,896,512,512,f16:column,f16:column,f16:column,f16:column,1,0,serial,2,1,heuristic,invalid,invalid,false,false,1,tensorop,f32,128,128,64,2,1,1,0,0,0,7,4,2,1,64,128,16,90,90,2359296,470679552,199,0.0142266,154.448,33084.6
23,CUTLASS,gemm,cutlass3x_sm90_tensorop_s64x128x16gemm_f16_f16_f32_f16_f16_128x128x64_2x1x1_0_nnn_align8_stream_k_warpspecialized_cooperative_epi_tma,passed,success,universal,896,512,512,f16:column,f16:column,f16:column,f16:column,1,0,serial,2,1,heuristic,invalid,invalid,false,false,1,tensorop,f32,128,128,64,2,1,1,0,0,0,6,4,2,1,64,128,16,90,90,2359296,470679552,199,0.0134083,163.873,35103.5
24,CUTLASS,gemm,cutlass_tensorop_f16_s1688gemm_f16_256x128_32x2_nn_align8,passed,success,universal,1024,512,512,f16:column,f16:column,f16:column,f16:column,1,0,serial,2,1,heuristic,invalid,invalid,false,false,1,tensorop,f32,256,128,32,1,1,1,0,0,0,2,4,2,1,16,8,8,75,1024,2621440,537919488,205,0.0199683,122.264,26938.6
24,CUTLASS,gemm,cutlass_tensorop_f16_s16816gemm_f16_256x128_32x3_nn_align8,passed,success,universal,1024,512,512,f16:column,f16:column,f16:column,f16:column,1,0,serial,2,1,heuristic,invalid,invalid,false,false,1,tensorop,f32,256,128,32,1,1,1,0,0,0,3,4,2,1,16,8,16,80,1024,2621440,537919488,205,0.0149542,163.258,35971
24,CUTLASS,gemm,cutlass3x_sm90_tensorop_s64x128x16gemm_f16_f16_f32_f16_f16_128x128x64_1x2x1_0_nnn_align8,passed,success,universal,1024,512,512,f16:column,f16:column,f16:column,f16:column,1,0,serial,2,1,heuristic,invalid,invalid,false,false,1,tensorop,f32,128,128,64,1,2,1,0,0,0,7,4,2,1,64,128,16,90,90,2621440,537919488,205,0.0097328,250.843,55268.7
24,CUTLASS,gemm,cutlass3x_sm90_tensorop_s64x128x16gemm_f16_f16_f32_f16_f16_128x128x64_1x2x1_0_nnn_align8_warpspecialized_epi_nosmem,passed,success,universal,1024,512,512,f16:column,f16:column,f16:column,f16:column,1,0,serial,2,1,heuristic,invalid,invalid,false,false,1,tensorop,f32,128,128,64,1,2,1,0,0,0,7,4,1,1,64,128,16,90,90,2621440,537919488,205,0.0092656,263.491,58055.5
24,CUTLASS,gemm,cutlass3x_sm90_tensorop_s64x128x16gemm_f16_f16_f32_f16_f16_128x128x64_1x2x1_0_nnn_align8_warpspecialized_pingpong_epi_tma,passed,success,universal,1024,512,512,f16:column,f16:column,f16:column,f16:column,1,0,serial,2,1,heuristic,invalid,invalid,false,false,1,tensorop,f32,128,128,64,1,2,1,0,0,0,6,4,1,1,64,128,16,90,90,2621440,537919488,205,0.00962112,253.755,55910.3
24,CUTLASS,gemm,cutlass3x_sm90_tensorop_s64x128x16gemm_f16_f16_f32_f16_f16_128x128x64_1x2x1_0_nnn_align8_warpspecialized_pingpong_epi_nosmem,passed,success,universal,1024,512,512,f16:column,f16:column,f16:column,f16:column,1,0,serial,2,1,heuristic,invalid,invalid,false,false,1,tensorop,f32,128,128,64,1,2,1,0,0,0,7,4,1,1,64,128,16,90,90,2621440,537919488,205,0.00948096,257.506,56736.8
24,CUTLASS,gemm,cutlass3x_sm90_tensorop_s64x128x16gemm_f16_f16_f32_f16_f16_128x128x64_1x2x1_0_nnn_align8_warpspecialized_cooperative_epi_nosmem,passed,success,universal,1024,512,512,f16:column,f16:column,f16:column,f16:column,1,0,serial,2,1,heuristic,invalid,invalid,false,false,1,tensorop,f32,128,128,64,1,2,1,0,0,0,7,4,2,1,64,128,16,90,90,2621440,537919488,205,0.00983872,248.143,54673.7
24,CUTLASS,gemm,cutlass3x_sm90_tensorop_s64x128x16gemm_f16_f16_f32_f16_f16_128x128x64_1x2x1_0_nnn_align8_warpspecialized_cooperative_epi_tma,passed,success,universal,1024,512,512,f16:column,f16:column,f16:column,f16:column,1,0,serial,2,1,heuristic,invalid,invalid,false,false,1,tensorop,f32,128,128,64,1,2,1,0,0,0,6,4,2,1,64,128,16,90,90,2621440,537919488,205,0.0089392,273.112,60175.3
24,CUTLASS,gemm,cutlass3x_sm90_tensorop_s64x128x16gemm_f16_f16_f32_f16_f16_128x128x64_1x2x1_0_nnn_align8_stream_k_warpspecialized_cooperative_epi_nosmem,passed,success,universal,1024,512,512,f16:column,f16:column,f16:column,f16:column,1,0,serial,2,1,heuristic,invalid,invalid,false,false,1,tensorop,f32,128,128,64,1,2,1,0,0,0,7,4,2,1,64,128,16,90,90,2621440,537919488,205,0.013505,180.778,39831.3
24,CUTLASS,gemm,cutlass3x_sm90_tensorop_s64x128x16gemm_f16_f16_f32_f16_f16_128x128x64_1x2x1_0_nnn_align8_stream_k_warpspecialized_cooperative_epi_tma,passed,success,universal,1024,512,512,f16:column,f16:column,f16:column,f16:column,1,0,serial,2,1,heuristic,invalid,invalid,false,false,1,tensorop,f32,128,128,64,1,2,1,0,0,0,6,4,2,1,64,128,16,90,90,2621440,537919488,205,0.0133792,182.478,40205.7
24,CUTLASS,gemm,cutlass3x_sm90_tensorop_s64x128x16gemm_f16_f16_f32_f16_f16_128x128x64_2x1x1_0_nnn_align8,passed,success,universal,1024,512,512,f16:column,f16:column,f16:column,f16:column,1,0,serial,2,1,heuristic,invalid,invalid,false,false,1,tensorop,f32,128,128,64,2,1,1,0,0,0,7,4,2,1,64,128,16,90,90,2621440,537919488,205,0.00972928,250.934,55288.7
24,CUTLASS,gemm,cutlass3x_sm90_tensorop_s64x128x16gemm_f16_f16_f32_f16_f16_128x128x64_2x1x1_0_nnn_align8_warpspecialized_epi_nosmem,passed,success,universal,1024,512,512,f16:column,f16:column,f16:column,f16:column,1,0,serial,2,1,heuristic,invalid,invalid,false,false,1,tensorop,f32,128,128,64,2,1,1,0,0,0,7,4,1,1,64,128,16,90,90,2621440,537919488,205,0.00929696,262.603,57859.7
24,CUTLASS,gemm,cutlass3x_sm90_tensorop_s64x128x16gemm_f16_f16_f32_f16_f16_128x128x64_2x1x1_0_nnn_align8_warpspecialized_pingpong_epi_tma,passed,success,universal,1024,512,512,f16:column,f16:column,f16:column,f16:column,1,0,serial,2,1,heuristic,invalid,invalid,false,false,1,tensorop,f32,128,128,64,2,1,1,0,0,0,6,4,1,1,64,128,16,90,90,2621440,537919488,205,0.00965024,252.989,55741.6
24,CUTLASS,gemm,cutlass3x_sm90_tensorop_s64x128x16gemm_f16_f16_f32_f16_f16_128x128x64_2x1x1_0_nnn_align8_warpspecialized_pingpong_epi_nosmem,passed,success,universal,1024,512,512,f16:column,f16:column,f16:column,f16:column,1,0,serial,2,1,heuristic,invalid,invalid,false,false,1,tensorop,f32,128,128,64,2,1,1,0,0,0,7,4,1,1,64,128,16,90,90,2621440,537919488,205,0.00954464,255.788,56358.3
24,CUTLASS,gemm,cutlass3x_sm90_tensorop_s64x128x16gemm_f16_f16_f32_f16_f16_128x128x64_2x1x1_0_nnn_align8_warpspecialized_cooperative_epi_nosmem,passed,success,universal,1024,512,512,f16:column,f16:column,f16:column,f16:column,1,0,serial,2,1,heuristic,invalid,invalid,false,false,1,tensorop,f32,128,128,64,2,1,1,0,0,0,7,4,2,1,64,128,16,90,90,2621440,537919488,205,0.00974624,250.497,55192.5
24,CUTLASS,gemm,cutlass3x_sm90_tensorop_s64x128x16gemm_f16_f16_f32_f16_f16_128x128x64_2x1x1_0_nnn_align8_warpspecialized_cooperative_epi_tma,passed,success,universal,1024,512,512,f16:column,f16:column,f16:column,f16:column,1,0,serial,2,1,heuristic,invalid,invalid,false,false,1,tensorop,f32,128,128,64,2,1,1,0,0,0,6,4,2,1,64,128,16,90,90,2621440,537919488,205,0.00906944,269.19,59311.2
24,CUTLASS,gemm,cutlass3x_sm90_tensorop_s64x128x16gemm_f16_f16_f32_f16_f16_128x128x64_2x1x1_0_nnn_align8_stream_k_warpspecialized_cooperative_epi_nosmem,passed,success,universal,1024,512,512,f16:column,f16:column,f16:column,f16:column,1,0,serial,2,1,heuristic,invalid,invalid,false,false,1,tensorop,f32,128,128,64,2,1,1,0,0,0,7,4,2,1,64,128,16,90,90,2621440,537919488,205,0.0133507,182.867,40291.4
24,CUTLASS,gemm,cutlass3x_sm90_tensorop_s64x128x16gemm_f16_f16_f32_f16_f16_128x128x64_2x1x1_0_nnn_align8_stream_k_warpspecialized_cooperative_epi_tma,passed,success,universal,1024,512,512,f16:column,f16:column,f16:column,f16:column,1,0,serial,2,1,heuristic,invalid,invalid,false,false,1,tensorop,f32,128,128,64,2,1,1,0,0,0,6,4,2,1,64,128,16,90,90,2621440,537919488,205,0.0132934,183.655,40465
25,CUTLASS,gemm,cutlass_tensorop_f16_s1688gemm_f16_256x128_32x2_nn_align8,passed,success,universal,1152,512,512,f16:column,f16:column,f16:column,f16:column,1,0,serial,2,1,heuristic,invalid,invalid,false,false,1,tensorop,f32,256,128,32,1,1,1,0,0,0,2,4,2,1,16,8,8,75,1024,2883584,605159424,209,0.020161,133.205,30016.4
25,CUTLASS,gemm,cutlass_tensorop_f16_s16816gemm_f16_256x128_32x3_nn_align8,passed,success,universal,1152,512,512,f16:column,f16:column,f16:column,f16:column,1,0,serial,2,1,heuristic,invalid,invalid,false,false,1,tensorop,f32,256,128,32,1,1,1,0,0,0,3,4,2,1,16,8,16,80,1024,2883584,605159424,209,0.015008,178.941,40322.5
25,CUTLASS,gemm,cutlass3x_sm90_tensorop_s64x128x16gemm_f16_f16_f32_f16_f16_128x128x64_1x2x1_0_nnn_align8,passed,success,universal,1152,512,512,f16:column,f16:column,f16:column,f16:column,1,0,serial,2,1,heuristic,invalid,invalid,false,false,1,tensorop,f32,128,128,64,1,2,1,0,0,0,7,4,2,1,64,128,16,90,90,2883584,605159424,209,0.0105488,254.583,57367.6
25,CUTLASS,gemm,cutlass3x_sm90_tensorop_s64x128x16gemm_f16_f16_f32_f16_f16_128x128x64_1x2x1_0_nnn_align8_warpspecialized_epi_nosmem,passed,success,universal,1152,512,512,f16:column,f16:column,f16:column,f16:column,1,0,serial,2,1,heuristic,invalid,invalid,false,false,1,tensorop,f32,128,128,64,1,2,1,0,0,0,7,4,1,1,64,128,16,90,90,2883584,605159424,209,0.00981312,273.669,61668.4
25,CUTLASS,gemm,cutlass3x_sm90_tensorop_s64x128x16gemm_f16_f16_f32_f16_f16_128x128x64_1x2x1_0_nnn_align8_warpspecialized_pingpong_epi_tma,passed,success,universal,1152,512,512,f16:column,f16:column,f16:column,f16:column,1,0,serial,2,1,heuristic,invalid,invalid,false,false,1,tensorop,f32,128,128,64,1,2,1,0,0,0,6,4,1,1,64,128,16,90,90,2883584,605159424,209,0.009648,278.353,62723.8
25,CUTLASS,gemm,cutlass3x_sm90_tensorop_s64x128x16gemm_f16_f16_f32_f16_f16_128x128x64_1x2x1_0_nnn_align8_warpspecialized_pingpong_epi_nosmem,passed,success,universal,1152,512,512,f16:column,f16:column,f16:column,f16:column,1,0,serial,2,1,heuristic,invalid,invalid,false,false,1,tensorop,f32,128,128,64,1,2,1,0,0,0,7,4,1,1,64,128,16,90,90,2883584,605159424,209,0.0106458,252.264,56845.1
25,CUTLASS,gemm,cutlass3x_sm90_tensorop_s64x128x16gemm_f16_f16_f32_f16_f16_128x128x64_1x2x1_0_nnn_align8_warpspecialized_cooperative_epi_nosmem,passed,success,universal,1152,512,512,f16:column,f16:column,f16:column,f16:column,1,0,serial,2,1,heuristic,invalid,invalid,false,false,1,tensorop,f32,128,128,64,1,2,1,0,0,0,7,4,2,1,64,128,16,90,90,2883584,605159424,209,0.0104877,256.067,57701.9
25,CUTLASS,gemm,cutlass3x_sm90_tensorop_s64x128x16gemm_f16_f16_f32_f16_f16_128x128x64_1x2x1_0_nnn_align8_warpspecialized_cooperative_epi_tma,passed,success,universal,1152,512,512,f16:column,f16:column,f16:column,f16:column,1,0,serial,2,1,heuristic,invalid,invalid,false,false,1,tensorop,f32,128,128,64,1,2,1,0,0,0,6,4,2,1,64,128,16,90,90,2883584,605159424,209,0.00890944,301.427,67923.4
25,CUTLASS,gemm,cutlass3x_sm90_tensorop_s64x128x16gemm_f16_f16_f32_f16_f16_128x128x64_1x2x1_0_nnn_align8_stream_k_warpspecialized_cooperative_epi_nosmem,passed,success,universal,1152,512,512,f16:column,f16:column,f16:column,f16:column,1,0,serial,2,1,heuristic,invalid,invalid,false,false,1,tensorop,f32,128,128,64,1,2,1,0,0,0,7,4,2,1,64,128,16,90,90,2883584,605159424,209,0.0138557,193.823,43675.9
25,CUTLASS,gemm,cutlass3x_sm90_tensorop_s64x128x16gemm_f16_f16_f32_f16_f16_128x128x64_1x2x1_0_nnn_align8_stream_k_warpspecialized_cooperative_epi_tma,passed,success,universal,1152,512,512,f16:column,f16:column,f16:column,f16:column,1,0,serial,2,1,heuristic,invalid,invalid,false,false,1,tensorop,f32,128,128,64,1,2,1,0,0,0,6,4,2,1,64,128,16,90,90,2883584,605159424,209,0.0132826,202.186,45560.5
25,CUTLASS,gemm,cutlass3x_sm90_tensorop_s64x128x16gemm_f16_f16_f32_f16_f16_128x128x64_2x1x1_0_nnn_align8,passed,success,universal,1152,512,512,f16:column,f16:column,f16:column,f16:column,1,0,serial,2,1,heuristic,invalid,invalid,false,false,1,tensorop,f32,128,128,64,2,1,1,0,0,0,7,4,2,1,64,128,16,90,90,2883584,605159424,209,0.0105635,254.228,57287.7
25,CUTLASS,gemm,cutlass3x_sm90_tensorop_s64x128x16gemm_f16_f16_f32_f16_f16_128x128x64_2x1x1_0_nnn_align8_warpspecialized_epi_nosmem,passed,success,universal,1152,512,512,f16:column,f16:column,f16:column,f16:column,1,0,serial,2,1,heuristic,invalid,invalid,false,false,1,tensorop,f32,128,128,64,2,1,1,0,0,0,7,4,1,1,64,128,16,90,90,2883584,605159424,209,0.0100294,267.766,60338.3
25,CUTLASS,gemm,cutlass3x_sm90_tensorop_s64x128x16gemm_f16_f16_f32_f16_f16_128x128x64_2x1x1_0_nnn_align8_warpspecialized_pingpong_epi_tma,passed,success,universal,1152,512,512,f16:column,f16:column,f16:column,f16:column,1,0,serial,2,1,heuristic,invalid,invalid,false,false,1,tensorop,f32,128,128,64,2,1,1,0,0,0,6,4,1,1,64,128,16,90,90,2883584,605159424,209,0.0096928,277.066,62433.9
25,CUTLASS,gemm,cutlass3x_sm90_tensorop_s64x128x16gemm_f16_f16_f32_f16_f16_128x128x64_2x1x1_0_nnn_align8_warpspecialized_pingpong_epi_nosmem,passed,success,universal,1152,512,512,f16:column,f16:column,f16:column,f16:column,1,0,serial,2,1,heuristic,invalid,invalid,false,false,1,tensorop,f32,128,128,64,2,1,1,0,0,0,7,4,1,1,64,128,16,90,90,2883584,605159424,209,0.0106483,252.204,56831.4
25,CUTLASS,gemm,cutlass3x_sm90_tensorop_s64x128x16gemm_f16_f16_f32_f16_f16_128x128x64_2x1x1_0_nnn_align8_warpspecialized_cooperative_epi_nosmem,passed,success,universal,1152,512,512,f16:column,f16:column,f16:column,f16:column,1,0,serial,2,1,heuristic,invalid,invalid,false,false,1,tensorop,f32,128,128,64,2,1,1,0,0,0,7,4,2,1,64,128,16,90,90,2883584,605159424,209,0.0106397,252.409,56877.6
25,CUTLASS,gemm,cutlass3x_sm90_tensorop_s64x128x16gemm_f16_f16_f32_f16_f16_128x128x64_2x1x1_0_nnn_align8_warpspecialized_cooperative_epi_tma,passed,success,universal,1152,512,512,f16:column,f16:column,f16:column,f16:column,1,0,serial,2,1,heuristic,invalid,invalid,false,false,1,tensorop,f32,128,128,64,2,1,1,0,0,0,6,4,2,1,64,128,16,90,90,2883584,605159424,209,0.00904736,296.832,66888
25,CUTLASS,gemm,cutlass3x_sm90_tensorop_s64x128x16gemm_f16_f16_f32_f16_f16_128x128x64_2x1x1_0_nnn_align8_stream_k_warpspecialized_cooperative_epi_nosmem,passed,success,universal,1152,512,512,f16:column,f16:column,f16:column,f16:column,1,0,serial,2,1,heuristic,invalid,invalid,false,false,1,tensorop,f32,128,128,64,2,1,1,0,0,0,7,4,2,1,64,128,16,90,90,2883584,605159424,209,0.0142624,188.296,42430.4
25,CUTLASS,gemm,cutlass3x_sm90_tensorop_s64x128x16gemm_f16_f16_f32_f16_f16_128x128x64_2x1x1_0_nnn_align8_stream_k_warpspecialized_cooperative_epi_tma,passed,success,universal,1152,512,512,f16:column,f16:column,f16:column,f16:column,1,0,serial,2,1,heuristic,invalid,invalid,false,false,1,tensorop,f32,128,128,64,2,1,1,0,0,0,6,4,2,1,64,128,16,90,90,2883584,605159424,209,0.0134499,199.67,44993.5
26,CUTLASS,gemm,cutlass_tensorop_f16_s1688gemm_f16_256x128_32x2_nn_align8,passed,success,universal,1280,512,512,f16:column,f16:column,f16:column,f16:column,1,0,serial,2,1,heuristic,invalid,invalid,false,false,1,tensorop,f32,256,128,32,1,1,1,0,0,0,2,4,2,1,16,8,8,75,1024,3145728,672399360,213,0.0201808,145.172,33318.8
26,CUTLASS,gemm,cutlass_tensorop_f16_s16816gemm_f16_256x128_32x3_nn_align8,passed,success,universal,1280,512,512,f16:column,f16:column,f16:column,f16:column,1,0,serial,2,1,heuristic,invalid,invalid,false,false,1,tensorop,f32,256,128,32,1,1,1,0,0,0,3,4,2,1,16,8,16,80,1024,3145728,672399360,213,0.0151005,194.013,44528.3
26,CUTLASS,gemm,cutlass3x_sm90_tensorop_s64x128x16gemm_f16_f16_f32_f16_f16_128x128x64_1x2x1_0_nnn_align8,passed,success,universal,1280,512,512,f16:column,f16:column,f16:column,f16:column,1,0,serial,2,1,heuristic,invalid,invalid,false,false,1,tensorop,f32,128,128,64,1,2,1,0,0,0,7,4,2,1,64,128,16,90,90,3145728,672399360,213,0.0100941,290.238,66613.2
26,CUTLASS,gemm,cutlass3x_sm90_tensorop_s64x128x16gemm_f16_f16_f32_f16_f16_128x128x64_1x2x1_0_nnn_align8_warpspecialized_epi_nosmem,passed,success,universal,1280,512,512,f16:column,f16:column,f16:column,f16:column,1,0,serial,2,1,heuristic,invalid,invalid,false,false,1,tensorop,f32,128,128,64,1,2,1,0,0,0,7,4,1,1,64,128,16,90,90,3145728,672399360,213,0.00948032,309.028,70925.8
26,CUTLASS,gemm,cutlass3x_sm90_tensorop_s64x128x16gemm_f16_f16_f32_f16_f16_128x128x64_1x2x1_0_nnn_align8_warpspecialized_pingpong_epi_tma,passed,success,universal,1280,512,512,f16:column,f16:column,f16:column,f16:column,1,0,serial,2,1,heuristic,invalid,invalid,false,false,1,tensorop,f32,128,128,64,1,2,1,0,0,0,6,4,1,1,64,128,16,90,90,3145728,672399360,213,0.00956768,306.207,70278.2
26,CUTLASS,gemm,cutlass3x_sm90_tensorop_s64x128x16gemm_f16_f16_f32_f16_f16_128x128x64_1x2x1_0_nnn_align8_warpspecialized_pingpong_epi_nosmem,passed,success,universal,1280,512,512,f16:column,f16:column,f16:column,f16:column,1,0,serial,2,1,heuristic,invalid,invalid,false,false,1,tensorop,f32,128,128,64,1,2,1,0,0,0,7,4,1,1,64,128,16,90,90,3145728,672399360,213,0.0100374,291.876,66989.1
26,CUTLASS,gemm,cutlass3x_sm90_tensorop_s64x128x16gemm_f16_f16_f32_f16_f16_128x128x64_1x2x1_0_nnn_align8_warpspecialized_cooperative_epi_nosmem,passed,success,universal,1280,512,512,f16:column,f16:column,f16:column,f16:column,1,0,serial,2,1,heuristic,invalid,invalid,false,false,1,tensorop,f32,128,128,64,1,2,1,0,0,0,7,4,2,1,64,128,16,90,90,3145728,672399360,213,0.0101094,289.797,66512
26,CUTLASS,gemm,cutlass3x_sm90_tensorop_s64x128x16gemm_f16_f16_f32_f16_f16_128x128x64_1x2x1_0_nnn_align8_warpspecialized_cooperative_epi_tma,passed,success,universal,1280,512,512,f16:column,f16:column,f16:column,f16:column,1,0,serial,2,1,heuristic,invalid,invalid,false,false,1,tensorop,f32,128,128,64,1,2,1,0,0,0,6,4,2,1,64,128,16,90,90,3145728,672399360,213,0.00892064,328.417,75375.7
26,CUTLASS,gemm,cutlass3x_sm90_tensorop_s64x128x16gemm_f16_f16_f32_f16_f16_128x128x64_1x2x1_0_nnn_align8_stream_k_warpspecialized_cooperative_epi_nosmem,passed,success,universal,1280,512,512,f16:column,f16:column,f16:column,f16:column,1,0,serial,2,1,heuristic,invalid,invalid,false,false,1,tensorop,f32,128,128,64,1,2,1,0,0,0,7,4,2,1,64,128,16,90,90,3145728,672399360,213,0.0136368,214.837,49307.7
26,CUTLASS,gemm,cutlass3x_sm90_tensorop_s64x128x16gemm_f16_f16_f32_f16_f16_128x128x64_1x2x1_0_nnn_align8_stream_k_warpspecialized_cooperative_epi_tma,passed,success,universal,1280,512,512,f16:column,f16:column,f16:column,f16:column,1,0,serial,2,1,heuristic,invalid,invalid,false,false,1,tensorop,f32,128,128,64,1,2,1,0,0,0,6,4,2,1,64,128,16,90,90,3145728,672399360,213,0.0133571,219.335,50340.1
26,CUTLASS,gemm,cutlass3x_sm90_tensorop_s64x128x16gemm_f16_f16_f32_f16_f16_128x128x64_2x1x1_0_nnn_align8,passed,success,universal,1280,512,512,f16:column,f16:column,f16:column,f16:column,1,0,serial,2,1,heuristic,invalid,invalid,false,false,1,tensorop,f32,128,128,64,2,1,1,0,0,0,7,4,2,1,64,128,16,90,90,3145728,672399360,213,0.0101773,287.865,66068.7
26,CUTLASS,gemm,cutlass3x_sm90_tensorop_s64x128x16gemm_f16_f16_f32_f16_f16_128x128x64_2x1x1_0_nnn_align8_warpspecialized_epi_nosmem,passed,success,universal,1280,512,512,f16:column,f16:column,f16:column,f16:column,1,0,serial,2,1,heuristic,invalid,invalid,false,false,1,tensorop,f32,128,128,64,2,1,1,0,0,0,7,4,1,1,64,128,16,90,90,3145728,672399360,213,0.0096112,304.82,69960
26,CUTLASS,gemm,cutlass3x_sm90_tensorop_s64x128x16gemm_f16_f16_f32_f16_f16_128x128x64_2x1x1_0_nnn_align8_warpspecialized_pingpong_epi_tma,passed,success,universal,1280,512,512,f16:column,f16:column,f16:column,f16:column,1,0,serial,2,1,heuristic,invalid,invalid,false,false,1,tensorop,f32,128,128,64,2,1,1,0,0,0,6,4,1,1,64,128,16,90,90,3145728,672399360,213,0.00987296,296.739,68105.1
26,CUTLASS,gemm,cutlass3x_sm90_tensorop_s64x128x16gemm_f16_f16_f32_f16_f16_128x128x64_2x1x1_0_nnn_align8_warpspecialized_pingpong_epi_nosmem,passed,success,universal,1280,512,512,f16:column,f16:column,f16:column,f16:column,1,0,serial,2,1,heuristic,invalid,invalid,false,false,1,tensorop,f32,128,128,64,2,1,1,0,0,0,7,4,1,1,64,128,16,90,90,3145728,672399360,213,0.0102416,286.058,65653.7
26,CUTLASS,gemm,cutlass3x_sm90_tensorop_s64x128x16gemm_f16_f16_f32_f16_f16_128x128x64_2x1x1_0_nnn_align8_warpspecialized_cooperative_epi_nosmem,passed,success,universal,1280,512,512,f16:column,f16:column,f16:column,f16:column,1,0,serial,2,1,heuristic,invalid,invalid,false,false,1,tensorop,f32,128,128,64,2,1,1,0,0,0,7,4,2,1,64,128,16,90,90,3145728,672399360,213,0.0101363,289.029,66335.6
26,CUTLASS,gemm,cutlass3x_sm90_tensorop_s64x128x16gemm_f16_f16_f32_f16_f16_128x128x64_2x1x1_0_nnn_align8_warpspecialized_cooperative_epi_tma,passed,success,universal,1280,512,512,f16:column,f16:column,f16:column,f16:column,1,0,serial,2,1,heuristic,invalid,invalid,false,false,1,tensorop,f32,128,128,64,2,1,1,0,0,0,6,4,2,1,64,128,16,90,90,3145728,672399360,213,0.00916672,319.6,73352.2
26,CUTLASS,gemm,cutlass3x_sm90_tensorop_s64x128x16gemm_f16_f16_f32_f16_f16_128x128x64_2x1x1_0_nnn_align8_stream_k_warpspecialized_cooperative_epi_nosmem,passed,success,universal,1280,512,512,f16:column,f16:column,f16:column,f16:column,1,0,serial,2,1,heuristic,invalid,invalid,false,false,1,tensorop,f32,128,128,64,2,1,1,0,0,0,7,4,2,1,64,128,16,90,90,3145728,672399360,213,0.0136685,214.339,49193.4
26,CUTLASS,gemm,cutlass3x_sm90_tensorop_s64x128x16gemm_f16_f16_f32_f16_f16_128x128x64_2x1x1_0_nnn_align8_stream_k_warpspecialized_cooperative_epi_tma,passed,success,universal,1280,512,512,f16:column,f16:column,f16:column,f16:column,1,0,serial,2,1,heuristic,invalid,invalid,false,false,1,tensorop,f32,128,128,64,2,1,1,0,0,0,6,4,2,1,64,128,16,90,90,3145728,672399360,213,0.013623,215.054,49357.5
27,CUTLASS,gemm,cutlass_tensorop_f16_s1688gemm_f16_256x128_32x2_nn_align8,passed,success,universal,1408,512,512,f16:column,f16:column,f16:column,f16:column,1,0,serial,2,1,heuristic,invalid,invalid,false,false,1,tensorop,f32,256,128,32,1,1,1,0,0,0,2,4,2,1,16,8,8,75,1024,3407872,739639296,217,0.0202202,156.964,36579.3
27,CUTLASS,gemm,cutlass_tensorop_f16_s16816gemm_f16_256x128_32x3_nn_align8,passed,success,universal,1408,512,512,f16:column,f16:column,f16:column,f16:column,1,0,serial,2,1,heuristic,invalid,invalid,false,false,1,tensorop,f32,256,128,32,1,1,1,0,0,0,3,4,2,1,16,8,16,80,1024,3407872,739639296,217,0.0151453,209.559,48836.3
27,CUTLASS,gemm,cutlass3x_sm90_tensorop_s64x128x16gemm_f16_f16_f32_f16_f16_128x128x64_1x2x1_0_nnn_align8,passed,success,universal,1408,512,512,f16:column,f16:column,f16:column,f16:column,1,0,serial,2,1,heuristic,invalid,invalid,false,false,1,tensorop,f32,128,128,64,1,2,1,0,0,0,7,4,2,1,64,128,16,90,90,3407872,739639296,217,0.0103693,306.08,71329.9
27,CUTLASS,gemm,cutlass3x_sm90_tensorop_s64x128x16gemm_f16_f16_f32_f16_f16_128x128x64_1x2x1_0_nnn_align8_warpspecialized_epi_nosmem,passed,success,universal,1408,512,512,f16:column,f16:column,f16:column,f16:column,1,0,serial,2,1,heuristic,invalid,invalid,false,false,1,tensorop,f32,128,128,64,1,2,1,0,0,0,7,4,1,1,64,128,16,90,90,3407872,739639296,217,0.00989088,320.884,74779.9
27,CUTLASS,gemm,cutlass3x_sm90_tensorop_s64x128x16gemm_f16_f16_f32_f16_f16_128x128x64_1x2x1_0_nnn_align8_warpspecialized_pingpong_epi_tma,passed,success,universal,1408,512,512,f16:column,f16:column,f16:column,f16:column,1,0,serial,2,1,heuristic,invalid,invalid,false,false,1,tensorop,f32,128,128,64,1,2,1,0,0,0,6,4,1,1,64,128,16,90,90,3407872,739639296,217,0.0097936,324.072,75522.7
27,CUTLASS,gemm,cutlass3x_sm90_tensorop_s64x128x16gemm_f16_f16_f32_f16_f16_128x128x64_1x2x1_0_nnn_align8_warpspecialized_pingpong_epi_nosmem,passed,success,universal,1408,512,512,f16:column,f16:column,f16:column,f16:column,1,0,serial,2,1,heuristic,invalid,invalid,false,false,1,tensorop,f32,128,128,64,1,2,1,0,0,0,7,4,1,1,64,128,16,90,90,3407872,739639296,217,0.0105603,300.543,70039.5
27,CUTLASS,gemm,cutlass3x_sm90_tensorop_s64x128x16gemm_f16_f16_f32_f16_f16_128x128x64_1x2x1_0_nnn_align8_warpspecialized_cooperative_epi_nosmem,passed,success,universal,1408,512,512,f16:column,f16:column,f16:column,f16:column,1,0,serial,2,1,heuristic,invalid,invalid,false,false,1,tensorop,f32,128,128,64,1,2,1,0,0,0,7,4,2,1,64,128,16,90,90,3407872,739639296,217,0.0104262,304.408,70940.2
27,CUTLASS,gemm,cutlass3x_sm90_tensorop_s64x128x16gemm_f16_f16_f32_f16_f16_128x128x64_1x2x1_0_nnn_align8_warpspecialized_cooperative_epi_tma,passed,success,universal,1408,512,512,f16:column,f16:column,f16:column,f16:column,1,0,serial,2,1,heuristic,invalid,invalid,false,false,1,tensorop,f32,128,128,64,1,2,1,0,0,0,6,4,2,1,64,128,16,90,90,3407872,739639296,217,0.00914496,347.058,80879.4
27,CUTLASS,gemm,cutlass3x_sm90_tensorop_s64x128x16gemm_f16_f16_f32_f16_f16_128x128x64_1x2x1_0_nnn_align8_stream_k_warpspecialized_cooperative_epi_nosmem,passed,success,universal,1408,512,512,f16:column,f16:column,f16:column,f16:column,1,0,serial,2,1,heuristic,invalid,invalid,false,false,1,tensorop,f32,128,128,64,1,2,1,0,0,0,7,4,2,1,64,128,16,90,90,3407872,739639296,217,0.0140317,226.19,52712.1
27,CUTLASS,gemm,cutlass3x_sm90_tensorop_s64x128x16gemm_f16_f16_f32_f16_f16_128x128x64_1x2x1_0_nnn_align8_stream_k_warpspecialized_cooperative_epi_tma,passed,success,universal,1408,512,512,f16:column,f16:column,f16:column,f16:column,1,0,serial,2,1,heuristic,invalid,invalid,false,false,1,tensorop,f32,128,128,64,1,2,1,0,0,0,6,4,2,1,64,128,16,90,90,3407872,739639296,217,0.0136458,232.587,54202.9
27,CUTLASS,gemm,cutlass3x_sm90_tensorop_s64x128x16gemm_f16_f16_f32_f16_f16_128x128x64_2x1x1_0_nnn_align8,passed,success,universal,1408,512,512,f16:column,f16:column,f16:column,f16:column,1,0,serial,2,1,heuristic,invalid,invalid,false,false,1,tensorop,f32,128,128,64,2,1,1,0,0,0,7,4,2,1,64,128,16,90,90,3407872,739639296,217,0.010473,303.05,70623.7
27,CUTLASS,gemm,cutlass3x_sm90_tensorop_s64x128x16gemm_f16_f16_f32_f16_f16_128x128x64_2x1x1_0_nnn_align8_warpspecialized_epi_nosmem,passed,success,universal,1408,512,512,f16:column,f16:column,f16:column,f16:column,1,0,serial,2,1,heuristic,invalid,invalid,false,false,1,tensorop,f32,128,128,64,2,1,1,0,0,0,7,4,1,1,64,128,16,90,90,3407872,739639296,217,0.00987616,321.363,74891.4
27,CUTLASS,gemm,cutlass3x_sm90_tensorop_s64x128x16gemm_f16_f16_f32_f16_f16_128x128x64_2x1x1_0_nnn_align8_warpspecialized_pingpong_epi_tma,passed,success,universal,1408,512,512,f16:column,f16:column,f16:column,f16:column,1,0,serial,2,1,heuristic,invalid,invalid,false,false,1,tensorop,f32,128,128,64,2,1,1,0,0,0,6,4,1,1,64,128,16,90,90,3407872,739639296,217,0.00996128,318.616,74251.4
27,CUTLASS,gemm,cutlass3x_sm90_tensorop_s64x128x16gemm_f16_f16_f32_f16_f16_128x128x64_2x1x1_0_nnn_align8_warpspecialized_pingpong_epi_nosmem,passed,success,universal,1408,512,512,f16:column,f16:column,f16:column,f16:column,1,0,serial,2,1,heuristic,invalid,invalid,false,false,1,tensorop,f32,128,128,64,2,1,1,0,0,0,7,4,1,1,64,128,16,90,90,3407872,739639296,217,0.0105174,301.768,70325
27,CUTLASS,gemm,cutlass3x_sm90_tensorop_s64x128x16gemm_f16_f16_f32_f16_f16_128x128x64_2x1x1_0_nnn_align8_warpspecialized_cooperative_epi_nosmem,passed,success,universal,1408,512,512,f16:column,f16:column,f16:column,f16:column,1,0,serial,2,1,heuristic,invalid,invalid,false,false,1,tensorop,f32,128,128,64,2,1,1,0,0,0,7,4,2,1,64,128,16,90,90,3407872,739639296,217,0.0102502,309.635,72158.2
27,CUTLASS,gemm,cutlass3x_sm90_tensorop_s64x128x16gemm_f16_f16_f32_f16_f16_128x128x64_2x1x1_0_nnn_align8_warpspecialized_cooperative_epi_tma,passed,success,universal,1408,512,512,f16:column,f16:column,f16:column,f16:column,1,0,serial,2,1,heuristic,invalid,invalid,false,false,1,tensorop,f32,128,128,64,2,1,1,0,0,0,6,4,2,1,64,128,16,90,90,3407872,739639296,217,0.00903776,351.174,81838.8
27,CUTLASS,gemm,cutlass3x_sm90_tensorop_s64x128x16gemm_f16_f16_f32_f16_f16_128x128x64_2x1x1_0_nnn_align8_stream_k_warpspecialized_cooperative_epi_nosmem,passed,success,universal,1408,512,512,f16:column,f16:column,f16:column,f16:column,1,0,serial,2,1,heuristic,invalid,invalid,false,false,1,tensorop,f32,128,128,64,2,1,1,0,0,0,7,4,2,1,64,128,16,90,90,3407872,739639296,217,0.013719,231.345,53913.3
27,CUTLASS,gemm,cutlass3x_sm90_tensorop_s64x128x16gemm_f16_f16_f32_f16_f16_128x128x64_2x1x1_0_nnn_align8_stream_k_warpspecialized_cooperative_epi_tma,passed,success,universal,1408,512,512,f16:column,f16:column,f16:column,f16:column,1,0,serial,2,1,heuristic,invalid,invalid,false,false,1,tensorop,f32,128,128,64,2,1,1,0,0,0,6,4,2,1,64,128,16,90,90,3407872,739639296,217,0.0133424,237.875,55435.3
28,CUTLASS,gemm,cutlass_tensorop_f16_s1688gemm_f16_256x128_32x2_nn_align8,passed,success,universal,1536,512,512,f16:column,f16:column,f16:column,f16:column,1,0,serial,2,1,heuristic,invalid,invalid,false,false,1,tensorop,f32,256,128,32,1,1,1,0,0,0,2,4,2,1,16,8,8,75,1024,3670016,806879232,219,0.0203014,168.361,39744.9
28,CUTLASS,gemm,cutlass_tensorop_f16_s16816gemm_f16_256x128_32x3_nn_align8,passed,success,universal,1536,512,512,f16:column,f16:column,f16:column,f16:column,1,0,serial,2,1,heuristic,invalid,invalid,false,false,1,tensorop,f32,256,128,32,1,1,1,0,0,0,3,4,2,1,16,8,16,80,1024,3670016,806879232,219,0.0152294,224.432,52981.5
28,CUTLASS,gemm,cutlass3x_sm90_tensorop_s64x128x16gemm_f16_f16_f32_f16_f16_128x128x64_1x2x1_0_nnn_align8,passed,success,universal,1536,512,512,f16:column,f16:column,f16:column,f16:column,1,0,serial,2,1,heuristic,invalid,invalid,false,false,1,tensorop,f32,128,128,64,1,2,1,0,0,0,7,4,2,1,64,128,16,90,90,3670016,806879232,219,0.0103162,331.322,78215.1
28,CUTLASS,gemm,cutlass3x_sm90_tensorop_s64x128x16gemm_f16_f16_f32_f16_f16_128x128x64_1x2x1_0_nnn_align8_warpspecialized_epi_nosmem,passed,success,universal,1536,512,512,f16:column,f16:column,f16:column,f16:column,1,0,serial,2,1,heuristic,invalid,invalid,false,false,1,tensorop,f32,128,128,64,1,2,1,0,0,0,7,4,1,1,64,128,16,90,90,3670016,806879232,219,0.00986848,346.352,81763.3
28,CUTLASS,gemm,cutlass3x_sm90_tensorop_s64x128x16gemm_f16_f16_f32_f16_f16_128x128x64_1x2x1_0_nnn_align8_warpspecialized_pingpong_epi_tma,passed,success,universal,1536,512,512,f16:column,f16:column,f16:column,f16:column,1,0,serial,2,1,heuristic,invalid,invalid,false,false,1,tensorop,f32,128,128,64,1,2,1,0,0,0,6,4,1,1,64,128,16,90,90,3670016,806879232,219,0.0096944,352.571,83231.5
28,CUTLASS,gemm,cutlass3x_sm90_tensorop_s64x128x16gemm_f16_f16_f32_f16_f16_128x128x64_1x2x1_0_nnn_align8_warpspecialized_pingpong_epi_nosmem,passed,success,universal,1536,512,512,f16:column,f16:column,f16:column,f16:column,1,0,serial,2,1,heuristic,invalid,invalid,false,false,1,tensorop,f32,128,128,64,1,2,1,0,0,0,7,4,1,1,64,128,16,90,90,3670016,806879232,219,0.0105379,324.349,76569.1
28,CUTLASS,gemm,cutlass3x_sm90_tensorop_s64x128x16gemm_f16_f16_f32_f16_f16_128x128x64_1x2x1_0_nnn_align8_warpspecialized_cooperative_epi_nosmem,passed,success,universal,1536,512,512,f16:column,f16:column,f16:column,f16:column,1,0,serial,2,1,heuristic,invalid,invalid,false,false,1,tensorop,f32,128,128,64,1,2,1,0,0,0,7,4,2,1,64,128,16,90,90,3670016,806879232,219,0.01032,331.199,78186
28,CUTLASS,gemm,cutlass3x_sm90_tensorop_s64x128x16gemm_f16_f16_f32_f16_f16_128x128x64_1x2x1_0_nnn_align8_warpspecialized_cooperative_epi_tma,passed,success,universal,1536,512,512,f16:column,f16:column,f16:column,f16:column,1,0,serial,2,1,heuristic,invalid,invalid,false,false,1,tensorop,f32,128,128,64,1,2,1,0,0,0,6,4,2,1,64,128,16,90,90,3670016,806879232,219,0.00901504,379.141,89503.7
28,CUTLASS,gemm,cutlass3x_sm90_tensorop_s64x128x16gemm_f16_f16_f32_f16_f16_128x128x64_1x2x1_0_nnn_align8_stream_k_warpspecialized_cooperative_epi_nosmem,passed,success,universal,1536,512,512,f16:column,f16:column,f16:column,f16:column,1,0,serial,2,1,heuristic,invalid,invalid,false,false,1,tensorop,f32,128,128,64,1,2,1,0,0,0,7,4,2,1,64,128,16,90,90,3670016,806879232,219,0.0137517,248.549,58675
28,CUTLASS,gemm,cutlass3x_sm90_tensorop_s64x128x16gemm_f16_f16_f32_f16_f16_128x128x64_1x2x1_0_nnn_align8_stream_k_warpspecialized_cooperative_epi_tma,passed,success,universal,1536,512,512,f16:column,f16:column,f16:column,f16:column,1,0,serial,2,1,heuristic,invalid,invalid,false,false,1,tensorop,f32,128,128,64,1,2,1,0,0,0,6,4,2,1,64,128,16,90,90,3670016,806879232,219,0.0133546,255.94,60419.8
28,CUTLASS,gemm,cutlass3x_sm90_tensorop_s64x128x16gemm_f16_f16_f32_f16_f16_128x128x64_2x1x1_0_nnn_align8,passed,success,universal,1536,512,512,f16:column,f16:column,f16:column,f16:column,1,0,serial,2,1,heuristic,invalid,invalid,false,false,1,tensorop,f32,128,128,64,2,1,1,0,0,0,7,4,2,1,64,128,16,90,90,3670016,806879232,219,0.0102973,331.929,78358.5
28,CUTLASS,gemm,cutlass3x_sm90_tensorop_s64x128x16gemm_f16_f16_f32_f16_f16_128x128x64_2x1x1_0_nnn_align8_warpspecialized_epi_nosmem,passed,success,universal,1536,512,512,f16:column,f16:column,f16:column,f16:column,1,0,serial,2,1,heuristic,invalid,invalid,false,false,1,tensorop,f32,128,128,64,2,1,1,0,0,0,7,4,1,1,64,128,16,90,90,3670016,806879232,219,0.0099216,344.498,81325.5
28,CUTLASS,gemm,cutlass3x_sm90_tensorop_s64x128x16gemm_f16_f16_f32_f16_f16_128x128x64_2x1x1_0_nnn_align8_warpspecialized_pingpong_epi_tma,passed,success,universal,1536,512,512,f16:column,f16:column,f16:column,f16:column,1,0,serial,2,1,heuristic,invalid,invalid,false,false,1,tensorop,f32,128,128,64,2,1,1,0,0,0,6,4,1,1,64,128,16,90,90,3670016,806879232,219,0.00974816,350.627,82772.5
28,CUTLASS,gemm,cutlass3x_sm90_tensorop_s64x128x16gemm_f16_f16_f32_f16_f16_128x128x64_2x1x1_0_nnn_align8_warpspecialized_pingpong_epi_nosmem,passed,success,universal,1536,512,512,f16:column,f16:column,f16:column,f16:column,1,0,serial,2,1,heuristic,invalid,invalid,false,false,1,tensorop,f32,128,128,64,2,1,1,0,0,0,7,4,1,1,64,128,16,90,90,3670016,806879232,219,0.0105014,325.476,76835.1
28,CUTLASS,gemm,cutlass3x_sm90_tensorop_s64x128x16gemm_f16_f16_f32_f16_f16_128x128x64_2x1x1_0_nnn_align8_warpspecialized_cooperative_epi_nosmem,passed,success,universal,1536,512,512,f16:column,f16:column,f16:column,f16:column,1,0,serial,2,1,heuristic,invalid,invalid,false,false,1,tensorop,f32,128,128,64,2,1,1,0,0,0,7,4,2,1,64,128,16,90,90,3670016,806879232,219,0.0102883,332.218,78426.7
28,CUTLASS,gemm,cutlass3x_sm90_tensorop_s64x128x16gemm_f16_f16_f32_f16_f16_128x128x64_2x1x1_0_nnn_align8_warpspecialized_cooperative_epi_tma,passed,success,universal,1536,512,512,f16:column,f16:column,f16:column,f16:column,1,0,serial,2,1,heuristic,invalid,invalid,false,false,1,tensorop,f32,128,128,64,2,1,1,0,0,0,6,4,2,1,64,128,16,90,90,3670016,806879232,219,0.0090784,376.495,88879
28,CUTLASS,gemm,cutlass3x_sm90_tensorop_s64x128x16gemm_f16_f16_f32_f16_f16_128x128x64_2x1x1_0_nnn_align8_stream_k_warpspecialized_cooperative_epi_nosmem,passed,success,universal,1536,512,512,f16:column,f16:column,f16:column,f16:column,1,0,serial,2,1,heuristic,invalid,invalid,false,false,1,tensorop,f32,128,128,64,2,1,1,0,0,0,7,4,2,1,64,128,16,90,90,3670016,806879232,219,0.0137075,249.35,58864
28,CUTLASS,gemm,cutlass3x_sm90_tensorop_s64x128x16gemm_f16_f16_f32_f16_f16_128x128x64_2x1x1_0_nnn_align8_stream_k_warpspecialized_cooperative_epi_tma,passed,success,universal,1536,512,512,f16:column,f16:column,f16:column,f16:column,1,0,serial,2,1,heuristic,invalid,invalid,false,false,1,tensorop,f32,128,128,64,2,1,1,0,0,0,6,4,2,1,64,128,16,90,90,3670016,806879232,219,0.0133664,255.713,60366.2
29,CUTLASS,gemm,cutlass_tensorop_f16_s1688gemm_f16_256x128_32x2_nn_align8,passed,success,universal,1664,512,512,f16:column,f16:column,f16:column,f16:column,1,0,serial,2,1,heuristic,invalid,invalid,false,false,1,tensorop,f32,256,128,32,1,1,1,0,0,0,2,4,2,1,16,8,8,75,1024,3932160,874119168,222,0.0202454,180.886,43176.1
29,CUTLASS,gemm,cutlass_tensorop_f16_s16816gemm_f16_256x128_32x3_nn_align8,passed,success,universal,1664,512,512,f16:column,f16:column,f16:column,f16:column,1,0,serial,2,1,heuristic,invalid,invalid,false,false,1,tensorop,f32,256,128,32,1,1,1,0,0,0,3,4,2,1,16,8,16,80,1024,3932160,874119168,222,0.0151005,242.516,57886.8
29,CUTLASS,gemm,cutlass3x_sm90_tensorop_s64x128x16gemm_f16_f16_f32_f16_f16_128x128x64_1x2x1_0_nnn_align8,passed,success,universal,1664,512,512,f16:column,f16:column,f16:column,f16:column,1,0,serial,2,1,heuristic,invalid,invalid,false,false,1,tensorop,f32,128,128,64,1,2,1,0,0,0,7,4,2,1,64,128,16,90,90,3932160,874119168,222,0.0103178,354.933,84719.9
29,CUTLASS,gemm,cutlass3x_sm90_tensorop_s64x128x16gemm_f16_f16_f32_f16_f16_128x128x64_1x2x1_0_nnn_align8_warpspecialized_epi_nosmem,passed,success,universal,1664,512,512,f16:column,f16:column,f16:column,f16:column,1,0,serial,2,1,heuristic,invalid,invalid,false,false,1,tensorop,f32,128,128,64,1,2,1,0,0,0,7,4,1,1,64,128,16,90,90,3932160,874119168,222,0.0095648,382.874,91389.2
29,CUTLASS,gemm,cutlass3x_sm90_tensorop_s64x128x16gemm_f16_f16_f32_f16_f16_128x128x64_1x2x1_0_nnn_align8_warpspecialized_pingpong_epi_tma,passed,success,universal,1664,512,512,f16:column,f16:column,f16:column,f16:column,1,0,serial,2,1,heuristic,invalid,invalid,false,false,1,tensorop,f32,128,128,64,1,2,1,0,0,0,6,4,1,1,64,128,16,90,90,3932160,874119168,222,0.00980032,373.672,89192.9
29,CUTLASS,gemm,cutlass3x_sm90_tensorop_s64x128x16gemm_f16_f16_f32_f16_f16_128x128x64_1x2x1_0_nnn_align8_warpspecialized_pingpong_epi_nosmem,passed,success,universal,1664,512,512,f16:column,f16:column,f16:column,f16:column,1,0,serial,2,1,heuristic,invalid,invalid,false,false,1,tensorop,f32,128,128,64,1,2,1,0,0,0,7,4,1,1,64,128,16,90,90,3932160,874119168,222,0.0102915,355.838,84935.9
29,CUTLASS,gemm,cutlass3x_sm90_tensorop_s64x128x16gemm_f16_f16_f32_f16_f16_128x128x64_1x2x1_0_nnn_align8_warpspecialized_cooperative_epi_nosmem,passed,success,universal,1664,512,512,f16:column,f16:column,f16:column,f16:column,1,0,serial,2,1,heuristic,invalid,invalid,false,false,1,tensorop,f32,128,128,64,1,2,1,0,0,0,7,4,2,1,64,128,16,90,90,3932160,874119168,222,0.0103392,354.197,84544.2
29,CUTLASS,gemm,cutlass3x_sm90_tensorop_s64x128x16gemm_f16_f16_f32_f16_f16_128x128x64_1x2x1_0_nnn_align8_warpspecialized_cooperative_epi_tma,passed,success,universal,1664,512,512,f16:column,f16:column,f16:column,f16:column,1,0,serial,2,1,heuristic,invalid,invalid,false,false,1,tensorop,f32,128,128,64,1,2,1,0,0,0,6,4,2,1,64,128,16,90,90,3932160,874119168,222,0.00908064,403.288,96261.8
29,CUTLASS,gemm,cutlass3x_sm90_tensorop_s64x128x16gemm_f16_f16_f32_f16_f16_128x128x64_1x2x1_0_nnn_align8_stream_k_warpspecialized_cooperative_epi_nosmem,passed,success,universal,1664,512,512,f16:column,f16:column,f16:column,f16:column,1,0,serial,2,1,heuristic,invalid,invalid,false,false,1,tensorop,f32,128,128,64,1,2,1,0,0,0,7,4,2,1,64,128,16,90,90,3932160,874119168,222,0.0137302,266.719,63663.8
29,CUTLASS,gemm,cutlass3x_sm90_tensorop_s64x128x16gemm_f16_f16_f32_f16_f16_128x128x64_1x2x1_0_nnn_align8_stream_k_warpspecialized_cooperative_epi_tma,passed,success,universal,1664,512,512,f16:column,f16:column,f16:column,f16:column,1,0,serial,2,1,heuristic,invalid,invalid,false,false,1,tensorop,f32,128,128,64,1,2,1,0,0,0,6,4,2,1,64,128,16,90,90,3932160,874119168,222,0.0133568,274.176,65443.8
29,CUTLASS,gemm,cutlass3x_sm90_tensorop_s64x128x16gemm_f16_f16_f32_f16_f16_128x128x64_2x1x1_0_nnn_align8,passed,success,universal,1664,512,512,f16:column,f16:column,f16:column,f16:column,1,0,serial,2,1,heuristic,invalid,invalid,false,false,1,tensorop,f32,128,128,64,2,1,1,0,0,0,7,4,2,1,64,128,16,90,90,3932160,874119168,222,0.0101968,359.143,85724.8
29,CUTLASS,gemm,cutlass3x_sm90_tensorop_s64x128x16gemm_f16_f16_f32_f16_f16_128x128x64_2x1x1_0_nnn_align8_warpspecialized_epi_nosmem,passed,success,universal,1664,512,512,f16:column,f16:column,f16:column,f16:column,1,0,serial,2,1,heuristic,invalid,invalid,false,false,1,tensorop,f32,128,128,64,2,1,1,0,0,0,7,4,1,1,64,128,16,90,90,3932160,874119168,222,0.00994976,368.06,87853.3
29,CUTLASS,gemm,cutlass3x_sm90_tensorop_s64x128x16gemm_f16_f16_f32_f16_f16_128x128x64_2x1x1_0_nnn_align8_warpspecialized_pingpong_epi_tma,passed,success,universal,1664,512,512,f16:column,f16:column,f16:column,f16:column,1,0,serial,2,1,heuristic,invalid,invalid,false,false,1,tensorop,f32,128,128,64,2,1,1,0,0,0,6,4,1,1,64,128,16,90,90,3932160,874119168,222,0.0097328,376.265,89811.7
29,CUTLASS,gemm,cutlass3x_sm90_tensorop_s64x128x16gemm_f16_f16_f32_f16_f16_128x128x64_2x1x1_0_nnn_align8_warpspecialized_pingpong_epi_nosmem,passed,success,universal,1664,512,512,f16:column,f16:column,f16:column,f16:column,1,0,serial,2,1,heuristic,invalid,invalid,false,false,1,tensorop,f32,128,128,64,2,1,1,0,0,0,7,4,1,1,64,128,16,90,90,3932160,874119168,222,0.0102509,357.248,85272.6
29,CUTLASS,gemm,cutlass3x_sm90_tensorop_s64x128x16gemm_f16_f16_f32_f16_f16_128x128x64_2x1x1_0_nnn_align8_warpspecialized_cooperative_epi_nosmem,passed,success,universal,1664,512,512,f16:column,f16:column,f16:column,f16:column,1,0,serial,2,1,heuristic,invalid,invalid,false,false,1,tensorop,f32,128,128,64,2,1,1,0,0,0,7,4,2,1,64,128,16,90,90,3932160,874119168,222,0.0101363,361.286,86236.3
29,CUTLASS,gemm,cutlass3x_sm90_tensorop_s64x128x16gemm_f16_f16_f32_f16_f16_128x128x64_2x1x1_0_nnn_align8_warpspecialized_cooperative_epi_tma,passed,success,universal,1664,512,512,f16:column,f16:column,f16:column,f16:column,1,0,serial,2,1,heuristic,invalid,invalid,false,false,1,tensorop,f32,128,128,64,2,1,1,0,0,0,6,4,2,1,64,128,16,90,90,3932160,874119168,222,0.00898144,407.742,97325.1
29,CUTLASS,gemm,cutlass3x_sm90_tensorop_s64x128x16gemm_f16_f16_f32_f16_f16_128x128x64_2x1x1_0_nnn_align8_stream_k_warpspecialized_cooperative_epi_nosmem,passed,success,universal,1664,512,512,f16:column,f16:column,f16:column,f16:column,1,0,serial,2,1,heuristic,invalid,invalid,false,false,1,tensorop,f32,128,128,64,2,1,1,0,0,0,7,4,2,1,64,128,16,90,90,3932160,874119168,222,0.0139226,263.034,62784.4
29,CUTLASS,gemm,cutlass3x_sm90_tensorop_s64x128x16gemm_f16_f16_f32_f16_f16_128x128x64_2x1x1_0_nnn_align8_stream_k_warpspecialized_cooperative_epi_tma,passed,success,universal,1664,512,512,f16:column,f16:column,f16:column,f16:column,1,0,serial,2,1,heuristic,invalid,invalid,false,false,1,tensorop,f32,128,128,64,2,1,1,0,0,0,6,4,2,1,64,128,16,90,90,3932160,874119168,222,0.0134272,272.738,65100.6
30,CUTLASS,gemm,cutlass_tensorop_f16_s1688gemm_f16_256x128_32x2_nn_align8,passed,success,universal,1792,512,512,f16:column,f16:column,f16:column,f16:column,1,0,serial,2,1,heuristic,invalid,invalid,false,false,1,tensorop,f32,256,128,32,1,1,1,0,0,0,2,4,2,1,16,8,8,75,1024,4194304,941359104,224,0.0205779,189.827,45746.1
30,CUTLASS,gemm,cutlass_tensorop_f16_s16816gemm_f16_256x128_32x3_nn_align8,passed,success,universal,1792,512,512,f16:column,f16:column,f16:column,f16:column,1,0,serial,2,1,heuristic,invalid,invalid,false,false,1,tensorop,f32,256,128,32,1,1,1,0,0,0,3,4,2,1,16,8,16,80,1024,4194304,941359104,224,0.0154173,253.368,61058.7
30,CUTLASS,gemm,cutlass3x_sm90_tensorop_s64x128x16gemm_f16_f16_f32_f16_f16_128x128x64_1x2x1_0_nnn_align8,passed,success,universal,1792,512,512,f16:column,f16:column,f16:column,f16:column,1,0,serial,2,1,heuristic,invalid,invalid,false,false,1,tensorop,f32,128,128,64,1,2,1,0,0,0,7,4,2,1,64,128,16,90,90,4194304,941359104,224,0.0109642,356.274,85857.8
30,CUTLASS,gemm,cutlass3x_sm90_tensorop_s64x128x16gemm_f16_f16_f32_f16_f16_128x128x64_1x2x1_0_nnn_align8_warpspecialized_epi_nosmem,passed,success,universal,1792,512,512,f16:column,f16:column,f16:column,f16:column,1,0,serial,2,1,heuristic,invalid,invalid,false,false,1,tensorop,f32,128,128,64,1,2,1,0,0,0,7,4,1,1,64,128,16,90,90,4194304,941359104,224,0.0105395,370.629,89317.1
30,CUTLASS,gemm,cutlass3x_sm90_tensorop_s64x128x16gemm_f16_f16_f32_f16_f16_128x128x64_1x2x1_0_nnn_align8_warpspecialized_pingpong_epi_tma,passed,success,universal,1792,512,512,f16:column,f16:column,f16:column,f16:column,1,0,serial,2,1,heuristic,invalid,invalid,false,false,1,tensorop,f32,128,128,64,1,2,1,0,0,0,6,4,1,1,64,128,16,90,90,4194304,941359104,224,0.00988608,395.126,95220.7
30,CUTLASS,gemm,cutlass3x_sm90_tensorop_s64x128x16gemm_f16_f16_f32_f16_f16_128x128x64_1x2x1_0_nnn_align8_warpspecialized_pingpong_epi_nosmem,passed,success,universal,1792,512,512,f16:column,f16:column,f16:column,f16:column,1,0,serial,2,1,heuristic,invalid,invalid,false,false,1,tensorop,f32,128,128,64,1,2,1,0,0,0,7,4,1,1,64,128,16,90,90,4194304,941359104,224,0.0111715,349.661,84264.2
30,CUTLASS,gemm,cutlass3x_sm90_tensorop_s64x128x16gemm_f16_f16_f32_f16_f16_128x128x64_1x2x1_0_nnn_align8_warpspecialized_cooperative_epi_nosmem,passed,success,universal,1792,512,512,f16:column,f16:column,f16:column,f16:column,1,0,serial,2,1,heuristic,invalid,invalid,false,false,1,tensorop,f32,128,128,64,1,2,1,0,0,0,7,4,2,1,64,128,16,90,90,4194304,941359104,224,0.0110086,354.835,85510.9
30,CUTLASS,gemm,cutlass3x_sm90_tensorop_s64x128x16gemm_f16_f16_f32_f16_f16_128x128x64_1x2x1_0_nnn_align8_warpspecialized_cooperative_epi_tma,passed,success,universal,1792,512,512,f16:column,f16:column,f16:column,f16:column,1,0,serial,2,1,heuristic,invalid,invalid,false,false,1,tensorop,f32,128,128,64,1,2,1,0,0,0,6,4,2,1,64,128,16,90,90,4194304,941359104,224,0.00934592,417.963,100724
30,CUTLASS,gemm,cutlass3x_sm90_tensorop_s64x128x16gemm_f16_f16_f32_f16_f16_128x128x64_1x2x1_0_nnn_align8_stream_k_warpspecialized_cooperative_epi_nosmem,passed,success,universal,1792,512,512,f16:column,f16:column,f16:column,f16:column,1,0,serial,2,1,heuristic,invalid,invalid,false,false,1,tensorop,f32,128,128,64,1,2,1,0,0,0,7,4,2,1,64,128,16,90,90,4194304,941359104,224,0.0144256,270.786,65256.2
30,CUTLASS,gemm,cutlass3x_sm90_tensorop_s64x128x16gemm_f16_f16_f32_f16_f16_128x128x64_1x2x1_0_nnn_align8_stream_k_warpspecialized_cooperative_epi_tma,passed,success,universal,1792,512,512,f16:column,f16:column,f16:column,f16:column,1,0,serial,2,1,heuristic,invalid,invalid,false,false,1,tensorop,f32,128,128,64,1,2,1,0,0,0,6,4,2,1,64,128,16,90,90,4194304,941359104,224,0.0135539,288.201,69452.9
30,CUTLASS,gemm,cutlass3x_sm90_tensorop_s64x128x16gemm_f16_f16_f32_f16_f16_128x128x64_2x1x1_0_nnn_align8,passed,success,universal,1792,512,512,f16:column,f16:column,f16:column,f16:column,1,0,serial,2,1,heuristic,invalid,invalid,false,false,1,tensorop,f32,128,128,64,2,1,1,0,0,0,7,4,2,1,64,128,16,90,90,4194304,941359104,224,0.0108704,359.347,86598.4
30,CUTLASS,gemm,cutlass3x_sm90_tensorop_s64x128x16gemm_f16_f16_f32_f16_f16_128x128x64_2x1x1_0_nnn_align8_warpspecialized_epi_nosmem,passed,success,universal,1792,512,512,f16:column,f16:column,f16:column,f16:column,1,0,serial,2,1,heuristic,invalid,invalid,false,false,1,tensorop,f32,128,128,64,2,1,1,0,0,0,7,4,1,1,64,128,16,90,90,4194304,941359104,224,0.0106077,368.247,88743.2
30,CUTLASS,gemm,cutlass3x_sm90_tensorop_s64x128x16gemm_f16_f16_f32_f16_f16_128x128x64_2x1x1_0_nnn_align8_warpspecialized_pingpong_epi_tma,passed,success,universal,1792,512,512,f16:column,f16:column,f16:column,f16:column,1,0,serial,2,1,heuristic,invalid,invalid,false,false,1,tensorop,f32,128,128,64,2,1,1,0,0,0,6,4,1,1,64,128,16,90,90,4194304,941359104,224,0.0098688,395.818,95387.4
30,CUTLASS,gemm,cutlass3x_sm90_tensorop_s64x128x16gemm_f16_f16_f32_f16_f16_128x128x64_2x1x1_0_nnn_align8_warpspecialized_pingpong_epi_nosmem,passed,success,universal,1792,512,512,f16:column,f16:column,f16:column,f16:column,1,0,serial,2,1,heuristic,invalid,invalid,false,false,1,tensorop,f32,128,128,64,2,1,1,0,0,0,7,4,1,1,64,128,16,90,90,4194304,941359104,224,0.0111034,351.808,84781.5
30,CUTLASS,gemm,cutlass3x_sm90_tensorop_s64x128x16gemm_f16_f16_f32_f16_f16_128x128x64_2x1x1_0_nnn_align8_warpspecialized_cooperative_epi_nosmem,passed,success,universal,1792,512,512,f16:column,f16:column,f16:column,f16:column,1,0,serial,2,1,heuristic,invalid,invalid,false,false,1,tensorop,f32,128,128,64,2,1,1,0,0,0,7,4,2,1,64,128,16,90,90,4194304,941359104,224,0.010783,362.259,87300
30,CUTLASS,gemm,cutlass3x_sm90_tensorop_s64x128x16gemm_f16_f16_f32_f16_f16_128x128x64_2x1x1_0_nnn_align8_warpspecialized_cooperative_epi_tma,passed,success,universal,1792,512,512,f16:column,f16:column,f16:column,f16:column,1,0,serial,2,1,heuristic,invalid,invalid,false,false,1,tensorop,f32,128,128,64,2,1,1,0,0,0,6,4,2,1,64,128,16,90,90,4194304,941359104,224,0.00920544,424.341,102261
30,CUTLASS,gemm,cutlass3x_sm90_tensorop_s64x128x16gemm_f16_f16_f32_f16_f16_128x128x64_2x1x1_0_nnn_align8_stream_k_warpspecialized_cooperative_epi_nosmem,passed,success,universal,1792,512,512,f16:column,f16:column,f16:column,f16:column,1,0,serial,2,1,heuristic,invalid,invalid,false,false,1,tensorop,f32,128,128,64,2,1,1,0,0,0,7,4,2,1,64,128,16,90,90,4194304,941359104,224,0.0143382,272.436,65653.7
30,CUTLASS,gemm,cutlass3x_sm90_tensorop_s64x128x16gemm_f16_f16_f32_f16_f16_128x128x64_2x1x1_0_nnn_align8_stream_k_warpspecialized_cooperative_epi_tma,passed,success,universal,1792,512,512,f16:column,f16:column,f16:column,f16:column,1,0,serial,2,1,heuristic,invalid,invalid,false,false,1,tensorop,f32,128,128,64,2,1,1,0,0,0,6,4,2,1,64,128,16,90,90,4194304,941359104,224,0.0135245,288.828,69604.1
31,CUTLASS,gemm,cutlass_tensorop_f16_s1688gemm_f16_256x128_32x2_nn_align8,passed,success,universal,1920,512,512,f16:column,f16:column,f16:column,f16:column,1,0,serial,2,1,heuristic,invalid,invalid,false,false,1,tensorop,f32,256,128,32,1,1,1,0,0,0,2,4,2,1,16,8,8,75,1024,4456448,1008599040,226,0.020703,200.473,48717.4
31,CUTLASS,gemm,cutlass_tensorop_f16_s16816gemm_f16_256x128_32x3_nn_align8,passed,success,universal,1920,512,512,f16:column,f16:column,f16:column,f16:column,1,0,serial,2,1,heuristic,invalid,invalid,false,false,1,tensorop,f32,256,128,32,1,1,1,0,0,0,3,4,2,1,16,8,16,80,1024,4456448,1008599040,226,0.015561,266.718,64816
31,CUTLASS,gemm,cutlass3x_sm90_tensorop_s64x128x16gemm_f16_f16_f32_f16_f16_128x128x64_1x2x1_0_nnn_align8,passed,success,universal,1920,512,512,f16:column,f16:column,f16:column,f16:column,1,0,serial,2,1,heuristic,invalid,invalid,false,false,1,tensorop,f32,128,128,64,1,2,1,0,0,0,7,4,2,1,64,128,16,90,90,4456448,1008599040,226,0.0104701,396.405,96331.5
31,CUTLASS,gemm,cutlass3x_sm90_tensorop_s64x128x16gemm_f16_f16_f32_f16_f16_128x128x64_1x2x1_0_nnn_align8_warpspecialized_epi_nosmem,passed,success,universal,1920,512,512,f16:column,f16:column,f16:column,f16:column,1,0,serial,2,1,heuristic,invalid,invalid,false,false,1,tensorop,f32,128,128,64,1,2,1,0,0,0,7,4,1,1,64,128,16,90,90,4456448,1008599040,226,0.009776,424.549,103171
31,CUTLASS,gemm,cutlass3x_sm90_tensorop_s64x128x16gemm_f16_f16_f32_f16_f16_128x128x64_1x2x1_0_nnn_align8_warpspecialized_pingpong_epi_tma,passed,success,universal,1920,512,512,f16:column,f16:column,f16:column,f16:column,1,0,serial,2,1,heuristic,invalid,invalid,false,false,1,tensorop,f32,128,128,64,1,2,1,0,0,0,6,4,1,1,64,128,16,90,90,4456448,1008599040,226,0.0100301,413.794,100557
31,CUTLASS,gemm,cutlass3x_sm90_tensorop_s64x128x16gemm_f16_f16_f32_f16_f16_128x128x64_1x2x1_0_nnn_align8_warpspecialized_pingpong_epi_nosmem,passed,success,universal,1920,512,512,f16:column,f16:column,f16:column,f16:column,1,0,serial,2,1,heuristic,invalid,invalid,false,false,1,tensorop,f32,128,128,64,1,2,1,0,0,0,7,4,1,1,64,128,16,90,90,4456448,1008599040,226,0.0102778,403.822,98134.1
31,CUTLASS,gemm,cutlass3x_sm90_tensorop_s64x128x16gemm_f16_f16_f32_f16_f16_128x128x64_1x2x1_0_nnn_align8_warpspecialized_cooperative_epi_nosmem,passed,success,universal,1920,512,512,f16:column,f16:column,f16:column,f16:column,1,0,serial,2,1,heuristic,invalid,invalid,false,false,1,tensorop,f32,128,128,64,1,2,1,0,0,0,7,4,2,1,64,128,16,90,90,4456448,1008599040,226,0.0103453,401.187,97493.6
31,CUTLASS,gemm,cutlass3x_sm90_tensorop_s64x128x16gemm_f16_f16_f32_f16_f16_128x128x64_1x2x1_0_nnn_align8_warpspecialized_cooperative_epi_tma,passed,success,universal,1920,512,512,f16:column,f16:column,f16:column,f16:column,1,0,serial,2,1,heuristic,invalid,invalid,false,false,1,tensorop,f32,128,128,64,1,2,1,0,0,0,6,4,2,1,64,128,16,90,90,4456448,1008599040,226,0.00928256,447.117,108655
31,CUTLASS,gemm,cutlass3x_sm90_tensorop_s64x128x16gemm_f16_f16_f32_f16_f16_128x128x64_1x2x1_0_nnn_align8_stream_k_warpspecialized_cooperative_epi_nosmem,passed,success,universal,1920,512,512,f16:column,f16:column,f16:column,f16:column,1,0,serial,2,1,heuristic,invalid,invalid,false,false,1,tensorop,f32,128,128,64,1,2,1,0,0,0,7,4,2,1,64,128,16,90,90,4456448,1008599040,226,0.013801,300.732,73081.8
31,CUTLASS,gemm,cutlass3x_sm90_tensorop_s64x128x16gemm_f16_f16_f32_f16_f16_128x128x64_1x2x1_0_nnn_align8_stream_k_warpspecialized_cooperative_epi_tma,passed,success,universal,1920,512,512,f16:column,f16:column,f16:column,f16:column,1,0,serial,2,1,heuristic,invalid,invalid,false,false,1,tensorop,f32,128,128,64,1,2,1,0,0,0,6,4,2,1,64,128,16,90,90,4456448,1008599040,226,0.0137952,300.858,73112.3
31,CUTLASS,gemm,cutlass3x_sm90_tensorop_s64x128x16gemm_f16_f16_f32_f16_f16_128x128x64_2x1x1_0_nnn_align8,passed,success,universal,1920,512,512,f16:column,f16:column,f16:column,f16:column,1,0,serial,2,1,heuristic,invalid,invalid,false,false,1,tensorop,f32,128,128,64,2,1,1,0,0,0,7,4,2,1,64,128,16,90,90,4456448,1008599040,226,0.0101638,408.349,99234.1
31,CUTLASS,gemm,cutlass3x_sm90_tensorop_s64x128x16gemm_f16_f16_f32_f16_f16_128x128x64_2x1x1_0_nnn_align8_warpspecialized_epi_nosmem,passed,success,universal,1920,512,512,f16:column,f16:column,f16:column,f16:column,1,0,serial,2,1,heuristic,invalid,invalid,false,false,1,tensorop,f32,128,128,64,2,1,1,0,0,0,7,4,1,1,64,128,16,90,90,4456448,1008599040,226,0.00962112,431.383,104832
31,CUTLASS,gemm,cutlass3x_sm90_tensorop_s64x128x16gemm_f16_f16_f32_f16_f16_128x128x64_2x1x1_0_nnn_align8_warpspecialized_pingpong_epi_tma,passed,success,universal,1920,512,512,f16:column,f16:column,f16:column,f16:column,1,0,serial,2,1,heuristic,invalid,invalid,false,false,1,tensorop,f32,128,128,64,2,1,1,0,0,0,6,4,1,1,64,128,16,90,90,4456448,1008599040,226,0.00977472,424.605,103184
31,CUTLASS,gemm,cutlass3x_sm90_tensorop_s64x128x16gemm_f16_f16_f32_f16_f16_128x128x64_2x1x1_0_nnn_align8_warpspecialized_pingpong_epi_nosmem,passed,success,universal,1920,512,512,f16:column,f16:column,f16:column,f16:column,1,0,serial,2,1,heuristic,invalid,invalid,false,false,1,tensorop,f32,128,128,64,2,1,1,0,0,0,7,4,1,1,64,128,16,90,90,4456448,1008599040,226,0.010335,401.584,97590.2
31,CUTLASS,gemm,cutlass3x_sm90_tensorop_s64x128x16gemm_f16_f16_f32_f16_f16_128x128x64_2x1x1_0_nnn_align8_warpspecialized_cooperative_epi_nosmem,passed,success,universal,1920,512,512,f16:column,f16:column,f16:column,f16:column,1,0,serial,2,1,heuristic,invalid,invalid,false,false,1,tensorop,f32,128,128,64,2,1,1,0,0,0,7,4,2,1,64,128,16,90,90,4456448,1008599040,226,0.010103,410.806,99831.2
31,CUTLASS,gemm,cutlass3x_sm90_tensorop_s64x128x16gemm_f16_f16_f32_f16_f16_128x128x64_2x1x1_0_nnn_align8_warpspecialized_cooperative_epi_tma,passed,success,universal,1920,512,512,f16:column,f16:column,f16:column,f16:column,1,0,serial,2,1,heuristic,invalid,invalid,false,false,1,tensorop,f32,128,128,64,2,1,1,0,0,0,6,4,2,1,64,128,16,90,90,4456448,1008599040,226,0.0090944,456.368,110903
31,CUTLASS,gemm,cutlass3x_sm90_tensorop_s64x128x16gemm_f16_f16_f32_f16_f16_128x128x64_2x1x1_0_nnn_align8_stream_k_warpspecialized_cooperative_epi_nosmem,passed,success,universal,1920,512,512,f16:column,f16:column,f16:column,f16:column,1,0,serial,2,1,heuristic,invalid,invalid,false,false,1,tensorop,f32,128,128,64,2,1,1,0,0,0,7,4,2,1,64,128,16,90,90,4456448,1008599040,226,0.0138605,299.441,72768
31,CUTLASS,gemm,cutlass3x_sm90_tensorop_s64x128x16gemm_f16_f16_f32_f16_f16_128x128x64_2x1x1_0_nnn_align8_stream_k_warpspecialized_cooperative_epi_tma,passed,success,universal,1920,512,512,f16:column,f16:column,f16:column,f16:column,1,0,serial,2,1,heuristic,invalid,invalid,false,false,1,tensorop,f32,128,128,64,2,1,1,0,0,0,6,4,2,1,64,128,16,90,90,4456448,1008599040,226,0.0136221,304.681,74041.5
32,CUTLASS,gemm,cutlass_tensorop_f16_s1688gemm_f16_256x128_32x2_nn_align8,passed,success,universal,2048,512,512,f16:column,f16:column,f16:column,f16:column,1,0,serial,2,1,heuristic,invalid,invalid,false,false,1,tensorop,f32,256,128,32,1,1,1,0,0,0,2,4,2,1,16,8,8,75,1024,4718592,1075838976,228,0.0206266,213.052,52157.9
32,CUTLASS,gemm,cutlass_tensorop_f16_s16816gemm_f16_256x128_32x3_nn_align8,passed,success,universal,2048,512,512,f16:column,f16:column,f16:column,f16:column,1,0,serial,2,1,heuristic,invalid,invalid,false,false,1,tensorop,f32,256,128,32,1,1,1,0,0,0,3,4,2,1,16,8,16,80,1024,4718592,1075838976,228,0.0154387,284.643,69684.5
32,CUTLASS,gemm,cutlass3x_sm90_tensorop_s64x128x16gemm_f16_f16_f32_f16_f16_128x128x64_1x2x1_0_nnn_align8,passed,success,universal,2048,512,512,f16:column,f16:column,f16:column,f16:column,1,0,serial,2,1,heuristic,invalid,invalid,false,false,1,tensorop,f32,128,128,64,1,2,1,0,0,0,7,4,2,1,64,128,16,90,90,4718592,1075838976,228,0.0099952,439.664,107636
32,CUTLASS,gemm,cutlass3x_sm90_tensorop_s64x128x16gemm_f16_f16_f32_f16_f16_128x128x64_1x2x1_0_nnn_align8_warpspecialized_epi_nosmem,passed,success,universal,2048,512,512,f16:column,f16:column,f16:column,f16:column,1,0,serial,2,1,heuristic,invalid,invalid,false,false,1,tensorop,f32,128,128,64,1,2,1,0,0,0,7,4,1,1,64,128,16,90,90,4718592,1075838976,228,0.00939552,467.726,114506
32,CUTLASS,gemm,cutlass3x_sm90_tensorop_s64x128x16gemm_f16_f16_f32_f16_f16_128x128x64_1x2x1_0_nnn_align8_warpspecialized_pingpong_epi_tma,passed,success,universal,2048,512,512,f16:column,f16:column,f16:column,f16:column,1,0,serial,2,1,heuristic,invalid,invalid,false,false,1,tensorop,f32,128,128,64,1,2,1,0,0,0,6,4,1,1,64,128,16,90,90,4718592,1075838976,228,0.00991904,443.04,108462
32,CUTLASS,gemm,cutlass3x_sm90_tensorop_s64x128x16gemm_f16_f16_f32_f16_f16_128x128x64_1x2x1_0_nnn_align8_warpspecialized_pingpong_epi_nosmem,passed,success,universal,2048,512,512,f16:column,f16:column,f16:column,f16:column,1,0,serial,2,1,heuristic,invalid,invalid,false,false,1,tensorop,f32,128,128,64,1,2,1,0,0,0,7,4,1,1,64,128,16,90,90,4718592,1075838976,228,0.00993632,442.269,108273
32,CUTLASS,gemm,cutlass3x_sm90_tensorop_s64x128x16gemm_f16_f16_f32_f16_f16_128x128x64_1x2x1_0_nnn_align8_warpspecialized_cooperative_epi_nosmem,passed,success,universal,2048,512,512,f16:column,f16:column,f16:column,f16:column,1,0,serial,2,1,heuristic,invalid,invalid,false,false,1,tensorop,f32,128,128,64,1,2,1,0,0,0,7,4,2,1,64,128,16,90,90,4718592,1075838976,228,0.00996992,440.779,107908
32,CUTLASS,gemm,cutlass3x_sm90_tensorop_s64x128x16gemm_f16_f16_f32_f16_f16_128x128x64_1x2x1_0_nnn_align8_warpspecialized_cooperative_epi_tma,passed,success,universal,2048,512,512,f16:column,f16:column,f16:column,f16:column,1,0,serial,2,1,heuristic,invalid,invalid,false,false,1,tensorop,f32,128,128,64,1,2,1,0,0,0,6,4,2,1,64,128,16,90,90,4718592,1075838976,228,0.00926336,474.399,116139
32,CUTLASS,gemm,cutlass3x_sm90_tensorop_s64x128x16gemm_f16_f16_f32_f16_f16_128x128x64_1x2x1_0_nnn_align8_stream_k_warpspecialized_cooperative_epi_nosmem,passed,success,universal,2048,512,512,f16:column,f16:column,f16:column,f16:column,1,0,serial,2,1,heuristic,invalid,invalid,false,false,1,tensorop,f32,128,128,64,1,2,1,0,0,0,7,4,2,1,64,128,16,90,90,4718592,1075838976,228,0.013672,321.426,78689.2
32,CUTLASS,gemm,cutlass3x_sm90_tensorop_s64x128x16gemm_f16_f16_f32_f16_f16_128x128x64_1x2x1_0_nnn_align8_stream_k_warpspecialized_cooperative_epi_tma,passed,success,universal,2048,512,512,f16:column,f16:column,f16:column,f16:column,1,0,serial,2,1,heuristic,invalid,invalid,false,false,1,tensorop,f32,128,128,64,1,2,1,0,0,0,6,4,2,1,64,128,16,90,90,4718592,1075838976,228,0.0135821,323.554,79210.2
32,CUTLASS,gemm,cutlass3x_sm90_tensorop_s64x128x16gemm_f16_f16_f32_f16_f16_128x128x64_2x1x1_0_nnn_align8,passed,success,universal,2048,512,512,f16:column,f16:column,f16:column,f16:column,1,0,serial,2,1,heuristic,invalid,invalid,false,false,1,tensorop,f32,128,128,64,2,1,1,0,0,0,7,4,2,1,64,128,16,90,90,4718592,1075838976,228,0.0100438,437.535,107114
32,CUTLASS,gemm,cutlass3x_sm90_tensorop_s64x128x16gemm_f16_f16_f32_f16_f16_128x128x64_2x1x1_0_nnn_align8_warpspecialized_epi_nosmem,passed,success,universal,2048,512,512,f16:column,f16:column,f16:column,f16:column,1,0,serial,2,1,heuristic,invalid,invalid,false,false,1,tensorop,f32,128,128,64,2,1,1,0,0,0,7,4,1,1,64,128,16,90,90,4718592,1075838976,228,0.00958048,458.696,112295
32,CUTLASS,gemm,cutlass3x_sm90_tensorop_s64x128x16gemm_f16_f16_f32_f16_f16_128x128x64_2x1x1_0_nnn_align8_warpspecialized_pingpong_epi_tma,passed,success,universal,2048,512,512,f16:column,f16:column,f16:column,f16:column,1,0,serial,2,1,heuristic,invalid,invalid,false,false,1,tensorop,f32,128,128,64,2,1,1,0,0,0,6,4,1,1,64,128,16,90,90,4718592,1075838976,228,0.00993536,442.312,108284
32,CUTLASS,gemm,cutlass3x_sm90_tensorop_s64x128x16gemm_f16_f16_f32_f16_f16_128x128x64_2x1x1_0_nnn_align8_warpspecialized_pingpong_epi_nosmem,passed,success,universal,2048,512,512,f16:column,f16:column,f16:column,f16:column,1,0,serial,2,1,heuristic,invalid,invalid,false,false,1,tensorop,f32,128,128,64,2,1,1,0,0,0,7,4,1,1,64,128,16,90,90,4718592,1075838976,228,0.0101242,434.064,106265
32,CUTLASS,gemm,cutlass3x_sm90_tensorop_s64x128x16gemm_f16_f16_f32_f16_f16_128x128x64_2x1x1_0_nnn_align8_warpspecialized_cooperative_epi_nosmem,passed,success,universal,2048,512,512,f16:column,f16:column,f16:column,f16:column,1,0,serial,2,1,heuristic,invalid,invalid,false,false,1,tensorop,f32,128,128,64,2,1,1,0,0,0,7,4,2,1,64,128,16,90,90,4718592,1075838976,228,0.0100374,437.814,107183
32,CUTLASS,gemm,cutlass3x_sm90_tensorop_s64x128x16gemm_f16_f16_f32_f16_f16_128x128x64_2x1x1_0_nnn_align8_warpspecialized_cooperative_epi_tma,passed,success,universal,2048,512,512,f16:column,f16:column,f16:column,f16:column,1,0,serial,2,1,heuristic,invalid,invalid,false,false,1,tensorop,f32,128,128,64,2,1,1,0,0,0,6,4,2,1,64,128,16,90,90,4718592,1075838976,228,0.00926176,474.481,116159
32,CUTLASS,gemm,cutlass3x_sm90_tensorop_s64x128x16gemm_f16_f16_f32_f16_f16_128x128x64_2x1x1_0_nnn_align8_stream_k_warpspecialized_cooperative_epi_nosmem,passed,success,universal,2048,512,512,f16:column,f16:column,f16:column,f16:column,1,0,serial,2,1,heuristic,invalid,invalid,false,false,1,tensorop,f32,128,128,64,2,1,1,0,0,0,7,4,2,1,64,128,16,90,90,4718592,1075838976,228,0.0137408,319.816,78295.2
32,CUTLASS,gemm,cutlass3x_sm90_tensorop_s64x128x16gemm_f16_f16_f32_f16_f16_128x128x64_2x1x1_0_nnn_align8_stream_k_warpspecialized_cooperative_epi_tma,passed,success,universal,2048,512,512,f16:column,f16:column,f16:column,f16:column,1,0,serial,2,1,heuristic,invalid,invalid,false,false,1,tensorop,f32,128,128,64,2,1,1,0,0,0,6,4,2,1,64,128,16,90,90,4718592,1075838976,228,0.0136499,321.946,78816.5
33,CUTLASS,gemm,cutlass_tensorop_f16_s1688gemm_f16_256x128_32x2_nn_align8,passed,success,universal,128,512,512,f16:column,f16:column,f16:column,f16:column,1,0,serial,4,1,heuristic,invalid,invalid,false,false,1,tensorop,f32,256,128,32,1,1,1,0,0,0,2,4,2,1,16,8,8,75,1024,786432,67239936,85,0.0203498,35.9917,3304.21
33,CUTLASS,gemm,cutlass_tensorop_f16_s16816gemm_f16_256x128_32x3_nn_align8,passed,success,universal,128,512,512,f16:column,f16:column,f16:column,f16:column,1,0,serial,4,1,heuristic,invalid,invalid,false,false,1,tensorop,f32,256,128,32,1,1,1,0,0,0,3,4,2,1,16,8,16,80,1024,786432,67239936,85,0.0182835,40.0591,3677.63
33,CUTLASS,gemm,cutlass3x_sm90_tensorop_s64x128x16gemm_f16_f16_f32_f16_f16_128x128x64_1x2x1_0_nnn_align8,passed,success,universal,128,512,512,f16:column,f16:column,f16:column,f16:column,1,0,serial,4,1,heuristic,invalid,invalid,false,false,1,tensorop,f32,128,128,64,1,2,1,0,0,0,7,4,2,1,64,128,16,90,90,786432,67239936,85,0.00908032,80.6604,7405.02
33,CUTLASS,gemm,cutlass3x_sm90_tensorop_s64x128x16gemm_f16_f16_f32_f16_f16_128x128x64_1x2x1_0_nnn_align8_warpspecialized_epi_nosmem,passed,success,universal,128,512,512,f16:column,f16:column,f16:column,f16:column,1,0,serial,4,1,heuristic,invalid,invalid,false,false,1,tensorop,f32,128,128,64,1,2,1,0,0,0,7,4,1,1,64,128,16,90,90,786432,67239936,85,0.0085712,85.4515,7844.87
33,CUTLASS,gemm,cutlass3x_sm90_tensorop_s64x128x16gemm_f16_f16_f32_f16_f16_128x128x64_1x2x1_0_nnn_align8_warpspecialized_pingpong_epi_tma,passed,success,universal,128,512,512,f16:column,f16:column,f16:column,f16:column,1,0,serial,4,1,heuristic,invalid,invalid,false,false,1,tensorop,f32,128,128,64,1,2,1,0,0,0,6,4,1,1,64,128,16,90,90,786432,67239936,85,0.00902208,81.181,7452.82
33,CUTLASS,gemm,cutlass3x_sm90_tensorop_s64x128x16gemm_f16_f16_f32_f16_f16_128x128x64_1x2x1_0_nnn_align8_warpspecialized_pingpong_epi_nosmem,passed,success,universal,128,512,512,f16:column,f16:column,f16:column,f16:column,1,0,serial,4,1,heuristic,invalid,invalid,false,false,1,tensorop,f32,128,128,64,1,2,1,0,0,0,7,4,1,1,64,128,16,90,90,786432,67239936,85,0.00879872,83.2419,7642.01
33,CUTLASS,gemm,cutlass3x_sm90_tensorop_s64x128x16gemm_f16_f16_f32_f16_f16_128x128x64_1x2x1_0_nnn_align8_warpspecialized_cooperative_epi_nosmem,passed,success,universal,128,512,512,f16:column,f16:column,f16:column,f16:column,1,0,serial,4,1,heuristic,invalid,invalid,false,false,1,tensorop,f32,128,128,64,1,2,1,0,0,0,7,4,2,1,64,128,16,90,90,786432,67239936,85,0.00903168,81.0948,7444.9
33,CUTLASS,gemm,cutlass3x_sm90_tensorop_s64x128x16gemm_f16_f16_f32_f16_f16_128x128x64_1x2x1_0_nnn_align8_warpspecialized_cooperative_epi_tma,passed,success,universal,128,512,512,f16:column,f16:column,f16:column,f16:column,1,0,serial,4,1,heuristic,invalid,invalid,false,false,1,tensorop,f32,128,128,64,1,2,1,0,0,0,6,4,2,1,64,128,16,90,90,786432,67239936,85,0.00836768,87.5299,8035.67
33,CUTLASS,gemm,cutlass3x_sm90_tensorop_s64x128x16gemm_f16_f16_f32_f16_f16_128x128x64_1x2x1_0_nnn_align8_stream_k_warpspecialized_cooperative_epi_nosmem,passed,success,universal,128,512,512,f16:column,f16:column,f16:column,f16:column,1,0,serial,4,1,heuristic,invalid,invalid,false,false,1,tensorop,f32,128,128,64,1,2,1,0,0,0,7,4,2,1,64,128,16,90,90,786432,67239936,85,0.0160774,45.5559,4182.25
33,CUTLASS,gemm,cutlass3x_sm90_tensorop_s64x128x16gemm_f16_f16_f32_f16_f16_128x128x64_1x2x1_0_nnn_align8_stream_k_warpspecialized_cooperative_epi_tma,passed,success,universal,128,512,512,f16:column,f16:column,f16:column,f16:column,1,0,serial,4,1,heuristic,invalid,invalid,false,false,1,tensorop,f32,128,128,64,1,2,1,0,0,0,6,4,2,1,64,128,16,90,90,786432,67239936,85,0.0159318,45.9722,4220.48
33,CUTLASS,gemm,cutlass3x_sm90_tensorop_s64x128x16gemm_f16_f16_f32_f16_f16_128x128x64_2x1x1_0_nnn_align8,passed,success,universal,128,512,512,f16:column,f16:column,f16:column,f16:column,1,0,serial,4,1,heuristic,invalid,invalid,false,false,1,tensorop,f32,128,128,64,2,1,1,0,0,0,7,4,2,1,64,128,16,90,90,786432,67239936,85,0.00945728,77.4453,7109.86
33,CUTLASS,gemm,cutlass3x_sm90_tensorop_s64x128x16gemm_f16_f16_f32_f16_f16_128x128x64_2x1x1_0_nnn_align8_warpspecialized_epi_nosmem,passed,success,universal,128,512,512,f16:column,f16:column,f16:column,f16:column,1,0,serial,4,1,heuristic,invalid,invalid,false,false,1,tensorop,f32,128,128,64,2,1,1,0,0,0,7,4,1,1,64,128,16,90,90,786432,67239936,85,0.0089632,81.7143,7501.78
33,CUTLASS,gemm,cutlass3x_sm90_tensorop_s64x128x16gemm_f16_f16_f32_f16_f16_128x128x64_2x1x1_0_nnn_align8_warpspecialized_pingpong_epi_tma,passed,success,universal,128,512,512,f16:column,f16:column,f16:column,f16:column,1,0,serial,4,1,heuristic,invalid,invalid,false,false,1,tensorop,f32,128,128,64,2,1,1,0,0,0,6,4,1,1,64,128,16,90,90,786432,67239936,85,0.00932992,78.5025,7206.91
33,CUTLASS,gemm,cutlass3x_sm90_tensorop_s64x128x16gemm_f16_f16_f32_f16_f16_128x128x64_2x1x1_0_nnn_align8_warpspecialized_pingpong_epi_nosmem,passed,success,universal,128,512,512,f16:column,f16:column,f16:column,f16:column,1,0,serial,4,1,heuristic,invalid,invalid,false,false,1,tensorop,f32,128,128,64,2,1,1,0,0,0,7,4,1,1,64,128,16,90,90,786432,67239936,85,0.00920448,79.5723,7305.13
33,CUTLASS,gemm,cutlass3x_sm90_tensorop_s64x128x16gemm_f16_f16_f32_f16_f16_128x128x64_2x1x1_0_nnn_align8_warpspecialized_cooperative_epi_nosmem,passed,success,universal,128,512,512,f16:column,f16:column,f16:column,f16:column,1,0,serial,4,1,heuristic,invalid,invalid,false,false,1,tensorop,f32,128,128,64,2,1,1,0,0,0,7,4,2,1,64,128,16,90,90,786432,67239936,85,0.00943104,77.6608,7129.64
33,CUTLASS,gemm,cutlass3x_sm90_tensorop_s64x128x16gemm_f16_f16_f32_f16_f16_128x128x64_2x1x1_0_nnn_align8_warpspecialized_cooperative_epi_tma,passed,success,universal,128,512,512,f16:column,f16:column,f16:column,f16:column,1,0,serial,4,1,heuristic,invalid,invalid,false,false,1,tensorop,f32,128,128,64,2,1,1,0,0,0,6,4,2,1,64,128,16,90,90,786432,67239936,85,0.00870496,84.1385,7724.32
33,CUTLASS,gemm,cutlass3x_sm90_tensorop_s64x128x16gemm_f16_f16_f32_f16_f16_128x128x64_2x1x1_0_nnn_align8_stream_k_warpspecialized_cooperative_epi_nosmem,passed,success,universal,128,512,512,f16:column,f16:column,f16:column,f16:column,1,0,serial,4,1,heuristic,invalid,invalid,false,false,1,tensorop,f32,128,128,64,2,1,1,0,0,0,7,4,2,1,64,128,16,90,90,786432,67239936,85,0.0160982,45.497,4176.85
33,CUTLASS,gemm,cutlass3x_sm90_tensorop_s64x128x16gemm_f16_f16_f32_f16_f16_128x128x64_2x1x1_0_nnn_align8_stream_k_warpspecialized_cooperative_epi_tma,passed,success,universal,128,512,512,f16:column,f16:column,f16:column,f16:column,1,0,serial,4,1,heuristic,invalid,invalid,false,false,1,tensorop,f32,128,128,64,2,1,1,0,0,0,6,4,2,1,64,128,16,90,90,786432,67239936,85,0.0160006,45.7745,4202.33
34,CUTLASS,gemm,cutlass_tensorop_f16_s1688gemm_f16_256x128_32x2_nn_align8,passed,success,universal,256,512,512,f16:column,f16:column,f16:column,f16:column,1,0,serial,4,1,heuristic,invalid,invalid,false,false,1,tensorop,f32,256,128,32,1,1,1,0,0,0,2,4,2,1,16,8,8,75,1024,1048576,134479872,128,0.0211539,46.1646,6357.21
34,CUTLASS,gemm,cutlass_tensorop_f16_s16816gemm_f16_256x128_32x3_nn_align8,passed,success,universal,256,512,512,f16:column,f16:column,f16:column,f16:column,1,0,serial,4,1,heuristic,invalid,invalid,false,false,1,tensorop,f32,256,128,32,1,1,1,0,0,0,3,4,2,1,16,8,16,80,1024,1048576,134479872,128,0.0189952,51.411,7079.68
34,CUTLASS,gemm,cutlass3x_sm90_tensorop_s64x128x16gemm_f16_f16_f32_f16_f16_128x128x64_1x2x1_0_nnn_align8,passed,success,universal,256,512,512,f16:column,f16:column,f16:column,f16:column,1,0,serial,4,1,heuristic,invalid,invalid,false,false,1,tensorop,f32,128,128,64,1,2,1,0,0,0,7,4,2,1,64,128,16,90,90,1048576,134479872,128,0.00912192,107.057,14742.5
34,CUTLASS,gemm,cutlass3x_sm90_tensorop_s64x128x16gemm_f16_f16_f32_f16_f16_128x128x64_1x2x1_0_nnn_align8_warpspecialized_epi_nosmem,passed,success,universal,256,512,512,f16:column,f16:column,f16:column,f16:column,1,0,serial,4,1,heuristic,invalid,invalid,false,false,1,tensorop,f32,128,128,64,1,2,1,0,0,0,7,4,1,1,64,128,16,90,90,1048576,134479872,128,0.0088048,110.913,15273.5
34,CUTLASS,gemm,cutlass3x_sm90_tensorop_s64x128x16gemm_f16_f16_f32_f16_f16_128x128x64_1x2x1_0_nnn_align8_warpspecialized_pingpong_epi_tma,passed,success,universal,256,512,512,f16:column,f16:column,f16:column,f16:column,1,0,serial,4,1,heuristic,invalid,invalid,false,false,1,tensorop,f32,128,128,64,1,2,1,0,0,0,6,4,1,1,64,128,16,90,90,1048576,134479872,128,0.009104,107.267,14771.5
34,CUTLASS,gemm,cutlass3x_sm90_tensorop_s64x128x16gemm_f16_f16_f32_f16_f16_128x128x64_1x2x1_0_nnn_align8_warpspecialized_pingpong_epi_nosmem,passed,success,universal,256,512,512,f16:column,f16:column,f16:column,f16:column,1,0,serial,4,1,heuristic,invalid,invalid,false,false,1,tensorop,f32,128,128,64,1,2,1,0,0,0,7,4,1,1,64,128,16,90,90,1048576,134479872,128,0.00890208,109.7,15106.6
34,CUTLASS,gemm,cutlass3x_sm90_tensorop_s64x128x16gemm_f16_f16_f32_f16_f16_128x128x64_1x2x1_0_nnn_align8_warpspecialized_cooperative_epi_nosmem,passed,success,universal,256,512,512,f16:column,f16:column,f16:column,f16:column,1,0,serial,4,1,heuristic,invalid,invalid,false,false,1,tensorop,f32,128,128,64,1,2,1,0,0,0,7,4,2,1,64,128,16,90,90,1048576,134479872,128,0.00912512,107.019,14737.3
34,CUTLASS,gemm,cutlass3x_sm90_tensorop_s64x128x16gemm_f16_f16_f32_f16_f16_128x128x64_1x2x1_0_nnn_align8_warpspecialized_cooperative_epi_tma,passed,success,universal,256,512,512,f16:column,f16:column,f16:column,f16:column,1,0,serial,4,1,heuristic,invalid,invalid,false,false,1,tensorop,f32,128,128,64,1,2,1,0,0,0,6,4,2,1,64,128,16,90,90,1048576,134479872,128,0.00847296,115.256,15871.7
34,CUTLASS,gemm,cutlass3x_sm90_tensorop_s64x128x16gemm_f16_f16_f32_f16_f16_128x128x64_1x2x1_0_nnn_align8_stream_k_warpspecialized_cooperative_epi_nosmem,passed,success,universal,256,512,512,f16:column,f16:column,f16:column,f16:column,1,0,serial,4,1,heuristic,invalid,invalid,false,false,1,tensorop,f32,128,128,64,1,2,1,0,0,0,7,4,2,1,64,128,16,90,90,1048576,134479872,128,0.0161981,60.2888,8302.21
34,CUTLASS,gemm,cutlass3x_sm90_tensorop_s64x128x16gemm_f16_f16_f32_f16_f16_128x128x64_1x2x1_0_nnn_align8_stream_k_warpspecialized_cooperative_epi_tma,passed,success,universal,256,512,512,f16:column,f16:column,f16:column,f16:column,1,0,serial,4,1,heuristic,invalid,invalid,false,false,1,tensorop,f32,128,128,64,1,2,1,0,0,0,6,4,2,1,64,128,16,90,90,1048576,134479872,128,0.0159456,61.2434,8433.67
34,CUTLASS,gemm,cutlass3x_sm90_tensorop_s64x128x16gemm_f16_f16_f32_f16_f16_128x128x64_2x1x1_0_nnn_align8,passed,success,universal,256,512,512,f16:column,f16:column,f16:column,f16:column,1,0,serial,4,1,heuristic,invalid,invalid,false,false,1,tensorop,f32,128,128,64,2,1,1,0,0,0,7,4,2,1,64,128,16,90,90,1048576,134479872,128,0.00917888,106.392,14651
34,CUTLASS,gemm,cutlass3x_sm90_tensorop_s64x128x16gemm_f16_f16_f32_f16_f16_128x128x64_2x1x1_0_nnn_align8_warpspecialized_epi_nosmem,passed,success,universal,256,512,512,f16:column,f16:column,f16:column,f16:column,1,0,serial,4,1,heuristic,invalid,invalid,false,false,1,tensorop,f32,128,128,64,2,1,1,0,0,0,7,4,1,1,64,128,16,90,90,1048576,134479872,128,0.00872,111.991,15422
34,CUTLASS,gemm,cutlass3x_sm90_tensorop_s64x128x16gemm_f16_f16_f32_f16_f16_128x128x64_2x1x1_0_nnn_align8_warpspecialized_pingpong_epi_tma,passed,success,universal,256,512,512,f16:column,f16:column,f16:column,f16:column,1,0,serial,4,1,heuristic,invalid,invalid,false,false,1,tensorop,f32,128,128,64,2,1,1,0,0,0,6,4,1,1,64,128,16,90,90,1048576,134479872,128,0.009184,106.333,14642.8
34,CUTLASS,gemm,cutlass3x_sm90_tensorop_s64x128x16gemm_f16_f16_f32_f16_f16_128x128x64_2x1x1_0_nnn_align8_warpspecialized_pingpong_epi_nosmem,passed,success,universal,256,512,512,f16:column,f16:column,f16:column,f16:column,1,0,serial,4,1,heuristic,invalid,invalid,false,false,1,tensorop,f32,128,128,64,2,1,1,0,0,0,7,4,1,1,64,128,16,90,90,1048576,134479872,128,0.0090288,108.161,14894.5
34,CUTLASS,gemm,cutlass3x_sm90_tensorop_s64x128x16gemm_f16_f16_f32_f16_f16_128x128x64_2x1x1_0_nnn_align8_warpspecialized_cooperative_epi_nosmem,passed,success,universal,256,512,512,f16:column,f16:column,f16:column,f16:column,1,0,serial,4,1,heuristic,invalid,invalid,false,false,1,tensorop,f32,128,128,64,2,1,1,0,0,0,7,4,2,1,64,128,16,90,90,1048576,134479872,128,0.00918368,106.337,14643.4
34,CUTLASS,gemm,cutlass3x_sm90_tensorop_s64x128x16gemm_f16_f16_f32_f16_f16_128x128x64_2x1x1_0_nnn_align8_warpspecialized_cooperative_epi_tma,passed,success,universal,256,512,512,f16:column,f16:column,f16:column,f16:column,1,0,serial,4,1,heuristic,invalid,invalid,false,false,1,tensorop,f32,128,128,64,2,1,1,0,0,0,6,4,2,1,64,128,16,90,90,1048576,134479872,128,0.00831744,117.411,16168.4
34,CUTLASS,gemm,cutlass3x_sm90_tensorop_s64x128x16gemm_f16_f16_f32_f16_f16_128x128x64_2x1x1_0_nnn_align8_stream_k_warpspecialized_cooperative_epi_nosmem,passed,success,universal,256,512,512,f16:column,f16:column,f16:column,f16:column,1,0,serial,4,1,heuristic,invalid,invalid,false,false,1,tensorop,f32,128,128,64,2,1,1,0,0,0,7,4,2,1,64,128,16,90,90,1048576,134479872,128,0.016047,60.8562,8380.35
34,CUTLASS,gemm,cutlass3x_sm90_tensorop_s64x128x16gemm_f16_f16_f32_f16_f16_128x128x64_2x1x1_0_nnn_align8_stream_k_warpspecialized_cooperative_epi_tma,passed,success,universal,256,512,512,f16:column,f16:column,f16:column,f16:column,1,0,serial,4,1,heuristic,invalid,invalid,false,false,1,tensorop,f32,128,128,64,2,1,1,0,0,0,6,4,2,1,64,128,16,90,90,1048576,134479872,128,0.0158528,61.6019,8483.04
35,CUTLASS,gemm,cutlass_tensorop_f16_s1688gemm_f16_256x128_32x2_nn_align8,passed,success,universal,384,512,512,f16:column,f16:column,f16:column,f16:column,1,0,serial,4,1,heuristic,invalid,invalid,false,false,1,tensorop,f32,256,128,32,1,1,1,0,0,0,2,4,2,1,16,8,8,75,1024,1310720,201719808,153,0.0213574,57.1559,9444.94
35,CUTLASS,gemm,cutlass_tensorop_f16_s16816gemm_f16_256x128_32x3_nn_align8,passed,success,universal,384,512,512,f16:column,f16:column,f16:column,f16:column,1,0,serial,4,1,heuristic,invalid,invalid,false,false,1,tensorop,f32,256,128,32,1,1,1,0,0,0,3,4,2,1,16,8,16,80,1024,1310720,201719808,153,0.0191674,63.6866,10524.1
35,CUTLASS,gemm,cutlass3x_sm90_tensorop_s64x128x16gemm_f16_f16_f32_f16_f16_128x128x64_1x2x1_0_nnn_align8,passed,success,universal,384,512,512,f16:column,f16:column,f16:column,f16:column,1,0,serial,4,1,heuristic,invalid,invalid,false,false,1,tensorop,f32,128,128,64,1,2,1,0,0,0,7,4,2,1,64,128,16,90,90,1310720,201719808,153,0.00963392,126.709,20938.5
35,CUTLASS,gemm,cutlass3x_sm90_tensorop_s64x128x16gemm_f16_f16_f32_f16_f16_128x128x64_1x2x1_0_nnn_align8_warpspecialized_epi_nosmem,passed,success,universal,384,512,512,f16:column,f16:column,f16:column,f16:column,1,0,serial,4,1,heuristic,invalid,invalid,false,false,1,tensorop,f32,128,128,64,1,2,1,0,0,0,7,4,1,1,64,128,16,90,90,1310720,201719808,153,0.00911904,133.863,22120.7
35,CUTLASS,gemm,cutlass3x_sm90_tensorop_s64x128x16gemm_f16_f16_f32_f16_f16_128x128x64_1x2x1_0_nnn_align8_warpspecialized_pingpong_epi_tma,passed,success,universal,384,512,512,f16:column,f16:column,f16:column,f16:column,1,0,serial,4,1,heuristic,invalid,invalid,false,false,1,tensorop,f32,128,128,64,1,2,1,0,0,0,6,4,1,1,64,128,16,90,90,1310720,201719808,153,0.00911968,133.854,22119.2
35,CUTLASS,gemm,cutlass3x_sm90_tensorop_s64x128x16gemm_f16_f16_f32_f16_f16_128x128x64_1x2x1_0_nnn_align8_warpspecialized_pingpong_epi_nosmem,passed,success,universal,384,512,512,f16:column,f16:column,f16:column,f16:column,1,0,serial,4,1,heuristic,invalid,invalid,false,false,1,tensorop,f32,128,128,64,1,2,1,0,0,0,7,4,1,1,64,128,16,90,90,1310720,201719808,153,0.00970496,125.781,20785.2
35,CUTLASS,gemm,cutlass3x_sm90_tensorop_s64x128x16gemm_f16_f16_f32_f16_f16_128x128x64_1x2x1_0_nnn_align8_warpspecialized_cooperative_epi_nosmem,passed,success,universal,384,512,512,f16:column,f16:column,f16:column,f16:column,1,0,serial,4,1,heuristic,invalid,invalid,false,false,1,tensorop,f32,128,128,64,1,2,1,0,0,0,7,4,2,1,64,128,16,90,90,1310720,201719808,153,0.00965344,126.453,20896.2
35,CUTLASS,gemm,cutlass3x_sm90_tensorop_s64x128x16gemm_f16_f16_f32_f16_f16_128x128x64_1x2x1_0_nnn_align8_warpspecialized_cooperative_epi_tma,passed,success,universal,384,512,512,f16:column,f16:column,f16:column,f16:column,1,0,serial,4,1,heuristic,invalid,invalid,false,false,1,tensorop,f32,128,128,64,1,2,1,0,0,0,6,4,2,1,64,128,16,90,90,1310720,201719808,153,0.00854784,142.808,23598.9
35,CUTLASS,gemm,cutlass3x_sm90_tensorop_s64x128x16gemm_f16_f16_f32_f16_f16_128x128x64_1x2x1_0_nnn_align8_stream_k_warpspecialized_cooperative_epi_nosmem,passed,success,universal,384,512,512,f16:column,f16:column,f16:column,f16:column,1,0,serial,4,1,heuristic,invalid,invalid,false,false,1,tensorop,f32,128,128,64,1,2,1,0,0,0,7,4,2,1,64,128,16,90,90,1310720,201719808,153,0.0165507,73.7553,12188
35,CUTLASS,gemm,cutlass3x_sm90_tensorop_s64x128x16gemm_f16_f16_f32_f16_f16_128x128x64_1x2x1_0_nnn_align8_stream_k_warpspecialized_cooperative_epi_tma,passed,success,universal,384,512,512,f16:column,f16:column,f16:column,f16:column,1,0,serial,4,1,heuristic,invalid,invalid,false,false,1,tensorop,f32,128,128,64,1,2,1,0,0,0,6,4,2,1,64,128,16,90,90,1310720,201719808,153,0.0159962,76.3123,12610.5
35,CUTLASS,gemm,cutlass3x_sm90_tensorop_s64x128x16gemm_f16_f16_f32_f16_f16_128x128x64_2x1x1_0_nnn_align8,passed,success,universal,384,512,512,f16:column,f16:column,f16:column,f16:column,1,0,serial,4,1,heuristic,invalid,invalid,false,false,1,tensorop,f32,128,128,64,2,1,1,0,0,0,7,4,2,1,64,128,16,90,90,1310720,201719808,153,0.00982464,124.249,20532
35,CUTLASS,gemm,cutlass3x_sm90_tensorop_s64x128x16gemm_f16_f16_f32_f16_f16_128x128x64_2x1x1_0_nnn_align8_warpspecialized_epi_nosmem,passed,success,universal,384,512,512,f16:column,f16:column,f16:column,f16:column,1,0,serial,4,1,heuristic,invalid,invalid,false,false,1,tensorop,f32,128,128,64,2,1,1,0,0,0,7,4,1,1,64,128,16,90,90,1310720,201719808,153,0.00947648,128.814,21286.4
35,CUTLASS,gemm,cutlass3x_sm90_tensorop_s64x128x16gemm_f16_f16_f32_f16_f16_128x128x64_2x1x1_0_nnn_align8_warpspecialized_pingpong_epi_tma,passed,success,universal,384,512,512,f16:column,f16:column,f16:column,f16:column,1,0,serial,4,1,heuristic,invalid,invalid,false,false,1,tensorop,f32,128,128,64,2,1,1,0,0,0,6,4,1,1,64,128,16,90,90,1310720,201719808,153,0.00926464,131.759,21773.1
35,CUTLASS,gemm,cutlass3x_sm90_tensorop_s64x128x16gemm_f16_f16_f32_f16_f16_128x128x64_2x1x1_0_nnn_align8_warpspecialized_pingpong_epi_nosmem,passed,success,universal,384,512,512,f16:column,f16:column,f16:column,f16:column,1,0,serial,4,1,heuristic,invalid,invalid,false,false,1,tensorop,f32,128,128,64,2,1,1,0,0,0,7,4,1,1,64,128,16,90,90,1310720,201719808,153,0.0100803,121.098,20011.3
35,CUTLASS,gemm,cutlass3x_sm90_tensorop_s64x128x16gemm_f16_f16_f32_f16_f16_128x128x64_2x1x1_0_nnn_align8_warpspecialized_cooperative_epi_nosmem,passed,success,universal,384,512,512,f16:column,f16:column,f16:column,f16:column,1,0,serial,4,1,heuristic,invalid,invalid,false,false,1,tensorop,f32,128,128,64,2,1,1,0,0,0,7,4,2,1,64,128,16,90,90,1310720,201719808,153,0.0097424,125.298,20705.4
35,CUTLASS,gemm,cutlass3x_sm90_tensorop_s64x128x16gemm_f16_f16_f32_f16_f16_128x128x64_2x1x1_0_nnn_align8_warpspecialized_cooperative_epi_tma,passed,success,universal,384,512,512,f16:column,f16:column,f16:column,f16:column,1,0,serial,4,1,heuristic,invalid,invalid,false,false,1,tensorop,f32,128,128,64,2,1,1,0,0,0,6,4,2,1,64,128,16,90,90,1310720,201719808,153,0.00861024,141.773,23427.9
35,CUTLASS,gemm,cutlass3x_sm90_tensorop_s64x128x16gemm_f16_f16_f32_f16_f16_128x128x64_2x1x1_0_nnn_align8_stream_k_warpspecialized_cooperative_epi_nosmem,passed,success,universal,384,512,512,f16:column,f16:column,f16:column,f16:column,1,0,serial,4,1,heuristic,invalid,invalid,false,false,1,tensorop,f32,128,128,64,2,1,1,0,0,0,7,4,2,1,64,128,16,90,90,1310720,201719808,153,0.0166458,73.3342,12118.4
35,CUTLASS,gemm,cutlass3x_sm90_tensorop_s64x128x16gemm_f16_f16_f32_f16_f16_128x128x64_2x1x1_0_nnn_align8_stream_k_warpspecialized_cooperative_epi_tma,passed,success,universal,384,512,512,f16:column,f16:column,f16:column,f16:column,1,0,serial,4,1,heuristic,invalid,invalid,false,false,1,tensorop,f32,128,128,64,2,1,1,0,0,0,6,4,2,1,64,128,16,90,90,1310720,201719808,153,0.016169,75.4967,12475.7
36,CUTLASS,gemm,cutlass_tensorop_f16_s1688gemm_f16_256x128_32x2_nn_align8,passed,success,universal,512,512,512,f16:column,f16:column,f16:column,f16:column,1,0,serial,4,1,heuristic,invalid,invalid,false,false,1,tensorop,f32,256,128,32,1,1,1,0,0,0,2,4,2,1,16,8,8,75,1024,1572864,268959744,171,0.0214278,68.3617,12551.9
36,CUTLASS,gemm,cutlass_tensorop_f16_s16816gemm_f16_256x128_32x3_nn_align8,passed,success,universal,512,512,512,f16:column,f16:column,f16:column,f16:column,1,0,serial,4,1,heuristic,invalid,invalid,false,false,1,tensorop,f32,256,128,32,1,1,1,0,0,0,3,4,2,1,16,8,16,80,1024,1572864,268959744,171,0.0191613,76.4481,14036.6
36,CUTLASS,gemm,cutlass3x_sm90_tensorop_s64x128x16gemm_f16_f16_f32_f16_f16_128x128x64_1x2x1_0_nnn_align8,passed,success,universal,512,512,512,f16:column,f16:column,f16:column,f16:column,1,0,serial,4,1,heuristic,invalid,invalid,false,false,1,tensorop,f32,128,128,64,1,2,1,0,0,0,7,4,2,1,64,128,16,90,90,1572864,268959744,171,0.00938368,156.105,28662.5
36,CUTLASS,gemm,cutlass3x_sm90_tensorop_s64x128x16gemm_f16_f16_f32_f16_f16_128x128x64_1x2x1_0_nnn_align8_warpspecialized_epi_nosmem,passed,success,universal,512,512,512,f16:column,f16:column,f16:column,f16:column,1,0,serial,4,1,heuristic,invalid,invalid,false,false,1,tensorop,f32,128,128,64,1,2,1,0,0,0,7,4,1,1,64,128,16,90,90,1572864,268959744,171,0.00898016,163.12,29950.4
36,CUTLASS,gemm,cutlass3x_sm90_tensorop_s64x128x16gemm_f16_f16_f32_f16_f16_128x128x64_1x2x1_0_nnn_align8_warpspecialized_pingpong_epi_tma,passed,success,universal,512,512,512,f16:column,f16:column,f16:column,f16:column,1,0,serial,4,1,heuristic,invalid,invalid,false,false,1,tensorop,f32,128,128,64,1,2,1,0,0,0,6,4,1,1,64,128,16,90,90,1572864,268959744,171,0.00938112,156.148,28670.3
36,CUTLASS,gemm,cutlass3x_sm90_tensorop_s64x128x16gemm_f16_f16_f32_f16_f16_128x128x64_1x2x1_0_nnn_align8_warpspecialized_pingpong_epi_nosmem,passed,success,universal,512,512,512,f16:column,f16:column,f16:column,f16:column,1,0,serial,4,1,heuristic,invalid,invalid,false,false,1,tensorop,f32,128,128,64,1,2,1,0,0,0,7,4,1,1,64,128,16,90,90,1572864,268959744,171,0.00912064,160.608,29489.1
36,CUTLASS,gemm,cutlass3x_sm90_tensorop_s64x128x16gemm_f16_f16_f32_f16_f16_128x128x64_1x2x1_0_nnn_align8_warpspecialized_cooperative_epi_nosmem,passed,success,universal,512,512,512,f16:column,f16:column,f16:column,f16:column,1,0,serial,4,1,heuristic,invalid,invalid,false,false,1,tensorop,f32,128,128,64,1,2,1,0,0,0,7,4,2,1,64,128,16,90,90,1572864,268959744,171,0.00940032,155.829,28611.8
36,CUTLASS,gemm,cutlass3x_sm90_tensorop_s64x128x16gemm_f16_f16_f32_f16_f16_128x128x64_1x2x1_0_nnn_align8_warpspecialized_cooperative_epi_tma,passed,success,universal,512,512,512,f16:column,f16:column,f16:column,f16:column,1,0,serial,4,1,heuristic,invalid,invalid,false,false,1,tensorop,f32,128,128,64,1,2,1,0,0,0,6,4,2,1,64,128,16,90,90,1572864,268959744,171,0.00872832,167.827,30814.6
36,CUTLASS,gemm,cutlass3x_sm90_tensorop_s64x128x16gemm_f16_f16_f32_f16_f16_128x128x64_1x2x1_0_nnn_align8_stream_k_warpspecialized_cooperative_epi_nosmem,passed,success,universal,512,512,512,f16:column,f16:column,f16:column,f16:column,1,0,serial,4,1,heuristic,invalid,invalid,false,false,1,tensorop,f32,128,128,64,1,2,1,0,0,0,7,4,2,1,64,128,16,90,90,1572864,268959744,171,0.0165581,88.467,16243.4
36,CUTLASS,gemm,cutlass3x_sm90_tensorop_s64x128x16gemm_f16_f16_f32_f16_f16_128x128x64_1x2x1_0_nnn_align8_stream_k_warpspecialized_cooperative_epi_tma,passed,success,universal,512,512,512,f16:column,f16:column,f16:column,f16:column,1,0,serial,4,1,heuristic,invalid,invalid,false,false,1,tensorop,f32,128,128,64,1,2,1,0,0,0,6,4,2,1,64,128,16,90,90,1572864,268959744,171,0.0163946,89.3494,16405.4
36,CUTLASS,gemm,cutlass3x_sm90_tensorop_s64x128x16gemm_f16_f16_f32_f16_f16_128x128x64_2x1x1_0_nnn_align8,passed,success,universal,512,512,512,f16:column,f16:column,f16:column,f16:column,1,0,serial,4,1,heuristic,invalid,invalid,false,false,1,tensorop,f32,128,128,64,2,1,1,0,0,0,7,4,2,1,64,128,16,90,90,1572864,268959744,171,0.00943552,155.248,28505
36,CUTLASS,gemm,cutlass3x_sm90_tensorop_s64x128x16gemm_f16_f16_f32_f16_f16_128x128x64_2x1x1_0_nnn_align8_warpspecialized_epi_nosmem,passed,success,universal,512,512,512,f16:column,f16:column,f16:column,f16:column,1,0,serial,4,1,heuristic,invalid,invalid,false,false,1,tensorop,f32,128,128,64,2,1,1,0,0,0,7,4,1,1,64,128,16,90,90,1572864,268959744,171,0.00910528,160.878,29538.9
36,CUTLASS,gemm,cutlass3x_sm90_tensorop_s64x128x16gemm_f16_f16_f32_f16_f16_128x128x64_2x1x1_0_nnn_align8_warpspecialized_pingpong_epi_tma,passed,success,universal,512,512,512,f16:column,f16:column,f16:column,f16:column,1,0,serial,4,1,heuristic,invalid,invalid,false,false,1,tensorop,f32,128,128,64,2,1,1,0,0,0,6,4,1,1,64,128,16,90,90,1572864,268959744,171,0.0093488,156.688,28769.4
36,CUTLASS,gemm,cutlass3x_sm90_tensorop_s64x128x16gemm_f16_f16_f32_f16_f16_128x128x64_2x1x1_0_nnn_align8_warpspecialized_pingpong_epi_nosmem,passed,success,universal,512,512,512,f16:column,f16:column,f16:column,f16:column,1,0,serial,4,1,heuristic,invalid,invalid,false,false,1,tensorop,f32,128,128,64,2,1,1,0,0,0,7,4,1,1,64,128,16,90,90,1572864,268959744,171,0.009192,159.361,29260.2
36,CUTLASS,gemm,cutlass3x_sm90_tensorop_s64x128x16gemm_f16_f16_f32_f16_f16_128x128x64_2x1x1_0_nnn_align8_warpspecialized_cooperative_epi_nosmem,passed,success,universal,512,512,512,f16:column,f16:column,f16:column,f16:column,1,0,serial,4,1,heuristic,invalid,invalid,false,false,1,tensorop,f32,128,128,64,2,1,1,0,0,0,7,4,2,1,64,128,16,90,90,1572864,268959744,171,0.00936864,156.356,28708.5
36,CUTLASS,gemm,cutlass3x_sm90_tensorop_s64x128x16gemm_f16_f16_f32_f16_f16_128x128x64_2x1x1_0_nnn_align8_warpspecialized_cooperative_epi_tma,passed,success,universal,512,512,512,f16:column,f16:column,f16:column,f16:column,1,0,serial,4,1,heuristic,invalid,invalid,false,false,1,tensorop,f32,128,128,64,2,1,1,0,0,0,6,4,2,1,64,128,16,90,90,1572864,268959744,171,0.00869536,168.463,30931.4
36,CUTLASS,gemm,cutlass3x_sm90_tensorop_s64x128x16gemm_f16_f16_f32_f16_f16_128x128x64_2x1x1_0_nnn_align8_stream_k_warpspecialized_cooperative_epi_nosmem,passed,success,universal,512,512,512,f16:column,f16:column,f16:column,f16:column,1,0,serial,4,1,heuristic,invalid,invalid,false,false,1,tensorop,f32,128,128,64,2,1,1,0,0,0,7,4,2,1,64,128,16,90,90,1572864,268959744,171,0.0166061,88.2113,16196.5
36,CUTLASS,gemm,cutlass3x_sm90_tensorop_s64x128x16gemm_f16_f16_f32_f16_f16_128x128x64_2x1x1_0_nnn_align8_stream_k_warpspecialized_cooperative_epi_tma,passed,success,universal,512,512,512,f16:column,f16:column,f16:column,f16:column,1,0,serial,4,1,heuristic,invalid,invalid,false,false,1,tensorop,f32,128,128,64,2,1,1,0,0,0,6,4,2,1,64,128,16,90,90,1572864,268959744,171,0.0163258,89.7259,16474.6
37,CUTLASS,gemm,cutlass_tensorop_f16_s1688gemm_f16_256x128_32x2_nn_align8,passed,success,universal,640,512,512,f16:column,f16:column,f16:column,f16:column,1,0,serial,4,1,heuristic,invalid,invalid,false,false,1,tensorop,f32,256,128,32,1,1,1,0,0,0,2,4,2,1,16,8,8,75,1024,1835008,336199680,183,0.0215251,79.3949,15618.9
37,CUTLASS,gemm,cutlass_tensorop_f16_s16816gemm_f16_256x128_32x3_nn_align8,passed,success,universal,640,512,512,f16:column,f16:column,f16:column,f16:column,1,0,serial,4,1,heuristic,invalid,invalid,false,false,1,tensorop,f32,256,128,32,1,1,1,0,0,0,3,4,2,1,16,8,16,80,1024,1835008,336199680,183,0.0193808,88.1793,17347
37,CUTLASS,gemm,cutlass3x_sm90_tensorop_s64x128x16gemm_f16_f16_f32_f16_f16_128x128x64_1x2x1_0_nnn_align8,passed,success,universal,640,512,512,f16:column,f16:column,f16:column,f16:column,1,0,serial,4,1,heuristic,invalid,invalid,false,false,1,tensorop,f32,128,128,64,1,2,1,0,0,0,7,4,2,1,64,128,16,90,90,1835008,336199680,183,0.00990272,172.577,33950.2
37,CUTLASS,gemm,cutlass3x_sm90_tensorop_s64x128x16gemm_f16_f16_f32_f16_f16_128x128x64_1x2x1_0_nnn_align8_warpspecialized_epi_nosmem,passed,success,universal,640,512,512,f16:column,f16:column,f16:column,f16:column,1,0,serial,4,1,heuristic,invalid,invalid,false,false,1,tensorop,f32,128,128,64,1,2,1,0,0,0,7,4,1,1,64,128,16,90,90,1835008,336199680,183,0.00965664,176.975,34815.4
37,CUTLASS,gemm,cutlass3x_sm90_tensorop_s64x128x16gemm_f16_f16_f32_f16_f16_128x128x64_1x2x1_0_nnn_align8_warpspecialized_pingpong_epi_tma,passed,success,universal,640,512,512,f16:column,f16:column,f16:column,f16:column,1,0,serial,4,1,heuristic,invalid,invalid,false,false,1,tensorop,f32,128,128,64,1,2,1,0,0,0,6,4,1,1,64,128,16,90,90,1835008,336199680,183,0.00938848,182.03,35809.8
37,CUTLASS,gemm,cutlass3x_sm90_tensorop_s64x128x16gemm_f16_f16_f32_f16_f16_128x128x64_1x2x1_0_nnn_align8_warpspecialized_pingpong_epi_nosmem,passed,success,universal,640,512,512,f16:column,f16:column,f16:column,f16:column,1,0,serial,4,1,heuristic,invalid,invalid,false,false,1,tensorop,f32,128,128,64,1,2,1,0,0,0,7,4,1,1,64,128,16,90,90,1835008,336199680,183,0.00987456,173.069,34047.1
37,CUTLASS,gemm,cutlass3x_sm90_tensorop_s64x128x16gemm_f16_f16_f32_f16_f16_128x128x64_1x2x1_0_nnn_align8_warpspecialized_cooperative_epi_nosmem,passed,success,universal,640,512,512,f16:column,f16:column,f16:column,f16:column,1,0,serial,4,1,heuristic,invalid,invalid,false,false,1,tensorop,f32,128,128,64,1,2,1,0,0,0,7,4,2,1,64,128,16,90,90,1835008,336199680,183,0.00982336,173.971,34224.5
37,CUTLASS,gemm,cutlass3x_sm90_tensorop_s64x128x16gemm_f16_f16_f32_f16_f16_128x128x64_1x2x1_0_nnn_align8_warpspecialized_cooperative_epi_tma,passed,success,universal,640,512,512,f16:column,f16:column,f16:column,f16:column,1,0,serial,4,1,heuristic,invalid,invalid,false,false,1,tensorop,f32,128,128,64,1,2,1,0,0,0,6,4,2,1,64,128,16,90,90,1835008,336199680,183,0.00868576,196.757,38707
37,CUTLASS,gemm,cutlass3x_sm90_tensorop_s64x128x16gemm_f16_f16_f32_f16_f16_128x128x64_1x2x1_0_nnn_align8_stream_k_warpspecialized_cooperative_epi_nosmem,passed,success,universal,640,512,512,f16:column,f16:column,f16:column,f16:column,1,0,serial,4,1,heuristic,invalid,invalid,false,false,1,tensorop,f32,128,128,64,1,2,1,0,0,0,7,4,2,1,64,128,16,90,90,1835008,336199680,183,0.0166547,102.613,20186.5
37,CUTLASS,gemm,cutlass3x_sm90_tensorop_s64x128x16gemm_f16_f16_f32_f16_f16_128x128x64_1x2x1_0_nnn_align8_stream_k_warpspecialized_cooperative_epi_tma,passed,success,universal,640,512,512,f16:column,f16:column,f16:column,f16:column,1,0,serial,4,1,heuristic,invalid,invalid,false,false,1,tensorop,f32,128,128,64,1,2,1,0,0,0,6,4,2,1,64,128,16,90,90,1835008,336199680,183,0.0162083,105.439,20742.4
37,CUTLASS,gemm,cutlass3x_sm90_tensorop_s64x128x16gemm_f16_f16_f32_f16_f16_128x128x64_2x1x1_0_nnn_align8,passed,success,universal,640,512,512,f16:column,f16:column,f16:column,f16:column,1,0,serial,4,1,heuristic,invalid,invalid,false,false,1,tensorop,f32,128,128,64,2,1,1,0,0,0,7,4,2,1,64,128,16,90,90,1835008,336199680,183,0.00973056,175.631,34550.9
37,CUTLASS,gemm,cutlass3x_sm90_tensorop_s64x128x16gemm_f16_f16_f32_f16_f16_128x128x64_2x1x1_0_nnn_align8_warpspecialized_epi_nosmem,passed,success,universal,640,512,512,f16:column,f16:column,f16:column,f16:column,1,0,serial,4,1,heuristic,invalid,invalid,false,false,1,tensorop,f32,128,128,64,2,1,1,0,0,0,7,4,1,1,64,128,16,90,90,1835008,336199680,183,0.00982496,173.943,34218.9
37,CUTLASS,gemm,cutlass3x_sm90_tensorop_s64x128x16gemm_f16_f16_f32_f16_f16_128x128x64_2x1x1_0_nnn_align8_warpspecialized_pingpong_epi_tma,passed,success,universal,640,512,512,f16:column,f16:column,f16:column,f16:column,1,0,serial,4,1,heuristic,invalid,invalid,false,false,1,tensorop,f32,128,128,64,2,1,1,0,0,0,6,4,1,1,64,128,16,90,90,1835008,336199680,183,0.00930272,183.708,36139.9
37,CUTLASS,gemm,cutlass3x_sm90_tensorop_s64x128x16gemm_f16_f16_f32_f16_f16_128x128x64_2x1x1_0_nnn_align8_warpspecialized_pingpong_epi_nosmem,passed,success,universal,640,512,512,f16:column,f16:column,f16:column,f16:column,1,0,serial,4,1,heuristic,invalid,invalid,false,false,1,tensorop,f32,128,128,64,2,1,1,0,0,0,7,4,1,1,64,128,16,90,90,1835008,336199680,183,0.00988032,172.969,34027.2
37,CUTLASS,gemm,cutlass3x_sm90_tensorop_s64x128x16gemm_f16_f16_f32_f16_f16_128x128x64_2x1x1_0_nnn_align8_warpspecialized_cooperative_epi_nosmem,passed,success,universal,640,512,512,f16:column,f16:column,f16:column,f16:column,1,0,serial,4,1,heuristic,invalid,invalid,false,false,1,tensorop,f32,128,128,64,2,1,1,0,0,0,7,4,2,1,64,128,16,90,90,1835008,336199680,183,0.00973376,175.573,34539.5
37,CUTLASS,gemm,cutlass3x_sm90_tensorop_s64x128x16gemm_f16_f16_f32_f16_f16_128x128x64_2x1x1_0_nnn_align8_warpspecialized_cooperative_epi_tma,passed,success,universal,640,512,512,f16:column,f16:column,f16:column,f16:column,1,0,serial,4,1,heuristic,invalid,invalid,false,false,1,tensorop,f32,128,128,64,2,1,1,0,0,0,6,4,2,1,64,128,16,90,90,1835008,336199680,183,0.00870688,196.28,38613.1
37,CUTLASS,gemm,cutlass3x_sm90_tensorop_s64x128x16gemm_f16_f16_f32_f16_f16_128x128x64_2x1x1_0_nnn_align8_stream_k_warpspecialized_cooperative_epi_nosmem,passed,success,universal,640,512,512,f16:column,f16:column,f16:column,f16:column,1,0,serial,4,1,heuristic,invalid,invalid,false,false,1,tensorop,f32,128,128,64,2,1,1,0,0,0,7,4,2,1,64,128,16,90,90,1835008,336199680,183,0.0166058,102.915,20246
37,CUTLASS,gemm,cutlass3x_sm90_tensorop_s64x128x16gemm_f16_f16_f32_f16_f16_128x128x64_2x1x1_0_nnn_align8_stream_k_warpspecialized_cooperative_epi_tma,passed,success,universal,640,512,512,f16:column,f16:column,f16:column,f16:column,1,0,serial,4,1,heuristic,invalid,invalid,false,false,1,tensorop,f32,128,128,64,2,1,1,0,0,0,6,4,2,1,64,128,16,90,90,1835008,336199680,183,0.016321,104.711,20599.3
38,CUTLASS,gemm,cutlass_tensorop_f16_s1688gemm_f16_256x128_32x2_nn_align8,passed,success,universal,768,512,512,f16:column,f16:column,f16:column,f16:column,1,0,serial,4,1,heuristic,invalid,invalid,false,false,1,tensorop,f32,256,128,32,1,1,1,0,0,0,2,4,2,1,16,8,8,75,1024,2097152,403439616,192,0.0217747,89.6969,18527.9
38,CUTLASS,gemm,cutlass_tensorop_f16_s16816gemm_f16_256x128_32x3_nn_align8,passed,success,universal,768,512,512,f16:column,f16:column,f16:column,f16:column,1,0,serial,4,1,heuristic,invalid,invalid,false,false,1,tensorop,f32,256,128,32,1,1,1,0,0,0,3,4,2,1,16,8,16,80,1024,2097152,403439616,192,0.0195478,99.9151,20638.6
38,CUTLASS,gemm,cutlass3x_sm90_tensorop_s64x128x16gemm_f16_f16_f32_f16_f16_128x128x64_1x2x1_0_nnn_align8,passed,success,universal,768,512,512,f16:column,f16:column,f16:column,f16:column,1,0,serial,4,1,heuristic,invalid,invalid,false,false,1,tensorop,f32,128,128,64,1,2,1,0,0,0,7,4,2,1,64,128,16,90,90,2097152,403439616,192,0.0100573,194.2,40114.2
38,CUTLASS,gemm,cutlass3x_sm90_tensorop_s64x128x16gemm_f16_f16_f32_f16_f16_128x128x64_1x2x1_0_nnn_align8_warpspecialized_epi_nosmem,passed,success,universal,768,512,512,f16:column,f16:column,f16:column,f16:column,1,0,serial,4,1,heuristic,invalid,invalid,false,false,1,tensorop,f32,128,128,64,1,2,1,0,0,0,7,4,1,1,64,128,16,90,90,2097152,403439616,192,0.00943392,207.032,42764.8
38,CUTLASS,gemm,cutlass3x_sm90_tensorop_s64x128x16gemm_f16_f16_f32_f16_f16_128x128x64_1x2x1_0_nnn_align8_warpspecialized_pingpong_epi_tma,passed,success,universal,768,512,512,f16:column,f16:column,f16:column,f16:column,1,0,serial,4,1,heuristic,invalid,invalid,false,false,1,tensorop,f32,128,128,64,1,2,1,0,0,0,6,4,1,1,64,128,16,90,90,2097152,403439616,192,0.00939392,207.914,42946.9
38,CUTLASS,gemm,cutlass3x_sm90_tensorop_s64x128x16gemm_f16_f16_f32_f16_f16_128x128x64_1x2x1_0_nnn_align8_warpspecialized_pingpong_epi_nosmem,passed,success,universal,768,512,512,f16:column,f16:column,f16:column,f16:column,1,0,serial,4,1,heuristic,invalid,invalid,false,false,1,tensorop,f32,128,128,64,1,2,1,0,0,0,7,4,1,1,64,128,16,90,90,2097152,403439616,192,0.0102019,191.447,39545.5
38,CUTLASS,gemm,cutlass3x_sm90_tensorop_s64x128x16gemm_f16_f16_f32_f16_f16_128x128x64_1x2x1_0_nnn_align8_warpspecialized_cooperative_epi_nosmem,passed,success,universal,768,512,512,f16:column,f16:column,f16:column,f16:column,1,0,serial,4,1,heuristic,invalid,invalid,false,false,1,tensorop,f32,128,128,64,1,2,1,0,0,0,7,4,2,1,64,128,16,90,90,2097152,403439616,192,0.00994016,196.488,40586.8
38,CUTLASS,gemm,cutlass3x_sm90_tensorop_s64x128x16gemm_f16_f16_f32_f16_f16_128x128x64_1x2x1_0_nnn_align8_warpspecialized_cooperative_epi_tma,passed,success,universal,768,512,512,f16:column,f16:column,f16:column,f16:column,1,0,serial,4,1,heuristic,invalid,invalid,false,false,1,tensorop,f32,128,128,64,1,2,1,0,0,0,6,4,2,1,64,128,16,90,90,2097152,403439616,192,0.00886944,220.208,45486.5
38,CUTLASS,gemm,cutlass3x_sm90_tensorop_s64x128x16gemm_f16_f16_f32_f16_f16_128x128x64_1x2x1_0_nnn_align8_stream_k_warpspecialized_cooperative_epi_nosmem,passed,success,universal,768,512,512,f16:column,f16:column,f16:column,f16:column,1,0,serial,4,1,heuristic,invalid,invalid,false,false,1,tensorop,f32,128,128,64,1,2,1,0,0,0,7,4,2,1,64,128,16,90,90,2097152,403439616,192,0.016841,115.975,23955.9
38,CUTLASS,gemm,cutlass3x_sm90_tensorop_s64x128x16gemm_f16_f16_f32_f16_f16_128x128x64_1x2x1_0_nnn_align8_stream_k_warpspecialized_cooperative_epi_tma,passed,success,universal,768,512,512,f16:column,f16:column,f16:column,f16:column,1,0,serial,4,1,heuristic,invalid,invalid,false,false,1,tensorop,f32,128,128,64,1,2,1,0,0,0,6,4,2,1,64,128,16,90,90,2097152,403439616,192,0.0163885,119.177,24617.3
38,CUTLASS,gemm,cutlass3x_sm90_tensorop_s64x128x16gemm_f16_f16_f32_f16_f16_128x128x64_2x1x1_0_nnn_align8,passed,success,universal,768,512,512,f16:column,f16:column,f16:column,f16:column,1,0,serial,4,1,heuristic,invalid,invalid,false,false,1,tensorop,f32,128,128,64,2,1,1,0,0,0,7,4,2,1,64,128,16,90,90,2097152,403439616,192,0.0100912,193.547,39979.4
38,CUTLASS,gemm,cutlass3x_sm90_tensorop_s64x128x16gemm_f16_f16_f32_f16_f16_128x128x64_2x1x1_0_nnn_align8_warpspecialized_epi_nosmem,passed,success,universal,768,512,512,f16:column,f16:column,f16:column,f16:column,1,0,serial,4,1,heuristic,invalid,invalid,false,false,1,tensorop,f32,128,128,64,2,1,1,0,0,0,7,4,1,1,64,128,16,90,90,2097152,403439616,192,0.00991968,196.894,40670.6
38,CUTLASS,gemm,cutlass3x_sm90_tensorop_s64x128x16gemm_f16_f16_f32_f16_f16_128x128x64_2x1x1_0_nnn_align8_warpspecialized_pingpong_epi_tma,passed,success,universal,768,512,512,f16:column,f16:column,f16:column,f16:column,1,0,serial,4,1,heuristic,invalid,invalid,false,false,1,tensorop,f32,128,128,64,2,1,1,0,0,0,6,4,1,1,64,128,16,90,90,2097152,403439616,192,0.00951232,205.326,42412.3
38,CUTLASS,gemm,cutlass3x_sm90_tensorop_s64x128x16gemm_f16_f16_f32_f16_f16_128x128x64_2x1x1_0_nnn_align8_warpspecialized_pingpong_epi_nosmem,passed,success,universal,768,512,512,f16:column,f16:column,f16:column,f16:column,1,0,serial,4,1,heuristic,invalid,invalid,false,false,1,tensorop,f32,128,128,64,2,1,1,0,0,0,7,4,1,1,64,128,16,90,90,2097152,403439616,192,0.0103181,189.292,39100.3
38,CUTLASS,gemm,cutlass3x_sm90_tensorop_s64x128x16gemm_f16_f16_f32_f16_f16_128x128x64_2x1x1_0_nnn_align8_warpspecialized_cooperative_epi_nosmem,passed,success,universal,768,512,512,f16:column,f16:column,f16:column,f16:column,1,0,serial,4,1,heuristic,invalid,invalid,false,false,1,tensorop,f32,128,128,64,2,1,1,0,0,0,7,4,2,1,64,128,16,90,90,2097152,403439616,192,0.010129,192.826,39830.3
38,CUTLASS,gemm,cutlass3x_sm90_tensorop_s64x128x16gemm_f16_f16_f32_f16_f16_128x128x64_2x1x1_0_nnn_align8_warpspecialized_cooperative_epi_tma,passed,success,universal,768,512,512,f16:column,f16:column,f16:column,f16:column,1,0,serial,4,1,heuristic,invalid,invalid,false,false,1,tensorop,f32,128,128,64,2,1,1,0,0,0,6,4,2,1,64,128,16,90,90,2097152,403439616,192,0.0088912,219.669,45375.2
38,CUTLASS,gemm,cutlass3x_sm90_tensorop_s64x128x16gemm_f16_f16_f32_f16_f16_128x128x64_2x1x1_0_nnn_align8_stream_k_warpspecialized_cooperative_epi_nosmem,passed,success,universal,768,512,512,f16:column,f16:column,f16:column,f16:column,1,0,serial,4,1,heuristic,invalid,invalid,false,false,1,tensorop,f32,128,128,64,2,1,1,0,0,0,7,4,2,1,64,128,16,90,90,2097152,403439616,192,0.016824,116.092,23980
38,CUTLASS,gemm,cutlass3x_sm90_tensorop_s64x128x16gemm_f16_f16_f32_f16_f16_128x128x64_2x1x1_0_nnn_align8_stream_k_warpspecialized_cooperative_epi_tma,passed,success,universal,768,512,512,f16:column,f16:column,f16:column,f16:column,1,0,serial,4,1,heuristic,invalid,invalid,false,false,1,tensorop,f32,128,128,64,2,1,1,0,0,0,6,4,2,1,64,128,16,90,90,2097152,403439616,192,0.0164118,119.007,24582.2
39,CUTLASS,gemm,cutlass_tensorop_f16_s1688gemm_f16_256x128_32x2_nn_align8,passed,success,universal,896,512,512,f16:column,f16:column,f16:column,f16:column,1,0,serial,4,1,heuristic,invalid,invalid,false,false,1,tensorop,f32,256,128,32,1,1,1,0,0,0,2,4,2,1,16,8,8,75,1024,2359296,470679552,199,0.0220429,99.6814,21352.9
39,CUTLASS,gemm,cutlass_tensorop_f16_s16816gemm_f16_256x128_32x3_nn_align8,passed,success,universal,896,512,512,f16:column,f16:column,f16:column,f16:column,1,0,serial,4,1,heuristic,invalid,invalid,false,false,1,tensorop,f32,256,128,32,1,1,1,0,0,0,3,4,2,1,16,8,16,80,1024,2359296,470679552,199,0.0197782,111.095,23797.8
39,CUTLASS,gemm,cutlass3x_sm90_tensorop_s64x128x16gemm_f16_f16_f32_f16_f16_128x128x64_1x2x1_0_nnn_align8,passed,success,universal,896,512,512,f16:column,f16:column,f16:column,f16:column,1,0,serial,4,1,heuristic,invalid,invalid,false,false,1,tensorop,f32,128,128,64,1,2,1,0,0,0,7,4,2,1,64,128,16,90,90,2359296,470679552,199,0.0106445,206.423,44218.2
39,CUTLASS,gemm,cutlass3x_sm90_tensorop_s64x128x16gemm_f16_f16_f32_f16_f16_128x128x64_1x2x1_0_nnn_align8_warpspecialized_epi_nosmem,passed,success,universal,896,512,512,f16:column,f16:column,f16:column,f16:column,1,0,serial,4,1,heuristic,invalid,invalid,false,false,1,tensorop,f32,128,128,64,1,2,1,0,0,0,7,4,1,1,64,128,16,90,90,2359296,470679552,199,0.00995808,220.652,47266.1
39,CUTLASS,gemm,cutlass3x_sm90_tensorop_s64x128x16gemm_f16_f16_f32_f16_f16_128x128x64_1x2x1_0_nnn_align8_warpspecialized_pingpong_epi_tma,passed,success,universal,896,512,512,f16:column,f16:column,f16:column,f16:column,1,0,serial,4,1,heuristic,invalid,invalid,false,false,1,tensorop,f32,128,128,64,1,2,1,0,0,0,6,4,1,1,64,128,16,90,90,2359296,470679552,199,0.00956448,229.732,49211.2
39,CUTLASS,gemm,cutlass3x_sm90_tensorop_s64x128x16gemm_f16_f16_f32_f16_f16_128x128x64_1x2x1_0_nnn_align8_warpspecialized_pingpong_epi_nosmem,passed,success,universal,896,512,512,f16:column,f16:column,f16:column,f16:column,1,0,serial,4,1,heuristic,invalid,invalid,false,false,1,tensorop,f32,128,128,64,1,2,1,0,0,0,7,4,1,1,64,128,16,90,90,2359296,470679552,199,0.0107859,203.716,43638.3
39,CUTLASS,gemm,cutlass3x_sm90_tensorop_s64x128x16gemm_f16_f16_f32_f16_f16_128x128x64_1x2x1_0_nnn_align8_warpspecialized_cooperative_epi_nosmem,passed,success,universal,896,512,512,f16:column,f16:column,f16:column,f16:column,1,0,serial,4,1,heuristic,invalid,invalid,false,false,1,tensorop,f32,128,128,64,1,2,1,0,0,0,7,4,2,1,64,128,16,90,90,2359296,470679552,199,0.0105709,207.86,44526.1
39,CUTLASS,gemm,cutlass3x_sm90_tensorop_s64x128x16gemm_f16_f16_f32_f16_f16_128x128x64_1x2x1_0_nnn_align8_warpspecialized_cooperative_epi_tma,passed,success,universal,896,512,512,f16:column,f16:column,f16:column,f16:column,1,0,serial,4,1,heuristic,invalid,invalid,false,false,1,tensorop,f32,128,128,64,1,2,1,0,0,0,6,4,2,1,64,128,16,90,90,2359296,470679552,199,0.00892768,246.118,52721.4
39,CUTLASS,gemm,cutlass3x_sm90_tensorop_s64x128x16gemm_f16_f16_f32_f16_f16_128x128x64_1x2x1_0_nnn_align8_stream_k_warpspecialized_cooperative_epi_nosmem,passed,success,universal,896,512,512,f16:column,f16:column,f16:column,f16:column,1,0,serial,4,1,heuristic,invalid,invalid,false,false,1,tensorop,f32,128,128,64,1,2,1,0,0,0,7,4,2,1,64,128,16,90,90,2359296,470679552,199,0.018119,121.268,25977.1
39,CUTLASS,gemm,cutlass3x_sm90_tensorop_s64x128x16gemm_f16_f16_f32_f16_f16_128x128x64_1x2x1_0_nnn_align8_stream_k_warpspecialized_cooperative_epi_tma,passed,success,universal,896,512,512,f16:column,f16:column,f16:column,f16:column,1,0,serial,4,1,heuristic,invalid,invalid,false,false,1,tensorop,f32,128,128,64,1,2,1,0,0,0,6,4,2,1,64,128,16,90,90,2359296,470679552,199,0.0170886,128.58,27543.4
39,CUTLASS,gemm,cutlass3x_sm90_tensorop_s64x128x16gemm_f16_f16_f32_f16_f16_128x128x64_2x1x1_0_nnn_align8,passed,success,universal,896,512,512,f16:column,f16:column,f16:column,f16:column,1,0,serial,4,1,heuristic,invalid,invalid,false,false,1,tensorop,f32,128,128,64,2,1,1,0,0,0,7,4,2,1,64,128,16,90,90,2359296,470679552,199,0.0105242,208.783,44723.7
39,CUTLASS,gemm,cutlass3x_sm90_tensorop_s64x128x16gemm_f16_f16_f32_f16_f16_128x128x64_2x1x1_0_nnn_align8_warpspecialized_epi_nosmem,passed,success,universal,896,512,512,f16:column,f16:column,f16:column,f16:column,1,0,serial,4,1,heuristic,invalid,invalid,false,false,1,tensorop,f32,128,128,64,2,1,1,0,0,0,7,4,1,1,64,128,16,90,90,2359296,470679552,199,0.0101075,217.389,46567.3
39,CUTLASS,gemm,cutlass3x_sm90_tensorop_s64x128x16gemm_f16_f16_f32_f16_f16_128x128x64_2x1x1_0_nnn_align8_warpspecialized_pingpong_epi_tma,passed,success,universal,896,512,512,f16:column,f16:column,f16:column,f16:column,1,0,serial,4,1,heuristic,invalid,invalid,false,false,1,tensorop,f32,128,128,64,2,1,1,0,0,0,6,4,1,1,64,128,16,90,90,2359296,470679552,199,0.00952128,230.774,49434.5
39,CUTLASS,gemm,cutlass3x_sm90_tensorop_s64x128x16gemm_f16_f16_f32_f16_f16_128x128x64_2x1x1_0_nnn_align8_warpspecialized_pingpong_epi_nosmem,passed,success,universal,896,512,512,f16:column,f16:column,f16:column,f16:column,1,0,serial,4,1,heuristic,invalid,invalid,false,false,1,tensorop,f32,128,128,64,2,1,1,0,0,0,7,4,1,1,64,128,16,90,90,2359296,470679552,199,0.0107107,205.146,43944.7
39,CUTLASS,gemm,cutlass3x_sm90_tensorop_s64x128x16gemm_f16_f16_f32_f16_f16_128x128x64_2x1x1_0_nnn_align8_warpspecialized_cooperative_epi_nosmem,passed,success,universal,896,512,512,f16:column,f16:column,f16:column,f16:column,1,0,serial,4,1,heuristic,invalid,invalid,false,false,1,tensorop,f32,128,128,64,2,1,1,0,0,0,7,4,2,1,64,128,16,90,90,2359296,470679552,199,0.0105485,208.302,44620.6
39,CUTLASS,gemm,cutlass3x_sm90_tensorop_s64x128x16gemm_f16_f16_f32_f16_f16_128x128x64_2x1x1_0_nnn_align8_warpspecialized_cooperative_epi_tma,passed,success,universal,896,512,512,f16:column,f16:column,f16:column,f16:column,1,0,serial,4,1,heuristic,invalid,invalid,false,false,1,tensorop,f32,128,128,64,2,1,1,0,0,0,6,4,2,1,64,128,16,90,90,2359296,470679552,199,0.00889472,247.03,52916.7
39,CUTLASS,gemm,cutlass3x_sm90_tensorop_s64x128x16gemm_f16_f16_f32_f16_f16_128x128x64_2x1x1_0_nnn_align8_stream_k_warpspecialized_cooperative_epi_nosmem,passed,success,universal,896,512,512,f16:column,f16:column,f16:column,f16:column,1,0,serial,4,1,heuristic,invalid,invalid,false,false,1,tensorop,f32,128,128,64,2,1,1,0,0,0,7,4,2,1,64,128,16,90,90,2359296,470679552,199,0.017544,125.243,26828.5
39,CUTLASS,gemm,cutlass3x_sm90_tensorop_s64x128x16gemm_f16_f16_f32_f16_f16_128x128x64_2x1x1_0_nnn_align8_stream_k_warpspecialized_cooperative_epi_tma,passed,success,universal,896,512,512,f16:column,f16:column,f16:column,f16:column,1,0,serial,4,1,heuristic,invalid,invalid,false,false,1,tensorop,f32,128,128,64,2,1,1,0,0,0,6,4,2,1,64,128,16,90,90,2359296,470679552,199,0.016767,131.047,28071.7
40,CUTLASS,gemm,cutlass_tensorop_f16_s1688gemm_f16_256x128_32x2_nn_align8,passed,success,universal,1024,512,512,f16:column,f16:column,f16:column,f16:column,1,0,serial,4,1,heuristic,invalid,invalid,false,false,1,tensorop,f32,256,128,32,1,1,1,0,0,0,2,4,2,1,16,8,8,75,1024,2621440,537919488,205,0.0218557,111.706,24612.3
40,CUTLASS,gemm,cutlass_tensorop_f16_s16816gemm_f16_256x128_32x3_nn_align8,passed,success,universal,1024,512,512,f16:column,f16:column,f16:column,f16:column,1,0,serial,4,1,heuristic,invalid,invalid,false,false,1,tensorop,f32,256,128,32,1,1,1,0,0,0,3,4,2,1,16,8,16,80,1024,2621440,537919488,205,0.0196806,124.051,27332.4
40,CUTLASS,gemm,cutlass3x_sm90_tensorop_s64x128x16gemm_f16_f16_f32_f16_f16_128x128x64_1x2x1_0_nnn_align8,passed,success,universal,1024,512,512,f16:column,f16:column,f16:column,f16:column,1,0,serial,4,1,heuristic,invalid,invalid,false,false,1,tensorop,f32,128,128,64,1,2,1,0,0,0,7,4,2,1,64,128,16,90,90,2621440,537919488,205,0.0096368,253.342,55819.3
40,CUTLASS,gemm,cutlass3x_sm90_tensorop_s64x128x16gemm_f16_f16_f32_f16_f16_128x128x64_1x2x1_0_nnn_align8_warpspecialized_epi_nosmem,passed,success,universal,1024,512,512,f16:column,f16:column,f16:column,f16:column,1,0,serial,4,1,heuristic,invalid,invalid,false,false,1,tensorop,f32,128,128,64,1,2,1,0,0,0,7,4,1,1,64,128,16,90,90,2621440,537919488,205,0.00902304,270.575,59616.2
40,CUTLASS,gemm,cutlass3x_sm90_tensorop_s64x128x16gemm_f16_f16_f32_f16_f16_128x128x64_1x2x1_0_nnn_align8_warpspecialized_pingpong_epi_tma,passed,success,universal,1024,512,512,f16:column,f16:column,f16:column,f16:column,1,0,serial,4,1,heuristic,invalid,invalid,false,false,1,tensorop,f32,128,128,64,1,2,1,0,0,0,6,4,1,1,64,128,16,90,90,2621440,537919488,205,0.00914208,267.052,58839.9
40,CUTLASS,gemm,cutlass3x_sm90_tensorop_s64x128x16gemm_f16_f16_f32_f16_f16_128x128x64_1x2x1_0_nnn_align8_warpspecialized_pingpong_epi_nosmem,passed,success,universal,1024,512,512,f16:column,f16:column,f16:column,f16:column,1,0,serial,4,1,heuristic,invalid,invalid,false,false,1,tensorop,f32,128,128,64,1,2,1,0,0,0,7,4,1,1,64,128,16,90,90,2621440,537919488,205,0.00925472,263.801,58123.8
40,CUTLASS,gemm,cutlass3x_sm90_tensorop_s64x128x16gemm_f16_f16_f32_f16_f16_128x128x64_1x2x1_0_nnn_align8_warpspecialized_cooperative_epi_nosmem,passed,success,universal,1024,512,512,f16:column,f16:column,f16:column,f16:column,1,0,serial,4,1,heuristic,invalid,invalid,false,false,1,tensorop,f32,128,128,64,1,2,1,0,0,0,7,4,2,1,64,128,16,90,90,2621440,537919488,205,0.00962912,253.544,55863.8
40,CUTLASS,gemm,cutlass3x_sm90_tensorop_s64x128x16gemm_f16_f16_f32_f16_f16_128x128x64_1x2x1_0_nnn_align8_warpspecialized_cooperative_epi_tma,passed,success,universal,1024,512,512,f16:column,f16:column,f16:column,f16:column,1,0,serial,4,1,heuristic,invalid,invalid,false,false,1,tensorop,f32,128,128,64,1,2,1,0,0,0,6,4,2,1,64,128,16,90,90,2621440,537919488,205,0.00874144,279.291,61536.7
40,CUTLASS,gemm,cutlass3x_sm90_tensorop_s64x128x16gemm_f16_f16_f32_f16_f16_128x128x64_1x2x1_0_nnn_align8_stream_k_warpspecialized_cooperative_epi_nosmem,passed,success,universal,1024,512,512,f16:column,f16:column,f16:column,f16:column,1,0,serial,4,1,heuristic,invalid,invalid,false,false,1,tensorop,f32,128,128,64,1,2,1,0,0,0,7,4,2,1,64,128,16,90,90,2621440,537919488,205,0.0168813,144.622,31864.9
40,CUTLASS,gemm,cutlass3x_sm90_tensorop_s64x128x16gemm_f16_f16_f32_f16_f16_128x128x64_1x2x1_0_nnn_align8_stream_k_warpspecialized_cooperative_epi_tma,passed,success,universal,1024,512,512,f16:column,f16:column,f16:column,f16:column,1,0,serial,4,1,heuristic,invalid,invalid,false,false,1,tensorop,f32,128,128,64,1,2,1,0,0,0,6,4,2,1,64,128,16,90,90,2621440,537919488,205,0.0167766,145.524,32063.6
40,CUTLASS,gemm,cutlass3x_sm90_tensorop_s64x128x16gemm_f16_f16_f32_f16_f16_128x128x64_2x1x1_0_nnn_align8,passed,success,universal,1024,512,512,f16:column,f16:column,f16:column,f16:column,1,0,serial,4,1,heuristic,invalid,invalid,false,false,1,tensorop,f32,128,128,64,2,1,1,0,0,0,7,4,2,1,64,128,16,90,90,2621440,537919488,205,0.00957856,254.882,56158.7
40,CUTLASS,gemm,cutlass3x_sm90_tensorop_s64x128x16gemm_f16_f16_f32_f16_f16_128x128x64_2x1x1_0_nnn_align8_warpspecialized_epi_nosmem,passed,success,universal,1024,512,512,f16:column,f16:column,f16:column,f16:column,1,0,serial,4,1,heuristic,invalid,invalid,false,false,1,tensorop,f32,128,128,64,2,1,1,0,0,0,7,4,1,1,64,128,16,90,90,2621440,537919488,205,0.00913824,267.164,58864.7
40,CUTLASS,gemm,cutlass3x_sm90_tensorop_s64x128x16gemm_f16_f16_f32_f16_f16_128x128x64_2x1x1_0_nnn_align8_warpspecialized_pingpong_epi_tma,passed,success,universal,1024,512,512,f16:column,f16:column,f16:column,f16:column,1,0,serial,4,1,heuristic,invalid,invalid,false,false,1,tensorop,f32,128,128,64,2,1,1,0,0,0,6,4,1,1,64,128,16,90,90,2621440,537919488,205,0.009448,258.405,56934.7
40,CUTLASS,gemm,cutlass3x_sm90_tensorop_s64x128x16gemm_f16_f16_f32_f16_f16_128x128x64_2x1x1_0_nnn_align8_warpspecialized_pingpong_epi_nosmem,passed,success,universal,1024,512,512,f16:column,f16:column,f16:column,f16:column,1,0,serial,4,1,heuristic,invalid,invalid,false,false,1,tensorop,f32,128,128,64,2,1,1,0,0,0,7,4,1,1,64,128,16,90,90,2621440,537919488,205,0.00935328,261.021,57511.3
40,CUTLASS,gemm,cutlass3x_sm90_tensorop_s64x128x16gemm_f16_f16_f32_f16_f16_128x128x64_2x1x1_0_nnn_align8_warpspecialized_cooperative_epi_nosmem,passed,success,universal,1024,512,512,f16:column,f16:column,f16:column,f16:column,1,0,serial,4,1,heuristic,invalid,invalid,false,false,1,tensorop,f32,128,128,64,2,1,1,0,0,0,7,4,2,1,64,128,16,90,90,2621440,537919488,205,0.00976832,249.931,55067.8
40,CUTLASS,gemm,cutlass3x_sm90_tensorop_s64x128x16gemm_f16_f16_f32_f16_f16_128x128x64_2x1x1_0_nnn_align8_warpspecialized_cooperative_epi_tma,passed,success,universal,1024,512,512,f16:column,f16:column,f16:column,f16:column,1,0,serial,4,1,heuristic,invalid,invalid,false,false,1,tensorop,f32,128,128,64,2,1,1,0,0,0,6,4,2,1,64,128,16,90,90,2621440,537919488,205,0.00905344,269.666,59416
40,CUTLASS,gemm,cutlass3x_sm90_tensorop_s64x128x16gemm_f16_f16_f32_f16_f16_128x128x64_2x1x1_0_nnn_align8_stream_k_warpspecialized_cooperative_epi_nosmem,passed,success,universal,1024,512,512,f16:column,f16:column,f16:column,f16:column,1,0,serial,4,1,heuristic,invalid,invalid,false,false,1,tensorop,f32,128,128,64,2,1,1,0,0,0,7,4,2,1,64,128,16,90,90,2621440,537919488,205,0.0171558,142.308,31354.9
40,CUTLASS,gemm,cutlass3x_sm90_tensorop_s64x128x16gemm_f16_f16_f32_f16_f16_128x128x64_2x1x1_0_nnn_align8_stream_k_warpspecialized_cooperative_epi_tma,passed,success,universal,1024,512,512,f16:column,f16:column,f16:column,f16:column,1,0,serial,4,1,heuristic,invalid,invalid,false,false,1,tensorop,f32,128,128,64,2,1,1,0,0,0,6,4,2,1,64,128,16,90,90,2621440,537919488,205,0.0170557,143.143,31539
41,CUTLASS,gemm,cutlass_tensorop_f16_s1688gemm_f16_256x128_32x2_nn_align8,passed,success,universal,1152,512,512,f16:column,f16:column,f16:column,f16:column,1,0,serial,4,1,heuristic,invalid,invalid,false,false,1,tensorop,f32,256,128,32,1,1,1,0,0,0,2,4,2,1,16,8,8,75,1024,2883584,605159424,209,0.0221146,121.438,27364.8
41,CUTLASS,gemm,cutlass_tensorop_f16_s16816gemm_f16_256x128_32x3_nn_align8,passed,success,universal,1152,512,512,f16:column,f16:column,f16:column,f16:column,1,0,serial,4,1,heuristic,invalid,invalid,false,false,1,tensorop,f32,256,128,32,1,1,1,0,0,0,3,4,2,1,16,8,16,80,1024,2883584,605159424,209,0.0198506,135.288,30485.8
41,CUTLASS,gemm,cutlass3x_sm90_tensorop_s64x128x16gemm_f16_f16_f32_f16_f16_128x128x64_1x2x1_0_nnn_align8,passed,success,universal,1152,512,512,f16:column,f16:column,f16:column,f16:column,1,0,serial,4,1,heuristic,invalid,invalid,false,false,1,tensorop,f32,128,128,64,1,2,1,0,0,0,7,4,2,1,64,128,16,90,90,2883584,605159424,209,0.0105757,253.936,57221.8
41,CUTLASS,gemm,cutlass3x_sm90_tensorop_s64x128x16gemm_f16_f16_f32_f16_f16_128x128x64_1x2x1_0_nnn_align8_warpspecialized_epi_nosmem,passed,success,universal,1152,512,512,f16:column,f16:column,f16:column,f16:column,1,0,serial,4,1,heuristic,invalid,invalid,false,false,1,tensorop,f32,128,128,64,1,2,1,0,0,0,7,4,1,1,64,128,16,90,90,2883584,605159424,209,0.00985056,272.629,61434
41,CUTLASS,gemm,cutlass3x_sm90_tensorop_s64x128x16gemm_f16_f16_f32_f16_f16_128x128x64_1x2x1_0_nnn_align8_warpspecialized_pingpong_epi_tma,passed,success,universal,1152,512,512,f16:column,f16:column,f16:column,f16:column,1,0,serial,4,1,heuristic,invalid,invalid,false,false,1,tensorop,f32,128,128,64,1,2,1,0,0,0,6,4,1,1,64,128,16,90,90,2883584,605159424,209,0.00966528,277.855,62611.7
41,CUTLASS,gemm,cutlass3x_sm90_tensorop_s64x128x16gemm_f16_f16_f32_f16_f16_128x128x64_1x2x1_0_nnn_align8_warpspecialized_pingpong_epi_nosmem,passed,success,universal,1152,512,512,f16:column,f16:column,f16:column,f16:column,1,0,serial,4,1,heuristic,invalid,invalid,false,false,1,tensorop,f32,128,128,64,1,2,1,0,0,0,7,4,1,1,64,128,16,90,90,2883584,605159424,209,0.0106851,251.335,56635.7
41,CUTLASS,gemm,cutlass3x_sm90_tensorop_s64x128x16gemm_f16_f16_f32_f16_f16_128x128x64_1x2x1_0_nnn_align8_warpspecialized_cooperative_epi_nosmem,passed,success,universal,1152,512,512,f16:column,f16:column,f16:column,f16:column,1,0,serial,4,1,heuristic,invalid,invalid,false,false,1,tensorop,f32,128,128,64,1,2,1,0,0,0,7,4,2,1,64,128,16,90,90,2883584,605159424,209,0.010623,252.804,56966.7
41,CUTLASS,gemm,cutlass3x_sm90_tensorop_s64x128x16gemm_f16_f16_f32_f16_f16_128x128x64_1x2x1_0_nnn_align8_warpspecialized_cooperative_epi_tma,passed,success,universal,1152,512,512,f16:column,f16:column,f16:column,f16:column,1,0,serial,4,1,heuristic,invalid,invalid,false,false,1,tensorop,f32,128,128,64,1,2,1,0,0,0,6,4,2,1,64,128,16,90,90,2883584,605159424,209,0.00902944,297.421,67020.7
41,CUTLASS,gemm,cutlass3x_sm90_tensorop_s64x128x16gemm_f16_f16_f32_f16_f16_128x128x64_1x2x1_0_nnn_align8_stream_k_warpspecialized_cooperative_epi_nosmem,passed,success,universal,1152,512,512,f16:column,f16:column,f16:column,f16:column,1,0,serial,4,1,heuristic,invalid,invalid,false,false,1,tensorop,f32,128,128,64,1,2,1,0,0,0,7,4,2,1,64,128,16,90,90,2883584,605159424,209,0.0181869,147.664,33274.5
41,CUTLASS,gemm,cutlass3x_sm90_tensorop_s64x128x16gemm_f16_f16_f32_f16_f16_128x128x64_1x2x1_0_nnn_align8_stream_k_warpspecialized_cooperative_epi_tma,passed,success,universal,1152,512,512,f16:column,f16:column,f16:column,f16:column,1,0,serial,4,1,heuristic,invalid,invalid,false,false,1,tensorop,f32,128,128,64,1,2,1,0,0,0,6,4,2,1,64,128,16,90,90,2883584,605159424,209,0.017511,153.363,34558.7
41,CUTLASS,gemm,cutlass3x_sm90_tensorop_s64x128x16gemm_f16_f16_f32_f16_f16_128x128x64_2x1x1_0_nnn_align8,passed,success,universal,1152,512,512,f16:column,f16:column,f16:column,f16:column,1,0,serial,4,1,heuristic,invalid,invalid,false,false,1,tensorop,f32,128,128,64,2,1,1,0,0,0,7,4,2,1,64,128,16,90,90,2883584,605159424,209,0.0106595,251.939,56771.7
41,CUTLASS,gemm,cutlass3x_sm90_tensorop_s64x128x16gemm_f16_f16_f32_f16_f16_128x128x64_2x1x1_0_nnn_align8_warpspecialized_epi_nosmem,passed,success,universal,1152,512,512,f16:column,f16:column,f16:column,f16:column,1,0,serial,4,1,heuristic,invalid,invalid,false,false,1,tensorop,f32,128,128,64,2,1,1,0,0,0,7,4,1,1,64,128,16,90,90,2883584,605159424,209,0.010169,264.093,59510.5
41,CUTLASS,gemm,cutlass3x_sm90_tensorop_s64x128x16gemm_f16_f16_f32_f16_f16_128x128x64_2x1x1_0_nnn_align8_warpspecialized_pingpong_epi_tma,passed,success,universal,1152,512,512,f16:column,f16:column,f16:column,f16:column,1,0,serial,4,1,heuristic,invalid,invalid,false,false,1,tensorop,f32,128,128,64,2,1,1,0,0,0,6,4,1,1,64,128,16,90,90,2883584,605159424,209,0.00980736,273.83,61704.6
41,CUTLASS,gemm,cutlass3x_sm90_tensorop_s64x128x16gemm_f16_f16_f32_f16_f16_128x128x64_2x1x1_0_nnn_align8_warpspecialized_pingpong_epi_nosmem,passed,success,universal,1152,512,512,f16:column,f16:column,f16:column,f16:column,1,0,serial,4,1,heuristic,invalid,invalid,false,false,1,tensorop,f32,128,128,64,2,1,1,0,0,0,7,4,1,1,64,128,16,90,90,2883584,605159424,209,0.0107866,248.972,56103.1
41,CUTLASS,gemm,cutlass3x_sm90_tensorop_s64x128x16gemm_f16_f16_f32_f16_f16_128x128x64_2x1x1_0_nnn_align8_warpspecialized_cooperative_epi_nosmem,passed,success,universal,1152,512,512,f16:column,f16:column,f16:column,f16:column,1,0,serial,4,1,heuristic,invalid,invalid,false,false,1,tensorop,f32,128,128,64,2,1,1,0,0,0,7,4,2,1,64,128,16,90,90,2883584,605159424,209,0.0107571,249.653,56256.6
41,CUTLASS,gemm,cutlass3x_sm90_tensorop_s64x128x16gemm_f16_f16_f32_f16_f16_128x128x64_2x1x1_0_nnn_align8_warpspecialized_cooperative_epi_tma,passed,success,universal,1152,512,512,f16:column,f16:column,f16:column,f16:column,1,0,serial,4,1,heuristic,invalid,invalid,false,false,1,tensorop,f32,128,128,64,2,1,1,0,0,0,6,4,2,1,64,128,16,90,90,2883584,605159424,209,0.00914656,293.613,66162.5
41,CUTLASS,gemm,cutlass3x_sm90_tensorop_s64x128x16gemm_f16_f16_f32_f16_f16_128x128x64_2x1x1_0_nnn_align8_stream_k_warpspecialized_cooperative_epi_nosmem,passed,success,universal,1152,512,512,f16:column,f16:column,f16:column,f16:column,1,0,serial,4,1,heuristic,invalid,invalid,false,false,1,tensorop,f32,128,128,64,2,1,1,0,0,0,7,4,2,1,64,128,16,90,90,2883584,605159424,209,0.018328,146.527,33018.3
41,CUTLASS,gemm,cutlass3x_sm90_tensorop_s64x128x16gemm_f16_f16_f32_f16_f16_128x128x64_2x1x1_0_nnn_align8_stream_k_warpspecialized_cooperative_epi_tma,passed,success,universal,1152,512,512,f16:column,f16:column,f16:column,f16:column,1,0,serial,4,1,heuristic,invalid,invalid,false,false,1,tensorop,f32,128,128,64,2,1,1,0,0,0,6,4,2,1,64,128,16,90,90,2883584,605159424,209,0.0174477,153.92,34684.2
42,CUTLASS,gemm,cutlass_tensorop_f16_s1688gemm_f16_256x128_32x2_nn_align8,passed,success,universal,1280,512,512,f16:column,f16:column,f16:column,f16:column,1,0,serial,4,1,heuristic,invalid,invalid,false,false,1,tensorop,f32,256,128,32,1,1,1,0,0,0,2,4,2,1,16,8,8,75,1024,3145728,672399360,213,0.0219856,133.255,30583.6
42,CUTLASS,gemm,cutlass_tensorop_f16_s16816gemm_f16_256x128_32x3_nn_align8,passed,success,universal,1280,512,512,f16:column,f16:column,f16:column,f16:column,1,0,serial,4,1,heuristic,invalid,invalid,false,false,1,tensorop,f32,256,128,32,1,1,1,0,0,0,3,4,2,1,16,8,16,80,1024,3145728,672399360,213,0.0197222,148.547,34093.5
42,CUTLASS,gemm,cutlass3x_sm90_tensorop_s64x128x16gemm_f16_f16_f32_f16_f16_128x128x64_1x2x1_0_nnn_align8,passed,success,universal,1280,512,512,f16:column,f16:column,f16:column,f16:column,1,0,serial,4,1,heuristic,invalid,invalid,false,false,1,tensorop,f32,128,128,64,1,2,1,0,0,0,7,4,2,1,64,128,16,90,90,3145728,672399360,213,0.0100646,291.087,66808.1
42,CUTLASS,gemm,cutlass3x_sm90_tensorop_s64x128x16gemm_f16_f16_f32_f16_f16_128x128x64_1x2x1_0_nnn_align8_warpspecialized_epi_nosmem,passed,success,universal,1280,512,512,f16:column,f16:column,f16:column,f16:column,1,0,serial,4,1,heuristic,invalid,invalid,false,false,1,tensorop,f32,128,128,64,1,2,1,0,0,0,7,4,1,1,64,128,16,90,90,3145728,672399360,213,0.00948448,308.893,70894.7
42,CUTLASS,gemm,cutlass3x_sm90_tensorop_s64x128x16gemm_f16_f16_f32_f16_f16_128x128x64_1x2x1_0_nnn_align8_warpspecialized_pingpong_epi_tma,passed,success,universal,1280,512,512,f16:column,f16:column,f16:column,f16:column,1,0,serial,4,1,heuristic,invalid,invalid,false,false,1,tensorop,f32,128,128,64,1,2,1,0,0,0,6,4,1,1,64,128,16,90,90,3145728,672399360,213,0.0095072,308.155,70725.3
42,CUTLASS,gemm,cutlass3x_sm90_tensorop_s64x128x16gemm_f16_f16_f32_f16_f16_128x128x64_1x2x1_0_nnn_align8_warpspecialized_pingpong_epi_nosmem,passed,success,universal,1280,512,512,f16:column,f16:column,f16:column,f16:column,1,0,serial,4,1,heuristic,invalid,invalid,false,false,1,tensorop,f32,128,128,64,1,2,1,0,0,0,7,4,1,1,64,128,16,90,90,3145728,672399360,213,0.0099488,294.476,67586
42,CUTLASS,gemm,cutlass3x_sm90_tensorop_s64x128x16gemm_f16_f16_f32_f16_f16_128x128x64_1x2x1_0_nnn_align8_warpspecialized_cooperative_epi_nosmem,passed,success,universal,1280,512,512,f16:column,f16:column,f16:column,f16:column,1,0,serial,4,1,heuristic,invalid,invalid,false,false,1,tensorop,f32,128,128,64,1,2,1,0,0,0,7,4,2,1,64,128,16,90,90,3145728,672399360,213,0.0100986,290.109,66583.7
42,CUTLASS,gemm,cutlass3x_sm90_tensorop_s64x128x16gemm_f16_f16_f32_f16_f16_128x128x64_1x2x1_0_nnn_align8_warpspecialized_cooperative_epi_tma,passed,success,universal,1280,512,512,f16:column,f16:column,f16:column,f16:column,1,0,serial,4,1,heuristic,invalid,invalid,false,false,1,tensorop,f32,128,128,64,1,2,1,0,0,0,6,4,2,1,64,128,16,90,90,3145728,672399360,213,0.0088528,330.933,75953.3
42,CUTLASS,gemm,cutlass3x_sm90_tensorop_s64x128x16gemm_f16_f16_f32_f16_f16_128x128x64_1x2x1_0_nnn_align8_stream_k_warpspecialized_cooperative_epi_nosmem,passed,success,universal,1280,512,512,f16:column,f16:column,f16:column,f16:column,1,0,serial,4,1,heuristic,invalid,invalid,false,false,1,tensorop,f32,128,128,64,1,2,1,0,0,0,7,4,2,1,64,128,16,90,90,3145728,672399360,213,0.0178352,164.264,37700.7
42,CUTLASS,gemm,cutlass3x_sm90_tensorop_s64x128x16gemm_f16_f16_f32_f16_f16_128x128x64_1x2x1_0_nnn_align8_stream_k_warpspecialized_cooperative_epi_tma,passed,success,universal,1280,512,512,f16:column,f16:column,f16:column,f16:column,1,0,serial,4,1,heuristic,invalid,invalid,false,false,1,tensorop,f32,128,128,64,1,2,1,0,0,0,6,4,2,1,64,128,16,90,90,3145728,672399360,213,0.0174419,167.968,38550.8
42,CUTLASS,gemm,cutlass3x_sm90_tensorop_s64x128x16gemm_f16_f16_f32_f16_f16_128x128x64_2x1x1_0_nnn_align8,passed,success,universal,1280,512,512,f16:column,f16:column,f16:column,f16:column,1,0,serial,4,1,heuristic,invalid,invalid,false,false,1,tensorop,f32,128,128,64,2,1,1,0,0,0,7,4,2,1,64,128,16,90,90,3145728,672399360,213,0.0100582,291.272,66850.6
42,CUTLASS,gemm,cutlass3x_sm90_tensorop_s64x128x16gemm_f16_f16_f32_f16_f16_128x128x64_2x1x1_0_nnn_align8_warpspecialized_epi_nosmem,passed,success,universal,1280,512,512,f16:column,f16:column,f16:column,f16:column,1,0,serial,4,1,heuristic,invalid,invalid,false,false,1,tensorop,f32,128,128,64,2,1,1,0,0,0,7,4,1,1,64,128,16,90,90,3145728,672399360,213,0.0094976,308.466,70796.8
42,CUTLASS,gemm,cutlass3x_sm90_tensorop_s64x128x16gemm_f16_f16_f32_f16_f16_128x128x64_2x1x1_0_nnn_align8_warpspecialized_pingpong_epi_tma,passed,success,universal,1280,512,512,f16:column,f16:column,f16:column,f16:column,1,0,serial,4,1,heuristic,invalid,invalid,false,false,1,tensorop,f32,128,128,64,2,1,1,0,0,0,6,4,1,1,64,128,16,90,90,3145728,672399360,213,0.00961856,304.587,69906.4
42,CUTLASS,gemm,cutlass3x_sm90_tensorop_s64x128x16gemm_f16_f16_f32_f16_f16_128x128x64_2x1x1_0_nnn_align8_warpspecialized_pingpong_epi_nosmem,passed,success,universal,1280,512,512,f16:column,f16:column,f16:column,f16:column,1,0,serial,4,1,heuristic,invalid,invalid,false,false,1,tensorop,f32,128,128,64,2,1,1,0,0,0,7,4,1,1,64,128,16,90,90,3145728,672399360,213,0.0100765,290.745,66729.6
42,CUTLASS,gemm,cutlass3x_sm90_tensorop_s64x128x16gemm_f16_f16_f32_f16_f16_128x128x64_2x1x1_0_nnn_align8_warpspecialized_cooperative_epi_nosmem,passed,success,universal,1280,512,512,f16:column,f16:column,f16:column,f16:column,1,0,serial,4,1,heuristic,invalid,invalid,false,false,1,tensorop,f32,128,128,64,2,1,1,0,0,0,7,4,2,1,64,128,16,90,90,3145728,672399360,213,0.00997568,293.683,67403.9
42,CUTLASS,gemm,cutlass3x_sm90_tensorop_s64x128x16gemm_f16_f16_f32_f16_f16_128x128x64_2x1x1_0_nnn_align8_warpspecialized_cooperative_epi_tma,passed,success,universal,1280,512,512,f16:column,f16:column,f16:column,f16:column,1,0,serial,4,1,heuristic,invalid,invalid,false,false,1,tensorop,f32,128,128,64,2,1,1,0,0,0,6,4,2,1,64,128,16,90,90,3145728,672399360,213,0.00898176,326.182,74862.8
42,CUTLASS,gemm,cutlass3x_sm90_tensorop_s64x128x16gemm_f16_f16_f32_f16_f16_128x128x64_2x1x1_0_nnn_align8_stream_k_warpspecialized_cooperative_epi_nosmem,passed,success,universal,1280,512,512,f16:column,f16:column,f16:column,f16:column,1,0,serial,4,1,heuristic,invalid,invalid,false,false,1,tensorop,f32,128,128,64,2,1,1,0,0,0,7,4,2,1,64,128,16,90,90,3145728,672399360,213,0.0178438,164.185,37682.4
42,CUTLASS,gemm,cutlass3x_sm90_tensorop_s64x128x16gemm_f16_f16_f32_f16_f16_128x128x64_2x1x1_0_nnn_align8_stream_k_warpspecialized_cooperative_epi_tma,passed,success,universal,1280,512,512,f16:column,f16:column,f16:column,f16:column,1,0,serial,4,1,heuristic,invalid,invalid,false,false,1,tensorop,f32,128,128,64,2,1,1,0,0,0,6,4,2,1,64,128,16,90,90,3145728,672399360,213,0.0175683,166.76,38273.4
43,CUTLASS,gemm,cutlass_tensorop_f16_s1688gemm_f16_256x128_32x2_nn_align8,passed,success,universal,1408,512,512,f16:column,f16:column,f16:column,f16:column,1,0,serial,4,1,heuristic,invalid,invalid,false,false,1,tensorop,f32,256,128,32,1,1,1,0,0,0,2,4,2,1,16,8,8,75,1024,3407872,739639296,217,0.0221475,143.304,33396
43,CUTLASS,gemm,cutlass_tensorop_f16_s16816gemm_f16_256x128_32x3_nn_align8,passed,success,universal,1408,512,512,f16:column,f16:column,f16:column,f16:column,1,0,serial,4,1,heuristic,invalid,invalid,false,false,1,tensorop,f32,256,128,32,1,1,1,0,0,0,3,4,2,1,16,8,16,80,1024,3407872,739639296,217,0.0198026,160.274,37350.7
43,CUTLASS,gemm,cutlass3x_sm90_tensorop_s64x128x16gemm_f16_f16_f32_f16_f16_128x128x64_1x2x1_0_nnn_align8,passed,success,universal,1408,512,512,f16:column,f16:column,f16:column,f16:column,1,0,serial,4,1,heuristic,invalid,invalid,false,false,1,tensorop,f32,128,128,64,1,2,1,0,0,0,7,4,2,1,64,128,16,90,90,3407872,739639296,217,0.0102067,310.955,72465.9
43,CUTLASS,gemm,cutlass3x_sm90_tensorop_s64x128x16gemm_f16_f16_f32_f16_f16_128x128x64_1x2x1_0_nnn_align8_warpspecialized_epi_nosmem,passed,success,universal,1408,512,512,f16:column,f16:column,f16:column,f16:column,1,0,serial,4,1,heuristic,invalid,invalid,false,false,1,tensorop,f32,128,128,64,1,2,1,0,0,0,7,4,1,1,64,128,16,90,90,3407872,739639296,217,0.00970976,326.87,76174.8
43,CUTLASS,gemm,cutlass3x_sm90_tensorop_s64x128x16gemm_f16_f16_f32_f16_f16_128x128x64_1x2x1_0_nnn_align8_warpspecialized_pingpong_epi_tma,passed,success,universal,1408,512,512,f16:column,f16:column,f16:column,f16:column,1,0,serial,4,1,heuristic,invalid,invalid,false,false,1,tensorop,f32,128,128,64,1,2,1,0,0,0,6,4,1,1,64,128,16,90,90,3407872,739639296,217,0.0096224,329.837,76866.4
43,CUTLASS,gemm,cutlass3x_sm90_tensorop_s64x128x16gemm_f16_f16_f32_f16_f16_128x128x64_1x2x1_0_nnn_align8_warpspecialized_pingpong_epi_nosmem,passed,success,universal,1408,512,512,f16:column,f16:column,f16:column,f16:column,1,0,serial,4,1,heuristic,invalid,invalid,false,false,1,tensorop,f32,128,128,64,1,2,1,0,0,0,7,4,1,1,64,128,16,90,90,3407872,739639296,217,0.0104605,303.411,70708
43,CUTLASS,gemm,cutlass3x_sm90_tensorop_s64x128x16gemm_f16_f16_f32_f16_f16_128x128x64_1x2x1_0_nnn_align8_warpspecialized_cooperative_epi_nosmem,passed,success,universal,1408,512,512,f16:column,f16:column,f16:column,f16:column,1,0,serial,4,1,heuristic,invalid,invalid,false,false,1,tensorop,f32,128,128,64,1,2,1,0,0,0,7,4,2,1,64,128,16,90,90,3407872,739639296,217,0.0101779,311.835,72671
43,CUTLASS,gemm,cutlass3x_sm90_tensorop_s64x128x16gemm_f16_f16_f32_f16_f16_128x128x64_1x2x1_0_nnn_align8_warpspecialized_cooperative_epi_tma,passed,success,universal,1408,512,512,f16:column,f16:column,f16:column,f16:column,1,0,serial,4,1,heuristic,invalid,invalid,false,false,1,tensorop,f32,128,128,64,1,2,1,0,0,0,6,4,2,1,64,128,16,90,90,3407872,739639296,217,0.0089408,354.983,82726.3
43,CUTLASS,gemm,cutlass3x_sm90_tensorop_s64x128x16gemm_f16_f16_f32_f16_f16_128x128x64_1x2x1_0_nnn_align8_stream_k_warpspecialized_cooperative_epi_nosmem,passed,success,universal,1408,512,512,f16:column,f16:column,f16:column,f16:column,1,0,serial,4,1,heuristic,invalid,invalid,false,false,1,tensorop,f32,128,128,64,1,2,1,0,0,0,7,4,2,1,64,128,16,90,90,3407872,739639296,217,0.0180765,175.578,40917.2
43,CUTLASS,gemm,cutlass3x_sm90_tensorop_s64x128x16gemm_f16_f16_f32_f16_f16_128x128x64_1x2x1_0_nnn_align8_stream_k_warpspecialized_cooperative_epi_tma,passed,success,universal,1408,512,512,f16:column,f16:column,f16:column,f16:column,1,0,serial,4,1,heuristic,invalid,invalid,false,false,1,tensorop,f32,128,128,64,1,2,1,0,0,0,6,4,2,1,64,128,16,90,90,3407872,739639296,217,0.0174602,181.775,42361.5
43,CUTLASS,gemm,cutlass3x_sm90_tensorop_s64x128x16gemm_f16_f16_f32_f16_f16_128x128x64_2x1x1_0_nnn_align8,passed,success,universal,1408,512,512,f16:column,f16:column,f16:column,f16:column,1,0,serial,4,1,heuristic,invalid,invalid,false,false,1,tensorop,f32,128,128,64,2,1,1,0,0,0,7,4,2,1,64,128,16,90,90,3407872,739639296,217,0.0103552,306.496,71426.9
43,CUTLASS,gemm,cutlass3x_sm90_tensorop_s64x128x16gemm_f16_f16_f32_f16_f16_128x128x64_2x1x1_0_nnn_align8_warpspecialized_epi_nosmem,passed,success,universal,1408,512,512,f16:column,f16:column,f16:column,f16:column,1,0,serial,4,1,heuristic,invalid,invalid,false,false,1,tensorop,f32,128,128,64,2,1,1,0,0,0,7,4,1,1,64,128,16,90,90,3407872,739639296,217,0.0097344,326.043,75982
43,CUTLASS,gemm,cutlass3x_sm90_tensorop_s64x128x16gemm_f16_f16_f32_f16_f16_128x128x64_2x1x1_0_nnn_align8_warpspecialized_pingpong_epi_tma,passed,success,universal,1408,512,512,f16:column,f16:column,f16:column,f16:column,1,0,serial,4,1,heuristic,invalid,invalid,false,false,1,tensorop,f32,128,128,64,2,1,1,0,0,0,6,4,1,1,64,128,16,90,90,3407872,739639296,217,0.00975008,325.518,75859.8
43,CUTLASS,gemm,cutlass3x_sm90_tensorop_s64x128x16gemm_f16_f16_f32_f16_f16_128x128x64_2x1x1_0_nnn_align8_warpspecialized_pingpong_epi_nosmem,passed,success,universal,1408,512,512,f16:column,f16:column,f16:column,f16:column,1,0,serial,4,1,heuristic,invalid,invalid,false,false,1,tensorop,f32,128,128,64,2,1,1,0,0,0,7,4,1,1,64,128,16,90,90,3407872,739639296,217,0.010391,305.439,71180.5
43,CUTLASS,gemm,cutlass3x_sm90_tensorop_s64x128x16gemm_f16_f16_f32_f16_f16_128x128x64_2x1x1_0_nnn_align8_warpspecialized_cooperative_epi_nosmem,passed,success,universal,1408,512,512,f16:column,f16:column,f16:column,f16:column,1,0,serial,4,1,heuristic,invalid,invalid,false,false,1,tensorop,f32,128,128,64,2,1,1,0,0,0,7,4,2,1,64,128,16,90,90,3407872,739639296,217,0.0103254,307.379,71632.7
43,CUTLASS,gemm,cutlass3x_sm90_tensorop_s64x128x16gemm_f16_f16_f32_f16_f16_128x128x64_2x1x1_0_nnn_align8_warpspecialized_cooperative_epi_tma,passed,success,universal,1408,512,512,f16:column,f16:column,f16:column,f16:column,1,0,serial,4,1,heuristic,invalid,invalid,false,false,1,tensorop,f32,128,128,64,2,1,1,0,0,0,6,4,2,1,64,128,16,90,90,3407872,739639296,217,0.00909248,349.061,81346.3
43,CUTLASS,gemm,cutlass3x_sm90_tensorop_s64x128x16gemm_f16_f16_f32_f16_f16_128x128x64_2x1x1_0_nnn_align8_stream_k_warpspecialized_cooperative_epi_nosmem,passed,success,universal,1408,512,512,f16:column,f16:column,f16:column,f16:column,1,0,serial,4,1,heuristic,invalid,invalid,false,false,1,tensorop,f32,128,128,64,2,1,1,0,0,0,7,4,2,1,64,128,16,90,90,3407872,739639296,217,0.0183206,173.238,40371.9
43,CUTLASS,gemm,cutlass3x_sm90_tensorop_s64x128x16gemm_f16_f16_f32_f16_f16_128x128x64_2x1x1_0_nnn_align8_stream_k_warpspecialized_cooperative_epi_tma,passed,success,universal,1408,512,512,f16:column,f16:column,f16:column,f16:column,1,0,serial,4,1,heuristic,invalid,invalid,false,false,1,tensorop,f32,128,128,64,2,1,1,0,0,0,6,4,2,1,64,128,16,90,90,3407872,739639296,217,0.0178214,178.09,41502.8
44,CUTLASS,gemm,cutlass_tensorop_f16_s1688gemm_f16_256x128_32x2_nn_align8,passed,success,universal,1536,512,512,f16:column,f16:column,f16:column,f16:column,1,0,serial,4,1,heuristic,invalid,invalid,false,false,1,tensorop,f32,256,128,32,1,1,1,0,0,0,2,4,2,1,16,8,8,75,1024,3670016,806879232,219,0.0222746,153.447,36224.2
44,CUTLASS,gemm,cutlass_tensorop_f16_s16816gemm_f16_256x128_32x3_nn_align8,passed,success,universal,1536,512,512,f16:column,f16:column,f16:column,f16:column,1,0,serial,4,1,heuristic,invalid,invalid,false,false,1,tensorop,f32,256,128,32,1,1,1,0,0,0,3,4,2,1,16,8,16,80,1024,3670016,806879232,219,0.0199878,171.002,40368.5
44,CUTLASS,gemm,cutlass3x_sm90_tensorop_s64x128x16gemm_f16_f16_f32_f16_f16_128x128x64_1x2x1_0_nnn_align8,passed,success,universal,1536,512,512,f16:column,f16:column,f16:column,f16:column,1,0,serial,4,1,heuristic,invalid,invalid,false,false,1,tensorop,f32,128,128,64,1,2,1,0,0,0,7,4,2,1,64,128,16,90,90,3670016,806879232,219,0.0103491,330.267,77966
44,CUTLASS,gemm,cutlass3x_sm90_tensorop_s64x128x16gemm_f16_f16_f32_f16_f16_128x128x64_1x2x1_0_nnn_align8_warpspecialized_epi_nosmem,passed,success,universal,1536,512,512,f16:column,f16:column,f16:column,f16:column,1,0,serial,4,1,heuristic,invalid,invalid,false,false,1,tensorop,f32,128,128,64,1,2,1,0,0,0,7,4,1,1,64,128,16,90,90,3670016,806879232,219,0.0098208,348.034,82160.2
44,CUTLASS,gemm,cutlass3x_sm90_tensorop_s64x128x16gemm_f16_f16_f32_f16_f16_128x128x64_1x2x1_0_nnn_align8_warpspecialized_pingpong_epi_tma,passed,success,universal,1536,512,512,f16:column,f16:column,f16:column,f16:column,1,0,serial,4,1,heuristic,invalid,invalid,false,false,1,tensorop,f32,128,128,64,1,2,1,0,0,0,6,4,1,1,64,128,16,90,90,3670016,806879232,219,0.00970944,352.025,83102.6
44,CUTLASS,gemm,cutlass3x_sm90_tensorop_s64x128x16gemm_f16_f16_f32_f16_f16_128x128x64_1x2x1_0_nnn_align8_warpspecialized_pingpong_epi_nosmem,passed,success,universal,1536,512,512,f16:column,f16:column,f16:column,f16:column,1,0,serial,4,1,heuristic,invalid,invalid,false,false,1,tensorop,f32,128,128,64,1,2,1,0,0,0,7,4,1,1,64,128,16,90,90,3670016,806879232,219,0.0105606,323.652,76404.4
44,CUTLASS,gemm,cutlass3x_sm90_tensorop_s64x128x16gemm_f16_f16_f32_f16_f16_128x128x64_1x2x1_0_nnn_align8_warpspecialized_cooperative_epi_nosmem,passed,success,universal,1536,512,512,f16:column,f16:column,f16:column,f16:column,1,0,serial,4,1,heuristic,invalid,invalid,false,false,1,tensorop,f32,128,128,64,1,2,1,0,0,0,7,4,2,1,64,128,16,90,90,3670016,806879232,219,0.0105318,324.537,76613.3
44,CUTLASS,gemm,cutlass3x_sm90_tensorop_s64x128x16gemm_f16_f16_f32_f16_f16_128x128x64_1x2x1_0_nnn_align8_warpspecialized_cooperative_epi_tma,passed,success,universal,1536,512,512,f16:column,f16:column,f16:column,f16:column,1,0,serial,4,1,heuristic,invalid,invalid,false,false,1,tensorop,f32,128,128,64,1,2,1,0,0,0,6,4,2,1,64,128,16,90,90,3670016,806879232,219,0.00921088,371.08,87600.7
44,CUTLASS,gemm,cutlass3x_sm90_tensorop_s64x128x16gemm_f16_f16_f32_f16_f16_128x128x64_1x2x1_0_nnn_align8_stream_k_warpspecialized_cooperative_epi_nosmem,passed,success,universal,1536,512,512,f16:column,f16:column,f16:column,f16:column,1,0,serial,4,1,heuristic,invalid,invalid,false,false,1,tensorop,f32,128,128,64,1,2,1,0,0,0,7,4,2,1,64,128,16,90,90,3670016,806879232,219,0.0183331,186.437,44012.1
44,CUTLASS,gemm,cutlass3x_sm90_tensorop_s64x128x16gemm_f16_f16_f32_f16_f16_128x128x64_1x2x1_0_nnn_align8_stream_k_warpspecialized_cooperative_epi_tma,passed,success,universal,1536,512,512,f16:column,f16:column,f16:column,f16:column,1,0,serial,4,1,heuristic,invalid,invalid,false,false,1,tensorop,f32,128,128,64,1,2,1,0,0,0,6,4,2,1,64,128,16,90,90,3670016,806879232,219,0.0177846,192.187,45369.4
44,CUTLASS,gemm,cutlass3x_sm90_tensorop_s64x128x16gemm_f16_f16_f32_f16_f16_128x128x64_2x1x1_0_nnn_align8,passed,success,universal,1536,512,512,f16:column,f16:column,f16:column,f16:column,1,0,serial,4,1,heuristic,invalid,invalid,false,false,1,tensorop,f32,128,128,64,2,1,1,0,0,0,7,4,2,1,64,128,16,90,90,3670016,806879232,219,0.0104707,326.431,77060.5
44,CUTLASS,gemm,cutlass3x_sm90_tensorop_s64x128x16gemm_f16_f16_f32_f16_f16_128x128x64_2x1x1_0_nnn_align8_warpspecialized_epi_nosmem,passed,success,universal,1536,512,512,f16:column,f16:column,f16:column,f16:column,1,0,serial,4,1,heuristic,invalid,invalid,false,false,1,tensorop,f32,128,128,64,2,1,1,0,0,0,7,4,1,1,64,128,16,90,90,3670016,806879232,219,0.010105,338.247,79849.8
44,CUTLASS,gemm,cutlass3x_sm90_tensorop_s64x128x16gemm_f16_f16_f32_f16_f16_128x128x64_2x1x1_0_nnn_align8_warpspecialized_pingpong_epi_tma,passed,success,universal,1536,512,512,f16:column,f16:column,f16:column,f16:column,1,0,serial,4,1,heuristic,invalid,invalid,false,false,1,tensorop,f32,128,128,64,2,1,1,0,0,0,6,4,1,1,64,128,16,90,90,3670016,806879232,219,0.0099344,344.054,81220.7
44,CUTLASS,gemm,cutlass3x_sm90_tensorop_s64x128x16gemm_f16_f16_f32_f16_f16_128x128x64_2x1x1_0_nnn_align8_warpspecialized_pingpong_epi_nosmem,passed,success,universal,1536,512,512,f16:column,f16:column,f16:column,f16:column,1,0,serial,4,1,heuristic,invalid,invalid,false,false,1,tensorop,f32,128,128,64,2,1,1,0,0,0,7,4,1,1,64,128,16,90,90,3670016,806879232,219,0.0106621,320.572,75677.5
44,CUTLASS,gemm,cutlass3x_sm90_tensorop_s64x128x16gemm_f16_f16_f32_f16_f16_128x128x64_2x1x1_0_nnn_align8_warpspecialized_cooperative_epi_nosmem,passed,success,universal,1536,512,512,f16:column,f16:column,f16:column,f16:column,1,0,serial,4,1,heuristic,invalid,invalid,false,false,1,tensorop,f32,128,128,64,2,1,1,0,0,0,7,4,2,1,64,128,16,90,90,3670016,806879232,219,0.0104829,326.052,76971.1
44,CUTLASS,gemm,cutlass3x_sm90_tensorop_s64x128x16gemm_f16_f16_f32_f16_f16_128x128x64_2x1x1_0_nnn_align8_warpspecialized_cooperative_epi_tma,passed,success,universal,1536,512,512,f16:column,f16:column,f16:column,f16:column,1,0,serial,4,1,heuristic,invalid,invalid,false,false,1,tensorop,f32,128,128,64,2,1,1,0,0,0,6,4,2,1,64,128,16,90,90,3670016,806879232,219,0.00922336,370.577,87482.1
44,CUTLASS,gemm,cutlass3x_sm90_tensorop_s64x128x16gemm_f16_f16_f32_f16_f16_128x128x64_2x1x1_0_nnn_align8_stream_k_warpspecialized_cooperative_epi_nosmem,passed,success,universal,1536,512,512,f16:column,f16:column,f16:column,f16:column,1,0,serial,4,1,heuristic,invalid,invalid,false,false,1,tensorop,f32,128,128,64,2,1,1,0,0,0,7,4,2,1,64,128,16,90,90,3670016,806879232,219,0.0184854,184.901,43649.4
44,CUTLASS,gemm,cutlass3x_sm90_tensorop_s64x128x16gemm_f16_f16_f32_f16_f16_128x128x64_2x1x1_0_nnn_align8_stream_k_warpspecialized_cooperative_epi_tma,passed,success,universal,1536,512,512,f16:column,f16:column,f16:column,f16:column,1,0,serial,4,1,heuristic,invalid,invalid,false,false,1,tensorop,f32,128,128,64,2,1,1,0,0,0,6,4,2,1,64,128,16,90,90,3670016,806879232,219,0.0179517,190.398,44947.3
45,CUTLASS,gemm,cutlass_tensorop_f16_s1688gemm_f16_256x128_32x2_nn_align8,passed,success,universal,1664,512,512,f16:column,f16:column,f16:column,f16:column,1,0,serial,4,1,heuristic,invalid,invalid,false,false,1,tensorop,f32,256,128,32,1,1,1,0,0,0,2,4,2,1,16,8,8,75,1024,3932160,874119168,222,0.0227235,161.159,38467.6
45,CUTLASS,gemm,cutlass_tensorop_f16_s16816gemm_f16_256x128_32x3_nn_align8,passed,success,universal,1664,512,512,f16:column,f16:column,f16:column,f16:column,1,0,serial,4,1,heuristic,invalid,invalid,false,false,1,tensorop,f32,256,128,32,1,1,1,0,0,0,3,4,2,1,16,8,16,80,1024,3932160,874119168,222,0.0203568,179.896,42939.9
45,CUTLASS,gemm,cutlass3x_sm90_tensorop_s64x128x16gemm_f16_f16_f32_f16_f16_128x128x64_1x2x1_0_nnn_align8,passed,success,universal,1664,512,512,f16:column,f16:column,f16:column,f16:column,1,0,serial,4,1,heuristic,invalid,invalid,false,false,1,tensorop,f32,128,128,64,1,2,1,0,0,0,7,4,2,1,64,128,16,90,90,3932160,874119168,222,0.010513,348.342,83146.8
45,CUTLASS,gemm,cutlass3x_sm90_tensorop_s64x128x16gemm_f16_f16_f32_f16_f16_128x128x64_1x2x1_0_nnn_align8_warpspecialized_epi_nosmem,passed,success,universal,1664,512,512,f16:column,f16:column,f16:column,f16:column,1,0,serial,4,1,heuristic,invalid,invalid,false,false,1,tensorop,f32,128,128,64,1,2,1,0,0,0,7,4,1,1,64,128,16,90,90,3932160,874119168,222,0.009752,375.524,89634.9
45,CUTLASS,gemm,cutlass3x_sm90_tensorop_s64x128x16gemm_f16_f16_f32_f16_f16_128x128x64_1x2x1_0_nnn_align8_warpspecialized_pingpong_epi_tma,passed,success,universal,1664,512,512,f16:column,f16:column,f16:column,f16:column,1,0,serial,4,1,heuristic,invalid,invalid,false,false,1,tensorop,f32,128,128,64,1,2,1,0,0,0,6,4,1,1,64,128,16,90,90,3932160,874119168,222,0.00991488,369.355,88162.4
45,CUTLASS,gemm,cutlass3x_sm90_tensorop_s64x128x16gemm_f16_f16_f32_f16_f16_128x128x64_1x2x1_0_nnn_align8_warpspecialized_pingpong_epi_nosmem,passed,success,universal,1664,512,512,f16:column,f16:column,f16:column,f16:column,1,0,serial,4,1,heuristic,invalid,invalid,false,false,1,tensorop,f32,128,128,64,1,2,1,0,0,0,7,4,1,1,64,128,16,90,90,3932160,874119168,222,0.0105162,348.236,83121.5
45,CUTLASS,gemm,cutlass3x_sm90_tensorop_s64x128x16gemm_f16_f16_f32_f16_f16_128x128x64_1x2x1_0_nnn_align8_warpspecialized_cooperative_epi_nosmem,passed,success,universal,1664,512,512,f16:column,f16:column,f16:column,f16:column,1,0,serial,4,1,heuristic,invalid,invalid,false,false,1,tensorop,f32,128,128,64,1,2,1,0,0,0,7,4,2,1,64,128,16,90,90,3932160,874119168,222,0.0105504,347.106,82851.8
45,CUTLASS,gemm,cutlass3x_sm90_tensorop_s64x128x16gemm_f16_f16_f32_f16_f16_128x128x64_1x2x1_0_nnn_align8_warpspecialized_cooperative_epi_tma,passed,success,universal,1664,512,512,f16:column,f16:column,f16:column,f16:column,1,0,serial,4,1,heuristic,invalid,invalid,false,false,1,tensorop,f32,128,128,64,1,2,1,0,0,0,6,4,2,1,64,128,16,90,90,3932160,874119168,222,0.00928288,394.501,94164.7
45,CUTLASS,gemm,cutlass3x_sm90_tensorop_s64x128x16gemm_f16_f16_f32_f16_f16_128x128x64_1x2x1_0_nnn_align8_stream_k_warpspecialized_cooperative_epi_nosmem,passed,success,universal,1664,512,512,f16:column,f16:column,f16:column,f16:column,1,0,serial,4,1,heuristic,invalid,invalid,false,false,1,tensorop,f32,128,128,64,1,2,1,0,0,0,7,4,2,1,64,128,16,90,90,3932160,874119168,222,0.0184266,198.741,47438
45,CUTLASS,gemm,cutlass3x_sm90_tensorop_s64x128x16gemm_f16_f16_f32_f16_f16_128x128x64_1x2x1_0_nnn_align8_stream_k_warpspecialized_cooperative_epi_tma,passed,success,universal,1664,512,512,f16:column,f16:column,f16:column,f16:column,1,0,serial,4,1,heuristic,invalid,invalid,false,false,1,tensorop,f32,128,128,64,1,2,1,0,0,0,6,4,2,1,64,128,16,90,90,3932160,874119168,222,0.0177197,206.669,49330.4
45,CUTLASS,gemm,cutlass3x_sm90_tensorop_s64x128x16gemm_f16_f16_f32_f16_f16_128x128x64_2x1x1_0_nnn_align8,passed,success,universal,1664,512,512,f16:column,f16:column,f16:column,f16:column,1,0,serial,4,1,heuristic,invalid,invalid,false,false,1,tensorop,f32,128,128,64,2,1,1,0,0,0,7,4,2,1,64,128,16,90,90,3932160,874119168,222,0.0101549,360.626,86078.7
45,CUTLASS,gemm,cutlass3x_sm90_tensorop_s64x128x16gemm_f16_f16_f32_f16_f16_128x128x64_2x1x1_0_nnn_align8_warpspecialized_epi_nosmem,passed,success,universal,1664,512,512,f16:column,f16:column,f16:column,f16:column,1,0,serial,4,1,heuristic,invalid,invalid,false,false,1,tensorop,f32,128,128,64,2,1,1,0,0,0,7,4,1,1,64,128,16,90,90,3932160,874119168,222,0.00995648,367.812,87794
45,CUTLASS,gemm,cutlass3x_sm90_tensorop_s64x128x16gemm_f16_f16_f32_f16_f16_128x128x64_2x1x1_0_nnn_align8_warpspecialized_pingpong_epi_tma,passed,success,universal,1664,512,512,f16:column,f16:column,f16:column,f16:column,1,0,serial,4,1,heuristic,invalid,invalid,false,false,1,tensorop,f32,128,128,64,2,1,1,0,0,0,6,4,1,1,64,128,16,90,90,3932160,874119168,222,0.00977472,374.651,89426.5
45,CUTLASS,gemm,cutlass3x_sm90_tensorop_s64x128x16gemm_f16_f16_f32_f16_f16_128x128x64_2x1x1_0_nnn_align8_warpspecialized_pingpong_epi_nosmem,passed,success,universal,1664,512,512,f16:column,f16:column,f16:column,f16:column,1,0,serial,4,1,heuristic,invalid,invalid,false,false,1,tensorop,f32,128,128,64,2,1,1,0,0,0,7,4,1,1,64,128,16,90,90,3932160,874119168,222,0.010264,356.792,85163.6
45,CUTLASS,gemm,cutlass3x_sm90_tensorop_s64x128x16gemm_f16_f16_f32_f16_f16_128x128x64_2x1x1_0_nnn_align8_warpspecialized_cooperative_epi_nosmem,passed,success,universal,1664,512,512,f16:column,f16:column,f16:column,f16:column,1,0,serial,4,1,heuristic,invalid,invalid,false,false,1,tensorop,f32,128,128,64,2,1,1,0,0,0,7,4,2,1,64,128,16,90,90,3932160,874119168,222,0.0102458,357.427,85315.2
45,CUTLASS,gemm,cutlass3x_sm90_tensorop_s64x128x16gemm_f16_f16_f32_f16_f16_128x128x64_2x1x1_0_nnn_align8_warpspecialized_cooperative_epi_tma,passed,success,universal,1664,512,512,f16:column,f16:column,f16:column,f16:column,1,0,serial,4,1,heuristic,invalid,invalid,false,false,1,tensorop,f32,128,128,64,2,1,1,0,0,0,6,4,2,1,64,128,16,90,90,3932160,874119168,222,0.009128,401.195,95762.4
45,CUTLASS,gemm,cutlass3x_sm90_tensorop_s64x128x16gemm_f16_f16_f32_f16_f16_128x128x64_2x1x1_0_nnn_align8_stream_k_warpspecialized_cooperative_epi_nosmem,passed,success,universal,1664,512,512,f16:column,f16:column,f16:column,f16:column,1,0,serial,4,1,heuristic,invalid,invalid,false,false,1,tensorop,f32,128,128,64,2,1,1,0,0,0,7,4,2,1,64,128,16,90,90,3932160,874119168,222,0.0186483,196.377,46873.9
45,CUTLASS,gemm,cutlass3x_sm90_tensorop_s64x128x16gemm_f16_f16_f32_f16_f16_128x128x64_2x1x1_0_nnn_align8_stream_k_warpspecialized_cooperative_epi_tma,passed,success,universal,1664,512,512,f16:column,f16:column,f16:column,f16:column,1,0,serial,4,1,heuristic,invalid,invalid,false,false,1,tensorop,f32,128,128,64,2,1,1,0,0,0,6,4,2,1,64,128,16,90,90,3932160,874119168,222,0.0182746,200.394,47832.6
46,CUTLASS,gemm,cutlass_tensorop_f16_s1688gemm_f16_256x128_32x2_nn_align8,passed,success,universal,1792,512,512,f16:column,f16:column,f16:column,f16:column,1,0,serial,4,1,heuristic,invalid,invalid,false,false,1,tensorop,f32,256,128,32,1,1,1,0,0,0,2,4,2,1,16,8,8,75,1024,4194304,941359104,224,0.022704,172.051,41462.3
46,CUTLASS,gemm,cutlass_tensorop_f16_s16816gemm_f16_256x128_32x3_nn_align8,passed,success,universal,1792,512,512,f16:column,f16:column,f16:column,f16:column,1,0,serial,4,1,heuristic,invalid,invalid,false,false,1,tensorop,f32,256,128,32,1,1,1,0,0,0,3,4,2,1,16,8,16,80,1024,4194304,941359104,224,0.020401,191.474,46142.9
46,CUTLASS,gemm,cutlass3x_sm90_tensorop_s64x128x16gemm_f16_f16_f32_f16_f16_128x128x64_1x2x1_0_nnn_align8,passed,success,universal,1792,512,512,f16:column,f16:column,f16:column,f16:column,1,0,serial,4,1,heuristic,invalid,invalid,false,false,1,tensorop,f32,128,128,64,1,2,1,0,0,0,7,4,2,1,64,128,16,90,90,4194304,941359104,224,0.0108688,359.4,86611.1
46,CUTLASS,gemm,cutlass3x_sm90_tensorop_s64x128x16gemm_f16_f16_f32_f16_f16_128x128x64_1x2x1_0_nnn_align8_warpspecialized_epi_nosmem,passed,success,universal,1792,512,512,f16:column,f16:column,f16:column,f16:column,1,0,serial,4,1,heuristic,invalid,invalid,false,false,1,tensorop,f32,128,128,64,1,2,1,0,0,0,7,4,1,1,64,128,16,90,90,4194304,941359104,224,0.0104675,373.178,89931.4
46,CUTLASS,gemm,cutlass3x_sm90_tensorop_s64x128x16gemm_f16_f16_f32_f16_f16_128x128x64_1x2x1_0_nnn_align8_warpspecialized_pingpong_epi_tma,passed,success,universal,1792,512,512,f16:column,f16:column,f16:column,f16:column,1,0,serial,4,1,heuristic,invalid,invalid,false,false,1,tensorop,f32,128,128,64,1,2,1,0,0,0,6,4,1,1,64,128,16,90,90,4194304,941359104,224,0.00977824,399.484,96270.8
46,CUTLASS,gemm,cutlass3x_sm90_tensorop_s64x128x16gemm_f16_f16_f32_f16_f16_128x128x64_1x2x1_0_nnn_align8_warpspecialized_pingpong_epi_nosmem,passed,success,universal,1792,512,512,f16:column,f16:column,f16:column,f16:column,1,0,serial,4,1,heuristic,invalid,invalid,false,false,1,tensorop,f32,128,128,64,1,2,1,0,0,0,7,4,1,1,64,128,16,90,90,4194304,941359104,224,0.0110752,352.702,84997
46,CUTLASS,gemm,cutlass3x_sm90_tensorop_s64x128x16gemm_f16_f16_f32_f16_f16_128x128x64_1x2x1_0_nnn_align8_warpspecialized_cooperative_epi_nosmem,passed,success,universal,1792,512,512,f16:column,f16:column,f16:column,f16:column,1,0,serial,4,1,heuristic,invalid,invalid,false,false,1,tensorop,f32,128,128,64,1,2,1,0,0,0,7,4,2,1,64,128,16,90,90,4194304,941359104,224,0.0108797,359.041,86524.5
46,CUTLASS,gemm,cutlass3x_sm90_tensorop_s64x128x16gemm_f16_f16_f32_f16_f16_128x128x64_1x2x1_0_nnn_align8_warpspecialized_cooperative_epi_tma,passed,success,universal,1792,512,512,f16:column,f16:column,f16:column,f16:column,1,0,serial,4,1,heuristic,invalid,invalid,false,false,1,tensorop,f32,128,128,64,1,2,1,0,0,0,6,4,2,1,64,128,16,90,90,4194304,941359104,224,0.0090752,430.431,103729
46,CUTLASS,gemm,cutlass3x_sm90_tensorop_s64x128x16gemm_f16_f16_f32_f16_f16_128x128x64_1x2x1_0_nnn_align8_stream_k_warpspecialized_cooperative_epi_nosmem,passed,success,universal,1792,512,512,f16:column,f16:column,f16:column,f16:column,1,0,serial,4,1,heuristic,invalid,invalid,false,false,1,tensorop,f32,128,128,64,1,2,1,0,0,0,7,4,2,1,64,128,16,90,90,4194304,941359104,224,0.0190733,204.802,49354.9
46,CUTLASS,gemm,cutlass3x_sm90_tensorop_s64x128x16gemm_f16_f16_f32_f16_f16_128x128x64_1x2x1_0_nnn_align8_stream_k_warpspecialized_cooperative_epi_tma,passed,success,universal,1792,512,512,f16:column,f16:column,f16:column,f16:column,1,0,serial,4,1,heuristic,invalid,invalid,false,false,1,tensorop,f32,128,128,64,1,2,1,0,0,0,6,4,2,1,64,128,16,90,90,4194304,941359104,224,0.0182963,213.499,51450.7
46,CUTLASS,gemm,cutlass3x_sm90_tensorop_s64x128x16gemm_f16_f16_f32_f16_f16_128x128x64_2x1x1_0_nnn_align8,passed,success,universal,1792,512,512,f16:column,f16:column,f16:column,f16:column,1,0,serial,4,1,heuristic,invalid,invalid,false,false,1,tensorop,f32,128,128,64,2,1,1,0,0,0,7,4,2,1,64,128,16,90,90,4194304,941359104,224,0.010647,366.886,88415.1
46,CUTLASS,gemm,cutlass3x_sm90_tensorop_s64x128x16gemm_f16_f16_f32_f16_f16_128x128x64_2x1x1_0_nnn_align8_warpspecialized_epi_nosmem,passed,success,universal,1792,512,512,f16:column,f16:column,f16:column,f16:column,1,0,serial,4,1,heuristic,invalid,invalid,false,false,1,tensorop,f32,128,128,64,2,1,1,0,0,0,7,4,1,1,64,128,16,90,90,4194304,941359104,224,0.0104435,374.036,90138.1
46,CUTLASS,gemm,cutlass3x_sm90_tensorop_s64x128x16gemm_f16_f16_f32_f16_f16_128x128x64_2x1x1_0_nnn_align8_warpspecialized_pingpong_epi_tma,passed,success,universal,1792,512,512,f16:column,f16:column,f16:column,f16:column,1,0,serial,4,1,heuristic,invalid,invalid,false,false,1,tensorop,f32,128,128,64,2,1,1,0,0,0,6,4,1,1,64,128,16,90,90,4194304,941359104,224,0.00986912,395.805,95384.3
46,CUTLASS,gemm,cutlass3x_sm90_tensorop_s64x128x16gemm_f16_f16_f32_f16_f16_128x128x64_2x1x1_0_nnn_align8_warpspecialized_pingpong_epi_nosmem,passed,success,universal,1792,512,512,f16:column,f16:column,f16:column,f16:column,1,0,serial,4,1,heuristic,invalid,invalid,false,false,1,tensorop,f32,128,128,64,2,1,1,0,0,0,7,4,1,1,64,128,16,90,90,4194304,941359104,224,0.011104,351.788,84776.6
46,CUTLASS,gemm,cutlass3x_sm90_tensorop_s64x128x16gemm_f16_f16_f32_f16_f16_128x128x64_2x1x1_0_nnn_align8_warpspecialized_cooperative_epi_nosmem,passed,success,universal,1792,512,512,f16:column,f16:column,f16:column,f16:column,1,0,serial,4,1,heuristic,invalid,invalid,false,false,1,tensorop,f32,128,128,64,2,1,1,0,0,0,7,4,2,1,64,128,16,90,90,4194304,941359104,224,0.0108445,360.206,86805.4
46,CUTLASS,gemm,cutlass3x_sm90_tensorop_s64x128x16gemm_f16_f16_f32_f16_f16_128x128x64_2x1x1_0_nnn_align8_warpspecialized_cooperative_epi_tma,passed,success,universal,1792,512,512,f16:column,f16:column,f16:column,f16:column,1,0,serial,4,1,heuristic,invalid,invalid,false,false,1,tensorop,f32,128,128,64,2,1,1,0,0,0,6,4,2,1,64,128,16,90,90,4194304,941359104,224,0.00919552,424.799,102371
46,CUTLASS,gemm,cutlass3x_sm90_tensorop_s64x128x16gemm_f16_f16_f32_f16_f16_128x128x64_2x1x1_0_nnn_align8_stream_k_warpspecialized_cooperative_epi_nosmem,passed,success,universal,1792,512,512,f16:column,f16:column,f16:column,f16:column,1,0,serial,4,1,heuristic,invalid,invalid,false,false,1,tensorop,f32,128,128,64,2,1,1,0,0,0,7,4,2,1,64,128,16,90,90,4194304,941359104,224,0.0191978,203.474,49034.8
46,CUTLASS,gemm,cutlass3x_sm90_tensorop_s64x128x16gemm_f16_f16_f32_f16_f16_128x128x64_2x1x1_0_nnn_align8_stream_k_warpspecialized_cooperative_epi_tma,passed,success,universal,1792,512,512,f16:column,f16:column,f16:column,f16:column,1,0,serial,4,1,heuristic,invalid,invalid,false,false,1,tensorop,f32,128,128,64,2,1,1,0,0,0,6,4,2,1,64,128,16,90,90,4194304,941359104,224,0.0184342,211.902,51065.8
47,CUTLASS,gemm,cutlass_tensorop_f16_s1688gemm_f16_256x128_32x2_nn_align8,passed,success,universal,1920,512,512,f16:column,f16:column,f16:column,f16:column,1,0,serial,4,1,heuristic,invalid,invalid,false,false,1,tensorop,f32,256,128,32,1,1,1,0,0,0,2,4,2,1,16,8,8,75,1024,4456448,1008599040,226,0.023009,180.382,43835.1
47,CUTLASS,gemm,cutlass_tensorop_f16_s16816gemm_f16_256x128_32x3_nn_align8,passed,success,universal,1920,512,512,f16:column,f16:column,f16:column,f16:column,1,0,serial,4,1,heuristic,invalid,invalid,false,false,1,tensorop,f32,256,128,32,1,1,1,0,0,0,3,4,2,1,16,8,16,80,1024,4456448,1008599040,226,0.020641,201.075,48864
47,CUTLASS,gemm,cutlass3x_sm90_tensorop_s64x128x16gemm_f16_f16_f32_f16_f16_128x128x64_1x2x1_0_nnn_align8,passed,success,universal,1920,512,512,f16:column,f16:column,f16:column,f16:column,1,0,serial,4,1,heuristic,invalid,invalid,false,false,1,tensorop,f32,128,128,64,1,2,1,0,0,0,7,4,2,1,64,128,16,90,90,4456448,1008599040,226,0.010481,395.993,96231.6
47,CUTLASS,gemm,cutlass3x_sm90_tensorop_s64x128x16gemm_f16_f16_f32_f16_f16_128x128x64_1x2x1_0_nnn_align8_warpspecialized_epi_nosmem,passed,success,universal,1920,512,512,f16:column,f16:column,f16:column,f16:column,1,0,serial,4,1,heuristic,invalid,invalid,false,false,1,tensorop,f32,128,128,64,1,2,1,0,0,0,7,4,1,1,64,128,16,90,90,4456448,1008599040,226,0.00976224,425.147,103316
47,CUTLASS,gemm,cutlass3x_sm90_tensorop_s64x128x16gemm_f16_f16_f32_f16_f16_128x128x64_1x2x1_0_nnn_align8_warpspecialized_pingpong_epi_tma,passed,success,universal,1920,512,512,f16:column,f16:column,f16:column,f16:column,1,0,serial,4,1,heuristic,invalid,invalid,false,false,1,tensorop,f32,128,128,64,1,2,1,0,0,0,6,4,1,1,64,128,16,90,90,4456448,1008599040,226,0.010025,414.006,100609
47,CUTLASS,gemm,cutlass3x_sm90_tensorop_s64x128x16gemm_f16_f16_f32_f16_f16_128x128x64_1x2x1_0_nnn_align8_warpspecialized_pingpong_epi_nosmem,passed,success,universal,1920,512,512,f16:column,f16:column,f16:column,f16:column,1,0,serial,4,1,heuristic,invalid,invalid,false,false,1,tensorop,f32,128,128,64,1,2,1,0,0,0,7,4,1,1,64,128,16,90,90,4456448,1008599040,226,0.0104122,398.61,96867.4
47,CUTLASS,gemm,cutlass3x_sm90_tensorop_s64x128x16gemm_f16_f16_f32_f16_f16_128x128x64_1x2x1_0_nnn_align8_warpspecialized_cooperative_epi_nosmem,passed,success,universal,1920,512,512,f16:column,f16:column,f16:column,f16:column,1,0,serial,4,1,heuristic,invalid,invalid,false,false,1,tensorop,f32,128,128,64,1,2,1,0,0,0,7,4,2,1,64,128,16,90,90,4456448,1008599040,226,0.0104726,396.308,96308
47,CUTLASS,gemm,cutlass3x_sm90_tensorop_s64x128x16gemm_f16_f16_f32_f16_f16_128x128x64_1x2x1_0_nnn_align8_warpspecialized_cooperative_epi_tma,passed,success,universal,1920,512,512,f16:column,f16:column,f16:column,f16:column,1,0,serial,4,1,heuristic,invalid,invalid,false,false,1,tensorop,f32,128,128,64,1,2,1,0,0,0,6,4,2,1,64,128,16,90,90,4456448,1008599040,226,0.016456,252.211,61290.7
47,CUTLASS,gemm,cutlass3x_sm90_tensorop_s64x128x16gemm_f16_f16_f32_f16_f16_128x128x64_1x2x1_0_nnn_align8_stream_k_warpspecialized_cooperative_epi_nosmem,passed,success,universal,1920,512,512,f16:column,f16:column,f16:column,f16:column,1,0,serial,4,1,heuristic,invalid,invalid,false,false,1,tensorop,f32,128,128,64,1,2,1,0,0,0,7,4,2,1,64,128,16,90,90,4456448,1008599040,226,0.0188768,219.867,53430.6
47,CUTLASS,gemm,cutlass3x_sm90_tensorop_s64x128x16gemm_f16_f16_f32_f16_f16_128x128x64_1x2x1_0_nnn_align8_stream_k_warpspecialized_cooperative_epi_tma,passed,success,universal,1920,512,512,f16:column,f16:column,f16:column,f16:column,1,0,serial,4,1,heuristic,invalid,invalid,false,false,1,tensorop,f32,128,128,64,1,2,1,0,0,0,6,4,2,1,64,128,16,90,90,4456448,1008599040,226,0.0185357,223.914,54413.9
47,CUTLASS,gemm,cutlass3x_sm90_tensorop_s64x128x16gemm_f16_f16_f32_f16_f16_128x128x64_2x1x1_0_nnn_align8,passed,success,universal,1920,512,512,f16:column,f16:column,f16:column,f16:column,1,0,serial,4,1,heuristic,invalid,invalid,false,false,1,tensorop,f32,128,128,64,2,1,1,0,0,0,7,4,2,1,64,128,16,90,90,4456448,1008599040,226,0.0103168,402.294,97762.8
47,CUTLASS,gemm,cutlass3x_sm90_tensorop_s64x128x16gemm_f16_f16_f32_f16_f16_128x128x64_2x1x1_0_nnn_align8_warpspecialized_epi_nosmem,passed,success,universal,1920,512,512,f16:column,f16:column,f16:column,f16:column,1,0,serial,4,1,heuristic,invalid,invalid,false,false,1,tensorop,f32,128,128,64,2,1,1,0,0,0,7,4,1,1,64,128,16,90,90,4456448,1008599040,226,0.00979968,423.523,102922
47,CUTLASS,gemm,cutlass3x_sm90_tensorop_s64x128x16gemm_f16_f16_f32_f16_f16_128x128x64_2x1x1_0_nnn_align8_warpspecialized_pingpong_epi_tma,passed,success,universal,1920,512,512,f16:column,f16:column,f16:column,f16:column,1,0,serial,4,1,heuristic,invalid,invalid,false,false,1,tensorop,f32,128,128,64,2,1,1,0,0,0,6,4,1,1,64,128,16,90,90,4456448,1008599040,226,0.00994592,417.296,101408
47,CUTLASS,gemm,cutlass3x_sm90_tensorop_s64x128x16gemm_f16_f16_f32_f16_f16_128x128x64_2x1x1_0_nnn_align8_warpspecialized_pingpong_epi_nosmem,passed,success,universal,1920,512,512,f16:column,f16:column,f16:column,f16:column,1,0,serial,4,1,heuristic,invalid,invalid,false,false,1,tensorop,f32,128,128,64,2,1,1,0,0,0,7,4,1,1,64,128,16,90,90,4456448,1008599040,226,0.0104445,397.376,96567.7
47,CUTLASS,gemm,cutlass3x_sm90_tensorop_s64x128x16gemm_f16_f16_f32_f16_f16_128x128x64_2x1x1_0_nnn_align8_warpspecialized_cooperative_epi_nosmem,passed,success,universal,1920,512,512,f16:column,f16:column,f16:column,f16:column,1,0,serial,4,1,heuristic,invalid,invalid,false,false,1,tensorop,f32,128,128,64,2,1,1,0,0,0,7,4,2,1,64,128,16,90,90,4456448,1008599040,226,0.0103923,399.371,97052.3
47,CUTLASS,gemm,cutlass3x_sm90_tensorop_s64x128x16gemm_f16_f16_f32_f16_f16_128x128x64_2x1x1_0_nnn_align8_warpspecialized_cooperative_epi_tma,passed,success,universal,1920,512,512,f16:column,f16:column,f16:column,f16:column,1,0,serial,4,1,heuristic,invalid,invalid,false,false,1,tensorop,f32,128,128,64,2,1,1,0,0,0,6,4,2,1,64,128,16,90,90,4456448,1008599040,226,0.00936544,443.16,107694
47,CUTLASS,gemm,cutlass3x_sm90_tensorop_s64x128x16gemm_f16_f16_f32_f16_f16_128x128x64_2x1x1_0_nnn_align8_stream_k_warpspecialized_cooperative_epi_nosmem,passed,success,universal,1920,512,512,f16:column,f16:column,f16:column,f16:column,1,0,serial,4,1,heuristic,invalid,invalid,false,false,1,tensorop,f32,128,128,64,2,1,1,0,0,0,7,4,2,1,64,128,16,90,90,4456448,1008599040,226,0.0190467,217.906,52953.9
47,CUTLASS,gemm,cutlass3x_sm90_tensorop_s64x128x16gemm_f16_f16_f32_f16_f16_128x128x64_2x1x1_0_nnn_align8_stream_k_warpspecialized_cooperative_epi_tma,passed,success,universal,1920,512,512,f16:column,f16:column,f16:column,f16:column,1,0,serial,4,1,heuristic,invalid,invalid,false,false,1,tensorop,f32,128,128,64,2,1,1,0,0,0,6,4,2,1,64,128,16,90,90,4456448,1008599040,226,0.0186394,222.668,54111.2
48,CUTLASS,gemm,cutlass_tensorop_f16_s1688gemm_f16_256x128_32x2_nn_align8,passed,success,universal,2048,512,512,f16:column,f16:column,f16:column,f16:column,1,0,serial,4,1,heuristic,invalid,invalid,false,false,1,tensorop,f32,256,128,32,1,1,1,0,0,0,2,4,2,1,16,8,8,75,1024,4718592,1075838976,228,0.0229296,191.653,46919.2
48,CUTLASS,gemm,cutlass_tensorop_f16_s16816gemm_f16_256x128_32x3_nn_align8,passed,success,universal,2048,512,512,f16:column,f16:column,f16:column,f16:column,1,0,serial,4,1,heuristic,invalid,invalid,false,false,1,tensorop,f32,256,128,32,1,1,1,0,0,0,3,4,2,1,16,8,16,80,1024,4718592,1075838976,228,0.0206784,212.518,52027.2
48,CUTLASS,gemm,cutlass3x_sm90_tensorop_s64x128x16gemm_f16_f16_f32_f16_f16_128x128x64_1x2x1_0_nnn_align8,passed,success,universal,2048,512,512,f16:column,f16:column,f16:column,f16:column,1,0,serial,4,1,heuristic,invalid,invalid,false,false,1,tensorop,f32,128,128,64,1,2,1,0,0,0,7,4,2,1,64,128,16,90,90,4718592,1075838976,228,0.00992672,442.697,108378
48,CUTLASS,gemm,cutlass3x_sm90_tensorop_s64x128x16gemm_f16_f16_f32_f16_f16_128x128x64_1x2x1_0_nnn_align8_warpspecialized_epi_nosmem,passed,success,universal,2048,512,512,f16:column,f16:column,f16:column,f16:column,1,0,serial,4,1,heuristic,invalid,invalid,false,false,1,tensorop,f32,128,128,64,1,2,1,0,0,0,7,4,1,1,64,128,16,90,90,4718592,1075838976,228,0.00937408,468.796,114767
48,CUTLASS,gemm,cutlass3x_sm90_tensorop_s64x128x16gemm_f16_f16_f32_f16_f16_128x128x64_1x2x1_0_nnn_align8_warpspecialized_pingpong_epi_tma,passed,success,universal,2048,512,512,f16:column,f16:column,f16:column,f16:column,1,0,serial,4,1,heuristic,invalid,invalid,false,false,1,tensorop,f32,128,128,64,1,2,1,0,0,0,6,4,1,1,64,128,16,90,90,4718592,1075838976,228,0.00978912,448.92,109902
48,CUTLASS,gemm,cutlass3x_sm90_tensorop_s64x128x16gemm_f16_f16_f32_f16_f16_128x128x64_1x2x1_0_nnn_align8_warpspecialized_pingpong_epi_nosmem,passed,success,universal,2048,512,512,f16:column,f16:column,f16:column,f16:column,1,0,serial,4,1,heuristic,invalid,invalid,false,false,1,tensorop,f32,128,128,64,1,2,1,0,0,0,7,4,1,1,64,128,16,90,90,4718592,1075838976,228,0.00979168,448.803,109873
48,CUTLASS,gemm,cutlass3x_sm90_tensorop_s64x128x16gemm_f16_f16_f32_f16_f16_128x128x64_1x2x1_0_nnn_align8_warpspecialized_cooperative_epi_nosmem,passed,success,universal,2048,512,512,f16:column,f16:column,f16:column,f16:column,1,0,serial,4,1,heuristic,invalid,invalid,false,false,1,tensorop,f32,128,128,64,1,2,1,0,0,0,7,4,2,1,64,128,16,90,90,4718592,1075838976,228,0.00995616,441.388,108058
48,CUTLASS,gemm,cutlass3x_sm90_tensorop_s64x128x16gemm_f16_f16_f32_f16_f16_128x128x64_1x2x1_0_nnn_align8_warpspecialized_cooperative_epi_tma,passed,success,universal,2048,512,512,f16:column,f16:column,f16:column,f16:column,1,0,serial,4,1,heuristic,invalid,invalid,false,false,1,tensorop,f32,128,128,64,1,2,1,0,0,0,6,4,2,1,64,128,16,90,90,4718592,1075838976,228,0.00910592,482.602,118147
48,CUTLASS,gemm,cutlass3x_sm90_tensorop_s64x128x16gemm_f16_f16_f32_f16_f16_128x128x64_1x2x1_0_nnn_align8_stream_k_warpspecialized_cooperative_epi_nosmem,passed,success,universal,2048,512,512,f16:column,f16:column,f16:column,f16:column,1,0,serial,4,1,heuristic,invalid,invalid,false,false,1,tensorop,f32,128,128,64,1,2,1,0,0,0,7,4,2,1,64,128,16,90,90,4718592,1075838976,228,0.0190496,230.689,56475.7
48,CUTLASS,gemm,cutlass3x_sm90_tensorop_s64x128x16gemm_f16_f16_f32_f16_f16_128x128x64_1x2x1_0_nnn_align8_stream_k_warpspecialized_cooperative_epi_tma,passed,success,universal,2048,512,512,f16:column,f16:column,f16:column,f16:column,1,0,serial,4,1,heuristic,invalid,invalid,false,false,1,tensorop,f32,128,128,64,1,2,1,0,0,0,6,4,2,1,64,128,16,90,90,4718592,1075838976,228,0.0188893,232.647,56955
48,CUTLASS,gemm,cutlass3x_sm90_tensorop_s64x128x16gemm_f16_f16_f32_f16_f16_128x128x64_2x1x1_0_nnn_align8,passed,success,universal,2048,512,512,f16:column,f16:column,f16:column,f16:column,1,0,serial,4,1,heuristic,invalid,invalid,false,false,1,tensorop,f32,128,128,64,2,1,1,0,0,0,7,4,2,1,64,128,16,90,90,4718592,1075838976,228,0.00975136,450.658,110327
48,CUTLASS,gemm,cutlass3x_sm90_tensorop_s64x128x16gemm_f16_f16_f32_f16_f16_128x128x64_2x1x1_0_nnn_align8_warpspecialized_epi_nosmem,passed,success,universal,2048,512,512,f16:column,f16:column,f16:column,f16:column,1,0,serial,4,1,heuristic,invalid,invalid,false,false,1,tensorop,f32,128,128,64,2,1,1,0,0,0,7,4,1,1,64,128,16,90,90,4718592,1075838976,228,0.00935936,469.533,114948
48,CUTLASS,gemm,cutlass3x_sm90_tensorop_s64x128x16gemm_f16_f16_f32_f16_f16_128x128x64_2x1x1_0_nnn_align8_warpspecialized_pingpong_epi_tma,passed,success,universal,2048,512,512,f16:column,f16:column,f16:column,f16:column,1,0,serial,4,1,heuristic,invalid,invalid,false,false,1,tensorop,f32,128,128,64,2,1,1,0,0,0,6,4,1,1,64,128,16,90,90,4718592,1075838976,228,0.00965824,455.003,111391
48,CUTLASS,gemm,cutlass3x_sm90_tensorop_s64x128x16gemm_f16_f16_f32_f16_f16_128x128x64_2x1x1_0_nnn_align8_warpspecialized_pingpong_epi_nosmem,passed,success,universal,2048,512,512,f16:column,f16:column,f16:column,f16:column,1,0,serial,4,1,heuristic,invalid,invalid,false,false,1,tensorop,f32,128,128,64,2,1,1,0,0,0,7,4,1,1,64,128,16,90,90,4718592,1075838976,228,0.0098624,445.584,109085
48,CUTLASS,gemm,cutlass3x_sm90_tensorop_s64x128x16gemm_f16_f16_f32_f16_f16_128x128x64_2x1x1_0_nnn_align8_warpspecialized_cooperative_epi_nosmem,passed,success,universal,2048,512,512,f16:column,f16:column,f16:column,f16:column,1,0,serial,4,1,heuristic,invalid,invalid,false,false,1,tensorop,f32,128,128,64,2,1,1,0,0,0,7,4,2,1,64,128,16,90,90,4718592,1075838976,228,0.00971712,452.246,110716
48,CUTLASS,gemm,cutlass3x_sm90_tensorop_s64x128x16gemm_f16_f16_f32_f16_f16_128x128x64_2x1x1_0_nnn_align8_warpspecialized_cooperative_epi_tma,passed,success,universal,2048,512,512,f16:column,f16:column,f16:column,f16:column,1,0,serial,4,1,heuristic,invalid,invalid,false,false,1,tensorop,f32,128,128,64,2,1,1,0,0,0,6,4,2,1,64,128,16,90,90,4718592,1075838976,228,0.00905888,485.108,118761
48,CUTLASS,gemm,cutlass3x_sm90_tensorop_s64x128x16gemm_f16_f16_f32_f16_f16_128x128x64_2x1x1_0_nnn_align8_stream_k_warpspecialized_cooperative_epi_nosmem,passed,success,universal,2048,512,512,f16:column,f16:column,f16:column,f16:column,1,0,serial,4,1,heuristic,invalid,invalid,false,false,1,tensorop,f32,128,128,64,2,1,1,0,0,0,7,4,2,1,64,128,16,90,90,4718592,1075838976,228,0.0191795,229.126,56093.1
48,CUTLASS,gemm,cutlass3x_sm90_tensorop_s64x128x16gemm_f16_f16_f32_f16_f16_128x128x64_2x1x1_0_nnn_align8_stream_k_warpspecialized_cooperative_epi_tma,passed,success,universal,2048,512,512,f16:column,f16:column,f16:column,f16:column,1,0,serial,4,1,heuristic,invalid,invalid,false,false,1,tensorop,f32,128,128,64,2,1,1,0,0,0,6,4,2,1,64,128,16,90,90,4718592,1075838976,228,0.0188813,232.745,56979.1
49,CUTLASS,gemm,cutlass_tensorop_f16_s1688gemm_f16_256x128_32x2_nn_align8,passed,success,universal,128,512,512,f16:column,f16:column,f16:column,f16:column,1,0,serial,8,1,heuristic,invalid,invalid,false,false,1,tensorop,f32,256,128,32,1,1,1,0,0,0,2,4,2,1,16,8,8,75,1024,786432,67239936,85,0.0306413,23.9031,2194.42
49,CUTLASS,gemm,cutlass_tensorop_f16_s16816gemm_f16_256x128_32x3_nn_align8,passed,success,universal,128,512,512,f16:column,f16:column,f16:column,f16:column,1,0,serial,8,1,heuristic,invalid,invalid,false,false,1,tensorop,f32,256,128,32,1,1,1,0,0,0,3,4,2,1,16,8,16,80,1024,786432,67239936,85,0.0302739,24.1932,2221.05
49,CUTLASS,gemm,cutlass3x_sm90_tensorop_s64x128x16gemm_f16_f16_f32_f16_f16_128x128x64_1x2x1_0_nnn_align8,passed,success,universal,128,512,512,f16:column,f16:column,f16:column,f16:column,1,0,serial,8,1,heuristic,invalid,invalid,false,false,1,tensorop,f32,128,128,64,1,2,1,0,0,0,7,4,2,1,64,128,16,90,90,786432,67239936,85,0.00901312,81.2617,7460.23
49,CUTLASS,gemm,cutlass3x_sm90_tensorop_s64x128x16gemm_f16_f16_f32_f16_f16_128x128x64_1x2x1_0_nnn_align8_warpspecialized_epi_nosmem,passed,success,universal,128,512,512,f16:column,f16:column,f16:column,f16:column,1,0,serial,8,1,heuristic,invalid,invalid,false,false,1,tensorop,f32,128,128,64,1,2,1,0,0,0,7,4,1,1,64,128,16,90,90,786432,67239936,85,0.00851232,86.0426,7899.13
49,CUTLASS,gemm,cutlass3x_sm90_tensorop_s64x128x16gemm_f16_f16_f32_f16_f16_128x128x64_1x2x1_0_nnn_align8_warpspecialized_pingpong_epi_tma,passed,success,universal,128,512,512,f16:column,f16:column,f16:column,f16:column,1,0,serial,8,1,heuristic,invalid,invalid,false,false,1,tensorop,f32,128,128,64,1,2,1,0,0,0,6,4,1,1,64,128,16,90,90,786432,67239936,85,0.00897856,81.5745,7488.94
49,CUTLASS,gemm,cutlass3x_sm90_tensorop_s64x128x16gemm_f16_f16_f32_f16_f16_128x128x64_1x2x1_0_nnn_align8_warpspecialized_pingpong_epi_nosmem,passed,success,universal,128,512,512,f16:column,f16:column,f16:column,f16:column,1,0,serial,8,1,heuristic,invalid,invalid,false,false,1,tensorop,f32,128,128,64,1,2,1,0,0,0,7,4,1,1,64,128,16,90,90,786432,67239936,85,0.00875872,83.622,7676.91
49,CUTLASS,gemm,cutlass3x_sm90_tensorop_s64x128x16gemm_f16_f16_f32_f16_f16_128x128x64_1x2x1_0_nnn_align8_warpspecialized_cooperative_epi_nosmem,passed,success,universal,128,512,512,f16:column,f16:column,f16:column,f16:column,1,0,serial,8,1,heuristic,invalid,invalid,false,false,1,tensorop,f32,128,128,64,1,2,1,0,0,0,7,4,2,1,64,128,16,90,90,786432,67239936,85,0.00906016,80.8398,7421.5
49,CUTLASS,gemm,cutlass3x_sm90_tensorop_s64x128x16gemm_f16_f16_f32_f16_f16_128x128x64_1x2x1_0_nnn_align8_warpspecialized_cooperative_epi_tma,passed,success,universal,128,512,512,f16:column,f16:column,f16:column,f16:column,1,0,serial,8,1,heuristic,invalid,invalid,false,false,1,tensorop,f32,128,128,64,1,2,1,0,0,0,6,4,2,1,64,128,16,90,90,786432,67239936,85,0.00836832,87.5232,8035.06
49,CUTLASS,gemm,cutlass3x_sm90_tensorop_s64x128x16gemm_f16_f16_f32_f16_f16_128x128x64_1x2x1_0_nnn_align8_stream_k_warpspecialized_cooperative_epi_nosmem,passed,success,universal,128,512,512,f16:column,f16:column,f16:column,f16:column,1,0,serial,8,1,heuristic,invalid,invalid,false,false,1,tensorop,f32,128,128,64,1,2,1,0,0,0,7,4,2,1,64,128,16,90,90,786432,67239936,85,0.0238992,30.6463,2813.48
49,CUTLASS,gemm,cutlass3x_sm90_tensorop_s64x128x16gemm_f16_f16_f32_f16_f16_128x128x64_1x2x1_0_nnn_align8_stream_k_warpspecialized_cooperative_epi_tma,passed,success,universal,128,512,512,f16:column,f16:column,f16:column,f16:column,1,0,serial,8,1,heuristic,invalid,invalid,false,false,1,tensorop,f32,128,128,64,1,2,1,0,0,0,6,4,2,1,64,128,16,90,90,786432,67239936,85,0.023665,30.9496,2841.33
49,CUTLASS,gemm,cutlass3x_sm90_tensorop_s64x128x16gemm_f16_f16_f32_f16_f16_128x128x64_2x1x1_0_nnn_align8,passed,success,universal,128,512,512,f16:column,f16:column,f16:column,f16:column,1,0,serial,8,1,heuristic,invalid,invalid,false,false,1,tensorop,f32,128,128,64,2,1,1,0,0,0,7,4,2,1,64,128,16,90,90,786432,67239936,85,0.00940544,77.8722,7149.05
49,CUTLASS,gemm,cutlass3x_sm90_tensorop_s64x128x16gemm_f16_f16_f32_f16_f16_128x128x64_2x1x1_0_nnn_align8_warpspecialized_epi_nosmem,passed,success,universal,128,512,512,f16:column,f16:column,f16:column,f16:column,1,0,serial,8,1,heuristic,invalid,invalid,false,false,1,tensorop,f32,128,128,64,2,1,1,0,0,0,7,4,1,1,64,128,16,90,90,786432,67239936,85,0.0088912,82.376,7562.53
49,CUTLASS,gemm,cutlass3x_sm90_tensorop_s64x128x16gemm_f16_f16_f32_f16_f16_128x128x64_2x1x1_0_nnn_align8_warpspecialized_pingpong_epi_tma,passed,success,universal,128,512,512,f16:column,f16:column,f16:column,f16:column,1,0,serial,8,1,heuristic,invalid,invalid,false,false,1,tensorop,f32,128,128,64,2,1,1,0,0,0,6,4,1,1,64,128,16,90,90,786432,67239936,85,0.0093184,78.5995,7215.82
49,CUTLASS,gemm,cutlass3x_sm90_tensorop_s64x128x16gemm_f16_f16_f32_f16_f16_128x128x64_2x1x1_0_nnn_align8_warpspecialized_pingpong_epi_nosmem,passed,success,universal,128,512,512,f16:column,f16:column,f16:column,f16:column,1,0,serial,8,1,heuristic,invalid,invalid,false,false,1,tensorop,f32,128,128,64,2,1,1,0,0,0,7,4,1,1,64,128,16,90,90,786432,67239936,85,0.00918208,79.7664,7322.95
49,CUTLASS,gemm,cutlass3x_sm90_tensorop_s64x128x16gemm_f16_f16_f32_f16_f16_128x128x64_2x1x1_0_nnn_align8_warpspecialized_cooperative_epi_nosmem,passed,success,universal,128,512,512,f16:column,f16:column,f16:column,f16:column,1,0,serial,8,1,heuristic,invalid,invalid,false,false,1,tensorop,f32,128,128,64,2,1,1,0,0,0,7,4,2,1,64,128,16,90,90,786432,67239936,85,0.00943744,77.6081,7124.81
49,CUTLASS,gemm,cutlass3x_sm90_tensorop_s64x128x16gemm_f16_f16_f32_f16_f16_128x128x64_2x1x1_0_nnn_align8_warpspecialized_cooperative_epi_tma,passed,success,universal,128,512,512,f16:column,f16:column,f16:column,f16:column,1,0,serial,8,1,heuristic,invalid,invalid,false,false,1,tensorop,f32,128,128,64,2,1,1,0,0,0,6,4,2,1,64,128,16,90,90,786432,67239936,85,0.00869632,84.222,7732
49,CUTLASS,gemm,cutlass3x_sm90_tensorop_s64x128x16gemm_f16_f16_f32_f16_f16_128x128x64_2x1x1_0_nnn_align8_stream_k_warpspecialized_cooperative_epi_nosmem,passed,success,universal,128,512,512,f16:column,f16:column,f16:column,f16:column,1,0,serial,8,1,heuristic,invalid,invalid,false,false,1,tensorop,f32,128,128,64,2,1,1,0,0,0,7,4,2,1,64,128,16,90,90,786432,67239936,85,0.0241846,30.2846,2780.27
49,CUTLASS,gemm,cutlass3x_sm90_tensorop_s64x128x16gemm_f16_f16_f32_f16_f16_128x128x64_2x1x1_0_nnn_align8_stream_k_warpspecialized_cooperative_epi_tma,passed,success,universal,128,512,512,f16:column,f16:column,f16:column,f16:column,1,0,serial,8,1,heuristic,invalid,invalid,false,false,1,tensorop,f32,128,128,64,2,1,1,0,0,0,6,4,2,1,64,128,16,90,90,786432,67239936,85,0.0241254,30.3589,2787.1
50,CUTLASS,gemm,cutlass_tensorop_f16_s1688gemm_f16_256x128_32x2_nn_align8,passed,success,universal,256,512,512,f16:column,f16:column,f16:column,f16:column,1,0,serial,8,1,heuristic,invalid,invalid,false,false,1,tensorop,f32,256,128,32,1,1,1,0,0,0,2,4,2,1,16,8,8,75,1024,1048576,134479872,128,0.0319894,30.5277,4203.88
50,CUTLASS,gemm,cutlass_tensorop_f16_s16816gemm_f16_256x128_32x3_nn_align8,passed,success,universal,256,512,512,f16:column,f16:column,f16:column,f16:column,1,0,serial,8,1,heuristic,invalid,invalid,false,false,1,tensorop,f32,256,128,32,1,1,1,0,0,0,3,4,2,1,16,8,16,80,1024,1048576,134479872,128,0.0313037,31.1964,4295.98
50,CUTLASS,gemm,cutlass3x_sm90_tensorop_s64x128x16gemm_f16_f16_f32_f16_f16_128x128x64_1x2x1_0_nnn_align8,passed,success,universal,256,512,512,f16:column,f16:column,f16:column,f16:column,1,0,serial,8,1,heuristic,invalid,invalid,false,false,1,tensorop,f32,128,128,64,1,2,1,0,0,0,7,4,2,1,64,128,16,90,90,1048576,134479872,128,0.00914112,106.832,14711.5
50,CUTLASS,gemm,cutlass3x_sm90_tensorop_s64x128x16gemm_f16_f16_f32_f16_f16_128x128x64_1x2x1_0_nnn_align8_warpspecialized_epi_nosmem,passed,success,universal,256,512,512,f16:column,f16:column,f16:column,f16:column,1,0,serial,8,1,heuristic,invalid,invalid,false,false,1,tensorop,f32,128,128,64,1,2,1,0,0,0,7,4,1,1,64,128,16,90,90,1048576,134479872,128,0.00872928,111.872,15405.6
50,CUTLASS,gemm,cutlass3x_sm90_tensorop_s64x128x16gemm_f16_f16_f32_f16_f16_128x128x64_1x2x1_0_nnn_align8_warpspecialized_pingpong_epi_tma,passed,success,universal,256,512,512,f16:column,f16:column,f16:column,f16:column,1,0,serial,8,1,heuristic,invalid,invalid,false,false,1,tensorop,f32,128,128,64,1,2,1,0,0,0,6,4,1,1,64,128,16,90,90,1048576,134479872,128,0.00890336,109.685,15104.4
50,CUTLASS,gemm,cutlass3x_sm90_tensorop_s64x128x16gemm_f16_f16_f32_f16_f16_128x128x64_1x2x1_0_nnn_align8_warpspecialized_pingpong_epi_nosmem,passed,success,universal,256,512,512,f16:column,f16:column,f16:column,f16:column,1,0,serial,8,1,heuristic,invalid,invalid,false,false,1,tensorop,f32,128,128,64,1,2,1,0,0,0,7,4,1,1,64,128,16,90,90,1048576,134479872,128,0.00874944,111.614,15370.1
50,CUTLASS,gemm,cutlass3x_sm90_tensorop_s64x128x16gemm_f16_f16_f32_f16_f16_128x128x64_1x2x1_0_nnn_align8_warpspecialized_cooperative_epi_nosmem,passed,success,universal,256,512,512,f16:column,f16:column,f16:column,f16:column,1,0,serial,8,1,heuristic,invalid,invalid,false,false,1,tensorop,f32,128,128,64,1,2,1,0,0,0,7,4,2,1,64,128,16,90,90,1048576,134479872,128,0.00894048,109.229,15041.7
50,CUTLASS,gemm,cutlass3x_sm90_tensorop_s64x128x16gemm_f16_f16_f32_f16_f16_128x128x64_1x2x1_0_nnn_align8_warpspecialized_cooperative_epi_tma,passed,success,universal,256,512,512,f16:column,f16:column,f16:column,f16:column,1,0,serial,8,1,heuristic,invalid,invalid,false,false,1,tensorop,f32,128,128,64,1,2,1,0,0,0,6,4,2,1,64,128,16,90,90,1048576,134479872,128,0.0082864,117.851,16229
50,CUTLASS,gemm,cutlass3x_sm90_tensorop_s64x128x16gemm_f16_f16_f32_f16_f16_128x128x64_1x2x1_0_nnn_align8_stream_k_warpspecialized_cooperative_epi_nosmem,passed,success,universal,256,512,512,f16:column,f16:column,f16:column,f16:column,1,0,serial,8,1,heuristic,invalid,invalid,false,false,1,tensorop,f32,128,128,64,1,2,1,0,0,0,7,4,2,1,64,128,16,90,90,1048576,134479872,128,0.0241632,40.4153,5565.48
50,CUTLASS,gemm,cutlass3x_sm90_tensorop_s64x128x16gemm_f16_f16_f32_f16_f16_128x128x64_1x2x1_0_nnn_align8_stream_k_warpspecialized_cooperative_epi_tma,passed,success,universal,256,512,512,f16:column,f16:column,f16:column,f16:column,1,0,serial,8,1,heuristic,invalid,invalid,false,false,1,tensorop,f32,128,128,64,1,2,1,0,0,0,6,4,2,1,64,128,16,90,90,1048576,134479872,128,0.0239414,40.7896,5617.03
50,CUTLASS,gemm,cutlass3x_sm90_tensorop_s64x128x16gemm_f16_f16_f32_f16_f16_128x128x64_2x1x1_0_nnn_align8,passed,success,universal,256,512,512,f16:column,f16:column,f16:column,f16:column,1,0,serial,8,1,heuristic,invalid,invalid,false,false,1,tensorop,f32,128,128,64,2,1,1,0,0,0,7,4,2,1,64,128,16,90,90,1048576,134479872,128,0.0090384,108.046,14878.7
50,CUTLASS,gemm,cutlass3x_sm90_tensorop_s64x128x16gemm_f16_f16_f32_f16_f16_128x128x64_2x1x1_0_nnn_align8_warpspecialized_epi_nosmem,passed,success,universal,256,512,512,f16:column,f16:column,f16:column,f16:column,1,0,serial,8,1,heuristic,invalid,invalid,false,false,1,tensorop,f32,128,128,64,2,1,1,0,0,0,7,4,1,1,64,128,16,90,90,1048576,134479872,128,0.00856544,114.012,15700.3
50,CUTLASS,gemm,cutlass3x_sm90_tensorop_s64x128x16gemm_f16_f16_f32_f16_f16_128x128x64_2x1x1_0_nnn_align8_warpspecialized_pingpong_epi_tma,passed,success,universal,256,512,512,f16:column,f16:column,f16:column,f16:column,1,0,serial,8,1,heuristic,invalid,invalid,false,false,1,tensorop,f32,128,128,64,2,1,1,0,0,0,6,4,1,1,64,128,16,90,90,1048576,134479872,128,0.00896832,108.89,14995
50,CUTLASS,gemm,cutlass3x_sm90_tensorop_s64x128x16gemm_f16_f16_f32_f16_f16_128x128x64_2x1x1_0_nnn_align8_warpspecialized_pingpong_epi_nosmem,passed,success,universal,256,512,512,f16:column,f16:column,f16:column,f16:column,1,0,serial,8,1,heuristic,invalid,invalid,false,false,1,tensorop,f32,128,128,64,2,1,1,0,0,0,7,4,1,1,64,128,16,90,90,1048576,134479872,128,0.0088096,110.852,15265.2
50,CUTLASS,gemm,cutlass3x_sm90_tensorop_s64x128x16gemm_f16_f16_f32_f16_f16_128x128x64_2x1x1_0_nnn_align8_warpspecialized_cooperative_epi_nosmem,passed,success,universal,256,512,512,f16:column,f16:column,f16:column,f16:column,1,0,serial,8,1,heuristic,invalid,invalid,false,false,1,tensorop,f32,128,128,64,2,1,1,0,0,0,7,4,2,1,64,128,16,90,90,1048576,134479872,128,0.00899872,108.522,14944.3
50,CUTLASS,gemm,cutlass3x_sm90_tensorop_s64x128x16gemm_f16_f16_f32_f16_f16_128x128x64_2x1x1_0_nnn_align8_warpspecialized_cooperative_epi_tma,passed,success,universal,256,512,512,f16:column,f16:column,f16:column,f16:column,1,0,serial,8,1,heuristic,invalid,invalid,false,false,1,tensorop,f32,128,128,64,2,1,1,0,0,0,6,4,2,1,64,128,16,90,90,1048576,134479872,128,0.00835168,116.93,16102.1
50,CUTLASS,gemm,cutlass3x_sm90_tensorop_s64x128x16gemm_f16_f16_f32_f16_f16_128x128x64_2x1x1_0_nnn_align8_stream_k_warpspecialized_cooperative_epi_nosmem,passed,success,universal,256,512,512,f16:column,f16:column,f16:column,f16:column,1,0,serial,8,1,heuristic,invalid,invalid,false,false,1,tensorop,f32,128,128,64,2,1,1,0,0,0,7,4,2,1,64,128,16,90,90,1048576,134479872,128,0.0241094,40.5054,5577.89
50,CUTLASS,gemm,cutlass3x_sm90_tensorop_s64x128x16gemm_f16_f16_f32_f16_f16_128x128x64_2x1x1_0_nnn_align8_stream_k_warpspecialized_cooperative_epi_tma,passed,success,universal,256,512,512,f16:column,f16:column,f16:column,f16:column,1,0,serial,8,1,heuristic,invalid,invalid,false,false,1,tensorop,f32,128,128,64,2,1,1,0,0,0,6,4,2,1,64,128,16,90,90,1048576,134479872,128,0.0239664,40.7471,5611.18
51,CUTLASS,gemm,cutlass_tensorop_f16_s1688gemm_f16_256x128_32x2_nn_align8,passed,success,universal,384,512,512,f16:column,f16:column,f16:column,f16:column,1,0,serial,8,1,heuristic,invalid,invalid,false,false,1,tensorop,f32,256,128,32,1,1,1,0,0,0,2,4,2,1,16,8,8,75,1024,1310720,201719808,153,0.0324813,37.5817,6210.34
51,CUTLASS,gemm,cutlass_tensorop_f16_s16816gemm_f16_256x128_32x3_nn_align8,passed,success,universal,384,512,512,f16:column,f16:column,f16:column,f16:column,1,0,serial,8,1,heuristic,invalid,invalid,false,false,1,tensorop,f32,256,128,32,1,1,1,0,0,0,3,4,2,1,16,8,16,80,1024,1310720,201719808,153,0.0317392,38.4604,6355.54
51,CUTLASS,gemm,cutlass3x_sm90_tensorop_s64x128x16gemm_f16_f16_f32_f16_f16_128x128x64_1x2x1_0_nnn_align8,passed,success,universal,384,512,512,f16:column,f16:column,f16:column,f16:column,1,0,serial,8,1,heuristic,invalid,invalid,false,false,1,tensorop,f32,128,128,64,1,2,1,0,0,0,7,4,2,1,64,128,16,90,90,1310720,201719808,153,0.00962336,126.848,20961.5
51,CUTLASS,gemm,cutlass3x_sm90_tensorop_s64x128x16gemm_f16_f16_f32_f16_f16_128x128x64_1x2x1_0_nnn_align8_warpspecialized_epi_nosmem,passed,success,universal,384,512,512,f16:column,f16:column,f16:column,f16:column,1,0,serial,8,1,heuristic,invalid,invalid,false,false,1,tensorop,f32,128,128,64,1,2,1,0,0,0,7,4,1,1,64,128,16,90,90,1310720,201719808,153,0.00906496,134.662,22252.7
51,CUTLASS,gemm,cutlass3x_sm90_tensorop_s64x128x16gemm_f16_f16_f32_f16_f16_128x128x64_1x2x1_0_nnn_align8_warpspecialized_pingpong_epi_tma,passed,success,universal,384,512,512,f16:column,f16:column,f16:column,f16:column,1,0,serial,8,1,heuristic,invalid,invalid,false,false,1,tensorop,f32,128,128,64,1,2,1,0,0,0,6,4,1,1,64,128,16,90,90,1310720,201719808,153,0.00919584,132.745,21936
51,CUTLASS,gemm,cutlass3x_sm90_tensorop_s64x128x16gemm_f16_f16_f32_f16_f16_128x128x64_1x2x1_0_nnn_align8_warpspecialized_pingpong_epi_nosmem,passed,success,universal,384,512,512,f16:column,f16:column,f16:column,f16:column,1,0,serial,8,1,heuristic,invalid,invalid,false,false,1,tensorop,f32,128,128,64,1,2,1,0,0,0,7,4,1,1,64,128,16,90,90,1310720,201719808,153,0.0096688,126.252,20863
51,CUTLASS,gemm,cutlass3x_sm90_tensorop_s64x128x16gemm_f16_f16_f32_f16_f16_128x128x64_1x2x1_0_nnn_align8_warpspecialized_cooperative_epi_nosmem,passed,success,universal,384,512,512,f16:column,f16:column,f16:column,f16:column,1,0,serial,8,1,heuristic,invalid,invalid,false,false,1,tensorop,f32,128,128,64,1,2,1,0,0,0,7,4,2,1,64,128,16,90,90,1310720,201719808,153,0.00968992,125.977,20817.5
51,CUTLASS,gemm,cutlass3x_sm90_tensorop_s64x128x16gemm_f16_f16_f32_f16_f16_128x128x64_1x2x1_0_nnn_align8_warpspecialized_cooperative_epi_tma,passed,success,universal,384,512,512,f16:column,f16:column,f16:column,f16:column,1,0,serial,8,1,heuristic,invalid,invalid,false,false,1,tensorop,f32,128,128,64,1,2,1,0,0,0,6,4,2,1,64,128,16,90,90,1310720,201719808,153,0.00856736,142.483,23545.2
51,CUTLASS,gemm,cutlass3x_sm90_tensorop_s64x128x16gemm_f16_f16_f32_f16_f16_128x128x64_1x2x1_0_nnn_align8_stream_k_warpspecialized_cooperative_epi_nosmem,passed,success,universal,384,512,512,f16:column,f16:column,f16:column,f16:column,1,0,serial,8,1,heuristic,invalid,invalid,false,false,1,tensorop,f32,128,128,64,1,2,1,0,0,0,7,4,2,1,64,128,16,90,90,1310720,201719808,153,0.0248266,49.1692,8125.16
51,CUTLASS,gemm,cutlass3x_sm90_tensorop_s64x128x16gemm_f16_f16_f32_f16_f16_128x128x64_1x2x1_0_nnn_align8_stream_k_warpspecialized_cooperative_epi_tma,passed,success,universal,384,512,512,f16:column,f16:column,f16:column,f16:column,1,0,serial,8,1,heuristic,invalid,invalid,false,false,1,tensorop,f32,128,128,64,1,2,1,0,0,0,6,4,2,1,64,128,16,90,90,1310720,201719808,153,0.0242461,50.3464,8319.69
51,CUTLASS,gemm,cutlass3x_sm90_tensorop_s64x128x16gemm_f16_f16_f32_f16_f16_128x128x64_2x1x1_0_nnn_align8,passed,success,universal,384,512,512,f16:column,f16:column,f16:column,f16:column,1,0,serial,8,1,heuristic,invalid,invalid,false,false,1,tensorop,f32,128,128,64,2,1,1,0,0,0,7,4,2,1,64,128,16,90,90,1310720,201719808,153,0.0100272,121.739,20117.3
51,CUTLASS,gemm,cutlass3x_sm90_tensorop_s64x128x16gemm_f16_f16_f32_f16_f16_128x128x64_2x1x1_0_nnn_align8_warpspecialized_epi_nosmem,passed,success,universal,384,512,512,f16:column,f16:column,f16:column,f16:column,1,0,serial,8,1,heuristic,invalid,invalid,false,false,1,tensorop,f32,128,128,64,2,1,1,0,0,0,7,4,1,1,64,128,16,90,90,1310720,201719808,153,0.0097376,125.36,20715.6
51,CUTLASS,gemm,cutlass3x_sm90_tensorop_s64x128x16gemm_f16_f16_f32_f16_f16_128x128x64_2x1x1_0_nnn_align8_warpspecialized_pingpong_epi_tma,passed,success,universal,384,512,512,f16:column,f16:column,f16:column,f16:column,1,0,serial,8,1,heuristic,invalid,invalid,false,false,1,tensorop,f32,128,128,64,2,1,1,0,0,0,6,4,1,1,64,128,16,90,90,1310720,201719808,153,0.00946912,128.914,21302.9
51,CUTLASS,gemm,cutlass3x_sm90_tensorop_s64x128x16gemm_f16_f16_f32_f16_f16_128x128x64_2x1x1_0_nnn_align8_warpspecialized_pingpong_epi_nosmem,passed,success,universal,384,512,512,f16:column,f16:column,f16:column,f16:column,1,0,serial,8,1,heuristic,invalid,invalid,false,false,1,tensorop,f32,128,128,64,2,1,1,0,0,0,7,4,1,1,64,128,16,90,90,1310720,201719808,153,0.0102438,119.165,19691.8
51,CUTLASS,gemm,cutlass3x_sm90_tensorop_s64x128x16gemm_f16_f16_f32_f16_f16_128x128x64_2x1x1_0_nnn_align8_warpspecialized_cooperative_epi_nosmem,passed,success,universal,384,512,512,f16:column,f16:column,f16:column,f16:column,1,0,serial,8,1,heuristic,invalid,invalid,false,false,1,tensorop,f32,128,128,64,2,1,1,0,0,0,7,4,2,1,64,128,16,90,90,1310720,201719808,153,0.00998976,122.195,20192.7
51,CUTLASS,gemm,cutlass3x_sm90_tensorop_s64x128x16gemm_f16_f16_f32_f16_f16_128x128x64_2x1x1_0_nnn_align8_warpspecialized_cooperative_epi_tma,passed,success,universal,384,512,512,f16:column,f16:column,f16:column,f16:column,1,0,serial,8,1,heuristic,invalid,invalid,false,false,1,tensorop,f32,128,128,64,2,1,1,0,0,0,6,4,2,1,64,128,16,90,90,1310720,201719808,153,0.00877888,139.05,22977.9
51,CUTLASS,gemm,cutlass3x_sm90_tensorop_s64x128x16gemm_f16_f16_f32_f16_f16_128x128x64_2x1x1_0_nnn_align8_stream_k_warpspecialized_cooperative_epi_nosmem,passed,success,universal,384,512,512,f16:column,f16:column,f16:column,f16:column,1,0,serial,8,1,heuristic,invalid,invalid,false,false,1,tensorop,f32,128,128,64,2,1,1,0,0,0,7,4,2,1,64,128,16,90,90,1310720,201719808,153,0.0244771,49.8712,8241.16
51,CUTLASS,gemm,cutlass3x_sm90_tensorop_s64x128x16gemm_f16_f16_f32_f16_f16_128x128x64_2x1x1_0_nnn_align8_stream_k_warpspecialized_cooperative_epi_tma,passed,success,universal,384,512,512,f16:column,f16:column,f16:column,f16:column,1,0,serial,8,1,heuristic,invalid,invalid,false,false,1,tensorop,f32,128,128,64,2,1,1,0,0,0,6,4,2,1,64,128,16,90,90,1310720,201719808,153,0.0241894,50.4643,8339.17
52,CUTLASS,gemm,cutlass_tensorop_f16_s1688gemm_f16_256x128_32x2_nn_align8,passed,success,universal,512,512,512,f16:column,f16:column,f16:column,f16:column,1,0,serial,8,1,heuristic,invalid,invalid,false,false,1,tensorop,f32,256,128,32,1,1,1,0,0,0,2,4,2,1,16,8,8,75,1024,1572864,268959744,171,0.0321981,45.4948,8353.28
52,CUTLASS,gemm,cutlass_tensorop_f16_s16816gemm_f16_256x128_32x3_nn_align8,passed,success,universal,512,512,512,f16:column,f16:column,f16:column,f16:column,1,0,serial,8,1,heuristic,invalid,invalid,false,false,1,tensorop,f32,256,128,32,1,1,1,0,0,0,3,4,2,1,16,8,16,80,1024,1572864,268959744,171,0.031615,46.3338,8507.34
52,CUTLASS,gemm,cutlass3x_sm90_tensorop_s64x128x16gemm_f16_f16_f32_f16_f16_128x128x64_1x2x1_0_nnn_align8,passed,success,universal,512,512,512,f16:column,f16:column,f16:column,f16:column,1,0,serial,8,1,heuristic,invalid,invalid,false,false,1,tensorop,f32,128,128,64,1,2,1,0,0,0,7,4,2,1,64,128,16,90,90,1572864,268959744,171,0.00941312,155.617,28572.9
52,CUTLASS,gemm,cutlass3x_sm90_tensorop_s64x128x16gemm_f16_f16_f32_f16_f16_128x128x64_1x2x1_0_nnn_align8_warpspecialized_epi_nosmem,passed,success,universal,512,512,512,f16:column,f16:column,f16:column,f16:column,1,0,serial,8,1,heuristic,invalid,invalid,false,false,1,tensorop,f32,128,128,64,1,2,1,0,0,0,7,4,1,1,64,128,16,90,90,1572864,268959744,171,0.00898752,162.986,29925.9
52,CUTLASS,gemm,cutlass3x_sm90_tensorop_s64x128x16gemm_f16_f16_f32_f16_f16_128x128x64_1x2x1_0_nnn_align8_warpspecialized_pingpong_epi_tma,passed,success,universal,512,512,512,f16:column,f16:column,f16:column,f16:column,1,0,serial,8,1,heuristic,invalid,invalid,false,false,1,tensorop,f32,128,128,64,1,2,1,0,0,0,6,4,1,1,64,128,16,90,90,1572864,268959744,171,0.00939584,155.903,28625.4
52,CUTLASS,gemm,cutlass3x_sm90_tensorop_s64x128x16gemm_f16_f16_f32_f16_f16_128x128x64_1x2x1_0_nnn_align8_warpspecialized_pingpong_epi_nosmem,passed,success,universal,512,512,512,f16:column,f16:column,f16:column,f16:column,1,0,serial,8,1,heuristic,invalid,invalid,false,false,1,tensorop,f32,128,128,64,1,2,1,0,0,0,7,4,1,1,64,128,16,90,90,1572864,268959744,171,0.00917536,159.65,29313.3
52,CUTLASS,gemm,cutlass3x_sm90_tensorop_s64x128x16gemm_f16_f16_f32_f16_f16_128x128x64_1x2x1_0_nnn_align8_warpspecialized_cooperative_epi_nosmem,passed,success,universal,512,512,512,f16:column,f16:column,f16:column,f16:column,1,0,serial,8,1,heuristic,invalid,invalid,false,false,1,tensorop,f32,128,128,64,1,2,1,0,0,0,7,4,2,1,64,128,16,90,90,1572864,268959744,171,0.00942016,155.501,28551.5
52,CUTLASS,gemm,cutlass3x_sm90_tensorop_s64x128x16gemm_f16_f16_f32_f16_f16_128x128x64_1x2x1_0_nnn_align8_warpspecialized_cooperative_epi_tma,passed,success,universal,512,512,512,f16:column,f16:column,f16:column,f16:column,1,0,serial,8,1,heuristic,invalid,invalid,false,false,1,tensorop,f32,128,128,64,1,2,1,0,0,0,6,4,2,1,64,128,16,90,90,1572864,268959744,171,0.00875872,167.244,30707.7
52,CUTLASS,gemm,cutlass3x_sm90_tensorop_s64x128x16gemm_f16_f16_f32_f16_f16_128x128x64_1x2x1_0_nnn_align8_stream_k_warpspecialized_cooperative_epi_nosmem,passed,success,universal,512,512,512,f16:column,f16:column,f16:column,f16:column,1,0,serial,8,1,heuristic,invalid,invalid,false,false,1,tensorop,f32,128,128,64,1,2,1,0,0,0,7,4,2,1,64,128,16,90,90,1572864,268959744,171,0.0245168,59.7486,10970.4
52,CUTLASS,gemm,cutlass3x_sm90_tensorop_s64x128x16gemm_f16_f16_f32_f16_f16_128x128x64_1x2x1_0_nnn_align8_stream_k_warpspecialized_cooperative_epi_tma,passed,success,universal,512,512,512,f16:column,f16:column,f16:column,f16:column,1,0,serial,8,1,heuristic,invalid,invalid,false,false,1,tensorop,f32,128,128,64,1,2,1,0,0,0,6,4,2,1,64,128,16,90,90,1572864,268959744,171,0.0243402,60.1822,11050
52,CUTLASS,gemm,cutlass3x_sm90_tensorop_s64x128x16gemm_f16_f16_f32_f16_f16_128x128x64_2x1x1_0_nnn_align8,passed,success,universal,512,512,512,f16:column,f16:column,f16:column,f16:column,1,0,serial,8,1,heuristic,invalid,invalid,false,false,1,tensorop,f32,128,128,64,2,1,1,0,0,0,7,4,2,1,64,128,16,90,90,1572864,268959744,171,0.00945728,154.891,28439.4
52,CUTLASS,gemm,cutlass3x_sm90_tensorop_s64x128x16gemm_f16_f16_f32_f16_f16_128x128x64_2x1x1_0_nnn_align8_warpspecialized_epi_nosmem,passed,success,universal,512,512,512,f16:column,f16:column,f16:column,f16:column,1,0,serial,8,1,heuristic,invalid,invalid,false,false,1,tensorop,f32,128,128,64,2,1,1,0,0,0,7,4,1,1,64,128,16,90,90,1572864,268959744,171,0.00902624,162.287,29797.5
52,CUTLASS,gemm,cutlass3x_sm90_tensorop_s64x128x16gemm_f16_f16_f32_f16_f16_128x128x64_2x1x1_0_nnn_align8_warpspecialized_pingpong_epi_tma,passed,success,universal,512,512,512,f16:column,f16:column,f16:column,f16:column,1,0,serial,8,1,heuristic,invalid,invalid,false,false,1,tensorop,f32,128,128,64,2,1,1,0,0,0,6,4,1,1,64,128,16,90,90,1572864,268959744,171,0.00937952,156.175,28675.2
52,CUTLASS,gemm,cutlass3x_sm90_tensorop_s64x128x16gemm_f16_f16_f32_f16_f16_128x128x64_2x1x1_0_nnn_align8_warpspecialized_pingpong_epi_nosmem,passed,success,universal,512,512,512,f16:column,f16:column,f16:column,f16:column,1,0,serial,8,1,heuristic,invalid,invalid,false,false,1,tensorop,f32,128,128,64,2,1,1,0,0,0,7,4,1,1,64,128,16,90,90,1572864,268959744,171,0.00921568,158.951,29185
52,CUTLASS,gemm,cutlass3x_sm90_tensorop_s64x128x16gemm_f16_f16_f32_f16_f16_128x128x64_2x1x1_0_nnn_align8_warpspecialized_cooperative_epi_nosmem,passed,success,universal,512,512,512,f16:column,f16:column,f16:column,f16:column,1,0,serial,8,1,heuristic,invalid,invalid,false,false,1,tensorop,f32,128,128,64,2,1,1,0,0,0,7,4,2,1,64,128,16,90,90,1572864,268959744,171,0.00934464,156.758,28782.2
52,CUTLASS,gemm,cutlass3x_sm90_tensorop_s64x128x16gemm_f16_f16_f32_f16_f16_128x128x64_2x1x1_0_nnn_align8_warpspecialized_cooperative_epi_tma,passed,success,universal,512,512,512,f16:column,f16:column,f16:column,f16:column,1,0,serial,8,1,heuristic,invalid,invalid,false,false,1,tensorop,f32,128,128,64,2,1,1,0,0,0,6,4,2,1,64,128,16,90,90,1572864,268959744,171,0.00871264,168.129,30870.1
52,CUTLASS,gemm,cutlass3x_sm90_tensorop_s64x128x16gemm_f16_f16_f32_f16_f16_128x128x64_2x1x1_0_nnn_align8_stream_k_warpspecialized_cooperative_epi_nosmem,passed,success,universal,512,512,512,f16:column,f16:column,f16:column,f16:column,1,0,serial,8,1,heuristic,invalid,invalid,false,false,1,tensorop,f32,128,128,64,2,1,1,0,0,0,7,4,2,1,64,128,16,90,90,1572864,268959744,171,0.024369,60.111,11037
52,CUTLASS,gemm,cutlass3x_sm90_tensorop_s64x128x16gemm_f16_f16_f32_f16_f16_128x128x64_2x1x1_0_nnn_align8_stream_k_warpspecialized_cooperative_epi_tma,passed,success,universal,512,512,512,f16:column,f16:column,f16:column,f16:column,1,0,serial,8,1,heuristic,invalid,invalid,false,false,1,tensorop,f32,128,128,64,2,1,1,0,0,0,6,4,2,1,64,128,16,90,90,1572864,268959744,171,0.0243232,60.2241,11057.7
53,CUTLASS,gemm,cutlass_tensorop_f16_s1688gemm_f16_256x128_32x2_nn_align8,passed,success,universal,640,512,512,f16:column,f16:column,f16:column,f16:column,1,0,serial,8,1,heuristic,invalid,invalid,false,false,1,tensorop,f32,256,128,32,1,1,1,0,0,0,2,4,2,1,16,8,8,75,1024,1835008,336199680,183,0.032897,51.9496,10219.8
53,CUTLASS,gemm,cutlass_tensorop_f16_s16816gemm_f16_256x128_32x3_nn_align8,passed,success,universal,640,512,512,f16:column,f16:column,f16:column,f16:column,1,0,serial,8,1,heuristic,invalid,invalid,false,false,1,tensorop,f32,256,128,32,1,1,1,0,0,0,3,4,2,1,16,8,16,80,1024,1835008,336199680,183,0.0321613,53.1379,10453.6
53,CUTLASS,gemm,cutlass3x_sm90_tensorop_s64x128x16gemm_f16_f16_f32_f16_f16_128x128x64_1x2x1_0_nnn_align8,passed,success,universal,640,512,512,f16:column,f16:column,f16:column,f16:column,1,0,serial,8,1,heuristic,invalid,invalid,false,false,1,tensorop,f32,128,128,64,1,2,1,0,0,0,7,4,2,1,64,128,16,90,90,1835008,336199680,183,0.0099696,171.42,33722.5
53,CUTLASS,gemm,cutlass3x_sm90_tensorop_s64x128x16gemm_f16_f16_f32_f16_f16_128x128x64_1x2x1_0_nnn_align8_warpspecialized_epi_nosmem,passed,success,universal,640,512,512,f16:column,f16:column,f16:column,f16:column,1,0,serial,8,1,heuristic,invalid,invalid,false,false,1,tensorop,f32,128,128,64,1,2,1,0,0,0,7,4,1,1,64,128,16,90,90,1835008,336199680,183,0.00970592,176.076,34638.6
53,CUTLASS,gemm,cutlass3x_sm90_tensorop_s64x128x16gemm_f16_f16_f32_f16_f16_128x128x64_1x2x1_0_nnn_align8_warpspecialized_pingpong_epi_tma,passed,success,universal,640,512,512,f16:column,f16:column,f16:column,f16:column,1,0,serial,8,1,heuristic,invalid,invalid,false,false,1,tensorop,f32,128,128,64,1,2,1,0,0,0,6,4,1,1,64,128,16,90,90,1835008,336199680,183,0.00949952,179.902,35391.2
53,CUTLASS,gemm,cutlass3x_sm90_tensorop_s64x128x16gemm_f16_f16_f32_f16_f16_128x128x64_1x2x1_0_nnn_align8_warpspecialized_pingpong_epi_nosmem,passed,success,universal,640,512,512,f16:column,f16:column,f16:column,f16:column,1,0,serial,8,1,heuristic,invalid,invalid,false,false,1,tensorop,f32,128,128,64,1,2,1,0,0,0,7,4,1,1,64,128,16,90,90,1835008,336199680,183,0.0101197,168.877,33222.4
53,CUTLASS,gemm,cutlass3x_sm90_tensorop_s64x128x16gemm_f16_f16_f32_f16_f16_128x128x64_1x2x1_0_nnn_align8_warpspecialized_cooperative_epi_nosmem,passed,success,universal,640,512,512,f16:column,f16:column,f16:column,f16:column,1,0,serial,8,1,heuristic,invalid,invalid,false,false,1,tensorop,f32,128,128,64,1,2,1,0,0,0,7,4,2,1,64,128,16,90,90,1835008,336199680,183,0.00998496,171.156,33670.6
53,CUTLASS,gemm,cutlass3x_sm90_tensorop_s64x128x16gemm_f16_f16_f32_f16_f16_128x128x64_1x2x1_0_nnn_align8_warpspecialized_cooperative_epi_tma,passed,success,universal,640,512,512,f16:column,f16:column,f16:column,f16:column,1,0,serial,8,1,heuristic,invalid,invalid,false,false,1,tensorop,f32,128,128,64,1,2,1,0,0,0,6,4,2,1,64,128,16,90,90,1835008,336199680,183,0.0088416,193.289,38024.8
53,CUTLASS,gemm,cutlass3x_sm90_tensorop_s64x128x16gemm_f16_f16_f32_f16_f16_128x128x64_1x2x1_0_nnn_align8_stream_k_warpspecialized_cooperative_epi_nosmem,passed,success,universal,640,512,512,f16:column,f16:column,f16:column,f16:column,1,0,serial,8,1,heuristic,invalid,invalid,false,false,1,tensorop,f32,128,128,64,1,2,1,0,0,0,7,4,2,1,64,128,16,90,90,1835008,336199680,183,0.0253574,67.3958,13258.4
53,CUTLASS,gemm,cutlass3x_sm90_tensorop_s64x128x16gemm_f16_f16_f32_f16_f16_128x128x64_1x2x1_0_nnn_align8_stream_k_warpspecialized_cooperative_epi_tma,passed,success,universal,640,512,512,f16:column,f16:column,f16:column,f16:column,1,0,serial,8,1,heuristic,invalid,invalid,false,false,1,tensorop,f32,128,128,64,1,2,1,0,0,0,6,4,2,1,64,128,16,90,90,1835008,336199680,183,0.0249363,68.5339,13482.3
53,CUTLASS,gemm,cutlass3x_sm90_tensorop_s64x128x16gemm_f16_f16_f32_f16_f16_128x128x64_2x1x1_0_nnn_align8,passed,success,universal,640,512,512,f16:column,f16:column,f16:column,f16:column,1,0,serial,8,1,heuristic,invalid,invalid,false,false,1,tensorop,f32,128,128,64,2,1,1,0,0,0,7,4,2,1,64,128,16,90,90,1835008,336199680,183,0.00989312,172.745,33983.2
53,CUTLASS,gemm,cutlass3x_sm90_tensorop_s64x128x16gemm_f16_f16_f32_f16_f16_128x128x64_2x1x1_0_nnn_align8_warpspecialized_epi_nosmem,passed,success,universal,640,512,512,f16:column,f16:column,f16:column,f16:column,1,0,serial,8,1,heuristic,invalid,invalid,false,false,1,tensorop,f32,128,128,64,2,1,1,0,0,0,7,4,1,1,64,128,16,90,90,1835008,336199680,183,0.00998016,171.238,33686.8
53,CUTLASS,gemm,cutlass3x_sm90_tensorop_s64x128x16gemm_f16_f16_f32_f16_f16_128x128x64_2x1x1_0_nnn_align8_warpspecialized_pingpong_epi_tma,passed,success,universal,640,512,512,f16:column,f16:column,f16:column,f16:column,1,0,serial,8,1,heuristic,invalid,invalid,false,false,1,tensorop,f32,128,128,64,2,1,1,0,0,0,6,4,1,1,64,128,16,90,90,1835008,336199680,183,0.00950816,179.739,35359.1
53,CUTLASS,gemm,cutlass3x_sm90_tensorop_s64x128x16gemm_f16_f16_f32_f16_f16_128x128x64_2x1x1_0_nnn_align8_warpspecialized_pingpong_epi_nosmem,passed,success,universal,640,512,512,f16:column,f16:column,f16:column,f16:column,1,0,serial,8,1,heuristic,invalid,invalid,false,false,1,tensorop,f32,128,128,64,2,1,1,0,0,0,7,4,1,1,64,128,16,90,90,1835008,336199680,183,0.00999072,171.057,33651.2
53,CUTLASS,gemm,cutlass3x_sm90_tensorop_s64x128x16gemm_f16_f16_f32_f16_f16_128x128x64_2x1x1_0_nnn_align8_warpspecialized_cooperative_epi_nosmem,passed,success,universal,640,512,512,f16:column,f16:column,f16:column,f16:column,1,0,serial,8,1,heuristic,invalid,invalid,false,false,1,tensorop,f32,128,128,64,2,1,1,0,0,0,7,4,2,1,64,128,16,90,90,1835008,336199680,183,0.00971392,175.931,34610.1
53,CUTLASS,gemm,cutlass3x_sm90_tensorop_s64x128x16gemm_f16_f16_f32_f16_f16_128x128x64_2x1x1_0_nnn_align8_warpspecialized_cooperative_epi_tma,passed,success,universal,640,512,512,f16:column,f16:column,f16:column,f16:column,1,0,serial,8,1,heuristic,invalid,invalid,false,false,1,tensorop,f32,128,128,64,2,1,1,0,0,0,6,4,2,1,64,128,16,90,90,1835008,336199680,183,0.00871936,195.999,38557.8
53,CUTLASS,gemm,cutlass3x_sm90_tensorop_s64x128x16gemm_f16_f16_f32_f16_f16_128x128x64_2x1x1_0_nnn_align8_stream_k_warpspecialized_cooperative_epi_nosmem,passed,success,universal,640,512,512,f16:column,f16:column,f16:column,f16:column,1,0,serial,8,1,heuristic,invalid,invalid,false,false,1,tensorop,f32,128,128,64,2,1,1,0,0,0,7,4,2,1,64,128,16,90,90,1835008,336199680,183,0.0257242,66.435,13069.4
53,CUTLASS,gemm,cutlass3x_sm90_tensorop_s64x128x16gemm_f16_f16_f32_f16_f16_128x128x64_2x1x1_0_nnn_align8_stream_k_warpspecialized_cooperative_epi_tma,passed,success,universal,640,512,512,f16:column,f16:column,f16:column,f16:column,1,0,serial,8,1,heuristic,invalid,invalid,false,false,1,tensorop,f32,128,128,64,2,1,1,0,0,0,6,4,2,1,64,128,16,90,90,1835008,336199680,183,0.0253347,67.4562,13270.3
54,CUTLASS,gemm,cutlass_tensorop_f16_s1688gemm_f16_256x128_32x2_nn_align8,passed,success,universal,768,512,512,f16:column,f16:column,f16:column,f16:column,1,0,serial,8,1,heuristic,invalid,invalid,false,false,1,tensorop,f32,256,128,32,1,1,1,0,0,0,2,4,2,1,16,8,8,75,1024,2097152,403439616,192,0.0331114,58.9866,12184.3
54,CUTLASS,gemm,cutlass_tensorop_f16_s16816gemm_f16_256x128_32x3_nn_align8,passed,success,universal,768,512,512,f16:column,f16:column,f16:column,f16:column,1,0,serial,8,1,heuristic,invalid,invalid,false,false,1,tensorop,f32,256,128,32,1,1,1,0,0,0,3,4,2,1,16,8,16,80,1024,2097152,403439616,192,0.0325174,60.0639,12406.9
54,CUTLASS,gemm,cutlass3x_sm90_tensorop_s64x128x16gemm_f16_f16_f32_f16_f16_128x128x64_1x2x1_0_nnn_align8,passed,success,universal,768,512,512,f16:column,f16:column,f16:column,f16:column,1,0,serial,8,1,heuristic,invalid,invalid,false,false,1,tensorop,f32,128,128,64,1,2,1,0,0,0,7,4,2,1,64,128,16,90,90,2097152,403439616,192,0.0099568,196.16,40519
54,CUTLASS,gemm,cutlass3x_sm90_tensorop_s64x128x16gemm_f16_f16_f32_f16_f16_128x128x64_1x2x1_0_nnn_align8_warpspecialized_epi_nosmem,passed,success,universal,768,512,512,f16:column,f16:column,f16:column,f16:column,1,0,serial,8,1,heuristic,invalid,invalid,false,false,1,tensorop,f32,128,128,64,1,2,1,0,0,0,7,4,1,1,64,128,16,90,90,2097152,403439616,192,0.00946368,206.381,42630.3
54,CUTLASS,gemm,cutlass3x_sm90_tensorop_s64x128x16gemm_f16_f16_f32_f16_f16_128x128x64_1x2x1_0_nnn_align8_warpspecialized_pingpong_epi_tma,passed,success,universal,768,512,512,f16:column,f16:column,f16:column,f16:column,1,0,serial,8,1,heuristic,invalid,invalid,false,false,1,tensorop,f32,128,128,64,1,2,1,0,0,0,6,4,1,1,64,128,16,90,90,2097152,403439616,192,0.00936384,208.582,43084.8
54,CUTLASS,gemm,cutlass3x_sm90_tensorop_s64x128x16gemm_f16_f16_f32_f16_f16_128x128x64_1x2x1_0_nnn_align8_warpspecialized_pingpong_epi_nosmem,passed,success,universal,768,512,512,f16:column,f16:column,f16:column,f16:column,1,0,serial,8,1,heuristic,invalid,invalid,false,false,1,tensorop,f32,128,128,64,1,2,1,0,0,0,7,4,1,1,64,128,16,90,90,2097152,403439616,192,0.0101626,192.188,39698.6
54,CUTLASS,gemm,cutlass3x_sm90_tensorop_s64x128x16gemm_f16_f16_f32_f16_f16_128x128x64_1x2x1_0_nnn_align8_warpspecialized_cooperative_epi_nosmem,passed,success,universal,768,512,512,f16:column,f16:column,f16:column,f16:column,1,0,serial,8,1,heuristic,invalid,invalid,false,false,1,tensorop,f32,128,128,64,1,2,1,0,0,0,7,4,2,1,64,128,16,90,90,2097152,403439616,192,0.0100058,195.2,40320.7
54,CUTLASS,gemm,cutlass3x_sm90_tensorop_s64x128x16gemm_f16_f16_f32_f16_f16_128x128x64_1x2x1_0_nnn_align8_warpspecialized_cooperative_epi_tma,passed,success,universal,768,512,512,f16:column,f16:column,f16:column,f16:column,1,0,serial,8,1,heuristic,invalid,invalid,false,false,1,tensorop,f32,128,128,64,1,2,1,0,0,0,6,4,2,1,64,128,16,90,90,2097152,403439616,192,0.00870208,224.443,46361.3
54,CUTLASS,gemm,cutlass3x_sm90_tensorop_s64x128x16gemm_f16_f16_f32_f16_f16_128x128x64_1x2x1_0_nnn_align8_stream_k_warpspecialized_cooperative_epi_nosmem,passed,success,universal,768,512,512,f16:column,f16:column,f16:column,f16:column,1,0,serial,8,1,heuristic,invalid,invalid,false,false,1,tensorop,f32,128,128,64,1,2,1,0,0,0,7,4,2,1,64,128,16,90,90,2097152,403439616,192,0.0255757,76.3665,15774.3
54,CUTLASS,gemm,cutlass3x_sm90_tensorop_s64x128x16gemm_f16_f16_f32_f16_f16_128x128x64_1x2x1_0_nnn_align8_stream_k_warpspecialized_cooperative_epi_tma,passed,success,universal,768,512,512,f16:column,f16:column,f16:column,f16:column,1,0,serial,8,1,heuristic,invalid,invalid,false,false,1,tensorop,f32,128,128,64,1,2,1,0,0,0,6,4,2,1,64,128,16,90,90,2097152,403439616,192,0.0250934,77.8341,16077.5
54,CUTLASS,gemm,cutlass3x_sm90_tensorop_s64x128x16gemm_f16_f16_f32_f16_f16_128x128x64_2x1x1_0_nnn_align8,passed,success,universal,768,512,512,f16:column,f16:column,f16:column,f16:column,1,0,serial,8,1,heuristic,invalid,invalid,false,false,1,tensorop,f32,128,128,64,2,1,1,0,0,0,7,4,2,1,64,128,16,90,90,2097152,403439616,192,0.00982848,198.721,41048
54,CUTLASS,gemm,cutlass3x_sm90_tensorop_s64x128x16gemm_f16_f16_f32_f16_f16_128x128x64_2x1x1_0_nnn_align8_warpspecialized_epi_nosmem,passed,success,universal,768,512,512,f16:column,f16:column,f16:column,f16:column,1,0,serial,8,1,heuristic,invalid,invalid,false,false,1,tensorop,f32,128,128,64,2,1,1,0,0,0,7,4,1,1,64,128,16,90,90,2097152,403439616,192,0.00974752,200.371,41388.9
54,CUTLASS,gemm,cutlass3x_sm90_tensorop_s64x128x16gemm_f16_f16_f32_f16_f16_128x128x64_2x1x1_0_nnn_align8_warpspecialized_pingpong_epi_tma,passed,success,universal,768,512,512,f16:column,f16:column,f16:column,f16:column,1,0,serial,8,1,heuristic,invalid,invalid,false,false,1,tensorop,f32,128,128,64,2,1,1,0,0,0,6,4,1,1,64,128,16,90,90,2097152,403439616,192,0.00936896,208.468,43061.3
54,CUTLASS,gemm,cutlass3x_sm90_tensorop_s64x128x16gemm_f16_f16_f32_f16_f16_128x128x64_2x1x1_0_nnn_align8_warpspecialized_pingpong_epi_nosmem,passed,success,universal,768,512,512,f16:column,f16:column,f16:column,f16:column,1,0,serial,8,1,heuristic,invalid,invalid,false,false,1,tensorop,f32,128,128,64,2,1,1,0,0,0,7,4,1,1,64,128,16,90,90,2097152,403439616,192,0.0100826,193.713,40013.6
54,CUTLASS,gemm,cutlass3x_sm90_tensorop_s64x128x16gemm_f16_f16_f32_f16_f16_128x128x64_2x1x1_0_nnn_align8_warpspecialized_cooperative_epi_nosmem,passed,success,universal,768,512,512,f16:column,f16:column,f16:column,f16:column,1,0,serial,8,1,heuristic,invalid,invalid,false,false,1,tensorop,f32,128,128,64,2,1,1,0,0,0,7,4,2,1,64,128,16,90,90,2097152,403439616,192,0.00986432,197.999,40898.9
54,CUTLASS,gemm,cutlass3x_sm90_tensorop_s64x128x16gemm_f16_f16_f32_f16_f16_128x128x64_2x1x1_0_nnn_align8_warpspecialized_cooperative_epi_tma,passed,success,universal,768,512,512,f16:column,f16:column,f16:column,f16:column,1,0,serial,8,1,heuristic,invalid,invalid,false,false,1,tensorop,f32,128,128,64,2,1,1,0,0,0,6,4,2,1,64,128,16,90,90,2097152,403439616,192,0.00871712,224.056,46281.3
54,CUTLASS,gemm,cutlass3x_sm90_tensorop_s64x128x16gemm_f16_f16_f32_f16_f16_128x128x64_2x1x1_0_nnn_align8_stream_k_warpspecialized_cooperative_epi_nosmem,passed,success,universal,768,512,512,f16:column,f16:column,f16:column,f16:column,1,0,serial,8,1,heuristic,invalid,invalid,false,false,1,tensorop,f32,128,128,64,2,1,1,0,0,0,7,4,2,1,64,128,16,90,90,2097152,403439616,192,0.0257142,75.955,15689.3
54,CUTLASS,gemm,cutlass3x_sm90_tensorop_s64x128x16gemm_f16_f16_f32_f16_f16_128x128x64_2x1x1_0_nnn_align8_stream_k_warpspecialized_cooperative_epi_tma,passed,success,universal,768,512,512,f16:column,f16:column,f16:column,f16:column,1,0,serial,8,1,heuristic,invalid,invalid,false,false,1,tensorop,f32,128,128,64,2,1,1,0,0,0,6,4,2,1,64,128,16,90,90,2097152,403439616,192,0.0252509,77.3488,15977.2
55,CUTLASS,gemm,cutlass_tensorop_f16_s1688gemm_f16_256x128_32x2_nn_align8,passed,success,universal,896,512,512,f16:column,f16:column,f16:column,f16:column,1,0,serial,8,1,heuristic,invalid,invalid,false,false,1,tensorop,f32,256,128,32,1,1,1,0,0,0,2,4,2,1,16,8,8,75,1024,2359296,470679552,199,0.0338736,64.8666,13895.2
55,CUTLASS,gemm,cutlass_tensorop_f16_s16816gemm_f16_256x128_32x3_nn_align8,passed,success,universal,896,512,512,f16:column,f16:column,f16:column,f16:column,1,0,serial,8,1,heuristic,invalid,invalid,false,false,1,tensorop,f32,256,128,32,1,1,1,0,0,0,3,4,2,1,16,8,16,80,1024,2359296,470679552,199,0.033232,66.119,14163.4
55,CUTLASS,gemm,cutlass3x_sm90_tensorop_s64x128x16gemm_f16_f16_f32_f16_f16_128x128x64_1x2x1_0_nnn_align8,passed,success,universal,896,512,512,f16:column,f16:column,f16:column,f16:column,1,0,serial,8,1,heuristic,invalid,invalid,false,false,1,tensorop,f32,128,128,64,1,2,1,0,0,0,7,4,2,1,64,128,16,90,90,2359296,470679552,199,0.0105728,207.823,44518
55,CUTLASS,gemm,cutlass3x_sm90_tensorop_s64x128x16gemm_f16_f16_f32_f16_f16_128x128x64_1x2x1_0_nnn_align8_warpspecialized_epi_nosmem,passed,success,universal,896,512,512,f16:column,f16:column,f16:column,f16:column,1,0,serial,8,1,heuristic,invalid,invalid,false,false,1,tensorop,f32,128,128,64,1,2,1,0,0,0,7,4,1,1,64,128,16,90,90,2359296,470679552,199,0.00995584,220.701,47276.7
55,CUTLASS,gemm,cutlass3x_sm90_tensorop_s64x128x16gemm_f16_f16_f32_f16_f16_128x128x64_1x2x1_0_nnn_align8_warpspecialized_pingpong_epi_tma,passed,success,universal,896,512,512,f16:column,f16:column,f16:column,f16:column,1,0,serial,8,1,heuristic,invalid,invalid,false,false,1,tensorop,f32,128,128,64,1,2,1,0,0,0,6,4,1,1,64,128,16,90,90,2359296,470679552,199,0.00958304,229.287,49115.9
55,CUTLASS,gemm,cutlass3x_sm90_tensorop_s64x128x16gemm_f16_f16_f32_f16_f16_128x128x64_1x2x1_0_nnn_align8_warpspecialized_pingpong_epi_nosmem,passed,success,universal,896,512,512,f16:column,f16:column,f16:column,f16:column,1,0,serial,8,1,heuristic,invalid,invalid,false,false,1,tensorop,f32,128,128,64,1,2,1,0,0,0,7,4,1,1,64,128,16,90,90,2359296,470679552,199,0.0107642,204.128,43726.5
55,CUTLASS,gemm,cutlass3x_sm90_tensorop_s64x128x16gemm_f16_f16_f32_f16_f16_128x128x64_1x2x1_0_nnn_align8_warpspecialized_cooperative_epi_nosmem,passed,success,universal,896,512,512,f16:column,f16:column,f16:column,f16:column,1,0,serial,8,1,heuristic,invalid,invalid,false,false,1,tensorop,f32,128,128,64,1,2,1,0,0,0,7,4,2,1,64,128,16,90,90,2359296,470679552,199,0.0107018,205.318,43981.5
55,CUTLASS,gemm,cutlass3x_sm90_tensorop_s64x128x16gemm_f16_f16_f32_f16_f16_128x128x64_1x2x1_0_nnn_align8_warpspecialized_cooperative_epi_tma,passed,success,universal,896,512,512,f16:column,f16:column,f16:column,f16:column,1,0,serial,8,1,heuristic,invalid,invalid,false,false,1,tensorop,f32,128,128,64,1,2,1,0,0,0,6,4,2,1,64,128,16,90,90,2359296,470679552,199,0.0089664,245.055,52493.7
55,CUTLASS,gemm,cutlass3x_sm90_tensorop_s64x128x16gemm_f16_f16_f32_f16_f16_128x128x64_1x2x1_0_nnn_align8_stream_k_warpspecialized_cooperative_epi_nosmem,passed,success,universal,896,512,512,f16:column,f16:column,f16:column,f16:column,1,0,serial,8,1,heuristic,invalid,invalid,false,false,1,tensorop,f32,128,128,64,1,2,1,0,0,0,7,4,2,1,64,128,16,90,90,2359296,470679552,199,0.0268691,81.7766,17517.5
55,CUTLASS,gemm,cutlass3x_sm90_tensorop_s64x128x16gemm_f16_f16_f32_f16_f16_128x128x64_1x2x1_0_nnn_align8_stream_k_warpspecialized_cooperative_epi_tma,passed,success,universal,896,512,512,f16:column,f16:column,f16:column,f16:column,1,0,serial,8,1,heuristic,invalid,invalid,false,false,1,tensorop,f32,128,128,64,1,2,1,0,0,0,6,4,2,1,64,128,16,90,90,2359296,470679552,199,0.0258858,84.8832,18183
55,CUTLASS,gemm,cutlass3x_sm90_tensorop_s64x128x16gemm_f16_f16_f32_f16_f16_128x128x64_2x1x1_0_nnn_align8,passed,success,universal,896,512,512,f16:column,f16:column,f16:column,f16:column,1,0,serial,8,1,heuristic,invalid,invalid,false,false,1,tensorop,f32,128,128,64,2,1,1,0,0,0,7,4,2,1,64,128,16,90,90,2359296,470679552,199,0.0106822,205.693,44061.9
55,CUTLASS,gemm,cutlass3x_sm90_tensorop_s64x128x16gemm_f16_f16_f32_f16_f16_128x128x64_2x1x1_0_nnn_align8_warpspecialized_epi_nosmem,passed,success,universal,896,512,512,f16:column,f16:column,f16:column,f16:column,1,0,serial,8,1,heuristic,invalid,invalid,false,false,1,tensorop,f32,128,128,64,2,1,1,0,0,0,7,4,1,1,64,128,16,90,90,2359296,470679552,199,0.0103126,213.065,45641
55,CUTLASS,gemm,cutlass3x_sm90_tensorop_s64x128x16gemm_f16_f16_f32_f16_f16_128x128x64_2x1x1_0_nnn_align8_warpspecialized_pingpong_epi_tma,passed,success,universal,896,512,512,f16:column,f16:column,f16:column,f16:column,1,0,serial,8,1,heuristic,invalid,invalid,false,false,1,tensorop,f32,128,128,64,2,1,1,0,0,0,6,4,1,1,64,128,16,90,90,2359296,470679552,199,0.00963936,227.947,48828.9
55,CUTLASS,gemm,cutlass3x_sm90_tensorop_s64x128x16gemm_f16_f16_f32_f16_f16_128x128x64_2x1x1_0_nnn_align8_warpspecialized_pingpong_epi_nosmem,passed,success,universal,896,512,512,f16:column,f16:column,f16:column,f16:column,1,0,serial,8,1,heuristic,invalid,invalid,false,false,1,tensorop,f32,128,128,64,2,1,1,0,0,0,7,4,1,1,64,128,16,90,90,2359296,470679552,199,0.0109114,201.374,43136.7
55,CUTLASS,gemm,cutlass3x_sm90_tensorop_s64x128x16gemm_f16_f16_f32_f16_f16_128x128x64_2x1x1_0_nnn_align8_warpspecialized_cooperative_epi_nosmem,passed,success,universal,896,512,512,f16:column,f16:column,f16:column,f16:column,1,0,serial,8,1,heuristic,invalid,invalid,false,false,1,tensorop,f32,128,128,64,2,1,1,0,0,0,7,4,2,1,64,128,16,90,90,2359296,470679552,199,0.0107955,203.535,43599.5
55,CUTLASS,gemm,cutlass3x_sm90_tensorop_s64x128x16gemm_f16_f16_f32_f16_f16_128x128x64_2x1x1_0_nnn_align8_warpspecialized_cooperative_epi_tma,passed,success,universal,896,512,512,f16:column,f16:column,f16:column,f16:column,1,0,serial,8,1,heuristic,invalid,invalid,false,false,1,tensorop,f32,128,128,64,2,1,1,0,0,0,6,4,2,1,64,128,16,90,90,2359296,470679552,199,0.00908736,241.794,51795
55,CUTLASS,gemm,cutlass3x_sm90_tensorop_s64x128x16gemm_f16_f16_f32_f16_f16_128x128x64_2x1x1_0_nnn_align8_stream_k_warpspecialized_cooperative_epi_nosmem,passed,success,universal,896,512,512,f16:column,f16:column,f16:column,f16:column,1,0,serial,8,1,heuristic,invalid,invalid,false,false,1,tensorop,f32,128,128,64,2,1,1,0,0,0,7,4,2,1,64,128,16,90,90,2359296,470679552,199,0.027071,81.1667,17386.8
55,CUTLASS,gemm,cutlass3x_sm90_tensorop_s64x128x16gemm_f16_f16_f32_f16_f16_128x128x64_2x1x1_0_nnn_align8_stream_k_warpspecialized_cooperative_epi_tma,passed,success,universal,896,512,512,f16:column,f16:column,f16:column,f16:column,1,0,serial,8,1,heuristic,invalid,invalid,false,false,1,tensorop,f32,128,128,64,2,1,1,0,0,0,6,4,2,1,64,128,16,90,90,2359296,470679552,199,0.026081,84.2479,18046.9
56,CUTLASS,gemm,cutlass_tensorop_f16_s1688gemm_f16_256x128_32x2_nn_align8,passed,success,universal,1024,512,512,f16:column,f16:column,f16:column,f16:column,1,0,serial,8,1,heuristic,invalid,invalid,false,false,1,tensorop,f32,256,128,32,1,1,1,0,0,0,2,4,2,1,16,8,8,75,1024,2621440,537919488,205,0.0342131,71.3588,15722.6
56,CUTLASS,gemm,cutlass_tensorop_f16_s16816gemm_f16_256x128_32x3_nn_align8,passed,success,universal,1024,512,512,f16:column,f16:column,f16:column,f16:column,1,0,serial,8,1,heuristic,invalid,invalid,false,false,1,tensorop,f32,256,128,32,1,1,1,0,0,0,3,4,2,1,16,8,16,80,1024,2621440,537919488,205,0.0336083,72.6429,16005.5
56,CUTLASS,gemm,cutlass3x_sm90_tensorop_s64x128x16gemm_f16_f16_f32_f16_f16_128x128x64_1x2x1_0_nnn_align8,passed,success,universal,1024,512,512,f16:column,f16:column,f16:column,f16:column,1,0,serial,8,1,heuristic,invalid,invalid,false,false,1,tensorop,f32,128,128,64,1,2,1,0,0,0,7,4,2,1,64,128,16,90,90,2621440,537919488,205,0.00974336,250.571,55208.8
56,CUTLASS,gemm,cutlass3x_sm90_tensorop_s64x128x16gemm_f16_f16_f32_f16_f16_128x128x64_1x2x1_0_nnn_align8_warpspecialized_epi_nosmem,passed,success,universal,1024,512,512,f16:column,f16:column,f16:column,f16:column,1,0,serial,8,1,heuristic,invalid,invalid,false,false,1,tensorop,f32,128,128,64,1,2,1,0,0,0,7,4,1,1,64,128,16,90,90,2621440,537919488,205,0.00896736,272.255,59986.4
56,CUTLASS,gemm,cutlass3x_sm90_tensorop_s64x128x16gemm_f16_f16_f32_f16_f16_128x128x64_1x2x1_0_nnn_align8_warpspecialized_pingpong_epi_tma,passed,success,universal,1024,512,512,f16:column,f16:column,f16:column,f16:column,1,0,serial,8,1,heuristic,invalid,invalid,false,false,1,tensorop,f32,128,128,64,1,2,1,0,0,0,6,4,1,1,64,128,16,90,90,2621440,537919488,205,0.00949504,257.124,56652.7
56,CUTLASS,gemm,cutlass3x_sm90_tensorop_s64x128x16gemm_f16_f16_f32_f16_f16_128x128x64_1x2x1_0_nnn_align8_warpspecialized_pingpong_epi_nosmem,passed,success,universal,1024,512,512,f16:column,f16:column,f16:column,f16:column,1,0,serial,8,1,heuristic,invalid,invalid,false,false,1,tensorop,f32,128,128,64,1,2,1,0,0,0,7,4,1,1,64,128,16,90,90,2621440,537919488,205,0.00938752,260.069,57301.6
56,CUTLASS,gemm,cutlass3x_sm90_tensorop_s64x128x16gemm_f16_f16_f32_f16_f16_128x128x64_1x2x1_0_nnn_align8_warpspecialized_cooperative_epi_nosmem,passed,success,universal,1024,512,512,f16:column,f16:column,f16:column,f16:column,1,0,serial,8,1,heuristic,invalid,invalid,false,false,1,tensorop,f32,128,128,64,1,2,1,0,0,0,7,4,2,1,64,128,16,90,90,2621440,537919488,205,0.0096112,254.017,55968
56,CUTLASS,gemm,cutlass3x_sm90_tensorop_s64x128x16gemm_f16_f16_f32_f16_f16_128x128x64_1x2x1_0_nnn_align8_warpspecialized_cooperative_epi_tma,passed,success,universal,1024,512,512,f16:column,f16:column,f16:column,f16:column,1,0,serial,8,1,heuristic,invalid,invalid,false,false,1,tensorop,f32,128,128,64,1,2,1,0,0,0,6,4,2,1,64,128,16,90,90,2621440,537919488,205,0.00884576,275.997,60811
56,CUTLASS,gemm,cutlass3x_sm90_tensorop_s64x128x16gemm_f16_f16_f32_f16_f16_128x128x64_1x2x1_0_nnn_align8_stream_k_warpspecialized_cooperative_epi_nosmem,passed,success,universal,1024,512,512,f16:column,f16:column,f16:column,f16:column,1,0,serial,8,1,heuristic,invalid,invalid,false,false,1,tensorop,f32,128,128,64,1,2,1,0,0,0,7,4,2,1,64,128,16,90,90,2621440,537919488,205,0.0261613,93.3214,20561.7
56,CUTLASS,gemm,cutlass3x_sm90_tensorop_s64x128x16gemm_f16_f16_f32_f16_f16_128x128x64_1x2x1_0_nnn_align8_stream_k_warpspecialized_cooperative_epi_tma,passed,success,universal,1024,512,512,f16:column,f16:column,f16:column,f16:column,1,0,serial,8,1,heuristic,invalid,invalid,false,false,1,tensorop,f32,128,128,64,1,2,1,0,0,0,6,4,2,1,64,128,16,90,90,2621440,537919488,205,0.0260323,93.7837,20663.5
56,CUTLASS,gemm,cutlass3x_sm90_tensorop_s64x128x16gemm_f16_f16_f32_f16_f16_128x128x64_2x1x1_0_nnn_align8,passed,success,universal,1024,512,512,f16:column,f16:column,f16:column,f16:column,1,0,serial,8,1,heuristic,invalid,invalid,false,false,1,tensorop,f32,128,128,64,2,1,1,0,0,0,7,4,2,1,64,128,16,90,90,2621440,537919488,205,0.00965536,252.855,55712
56,CUTLASS,gemm,cutlass3x_sm90_tensorop_s64x128x16gemm_f16_f16_f32_f16_f16_128x128x64_2x1x1_0_nnn_align8_warpspecialized_epi_nosmem,passed,success,universal,1024,512,512,f16:column,f16:column,f16:column,f16:column,1,0,serial,8,1,heuristic,invalid,invalid,false,false,1,tensorop,f32,128,128,64,2,1,1,0,0,0,7,4,1,1,64,128,16,90,90,2621440,537919488,205,0.00912576,267.529,58945.2
56,CUTLASS,gemm,cutlass3x_sm90_tensorop_s64x128x16gemm_f16_f16_f32_f16_f16_128x128x64_2x1x1_0_nnn_align8_warpspecialized_pingpong_epi_tma,passed,success,universal,1024,512,512,f16:column,f16:column,f16:column,f16:column,1,0,serial,8,1,heuristic,invalid,invalid,false,false,1,tensorop,f32,128,128,64,2,1,1,0,0,0,6,4,1,1,64,128,16,90,90,2621440,537919488,205,0.00950976,256.726,56565
56,CUTLASS,gemm,cutlass3x_sm90_tensorop_s64x128x16gemm_f16_f16_f32_f16_f16_128x128x64_2x1x1_0_nnn_align8_warpspecialized_pingpong_epi_nosmem,passed,success,universal,1024,512,512,f16:column,f16:column,f16:column,f16:column,1,0,serial,8,1,heuristic,invalid,invalid,false,false,1,tensorop,f32,128,128,64,2,1,1,0,0,0,7,4,1,1,64,128,16,90,90,2621440,537919488,205,0.0094352,258.755,57012
56,CUTLASS,gemm,cutlass3x_sm90_tensorop_s64x128x16gemm_f16_f16_f32_f16_f16_128x128x64_2x1x1_0_nnn_align8_warpspecialized_cooperative_epi_nosmem,passed,success,universal,1024,512,512,f16:column,f16:column,f16:column,f16:column,1,0,serial,8,1,heuristic,invalid,invalid,false,false,1,tensorop,f32,128,128,64,2,1,1,0,0,0,7,4,2,1,64,128,16,90,90,2621440,537919488,205,0.00960864,254.084,55982.9
56,CUTLASS,gemm,cutlass3x_sm90_tensorop_s64x128x16gemm_f16_f16_f32_f16_f16_128x128x64_2x1x1_0_nnn_align8_warpspecialized_cooperative_epi_tma,passed,success,universal,1024,512,512,f16:column,f16:column,f16:column,f16:column,1,0,serial,8,1,heuristic,invalid,invalid,false,false,1,tensorop,f32,128,128,64,2,1,1,0,0,0,6,4,2,1,64,128,16,90,90,2621440,537919488,205,0.00884096,276.147,60844
56,CUTLASS,gemm,cutlass3x_sm90_tensorop_s64x128x16gemm_f16_f16_f32_f16_f16_128x128x64_2x1x1_0_nnn_align8_stream_k_warpspecialized_cooperative_epi_nosmem,passed,success,universal,1024,512,512,f16:column,f16:column,f16:column,f16:column,1,0,serial,8,1,heuristic,invalid,invalid,false,false,1,tensorop,f32,128,128,64,2,1,1,0,0,0,7,4,2,1,64,128,16,90,90,2621440,537919488,205,0.0260502,93.7191,20649.3
56,CUTLASS,gemm,cutlass3x_sm90_tensorop_s64x128x16gemm_f16_f16_f32_f16_f16_128x128x64_2x1x1_0_nnn_align8_stream_k_warpspecialized_cooperative_epi_tma,passed,success,universal,1024,512,512,f16:column,f16:column,f16:column,f16:column,1,0,serial,8,1,heuristic,invalid,invalid,false,false,1,tensorop,f32,128,128,64,2,1,1,0,0,0,6,4,2,1,64,128,16,90,90,2621440,537919488,205,0.0258995,94.2645,20769.5
57,CUTLASS,gemm,cutlass_tensorop_f16_s1688gemm_f16_256x128_32x2_nn_align8,passed,success,universal,1152,512,512,f16:column,f16:column,f16:column,f16:column,1,0,serial,8,1,heuristic,invalid,invalid,false,false,1,tensorop,f32,256,128,32,1,1,1,0,0,0,2,4,2,1,16,8,8,75,1024,2883584,605159424,209,0.0343958,78.0777,17594
57,CUTLASS,gemm,cutlass_tensorop_f16_s16816gemm_f16_256x128_32x3_nn_align8,passed,success,universal,1152,512,512,f16:column,f16:column,f16:column,f16:column,1,0,serial,8,1,heuristic,invalid,invalid,false,false,1,tensorop,f32,256,128,32,1,1,1,0,0,0,3,4,2,1,16,8,16,80,1024,2883584,605159424,209,0.0336672,79.7675,17974.7
57,CUTLASS,gemm,cutlass3x_sm90_tensorop_s64x128x16gemm_f16_f16_f32_f16_f16_128x128x64_1x2x1_0_nnn_align8,passed,success,universal,1152,512,512,f16:column,f16:column,f16:column,f16:column,1,0,serial,8,1,heuristic,invalid,invalid,false,false,1,tensorop,f32,128,128,64,1,2,1,0,0,0,7,4,2,1,64,128,16,90,90,2883584,605159424,209,0.01052,255.28,57524.7
57,CUTLASS,gemm,cutlass3x_sm90_tensorop_s64x128x16gemm_f16_f16_f32_f16_f16_128x128x64_1x2x1_0_nnn_align8_warpspecialized_epi_nosmem,passed,success,universal,1152,512,512,f16:column,f16:column,f16:column,f16:column,1,0,serial,8,1,heuristic,invalid,invalid,false,false,1,tensorop,f32,128,128,64,1,2,1,0,0,0,7,4,1,1,64,128,16,90,90,2883584,605159424,209,0.00967168,277.671,62570.3
57,CUTLASS,gemm,cutlass3x_sm90_tensorop_s64x128x16gemm_f16_f16_f32_f16_f16_128x128x64_1x2x1_0_nnn_align8_warpspecialized_pingpong_epi_tma,passed,success,universal,1152,512,512,f16:column,f16:column,f16:column,f16:column,1,0,serial,8,1,heuristic,invalid,invalid,false,false,1,tensorop,f32,128,128,64,1,2,1,0,0,0,6,4,1,1,64,128,16,90,90,2883584,605159424,209,0.00957568,280.455,63197.5
57,CUTLASS,gemm,cutlass3x_sm90_tensorop_s64x128x16gemm_f16_f16_f32_f16_f16_128x128x64_1x2x1_0_nnn_align8_warpspecialized_pingpong_epi_nosmem,passed,success,universal,1152,512,512,f16:column,f16:column,f16:column,f16:column,1,0,serial,8,1,heuristic,invalid,invalid,false,false,1,tensorop,f32,128,128,64,1,2,1,0,0,0,7,4,1,1,64,128,16,90,90,2883584,605159424,209,0.0105155,255.389,57549.2
57,CUTLASS,gemm,cutlass3x_sm90_tensorop_s64x128x16gemm_f16_f16_f32_f16_f16_128x128x64_1x2x1_0_nnn_align8_warpspecialized_cooperative_epi_nosmem,passed,success,universal,1152,512,512,f16:column,f16:column,f16:column,f16:column,1,0,serial,8,1,heuristic,invalid,invalid,false,false,1,tensorop,f32,128,128,64,1,2,1,0,0,0,7,4,2,1,64,128,16,90,90,2883584,605159424,209,0.0106883,251.26,56618.8
57,CUTLASS,gemm,cutlass3x_sm90_tensorop_s64x128x16gemm_f16_f16_f32_f16_f16_128x128x64_1x2x1_0_nnn_align8_warpspecialized_cooperative_epi_tma,passed,success,universal,1152,512,512,f16:column,f16:column,f16:column,f16:column,1,0,serial,8,1,heuristic,invalid,invalid,false,false,1,tensorop,f32,128,128,64,1,2,1,0,0,0,6,4,2,1,64,128,16,90,90,2883584,605159424,209,0.00909952,295.131,66504.5
57,CUTLASS,gemm,cutlass3x_sm90_tensorop_s64x128x16gemm_f16_f16_f32_f16_f16_128x128x64_1x2x1_0_nnn_align8_stream_k_warpspecialized_cooperative_epi_nosmem,passed,success,universal,1152,512,512,f16:column,f16:column,f16:column,f16:column,1,0,serial,8,1,heuristic,invalid,invalid,false,false,1,tensorop,f32,128,128,64,1,2,1,0,0,0,7,4,2,1,64,128,16,90,90,2883584,605159424,209,0.027143,98.9405,22295.2
57,CUTLASS,gemm,cutlass3x_sm90_tensorop_s64x128x16gemm_f16_f16_f32_f16_f16_128x128x64_1x2x1_0_nnn_align8_stream_k_warpspecialized_cooperative_epi_tma,passed,success,universal,1152,512,512,f16:column,f16:column,f16:column,f16:column,1,0,serial,8,1,heuristic,invalid,invalid,false,false,1,tensorop,f32,128,128,64,1,2,1,0,0,0,6,4,2,1,64,128,16,90,90,2883584,605159424,209,0.0263827,101.792,22937.7
57,CUTLASS,gemm,cutlass3x_sm90_tensorop_s64x128x16gemm_f16_f16_f32_f16_f16_128x128x64_2x1x1_0_nnn_align8,passed,success,universal,1152,512,512,f16:column,f16:column,f16:column,f16:column,1,0,serial,8,1,heuristic,invalid,invalid,false,false,1,tensorop,f32,128,128,64,2,1,1,0,0,0,7,4,2,1,64,128,16,90,90,2883584,605159424,209,0.0106858,251.32,56632.3
57,CUTLASS,gemm,cutlass3x_sm90_tensorop_s64x128x16gemm_f16_f16_f32_f16_f16_128x128x64_2x1x1_0_nnn_align8_warpspecialized_epi_nosmem,passed,success,universal,1152,512,512,f16:column,f16:column,f16:column,f16:column,1,0,serial,8,1,heuristic,invalid,invalid,false,false,1,tensorop,f32,128,128,64,2,1,1,0,0,0,7,4,1,1,64,128,16,90,90,2883584,605159424,209,0.0102394,262.277,59101.3
57,CUTLASS,gemm,cutlass3x_sm90_tensorop_s64x128x16gemm_f16_f16_f32_f16_f16_128x128x64_2x1x1_0_nnn_align8_warpspecialized_pingpong_epi_tma,passed,success,universal,1152,512,512,f16:column,f16:column,f16:column,f16:column,1,0,serial,8,1,heuristic,invalid,invalid,false,false,1,tensorop,f32,128,128,64,2,1,1,0,0,0,6,4,1,1,64,128,16,90,90,2883584,605159424,209,0.00973376,275.9,62171.2
57,CUTLASS,gemm,cutlass3x_sm90_tensorop_s64x128x16gemm_f16_f16_f32_f16_f16_128x128x64_2x1x1_0_nnn_align8_warpspecialized_pingpong_epi_nosmem,passed,success,universal,1152,512,512,f16:column,f16:column,f16:column,f16:column,1,0,serial,8,1,heuristic,invalid,invalid,false,false,1,tensorop,f32,128,128,64,2,1,1,0,0,0,7,4,1,1,64,128,16,90,90,2883584,605159424,209,0.0107766,249.201,56154.7
57,CUTLASS,gemm,cutlass3x_sm90_tensorop_s64x128x16gemm_f16_f16_f32_f16_f16_128x128x64_2x1x1_0_nnn_align8_warpspecialized_cooperative_epi_nosmem,passed,success,universal,1152,512,512,f16:column,f16:column,f16:column,f16:column,1,0,serial,8,1,heuristic,invalid,invalid,false,false,1,tensorop,f32,128,128,64,2,1,1,0,0,0,7,4,2,1,64,128,16,90,90,2883584,605159424,209,0.0107069,250.824,56520.6
57,CUTLASS,gemm,cutlass3x_sm90_tensorop_s64x128x16gemm_f16_f16_f32_f16_f16_128x128x64_2x1x1_0_nnn_align8_warpspecialized_cooperative_epi_tma,passed,success,universal,1152,512,512,f16:column,f16:column,f16:column,f16:column,1,0,serial,8,1,heuristic,invalid,invalid,false,false,1,tensorop,f32,128,128,64,2,1,1,0,0,0,6,4,2,1,64,128,16,90,90,2883584,605159424,209,0.00907872,295.807,66656.9
57,CUTLASS,gemm,cutlass3x_sm90_tensorop_s64x128x16gemm_f16_f16_f32_f16_f16_128x128x64_2x1x1_0_nnn_align8_stream_k_warpspecialized_cooperative_epi_nosmem,passed,success,universal,1152,512,512,f16:column,f16:column,f16:column,f16:column,1,0,serial,8,1,heuristic,invalid,invalid,false,false,1,tensorop,f32,128,128,64,2,1,1,0,0,0,7,4,2,1,64,128,16,90,90,2883584,605159424,209,0.0274672,97.7729,22032.1
57,CUTLASS,gemm,cutlass3x_sm90_tensorop_s64x128x16gemm_f16_f16_f32_f16_f16_128x128x64_2x1x1_0_nnn_align8_stream_k_warpspecialized_cooperative_epi_tma,passed,success,universal,1152,512,512,f16:column,f16:column,f16:column,f16:column,1,0,serial,8,1,heuristic,invalid,invalid,false,false,1,tensorop,f32,128,128,64,2,1,1,0,0,0,6,4,2,1,64,128,16,90,90,2883584,605159424,209,0.0265827,101.026,22765.1
58,CUTLASS,gemm,cutlass_tensorop_f16_s1688gemm_f16_256x128_32x2_nn_align8,passed,success,universal,1280,512,512,f16:column,f16:column,f16:column,f16:column,1,0,serial,8,1,heuristic,invalid,invalid,false,false,1,tensorop,f32,256,128,32,1,1,1,0,0,0,2,4,2,1,16,8,8,75,1024,3145728,672399360,213,0.0347507,84.3058,19349.2
58,CUTLASS,gemm,cutlass_tensorop_f16_s16816gemm_f16_256x128_32x3_nn_align8,passed,success,universal,1280,512,512,f16:column,f16:column,f16:column,f16:column,1,0,serial,8,1,heuristic,invalid,invalid,false,false,1,tensorop,f32,256,128,32,1,1,1,0,0,0,3,4,2,1,16,8,16,80,1024,3145728,672399360,213,0.0340701,85.99,19735.8
58,CUTLASS,gemm,cutlass3x_sm90_tensorop_s64x128x16gemm_f16_f16_f32_f16_f16_128x128x64_1x2x1_0_nnn_align8,passed,success,universal,1280,512,512,f16:column,f16:column,f16:column,f16:column,1,0,serial,8,1,heuristic,invalid,invalid,false,false,1,tensorop,f32,128,128,64,1,2,1,0,0,0,7,4,2,1,64,128,16,90,90,3145728,672399360,213,0.0102211,286.631,65785.3
58,CUTLASS,gemm,cutlass3x_sm90_tensorop_s64x128x16gemm_f16_f16_f32_f16_f16_128x128x64_1x2x1_0_nnn_align8_warpspecialized_epi_nosmem,passed,success,universal,1280,512,512,f16:column,f16:column,f16:column,f16:column,1,0,serial,8,1,heuristic,invalid,invalid,false,false,1,tensorop,f32,128,128,64,1,2,1,0,0,0,7,4,1,1,64,128,16,90,90,3145728,672399360,213,0.00940512,311.499,71492.9
58,CUTLASS,gemm,cutlass3x_sm90_tensorop_s64x128x16gemm_f16_f16_f32_f16_f16_128x128x64_1x2x1_0_nnn_align8_warpspecialized_pingpong_epi_tma,passed,success,universal,1280,512,512,f16:column,f16:column,f16:column,f16:column,1,0,serial,8,1,heuristic,invalid,invalid,false,false,1,tensorop,f32,128,128,64,1,2,1,0,0,0,6,4,1,1,64,128,16,90,90,3145728,672399360,213,0.00966912,302.994,69540.9
58,CUTLASS,gemm,cutlass3x_sm90_tensorop_s64x128x16gemm_f16_f16_f32_f16_f16_128x128x64_1x2x1_0_nnn_align8_warpspecialized_pingpong_epi_nosmem,passed,success,universal,1280,512,512,f16:column,f16:column,f16:column,f16:column,1,0,serial,8,1,heuristic,invalid,invalid,false,false,1,tensorop,f32,128,128,64,1,2,1,0,0,0,7,4,1,1,64,128,16,90,90,3145728,672399360,213,0.0101469,288.728,66266.6
58,CUTLASS,gemm,cutlass3x_sm90_tensorop_s64x128x16gemm_f16_f16_f32_f16_f16_128x128x64_1x2x1_0_nnn_align8_warpspecialized_cooperative_epi_nosmem,passed,success,universal,1280,512,512,f16:column,f16:column,f16:column,f16:column,1,0,serial,8,1,heuristic,invalid,invalid,false,false,1,tensorop,f32,128,128,64,1,2,1,0,0,0,7,4,2,1,64,128,16,90,90,3145728,672399360,213,0.0103629,282.71,64885.4
58,CUTLASS,gemm,cutlass3x_sm90_tensorop_s64x128x16gemm_f16_f16_f32_f16_f16_128x128x64_1x2x1_0_nnn_align8_warpspecialized_cooperative_epi_tma,passed,success,universal,1280,512,512,f16:column,f16:column,f16:column,f16:column,1,0,serial,8,1,heuristic,invalid,invalid,false,false,1,tensorop,f32,128,128,64,1,2,1,0,0,0,6,4,2,1,64,128,16,90,90,3145728,672399360,213,0.00904704,323.828,74322.6
58,CUTLASS,gemm,cutlass3x_sm90_tensorop_s64x128x16gemm_f16_f16_f32_f16_f16_128x128x64_1x2x1_0_nnn_align8_stream_k_warpspecialized_cooperative_epi_nosmem,passed,success,universal,1280,512,512,f16:column,f16:column,f16:column,f16:column,1,0,serial,8,1,heuristic,invalid,invalid,false,false,1,tensorop,f32,128,128,64,1,2,1,0,0,0,7,4,2,1,64,128,16,90,90,3145728,672399360,213,0.0270304,108.385,24875.7
58,CUTLASS,gemm,cutlass3x_sm90_tensorop_s64x128x16gemm_f16_f16_f32_f16_f16_128x128x64_1x2x1_0_nnn_align8_stream_k_warpspecialized_cooperative_epi_tma,passed,success,universal,1280,512,512,f16:column,f16:column,f16:column,f16:column,1,0,serial,8,1,heuristic,invalid,invalid,false,false,1,tensorop,f32,128,128,64,1,2,1,0,0,0,6,4,2,1,64,128,16,90,90,3145728,672399360,213,0.0264029,110.961,25466.9
58,CUTLASS,gemm,cutlass3x_sm90_tensorop_s64x128x16gemm_f16_f16_f32_f16_f16_128x128x64_2x1x1_0_nnn_align8,passed,success,universal,1280,512,512,f16:column,f16:column,f16:column,f16:column,1,0,serial,8,1,heuristic,invalid,invalid,false,false,1,tensorop,f32,128,128,64,2,1,1,0,0,0,7,4,2,1,64,128,16,90,90,3145728,672399360,213,0.0100346,291.96,67008.4
58,CUTLASS,gemm,cutlass3x_sm90_tensorop_s64x128x16gemm_f16_f16_f32_f16_f16_128x128x64_2x1x1_0_nnn_align8_warpspecialized_epi_nosmem,passed,success,universal,1280,512,512,f16:column,f16:column,f16:column,f16:column,1,0,serial,8,1,heuristic,invalid,invalid,false,false,1,tensorop,f32,128,128,64,2,1,1,0,0,0,7,4,1,1,64,128,16,90,90,3145728,672399360,213,0.00948704,308.809,70875.6
58,CUTLASS,gemm,cutlass3x_sm90_tensorop_s64x128x16gemm_f16_f16_f32_f16_f16_128x128x64_2x1x1_0_nnn_align8_warpspecialized_pingpong_epi_tma,passed,success,universal,1280,512,512,f16:column,f16:column,f16:column,f16:column,1,0,serial,8,1,heuristic,invalid,invalid,false,false,1,tensorop,f32,128,128,64,2,1,1,0,0,0,6,4,1,1,64,128,16,90,90,3145728,672399360,213,0.00965376,303.476,69651.5
58,CUTLASS,gemm,cutlass3x_sm90_tensorop_s64x128x16gemm_f16_f16_f32_f16_f16_128x128x64_2x1x1_0_nnn_align8_warpspecialized_pingpong_epi_nosmem,passed,success,universal,1280,512,512,f16:column,f16:column,f16:column,f16:column,1,0,serial,8,1,heuristic,invalid,invalid,false,false,1,tensorop,f32,128,128,64,2,1,1,0,0,0,7,4,1,1,64,128,16,90,90,3145728,672399360,213,0.0100093,292.697,67177.6
58,CUTLASS,gemm,cutlass3x_sm90_tensorop_s64x128x16gemm_f16_f16_f32_f16_f16_128x128x64_2x1x1_0_nnn_align8_warpspecialized_cooperative_epi_nosmem,passed,success,universal,1280,512,512,f16:column,f16:column,f16:column,f16:column,1,0,serial,8,1,heuristic,invalid,invalid,false,false,1,tensorop,f32,128,128,64,2,1,1,0,0,0,7,4,2,1,64,128,16,90,90,3145728,672399360,213,0.00996704,293.938,67462.3
58,CUTLASS,gemm,cutlass3x_sm90_tensorop_s64x128x16gemm_f16_f16_f32_f16_f16_128x128x64_2x1x1_0_nnn_align8_warpspecialized_cooperative_epi_tma,passed,success,universal,1280,512,512,f16:column,f16:column,f16:column,f16:column,1,0,serial,8,1,heuristic,invalid,invalid,false,false,1,tensorop,f32,128,128,64,2,1,1,0,0,0,6,4,2,1,64,128,16,90,90,3145728,672399360,213,0.00896352,326.846,75015.1
58,CUTLASS,gemm,cutlass3x_sm90_tensorop_s64x128x16gemm_f16_f16_f32_f16_f16_128x128x64_2x1x1_0_nnn_align8_stream_k_warpspecialized_cooperative_epi_nosmem,passed,success,universal,1280,512,512,f16:column,f16:column,f16:column,f16:column,1,0,serial,8,1,heuristic,invalid,invalid,false,false,1,tensorop,f32,128,128,64,2,1,1,0,0,0,7,4,2,1,64,128,16,90,90,3145728,672399360,213,0.0266909,109.764,25192.1
58,CUTLASS,gemm,cutlass3x_sm90_tensorop_s64x128x16gemm_f16_f16_f32_f16_f16_128x128x64_2x1x1_0_nnn_align8_stream_k_warpspecialized_cooperative_epi_tma,passed,success,universal,1280,512,512,f16:column,f16:column,f16:column,f16:column,1,0,serial,8,1,heuristic,invalid,invalid,false,false,1,tensorop,f32,128,128,64,2,1,1,0,0,0,6,4,2,1,64,128,16,90,90,3145728,672399360,213,0.0263424,111.216,25525.4
59,CUTLASS,gemm,cutlass_tensorop_f16_s1688gemm_f16_256x128_32x2_nn_align8,passed,success,universal,1408,512,512,f16:column,f16:column,f16:column,f16:column,1,0,serial,8,1,heuristic,invalid,invalid,false,false,1,tensorop,f32,256,128,32,1,1,1,0,0,0,2,4,2,1,16,8,8,75,1024,3407872,739639296,217,0.0346899,91.4914,21321.4
59,CUTLASS,gemm,cutlass_tensorop_f16_s16816gemm_f16_256x128_32x3_nn_align8,passed,success,universal,1408,512,512,f16:column,f16:column,f16:column,f16:column,1,0,serial,8,1,heuristic,invalid,invalid,false,false,1,tensorop,f32,256,128,32,1,1,1,0,0,0,3,4,2,1,16,8,16,80,1024,3407872,739639296,217,0.0338426,93.7822,21855.3
59,CUTLASS,gemm,cutlass3x_sm90_tensorop_s64x128x16gemm_f16_f16_f32_f16_f16_128x128x64_1x2x1_0_nnn_align8,passed,success,universal,1408,512,512,f16:column,f16:column,f16:column,f16:column,1,0,serial,8,1,heuristic,invalid,invalid,false,false,1,tensorop,f32,128,128,64,1,2,1,0,0,0,7,4,2,1,64,128,16,90,90,3407872,739639296,217,0.0103053,307.981,71772.9
59,CUTLASS,gemm,cutlass3x_sm90_tensorop_s64x128x16gemm_f16_f16_f32_f16_f16_128x128x64_1x2x1_0_nnn_align8_warpspecialized_epi_nosmem,passed,success,universal,1408,512,512,f16:column,f16:column,f16:column,f16:column,1,0,serial,8,1,heuristic,invalid,invalid,false,false,1,tensorop,f32,128,128,64,1,2,1,0,0,0,7,4,1,1,64,128,16,90,90,3407872,739639296,217,0.00974112,325.818,75929.6
59,CUTLASS,gemm,cutlass3x_sm90_tensorop_s64x128x16gemm_f16_f16_f32_f16_f16_128x128x64_1x2x1_0_nnn_align8_warpspecialized_pingpong_epi_tma,passed,success,universal,1408,512,512,f16:column,f16:column,f16:column,f16:column,1,0,serial,8,1,heuristic,invalid,invalid,false,false,1,tensorop,f32,128,128,64,1,2,1,0,0,0,6,4,1,1,64,128,16,90,90,3407872,739639296,217,0.00972928,326.214,76022
59,CUTLASS,gemm,cutlass3x_sm90_tensorop_s64x128x16gemm_f16_f16_f32_f16_f16_128x128x64_1x2x1_0_nnn_align8_warpspecialized_pingpong_epi_nosmem,passed,success,universal,1408,512,512,f16:column,f16:column,f16:column,f16:column,1,0,serial,8,1,heuristic,invalid,invalid,false,false,1,tensorop,f32,128,128,64,1,2,1,0,0,0,7,4,1,1,64,128,16,90,90,3407872,739639296,217,0.0104387,304.044,70855.4
59,CUTLASS,gemm,cutlass3x_sm90_tensorop_s64x128x16gemm_f16_f16_f32_f16_f16_128x128x64_1x2x1_0_nnn_align8_warpspecialized_cooperative_epi_nosmem,passed,success,universal,1408,512,512,f16:column,f16:column,f16:column,f16:column,1,0,serial,8,1,heuristic,invalid,invalid,false,false,1,tensorop,f32,128,128,64,1,2,1,0,0,0,7,4,2,1,64,128,16,90,90,3407872,739639296,217,0.0103597,306.364,71396
59,CUTLASS,gemm,cutlass3x_sm90_tensorop_s64x128x16gemm_f16_f16_f32_f16_f16_128x128x64_1x2x1_0_nnn_align8_warpspecialized_cooperative_epi_tma,passed,success,universal,1408,512,512,f16:column,f16:column,f16:column,f16:column,1,0,serial,8,1,heuristic,invalid,invalid,false,false,1,tensorop,f32,128,128,64,1,2,1,0,0,0,6,4,2,1,64,128,16,90,90,3407872,739639296,217,0.00901824,351.934,82015.9
59,CUTLASS,gemm,cutlass3x_sm90_tensorop_s64x128x16gemm_f16_f16_f32_f16_f16_128x128x64_1x2x1_0_nnn_align8_stream_k_warpspecialized_cooperative_epi_nosmem,passed,success,universal,1408,512,512,f16:column,f16:column,f16:column,f16:column,1,0,serial,8,1,heuristic,invalid,invalid,false,false,1,tensorop,f32,128,128,64,1,2,1,0,0,0,7,4,2,1,64,128,16,90,90,3407872,739639296,217,0.027417,115.761,26977.4
59,CUTLASS,gemm,cutlass3x_sm90_tensorop_s64x128x16gemm_f16_f16_f32_f16_f16_128x128x64_1x2x1_0_nnn_align8_stream_k_warpspecialized_cooperative_epi_tma,passed,success,universal,1408,512,512,f16:column,f16:column,f16:column,f16:column,1,0,serial,8,1,heuristic,invalid,invalid,false,false,1,tensorop,f32,128,128,64,1,2,1,0,0,0,6,4,2,1,64,128,16,90,90,3407872,739639296,217,0.0268688,118.123,27527.8
59,CUTLASS,gemm,cutlass3x_sm90_tensorop_s64x128x16gemm_f16_f16_f32_f16_f16_128x128x64_2x1x1_0_nnn_align8,passed,success,universal,1408,512,512,f16:column,f16:column,f16:column,f16:column,1,0,serial,8,1,heuristic,invalid,invalid,false,false,1,tensorop,f32,128,128,64,2,1,1,0,0,0,7,4,2,1,64,128,16,90,90,3407872,739639296,217,0.0103645,306.222,71362.9
59,CUTLASS,gemm,cutlass3x_sm90_tensorop_s64x128x16gemm_f16_f16_f32_f16_f16_128x128x64_2x1x1_0_nnn_align8_warpspecialized_epi_nosmem,passed,success,universal,1408,512,512,f16:column,f16:column,f16:column,f16:column,1,0,serial,8,1,heuristic,invalid,invalid,false,false,1,tensorop,f32,128,128,64,2,1,1,0,0,0,7,4,1,1,64,128,16,90,90,3407872,739639296,217,0.009712,326.794,76157.3
59,CUTLASS,gemm,cutlass3x_sm90_tensorop_s64x128x16gemm_f16_f16_f32_f16_f16_128x128x64_2x1x1_0_nnn_align8_warpspecialized_pingpong_epi_tma,passed,success,universal,1408,512,512,f16:column,f16:column,f16:column,f16:column,1,0,serial,8,1,heuristic,invalid,invalid,false,false,1,tensorop,f32,128,128,64,2,1,1,0,0,0,6,4,1,1,64,128,16,90,90,3407872,739639296,217,0.00981952,323.216,75323.4
59,CUTLASS,gemm,cutlass3x_sm90_tensorop_s64x128x16gemm_f16_f16_f32_f16_f16_128x128x64_2x1x1_0_nnn_align8_warpspecialized_pingpong_epi_nosmem,passed,success,universal,1408,512,512,f16:column,f16:column,f16:column,f16:column,1,0,serial,8,1,heuristic,invalid,invalid,false,false,1,tensorop,f32,128,128,64,2,1,1,0,0,0,7,4,1,1,64,128,16,90,90,3407872,739639296,217,0.0106813,297.139,69246.3
59,CUTLASS,gemm,cutlass3x_sm90_tensorop_s64x128x16gemm_f16_f16_f32_f16_f16_128x128x64_2x1x1_0_nnn_align8_warpspecialized_cooperative_epi_nosmem,passed,success,universal,1408,512,512,f16:column,f16:column,f16:column,f16:column,1,0,serial,8,1,heuristic,invalid,invalid,false,false,1,tensorop,f32,128,128,64,2,1,1,0,0,0,7,4,2,1,64,128,16,90,90,3407872,739639296,217,0.0105434,301.026,70152.1
59,CUTLASS,gemm,cutlass3x_sm90_tensorop_s64x128x16gemm_f16_f16_f32_f16_f16_128x128x64_2x1x1_0_nnn_align8_warpspecialized_cooperative_epi_tma,passed,success,universal,1408,512,512,f16:column,f16:column,f16:column,f16:column,1,0,serial,8,1,heuristic,invalid,invalid,false,false,1,tensorop,f32,128,128,64,2,1,1,0,0,0,6,4,2,1,64,128,16,90,90,3407872,739639296,217,0.00919136,345.306,80471.1
59,CUTLASS,gemm,cutlass3x_sm90_tensorop_s64x128x16gemm_f16_f16_f32_f16_f16_128x128x64_2x1x1_0_nnn_align8_stream_k_warpspecialized_cooperative_epi_nosmem,passed,success,universal,1408,512,512,f16:column,f16:column,f16:column,f16:column,1,0,serial,8,1,heuristic,invalid,invalid,false,false,1,tensorop,f32,128,128,64,2,1,1,0,0,0,7,4,2,1,64,128,16,90,90,3407872,739639296,217,0.0278253,114.063,26581.6
59,CUTLASS,gemm,cutlass3x_sm90_tensorop_s64x128x16gemm_f16_f16_f32_f16_f16_128x128x64_2x1x1_0_nnn_align8_stream_k_warpspecialized_cooperative_epi_tma,passed,success,universal,1408,512,512,f16:column,f16:column,f16:column,f16:column,1,0,serial,8,1,heuristic,invalid,invalid,false,false,1,tensorop,f32,128,128,64,2,1,1,0,0,0,6,4,2,1,64,128,16,90,90,3407872,739639296,217,0.0271082,117.08,27284.7
60,CUTLASS,gemm,cutlass_tensorop_f16_s1688gemm_f16_256x128_32x2_nn_align8,passed,success,universal,1536,512,512,f16:column,f16:column,f16:column,f16:column,1,0,serial,8,1,heuristic,invalid,invalid,false,false,1,tensorop,f32,256,128,32,1,1,1,0,0,0,2,4,2,1,16,8,8,75,1024,3670016,806879232,219,0.0355222,96.2205,22714.8
60,CUTLASS,gemm,cutlass_tensorop_f16_s16816gemm_f16_256x128_32x3_nn_align8,passed,success,universal,1536,512,512,f16:column,f16:column,f16:column,f16:column,1,0,serial,8,1,heuristic,invalid,invalid,false,false,1,tensorop,f32,256,128,32,1,1,1,0,0,0,3,4,2,1,16,8,16,80,1024,3670016,806879232,219,0.0347651,98.316,23209.4
60,CUTLASS,gemm,cutlass3x_sm90_tensorop_s64x128x16gemm_f16_f16_f32_f16_f16_128x128x64_1x2x1_0_nnn_align8,passed,success,universal,1536,512,512,f16:column,f16:column,f16:column,f16:column,1,0,serial,8,1,heuristic,invalid,invalid,false,false,1,tensorop,f32,128,128,64,1,2,1,0,0,0,7,4,2,1,64,128,16,90,90,3670016,806879232,219,0.0105376,324.359,76571.4
60,CUTLASS,gemm,cutlass3x_sm90_tensorop_s64x128x16gemm_f16_f16_f32_f16_f16_128x128x64_1x2x1_0_nnn_align8_warpspecialized_epi_nosmem,passed,success,universal,1536,512,512,f16:column,f16:column,f16:column,f16:column,1,0,serial,8,1,heuristic,invalid,invalid,false,false,1,tensorop,f32,128,128,64,1,2,1,0,0,0,7,4,1,1,64,128,16,90,90,3670016,806879232,219,0.010064,339.623,80174.8
60,CUTLASS,gemm,cutlass3x_sm90_tensorop_s64x128x16gemm_f16_f16_f32_f16_f16_128x128x64_1x2x1_0_nnn_align8_warpspecialized_pingpong_epi_tma,passed,success,universal,1536,512,512,f16:column,f16:column,f16:column,f16:column,1,0,serial,8,1,heuristic,invalid,invalid,false,false,1,tensorop,f32,128,128,64,1,2,1,0,0,0,6,4,1,1,64,128,16,90,90,3670016,806879232,219,0.0099024,345.166,81483.2
60,CUTLASS,gemm,cutlass3x_sm90_tensorop_s64x128x16gemm_f16_f16_f32_f16_f16_128x128x64_1x2x1_0_nnn_align8_warpspecialized_pingpong_epi_nosmem,passed,success,universal,1536,512,512,f16:column,f16:column,f16:column,f16:column,1,0,serial,8,1,heuristic,invalid,invalid,false,false,1,tensorop,f32,128,128,64,1,2,1,0,0,0,7,4,1,1,64,128,16,90,90,3670016,806879232,219,0.0107814,317.023,74839.7
60,CUTLASS,gemm,cutlass3x_sm90_tensorop_s64x128x16gemm_f16_f16_f32_f16_f16_128x128x64_1x2x1_0_nnn_align8_warpspecialized_cooperative_epi_nosmem,passed,success,universal,1536,512,512,f16:column,f16:column,f16:column,f16:column,1,0,serial,8,1,heuristic,invalid,invalid,false,false,1,tensorop,f32,128,128,64,1,2,1,0,0,0,7,4,2,1,64,128,16,90,90,3670016,806879232,219,0.010529,324.625,76634.3
60,CUTLASS,gemm,cutlass3x_sm90_tensorop_s64x128x16gemm_f16_f16_f32_f16_f16_128x128x64_1x2x1_0_nnn_align8_warpspecialized_cooperative_epi_tma,passed,success,universal,1536,512,512,f16:column,f16:column,f16:column,f16:column,1,0,serial,8,1,heuristic,invalid,invalid,false,false,1,tensorop,f32,128,128,64,1,2,1,0,0,0,6,4,2,1,64,128,16,90,90,3670016,806879232,219,0.0092112,371.067,87597.6
60,CUTLASS,gemm,cutlass3x_sm90_tensorop_s64x128x16gemm_f16_f16_f32_f16_f16_128x128x64_1x2x1_0_nnn_align8_stream_k_warpspecialized_cooperative_epi_nosmem,passed,success,universal,1536,512,512,f16:column,f16:column,f16:column,f16:column,1,0,serial,8,1,heuristic,invalid,invalid,false,false,1,tensorop,f32,128,128,64,1,2,1,0,0,0,7,4,2,1,64,128,16,90,90,3670016,806879232,219,0.027793,122.98,29031.8
60,CUTLASS,gemm,cutlass3x_sm90_tensorop_s64x128x16gemm_f16_f16_f32_f16_f16_128x128x64_1x2x1_0_nnn_align8_stream_k_warpspecialized_cooperative_epi_tma,passed,success,universal,1536,512,512,f16:column,f16:column,f16:column,f16:column,1,0,serial,8,1,heuristic,invalid,invalid,false,false,1,tensorop,f32,128,128,64,1,2,1,0,0,0,6,4,2,1,64,128,16,90,90,3670016,806879232,219,0.0271248,126.009,29746.9
60,CUTLASS,gemm,cutlass3x_sm90_tensorop_s64x128x16gemm_f16_f16_f32_f16_f16_128x128x64_2x1x1_0_nnn_align8,passed,success,universal,1536,512,512,f16:column,f16:column,f16:column,f16:column,1,0,serial,8,1,heuristic,invalid,invalid,false,false,1,tensorop,f32,128,128,64,2,1,1,0,0,0,7,4,2,1,64,128,16,90,90,3670016,806879232,219,0.0104605,326.751,77136
60,CUTLASS,gemm,cutlass3x_sm90_tensorop_s64x128x16gemm_f16_f16_f32_f16_f16_128x128x64_2x1x1_0_nnn_align8_warpspecialized_epi_nosmem,passed,success,universal,1536,512,512,f16:column,f16:column,f16:column,f16:column,1,0,serial,8,1,heuristic,invalid,invalid,false,false,1,tensorop,f32,128,128,64,2,1,1,0,0,0,7,4,1,1,64,128,16,90,90,3670016,806879232,219,0.0100886,338.794,79979
60,CUTLASS,gemm,cutlass3x_sm90_tensorop_s64x128x16gemm_f16_f16_f32_f16_f16_128x128x64_2x1x1_0_nnn_align8_warpspecialized_pingpong_epi_tma,passed,success,universal,1536,512,512,f16:column,f16:column,f16:column,f16:column,1,0,serial,8,1,heuristic,invalid,invalid,false,false,1,tensorop,f32,128,128,64,2,1,1,0,0,0,6,4,1,1,64,128,16,90,90,3670016,806879232,219,0.00997664,342.597,80876.9
60,CUTLASS,gemm,cutlass3x_sm90_tensorop_s64x128x16gemm_f16_f16_f32_f16_f16_128x128x64_2x1x1_0_nnn_align8_warpspecialized_pingpong_epi_nosmem,passed,success,universal,1536,512,512,f16:column,f16:column,f16:column,f16:column,1,0,serial,8,1,heuristic,invalid,invalid,false,false,1,tensorop,f32,128,128,64,2,1,1,0,0,0,7,4,1,1,64,128,16,90,90,3670016,806879232,219,0.0106698,320.342,75623
60,CUTLASS,gemm,cutlass3x_sm90_tensorop_s64x128x16gemm_f16_f16_f32_f16_f16_128x128x64_2x1x1_0_nnn_align8_warpspecialized_cooperative_epi_nosmem,passed,success,universal,1536,512,512,f16:column,f16:column,f16:column,f16:column,1,0,serial,8,1,heuristic,invalid,invalid,false,false,1,tensorop,f32,128,128,64,2,1,1,0,0,0,7,4,2,1,64,128,16,90,90,3670016,806879232,219,0.0104288,327.743,77370.3
60,CUTLASS,gemm,cutlass3x_sm90_tensorop_s64x128x16gemm_f16_f16_f32_f16_f16_128x128x64_2x1x1_0_nnn_align8_warpspecialized_cooperative_epi_tma,passed,success,universal,1536,512,512,f16:column,f16:column,f16:column,f16:column,1,0,serial,8,1,heuristic,invalid,invalid,false,false,1,tensorop,f32,128,128,64,2,1,1,0,0,0,6,4,2,1,64,128,16,90,90,3670016,806879232,219,0.00951744,359.127,84779
60,CUTLASS,gemm,cutlass3x_sm90_tensorop_s64x128x16gemm_f16_f16_f32_f16_f16_128x128x64_2x1x1_0_nnn_align8_stream_k_warpspecialized_cooperative_epi_nosmem,passed,success,universal,1536,512,512,f16:column,f16:column,f16:column,f16:column,1,0,serial,8,1,heuristic,invalid,invalid,false,false,1,tensorop,f32,128,128,64,2,1,1,0,0,0,7,4,2,1,64,128,16,90,90,3670016,806879232,219,0.0277101,123.347,29118.6
60,CUTLASS,gemm,cutlass3x_sm90_tensorop_s64x128x16gemm_f16_f16_f32_f16_f16_128x128x64_2x1x1_0_nnn_align8_stream_k_warpspecialized_cooperative_epi_tma,passed,success,universal,1536,512,512,f16:column,f16:column,f16:column,f16:column,1,0,serial,8,1,heuristic,invalid,invalid,false,false,1,tensorop,f32,128,128,64,2,1,1,0,0,0,6,4,2,1,64,128,16,90,90,3670016,806879232,219,0.0270714,126.258,29805.6
61,CUTLASS,gemm,cutlass_tensorop_f16_s1688gemm_f16_256x128_32x2_nn_align8,passed,success,universal,1664,512,512,f16:column,f16:column,f16:column,f16:column,1,0,serial,8,1,heuristic,invalid,invalid,false,false,1,tensorop,f32,256,128,32,1,1,1,0,0,0,2,4,2,1,16,8,8,75,1024,3932160,874119168,222,0.0355667,102.964,24576.9
61,CUTLASS,gemm,cutlass_tensorop_f16_s16816gemm_f16_256x128_32x3_nn_align8,passed,success,universal,1664,512,512,f16:column,f16:column,f16:column,f16:column,1,0,serial,8,1,heuristic,invalid,invalid,false,false,1,tensorop,f32,256,128,32,1,1,1,0,0,0,3,4,2,1,16,8,16,80,1024,3932160,874119168,222,0.0347574,105.362,25149.1
61,CUTLASS,gemm,cutlass3x_sm90_tensorop_s64x128x16gemm_f16_f16_f32_f16_f16_128x128x64_1x2x1_0_nnn_align8,passed,success,universal,1664,512,512,f16:column,f16:column,f16:column,f16:column,1,0,serial,8,1,heuristic,invalid,invalid,false,false,1,tensorop,f32,128,128,64,1,2,1,0,0,0,7,4,2,1,64,128,16,90,90,3932160,874119168,222,0.0104294,351.132,83812.7
61,CUTLASS,gemm,cutlass3x_sm90_tensorop_s64x128x16gemm_f16_f16_f32_f16_f16_128x128x64_1x2x1_0_nnn_align8_warpspecialized_epi_nosmem,passed,success,universal,1664,512,512,f16:column,f16:column,f16:column,f16:column,1,0,serial,8,1,heuristic,invalid,invalid,false,false,1,tensorop,f32,128,128,64,1,2,1,0,0,0,7,4,1,1,64,128,16,90,90,3932160,874119168,222,0.00959008,381.864,91148.3
61,CUTLASS,gemm,cutlass3x_sm90_tensorop_s64x128x16gemm_f16_f16_f32_f16_f16_128x128x64_1x2x1_0_nnn_align8_warpspecialized_pingpong_epi_tma,passed,success,universal,1664,512,512,f16:column,f16:column,f16:column,f16:column,1,0,serial,8,1,heuristic,invalid,invalid,false,false,1,tensorop,f32,128,128,64,1,2,1,0,0,0,6,4,1,1,64,128,16,90,90,3932160,874119168,222,0.00982016,372.917,89012.7
61,CUTLASS,gemm,cutlass3x_sm90_tensorop_s64x128x16gemm_f16_f16_f32_f16_f16_128x128x64_1x2x1_0_nnn_align8_warpspecialized_pingpong_epi_nosmem,passed,success,universal,1664,512,512,f16:column,f16:column,f16:column,f16:column,1,0,serial,8,1,heuristic,invalid,invalid,false,false,1,tensorop,f32,128,128,64,1,2,1,0,0,0,7,4,1,1,64,128,16,90,90,3932160,874119168,222,0.0103238,354.724,84670
61,CUTLASS,gemm,cutlass3x_sm90_tensorop_s64x128x16gemm_f16_f16_f32_f16_f16_128x128x64_1x2x1_0_nnn_align8_warpspecialized_cooperative_epi_nosmem,passed,success,universal,1664,512,512,f16:column,f16:column,f16:column,f16:column,1,0,serial,8,1,heuristic,invalid,invalid,false,false,1,tensorop,f32,128,128,64,1,2,1,0,0,0,7,4,2,1,64,128,16,90,90,3932160,874119168,222,0.0104429,350.68,83704.8
61,CUTLASS,gemm,cutlass3x_sm90_tensorop_s64x128x16gemm_f16_f16_f32_f16_f16_128x128x64_1x2x1_0_nnn_align8_warpspecialized_cooperative_epi_tma,passed,success,universal,1664,512,512,f16:column,f16:column,f16:column,f16:column,1,0,serial,8,1,heuristic,invalid,invalid,false,false,1,tensorop,f32,128,128,64,1,2,1,0,0,0,6,4,2,1,64,128,16,90,90,3932160,874119168,222,0.00912192,401.463,95826.2
61,CUTLASS,gemm,cutlass3x_sm90_tensorop_s64x128x16gemm_f16_f16_f32_f16_f16_128x128x64_1x2x1_0_nnn_align8_stream_k_warpspecialized_cooperative_epi_nosmem,passed,success,universal,1664,512,512,f16:column,f16:column,f16:column,f16:column,1,0,serial,8,1,heuristic,invalid,invalid,false,false,1,tensorop,f32,128,128,64,1,2,1,0,0,0,7,4,2,1,64,128,16,90,90,3932160,874119168,222,0.0280899,130.371,31118.6
61,CUTLASS,gemm,cutlass3x_sm90_tensorop_s64x128x16gemm_f16_f16_f32_f16_f16_128x128x64_1x2x1_0_nnn_align8_stream_k_warpspecialized_cooperative_epi_tma,passed,success,universal,1664,512,512,f16:column,f16:column,f16:column,f16:column,1,0,serial,8,1,heuristic,invalid,invalid,false,false,1,tensorop,f32,128,128,64,1,2,1,0,0,0,6,4,2,1,64,128,16,90,90,3932160,874119168,222,0.027448,133.42,31846.4
61,CUTLASS,gemm,cutlass3x_sm90_tensorop_s64x128x16gemm_f16_f16_f32_f16_f16_128x128x64_2x1x1_0_nnn_align8,passed,success,universal,1664,512,512,f16:column,f16:column,f16:column,f16:column,1,0,serial,8,1,heuristic,invalid,invalid,false,false,1,tensorop,f32,128,128,64,2,1,1,0,0,0,7,4,2,1,64,128,16,90,90,3932160,874119168,222,0.0101725,360.002,85929.8
61,CUTLASS,gemm,cutlass3x_sm90_tensorop_s64x128x16gemm_f16_f16_f32_f16_f16_128x128x64_2x1x1_0_nnn_align8_warpspecialized_epi_nosmem,passed,success,universal,1664,512,512,f16:column,f16:column,f16:column,f16:column,1,0,serial,8,1,heuristic,invalid,invalid,false,false,1,tensorop,f32,128,128,64,2,1,1,0,0,0,7,4,1,1,64,128,16,90,90,3932160,874119168,222,0.00993408,368.641,87992
61,CUTLASS,gemm,cutlass3x_sm90_tensorop_s64x128x16gemm_f16_f16_f32_f16_f16_128x128x64_2x1x1_0_nnn_align8_warpspecialized_pingpong_epi_tma,passed,success,universal,1664,512,512,f16:column,f16:column,f16:column,f16:column,1,0,serial,8,1,heuristic,invalid,invalid,false,false,1,tensorop,f32,128,128,64,2,1,1,0,0,0,6,4,1,1,64,128,16,90,90,3932160,874119168,222,0.00971744,376.859,89953.6
61,CUTLASS,gemm,cutlass3x_sm90_tensorop_s64x128x16gemm_f16_f16_f32_f16_f16_128x128x64_2x1x1_0_nnn_align8_warpspecialized_pingpong_epi_nosmem,passed,success,universal,1664,512,512,f16:column,f16:column,f16:column,f16:column,1,0,serial,8,1,heuristic,invalid,invalid,false,false,1,tensorop,f32,128,128,64,2,1,1,0,0,0,7,4,1,1,64,128,16,90,90,3932160,874119168,222,0.0102467,357.393,85307.2
61,CUTLASS,gemm,cutlass3x_sm90_tensorop_s64x128x16gemm_f16_f16_f32_f16_f16_128x128x64_2x1x1_0_nnn_align8_warpspecialized_cooperative_epi_nosmem,passed,success,universal,1664,512,512,f16:column,f16:column,f16:column,f16:column,1,0,serial,8,1,heuristic,invalid,invalid,false,false,1,tensorop,f32,128,128,64,2,1,1,0,0,0,7,4,2,1,64,128,16,90,90,3932160,874119168,222,0.0101181,361.937,86391.8
61,CUTLASS,gemm,cutlass3x_sm90_tensorop_s64x128x16gemm_f16_f16_f32_f16_f16_128x128x64_2x1x1_0_nnn_align8_warpspecialized_cooperative_epi_tma,passed,success,universal,1664,512,512,f16:column,f16:column,f16:column,f16:column,1,0,serial,8,1,heuristic,invalid,invalid,false,false,1,tensorop,f32,128,128,64,2,1,1,0,0,0,6,4,2,1,64,128,16,90,90,3932160,874119168,222,0.00903008,405.546,96800.8
61,CUTLASS,gemm,cutlass3x_sm90_tensorop_s64x128x16gemm_f16_f16_f32_f16_f16_128x128x64_2x1x1_0_nnn_align8_stream_k_warpspecialized_cooperative_epi_nosmem,passed,success,universal,1664,512,512,f16:column,f16:column,f16:column,f16:column,1,0,serial,8,1,heuristic,invalid,invalid,false,false,1,tensorop,f32,128,128,64,2,1,1,0,0,0,7,4,2,1,64,128,16,90,90,3932160,874119168,222,0.0289146,126.653,30231.1
61,CUTLASS,gemm,cutlass3x_sm90_tensorop_s64x128x16gemm_f16_f16_f32_f16_f16_128x128x64_2x1x1_0_nnn_align8_stream_k_warpspecialized_cooperative_epi_tma,passed,success,universal,1664,512,512,f16:column,f16:column,f16:column,f16:column,1,0,serial,8,1,heuristic,invalid,invalid,false,false,1,tensorop,f32,128,128,64,2,1,1,0,0,0,6,4,2,1,64,128,16,90,90,3932160,874119168,222,0.0282493,129.635,30943.1
62,CUTLASS,gemm,cutlass_tensorop_f16_s1688gemm_f16_256x128_32x2_nn_align8,passed,success,universal,1792,512,512,f16:column,f16:column,f16:column,f16:column,1,0,serial,8,1,heuristic,invalid,invalid,false,false,1,tensorop,f32,256,128,32,1,1,1,0,0,0,2,4,2,1,16,8,8,75,1024,4194304,941359104,224,0.0359357,108.701,26195.7
62,CUTLASS,gemm,cutlass_tensorop_f16_s16816gemm_f16_256x128_32x3_nn_align8,passed,success,universal,1792,512,512,f16:column,f16:column,f16:column,f16:column,1,0,serial,8,1,heuristic,invalid,invalid,false,false,1,tensorop,f32,256,128,32,1,1,1,0,0,0,3,4,2,1,16,8,16,80,1024,4194304,941359104,224,0.0352413,110.843,26711.8
62,CUTLASS,gemm,cutlass3x_sm90_tensorop_s64x128x16gemm_f16_f16_f32_f16_f16_128x128x64_1x2x1_0_nnn_align8,passed,success,universal,1792,512,512,f16:column,f16:column,f16:column,f16:column,1,0,serial,8,1,heuristic,invalid,invalid,false,false,1,tensorop,f32,128,128,64,1,2,1,0,0,0,7,4,2,1,64,128,16,90,90,4194304,941359104,224,0.0108182,361.08,87015.9
62,CUTLASS,gemm,cutlass3x_sm90_tensorop_s64x128x16gemm_f16_f16_f32_f16_f16_128x128x64_1x2x1_0_nnn_align8_warpspecialized_epi_nosmem,passed,success,universal,1792,512,512,f16:column,f16:column,f16:column,f16:column,1,0,serial,8,1,heuristic,invalid,invalid,false,false,1,tensorop,f32,128,128,64,1,2,1,0,0,0,7,4,1,1,64,128,16,90,90,4194304,941359104,224,0.0104458,373.956,90118.8
62,CUTLASS,gemm,cutlass3x_sm90_tensorop_s64x128x16gemm_f16_f16_f32_f16_f16_128x128x64_1x2x1_0_nnn_align8_warpspecialized_pingpong_epi_tma,passed,success,universal,1792,512,512,f16:column,f16:column,f16:column,f16:column,1,0,serial,8,1,heuristic,invalid,invalid,false,false,1,tensorop,f32,128,128,64,1,2,1,0,0,0,6,4,1,1,64,128,16,90,90,4194304,941359104,224,0.00971456,402.103,96901.9
62,CUTLASS,gemm,cutlass3x_sm90_tensorop_s64x128x16gemm_f16_f16_f32_f16_f16_128x128x64_1x2x1_0_nnn_align8_warpspecialized_pingpong_epi_nosmem,passed,success,universal,1792,512,512,f16:column,f16:column,f16:column,f16:column,1,0,serial,8,1,heuristic,invalid,invalid,false,false,1,tensorop,f32,128,128,64,1,2,1,0,0,0,7,4,1,1,64,128,16,90,90,4194304,941359104,224,0.0110458,353.642,85223.6
62,CUTLASS,gemm,cutlass3x_sm90_tensorop_s64x128x16gemm_f16_f16_f32_f16_f16_128x128x64_1x2x1_0_nnn_align8_warpspecialized_cooperative_epi_nosmem,passed,success,universal,1792,512,512,f16:column,f16:column,f16:column,f16:column,1,0,serial,8,1,heuristic,invalid,invalid,false,false,1,tensorop,f32,128,128,64,1,2,1,0,0,0,7,4,2,1,64,128,16,90,90,4194304,941359104,224,0.0108624,359.612,86662.2
62,CUTLASS,gemm,cutlass3x_sm90_tensorop_s64x128x16gemm_f16_f16_f32_f16_f16_128x128x64_1x2x1_0_nnn_align8_warpspecialized_cooperative_epi_tma,passed,success,universal,1792,512,512,f16:column,f16:column,f16:column,f16:column,1,0,serial,8,1,heuristic,invalid,invalid,false,false,1,tensorop,f32,128,128,64,1,2,1,0,0,0,6,4,2,1,64,128,16,90,90,4194304,941359104,224,0.0090176,433.181,104391
62,CUTLASS,gemm,cutlass3x_sm90_tensorop_s64x128x16gemm_f16_f16_f32_f16_f16_128x128x64_1x2x1_0_nnn_align8_stream_k_warpspecialized_cooperative_epi_nosmem,passed,success,universal,1792,512,512,f16:column,f16:column,f16:column,f16:column,1,0,serial,8,1,heuristic,invalid,invalid,false,false,1,tensorop,f32,128,128,64,1,2,1,0,0,0,7,4,2,1,64,128,16,90,90,4194304,941359104,224,0.0294342,132.711,31981.8
62,CUTLASS,gemm,cutlass3x_sm90_tensorop_s64x128x16gemm_f16_f16_f32_f16_f16_128x128x64_1x2x1_0_nnn_align8_stream_k_warpspecialized_cooperative_epi_tma,passed,success,universal,1792,512,512,f16:column,f16:column,f16:column,f16:column,1,0,serial,8,1,heuristic,invalid,invalid,false,false,1,tensorop,f32,128,128,64,1,2,1,0,0,0,6,4,2,1,64,128,16,90,90,4194304,941359104,224,0.0282253,138.395,33351.6
62,CUTLASS,gemm,cutlass3x_sm90_tensorop_s64x128x16gemm_f16_f16_f32_f16_f16_128x128x64_2x1x1_0_nnn_align8,passed,success,universal,1792,512,512,f16:column,f16:column,f16:column,f16:column,1,0,serial,8,1,heuristic,invalid,invalid,false,false,1,tensorop,f32,128,128,64,2,1,1,0,0,0,7,4,2,1,64,128,16,90,90,4194304,941359104,224,0.0106538,366.655,88359.3
62,CUTLASS,gemm,cutlass3x_sm90_tensorop_s64x128x16gemm_f16_f16_f32_f16_f16_128x128x64_2x1x1_0_nnn_align8_warpspecialized_epi_nosmem,passed,success,universal,1792,512,512,f16:column,f16:column,f16:column,f16:column,1,0,serial,8,1,heuristic,invalid,invalid,false,false,1,tensorop,f32,128,128,64,2,1,1,0,0,0,7,4,1,1,64,128,16,90,90,4194304,941359104,224,0.0104224,374.794,90320.8
62,CUTLASS,gemm,cutlass3x_sm90_tensorop_s64x128x16gemm_f16_f16_f32_f16_f16_128x128x64_2x1x1_0_nnn_align8_warpspecialized_pingpong_epi_tma,passed,success,universal,1792,512,512,f16:column,f16:column,f16:column,f16:column,1,0,serial,8,1,heuristic,invalid,invalid,false,false,1,tensorop,f32,128,128,64,2,1,1,0,0,0,6,4,1,1,64,128,16,90,90,4194304,941359104,224,0.0096944,402.939,97103.4
62,CUTLASS,gemm,cutlass3x_sm90_tensorop_s64x128x16gemm_f16_f16_f32_f16_f16_128x128x64_2x1x1_0_nnn_align8_warpspecialized_pingpong_epi_nosmem,passed,success,universal,1792,512,512,f16:column,f16:column,f16:column,f16:column,1,0,serial,8,1,heuristic,invalid,invalid,false,false,1,tensorop,f32,128,128,64,2,1,1,0,0,0,7,4,1,1,64,128,16,90,90,4194304,941359104,224,0.0110173,354.557,85443.9
62,CUTLASS,gemm,cutlass3x_sm90_tensorop_s64x128x16gemm_f16_f16_f32_f16_f16_128x128x64_2x1x1_0_nnn_align8_warpspecialized_cooperative_epi_nosmem,passed,success,universal,1792,512,512,f16:column,f16:column,f16:column,f16:column,1,0,serial,8,1,heuristic,invalid,invalid,false,false,1,tensorop,f32,128,128,64,2,1,1,0,0,0,7,4,2,1,64,128,16,90,90,4194304,941359104,224,0.0107101,364.727,87894.7
62,CUTLASS,gemm,cutlass3x_sm90_tensorop_s64x128x16gemm_f16_f16_f32_f16_f16_128x128x64_2x1x1_0_nnn_align8_warpspecialized_cooperative_epi_tma,passed,success,universal,1792,512,512,f16:column,f16:column,f16:column,f16:column,1,0,serial,8,1,heuristic,invalid,invalid,false,false,1,tensorop,f32,128,128,64,2,1,1,0,0,0,6,4,2,1,64,128,16,90,90,4194304,941359104,224,0.0090416,432.031,104114
62,CUTLASS,gemm,cutlass3x_sm90_tensorop_s64x128x16gemm_f16_f16_f32_f16_f16_128x128x64_2x1x1_0_nnn_align8_stream_k_warpspecialized_cooperative_epi_nosmem,passed,success,universal,1792,512,512,f16:column,f16:column,f16:column,f16:column,1,0,serial,8,1,heuristic,invalid,invalid,false,false,1,tensorop,f32,128,128,64,2,1,1,0,0,0,7,4,2,1,64,128,16,90,90,4194304,941359104,224,0.0293024,133.308,32125.7
62,CUTLASS,gemm,cutlass3x_sm90_tensorop_s64x128x16gemm_f16_f16_f32_f16_f16_128x128x64_2x1x1_0_nnn_align8_stream_k_warpspecialized_cooperative_epi_tma,passed,success,universal,1792,512,512,f16:column,f16:column,f16:column,f16:column,1,0,serial,8,1,heuristic,invalid,invalid,false,false,1,tensorop,f32,128,128,64,2,1,1,0,0,0,6,4,2,1,64,128,16,90,90,4194304,941359104,224,0.0282813,138.121,33285.6
63,CUTLASS,gemm,cutlass_tensorop_f16_s1688gemm_f16_256x128_32x2_nn_align8,passed,success,universal,1920,512,512,f16:column,f16:column,f16:column,f16:column,1,0,serial,8,1,heuristic,invalid,invalid,false,false,1,tensorop,f32,256,128,32,1,1,1,0,0,0,2,4,2,1,16,8,8,75,1024,4456448,1008599040,226,0.0358742,115.693,28114.9
63,CUTLASS,gemm,cutlass_tensorop_f16_s16816gemm_f16_256x128_32x3_nn_align8,passed,success,universal,1920,512,512,f16:column,f16:column,f16:column,f16:column,1,0,serial,8,1,heuristic,invalid,invalid,false,false,1,tensorop,f32,256,128,32,1,1,1,0,0,0,3,4,2,1,16,8,16,80,1024,4456448,1008599040,226,0.0352285,117.814,28630.2
63,CUTLASS,gemm,cutlass3x_sm90_tensorop_s64x128x16gemm_f16_f16_f32_f16_f16_128x128x64_1x2x1_0_nnn_align8,passed,success,universal,1920,512,512,f16:column,f16:column,f16:column,f16:column,1,0,serial,8,1,heuristic,invalid,invalid,false,false,1,tensorop,f32,128,128,64,1,2,1,0,0,0,7,4,2,1,64,128,16,90,90,4456448,1008599040,226,0.010279,403.772,98121.9
63,CUTLASS,gemm,cutlass3x_sm90_tensorop_s64x128x16gemm_f16_f16_f32_f16_f16_128x128x64_1x2x1_0_nnn_align8_warpspecialized_epi_nosmem,passed,success,universal,1920,512,512,f16:column,f16:column,f16:column,f16:column,1,0,serial,8,1,heuristic,invalid,invalid,false,false,1,tensorop,f32,128,128,64,1,2,1,0,0,0,7,4,1,1,64,128,16,90,90,4456448,1008599040,226,0.00959616,432.505,105104
63,CUTLASS,gemm,cutlass3x_sm90_tensorop_s64x128x16gemm_f16_f16_f32_f16_f16_128x128x64_1x2x1_0_nnn_align8_warpspecialized_pingpong_epi_tma,passed,success,universal,1920,512,512,f16:column,f16:column,f16:column,f16:column,1,0,serial,8,1,heuristic,invalid,invalid,false,false,1,tensorop,f32,128,128,64,1,2,1,0,0,0,6,4,1,1,64,128,16,90,90,4456448,1008599040,226,0.00980608,423.247,102854
63,CUTLASS,gemm,cutlass3x_sm90_tensorop_s64x128x16gemm_f16_f16_f32_f16_f16_128x128x64_1x2x1_0_nnn_align8_warpspecialized_pingpong_epi_nosmem,passed,success,universal,1920,512,512,f16:column,f16:column,f16:column,f16:column,1,0,serial,8,1,heuristic,invalid,invalid,false,false,1,tensorop,f32,128,128,64,1,2,1,0,0,0,7,4,1,1,64,128,16,90,90,4456448,1008599040,226,0.0104496,397.182,96520.3
63,CUTLASS,gemm,cutlass3x_sm90_tensorop_s64x128x16gemm_f16_f16_f32_f16_f16_128x128x64_1x2x1_0_nnn_align8_warpspecialized_cooperative_epi_nosmem,passed,success,universal,1920,512,512,f16:column,f16:column,f16:column,f16:column,1,0,serial,8,1,heuristic,invalid,invalid,false,false,1,tensorop,f32,128,128,64,1,2,1,0,0,0,7,4,2,1,64,128,16,90,90,4456448,1008599040,226,0.010472,396.332,96313.9
63,CUTLASS,gemm,cutlass3x_sm90_tensorop_s64x128x16gemm_f16_f16_f32_f16_f16_128x128x64_1x2x1_0_nnn_align8_warpspecialized_cooperative_epi_tma,passed,success,universal,1920,512,512,f16:column,f16:column,f16:column,f16:column,1,0,serial,8,1,heuristic,invalid,invalid,false,false,1,tensorop,f32,128,128,64,1,2,1,0,0,0,6,4,2,1,64,128,16,90,90,4456448,1008599040,226,0.00939232,441.892,107386
63,CUTLASS,gemm,cutlass3x_sm90_tensorop_s64x128x16gemm_f16_f16_f32_f16_f16_128x128x64_1x2x1_0_nnn_align8_stream_k_warpspecialized_cooperative_epi_nosmem,passed,success,universal,1920,512,512,f16:column,f16:column,f16:column,f16:column,1,0,serial,8,1,heuristic,invalid,invalid,false,false,1,tensorop,f32,128,128,64,1,2,1,0,0,0,7,4,2,1,64,128,16,90,90,4456448,1008599040,226,0.0296144,140.148,34057.7
63,CUTLASS,gemm,cutlass3x_sm90_tensorop_s64x128x16gemm_f16_f16_f32_f16_f16_128x128x64_1x2x1_0_nnn_align8_stream_k_warpspecialized_cooperative_epi_tma,passed,success,universal,1920,512,512,f16:column,f16:column,f16:column,f16:column,1,0,serial,8,1,heuristic,invalid,invalid,false,false,1,tensorop,f32,128,128,64,1,2,1,0,0,0,6,4,2,1,64,128,16,90,90,4456448,1008599040,226,0.0288998,143.613,34899.8
63,CUTLASS,gemm,cutlass3x_sm90_tensorop_s64x128x16gemm_f16_f16_f32_f16_f16_128x128x64_2x1x1_0_nnn_align8,passed,success,universal,1920,512,512,f16:column,f16:column,f16:column,f16:column,1,0,serial,8,1,heuristic,invalid,invalid,false,false,1,tensorop,f32,128,128,64,2,1,1,0,0,0,7,4,2,1,64,128,16,90,90,4456448,1008599040,226,0.010376,399.999,97205
63,CUTLASS,gemm,cutlass3x_sm90_tensorop_s64x128x16gemm_f16_f16_f32_f16_f16_128x128x64_2x1x1_0_nnn_align8_warpspecialized_epi_nosmem,passed,success,universal,1920,512,512,f16:column,f16:column,f16:column,f16:column,1,0,serial,8,1,heuristic,invalid,invalid,false,false,1,tensorop,f32,128,128,64,2,1,1,0,0,0,7,4,1,1,64,128,16,90,90,4456448,1008599040,226,0.00977696,424.507,103161
63,CUTLASS,gemm,cutlass3x_sm90_tensorop_s64x128x16gemm_f16_f16_f32_f16_f16_128x128x64_2x1x1_0_nnn_align8_warpspecialized_pingpong_epi_tma,passed,success,universal,1920,512,512,f16:column,f16:column,f16:column,f16:column,1,0,serial,8,1,heuristic,invalid,invalid,false,false,1,tensorop,f32,128,128,64,2,1,1,0,0,0,6,4,1,1,64,128,16,90,90,4456448,1008599040,226,0.0099424,417.444,101444
63,CUTLASS,gemm,cutlass3x_sm90_tensorop_s64x128x16gemm_f16_f16_f32_f16_f16_128x128x64_2x1x1_0_nnn_align8_warpspecialized_pingpong_epi_nosmem,passed,success,universal,1920,512,512,f16:column,f16:column,f16:column,f16:column,1,0,serial,8,1,heuristic,invalid,invalid,false,false,1,tensorop,f32,128,128,64,2,1,1,0,0,0,7,4,1,1,64,128,16,90,90,4456448,1008599040,226,0.0104394,397.571,96615
63,CUTLASS,gemm,cutlass3x_sm90_tensorop_s64x128x16gemm_f16_f16_f32_f16_f16_128x128x64_2x1x1_0_nnn_align8_warpspecialized_cooperative_epi_nosmem,passed,success,universal,1920,512,512,f16:column,f16:column,f16:column,f16:column,1,0,serial,8,1,heuristic,invalid,invalid,false,false,1,tensorop,f32,128,128,64,2,1,1,0,0,0,7,4,2,1,64,128,16,90,90,4456448,1008599040,226,0.0103469,401.125,97478.6
63,CUTLASS,gemm,cutlass3x_sm90_tensorop_s64x128x16gemm_f16_f16_f32_f16_f16_128x128x64_2x1x1_0_nnn_align8_warpspecialized_cooperative_epi_tma,passed,success,universal,1920,512,512,f16:column,f16:column,f16:column,f16:column,1,0,serial,8,1,heuristic,invalid,invalid,false,false,1,tensorop,f32,128,128,64,2,1,1,0,0,0,6,4,2,1,64,128,16,90,90,4456448,1008599040,226,0.00927168,447.642,108783
63,CUTLASS,gemm,cutlass3x_sm90_tensorop_s64x128x16gemm_f16_f16_f32_f16_f16_128x128x64_2x1x1_0_nnn_align8_stream_k_warpspecialized_cooperative_epi_nosmem,passed,success,universal,1920,512,512,f16:column,f16:column,f16:column,f16:column,1,0,serial,8,1,heuristic,invalid,invalid,false,false,1,tensorop,f32,128,128,64,2,1,1,0,0,0,7,4,2,1,64,128,16,90,90,4456448,1008599040,226,0.0300333,138.193,33582.7
63,CUTLASS,gemm,cutlass3x_sm90_tensorop_s64x128x16gemm_f16_f16_f32_f16_f16_128x128x64_2x1x1_0_nnn_align8_stream_k_warpspecialized_cooperative_epi_tma,passed,success,universal,1920,512,512,f16:column,f16:column,f16:column,f16:column,1,0,serial,8,1,heuristic,invalid,invalid,false,false,1,tensorop,f32,128,128,64,2,1,1,0,0,0,6,4,2,1,64,128,16,90,90,4456448,1008599040,226,0.0295174,140.608,34169.6
64,CUTLASS,gemm,cutlass_tensorop_f16_s1688gemm_f16_256x128_32x2_nn_align8,passed,success,universal,2048,512,512,f16:column,f16:column,f16:column,f16:column,1,0,serial,8,1,heuristic,invalid,invalid,false,false,1,tensorop,f32,256,128,32,1,1,1,0,0,0,2,4,2,1,16,8,8,75,1024,4718592,1075838976,228,0.036311,121.025,29628.4
64,CUTLASS,gemm,cutlass_tensorop_f16_s16816gemm_f16_256x128_32x3_nn_align8,passed,success,universal,2048,512,512,f16:column,f16:column,f16:column,f16:column,1,0,serial,8,1,heuristic,invalid,invalid,false,false,1,tensorop,f32,256,128,32,1,1,1,0,0,0,3,4,2,1,16,8,16,80,1024,4718592,1075838976,228,0.035464,123.915,30336.1
64,CUTLASS,gemm,cutlass3x_sm90_tensorop_s64x128x16gemm_f16_f16_f32_f16_f16_128x128x64_1x2x1_0_nnn_align8,passed,success,universal,2048,512,512,f16:column,f16:column,f16:column,f16:column,1,0,serial,8,1,heuristic,invalid,invalid,false,false,1,tensorop,f32,128,128,64,1,2,1,0,0,0,7,4,2,1,64,128,16,90,90,4718592,1075838976,228,0.0101459,433.133,106037
64,CUTLASS,gemm,cutlass3x_sm90_tensorop_s64x128x16gemm_f16_f16_f32_f16_f16_128x128x64_1x2x1_0_nnn_align8_warpspecialized_epi_nosmem,passed,success,universal,2048,512,512,f16:column,f16:column,f16:column,f16:column,1,0,serial,8,1,heuristic,invalid,invalid,false,false,1,tensorop,f32,128,128,64,1,2,1,0,0,0,7,4,1,1,64,128,16,90,90,4718592,1075838976,228,0.00959136,458.176,112168
64,CUTLASS,gemm,cutlass3x_sm90_tensorop_s64x128x16gemm_f16_f16_f32_f16_f16_128x128x64_1x2x1_0_nnn_align8_warpspecialized_pingpong_epi_tma,passed,success,universal,2048,512,512,f16:column,f16:column,f16:column,f16:column,1,0,serial,8,1,heuristic,invalid,invalid,false,false,1,tensorop,f32,128,128,64,1,2,1,0,0,0,6,4,1,1,64,128,16,90,90,4718592,1075838976,228,0.00999008,439.889,107691
64,CUTLASS,gemm,cutlass3x_sm90_tensorop_s64x128x16gemm_f16_f16_f32_f16_f16_128x128x64_1x2x1_0_nnn_align8_warpspecialized_pingpong_epi_nosmem,passed,success,universal,2048,512,512,f16:column,f16:column,f16:column,f16:column,1,0,serial,8,1,heuristic,invalid,invalid,false,false,1,tensorop,f32,128,128,64,1,2,1,0,0,0,7,4,1,1,64,128,16,90,90,4718592,1075838976,228,0.00999808,439.538,107605
64,CUTLASS,gemm,cutlass3x_sm90_tensorop_s64x128x16gemm_f16_f16_f32_f16_f16_128x128x64_1x2x1_0_nnn_align8_warpspecialized_cooperative_epi_nosmem,passed,success,universal,2048,512,512,f16:column,f16:column,f16:column,f16:column,1,0,serial,8,1,heuristic,invalid,invalid,false,false,1,tensorop,f32,128,128,64,1,2,1,0,0,0,7,4,2,1,64,128,16,90,90,4718592,1075838976,228,0.010184,431.513,105640
64,CUTLASS,gemm,cutlass3x_sm90_tensorop_s64x128x16gemm_f16_f16_f32_f16_f16_128x128x64_1x2x1_0_nnn_align8_warpspecialized_cooperative_epi_tma,passed,success,universal,2048,512,512,f16:column,f16:column,f16:column,f16:column,1,0,serial,8,1,heuristic,invalid,invalid,false,false,1,tensorop,f32,128,128,64,1,2,1,0,0,0,6,4,2,1,64,128,16,90,90,4718592,1075838976,228,0.00932096,471.468,115421
64,CUTLASS,gemm,cutlass3x_sm90_tensorop_s64x128x16gemm_f16_f16_f32_f16_f16_128x128x64_1x2x1_0_nnn_align8_stream_k_warpspecialized_cooperative_epi_nosmem,passed,success,universal,2048,512,512,f16:column,f16:column,f16:column,f16:column,1,0,serial,8,1,heuristic,invalid,invalid,false,false,1,tensorop,f32,128,128,64,1,2,1,0,0,0,7,4,2,1,64,128,16,90,90,4718592,1075838976,228,0.0298064,147.436,36094.2
64,CUTLASS,gemm,cutlass3x_sm90_tensorop_s64x128x16gemm_f16_f16_f32_f16_f16_128x128x64_1x2x1_0_nnn_align8_stream_k_warpspecialized_cooperative_epi_tma,passed,success,universal,2048,512,512,f16:column,f16:column,f16:column,f16:column,1,0,serial,8,1,heuristic,invalid,invalid,false,false,1,tensorop,f32,128,128,64,1,2,1,0,0,0,6,4,2,1,64,128,16,90,90,4718592,1075838976,228,0.0292816,150.078,36741.1
64,CUTLASS,gemm,cutlass3x_sm90_tensorop_s64x128x16gemm_f16_f16_f32_f16_f16_128x128x64_2x1x1_0_nnn_align8,passed,success,universal,2048,512,512,f16:column,f16:column,f16:column,f16:column,1,0,serial,8,1,heuristic,invalid,invalid,false,false,1,tensorop,f32,128,128,64,2,1,1,0,0,0,7,4,2,1,64,128,16,90,90,4718592,1075838976,228,0.0097904,448.861,109887
64,CUTLASS,gemm,cutlass3x_sm90_tensorop_s64x128x16gemm_f16_f16_f32_f16_f16_128x128x64_2x1x1_0_nnn_align8_warpspecialized_epi_nosmem,passed,success,universal,2048,512,512,f16:column,f16:column,f16:column,f16:column,1,0,serial,8,1,heuristic,invalid,invalid,false,false,1,tensorop,f32,128,128,64,2,1,1,0,0,0,7,4,1,1,64,128,16,90,90,4718592,1075838976,228,0.0094176,466.63,114237
64,CUTLASS,gemm,cutlass3x_sm90_tensorop_s64x128x16gemm_f16_f16_f32_f16_f16_128x128x64_2x1x1_0_nnn_align8_warpspecialized_pingpong_epi_tma,passed,success,universal,2048,512,512,f16:column,f16:column,f16:column,f16:column,1,0,serial,8,1,heuristic,invalid,invalid,false,false,1,tensorop,f32,128,128,64,2,1,1,0,0,0,6,4,1,1,64,128,16,90,90,4718592,1075838976,228,0.00971616,452.291,110727
64,CUTLASS,gemm,cutlass3x_sm90_tensorop_s64x128x16gemm_f16_f16_f32_f16_f16_128x128x64_2x1x1_0_nnn_align8_warpspecialized_pingpong_epi_nosmem,passed,success,universal,2048,512,512,f16:column,f16:column,f16:column,f16:column,1,0,serial,8,1,heuristic,invalid,invalid,false,false,1,tensorop,f32,128,128,64,2,1,1,0,0,0,7,4,1,1,64,128,16,90,90,4718592,1075838976,228,0.00991456,443.24,108511
64,CUTLASS,gemm,cutlass3x_sm90_tensorop_s64x128x16gemm_f16_f16_f32_f16_f16_128x128x64_2x1x1_0_nnn_align8_warpspecialized_cooperative_epi_nosmem,passed,success,universal,2048,512,512,f16:column,f16:column,f16:column,f16:column,1,0,serial,8,1,heuristic,invalid,invalid,false,false,1,tensorop,f32,128,128,64,2,1,1,0,0,0,7,4,2,1,64,128,16,90,90,4718592,1075838976,228,0.009848,446.236,109244
64,CUTLASS,gemm,cutlass3x_sm90_tensorop_s64x128x16gemm_f16_f16_f32_f16_f16_128x128x64_2x1x1_0_nnn_align8_warpspecialized_cooperative_epi_tma,passed,success,universal,2048,512,512,f16:column,f16:column,f16:column,f16:column,1,0,serial,8,1,heuristic,invalid,invalid,false,false,1,tensorop,f32,128,128,64,2,1,1,0,0,0,6,4,2,1,64,128,16,90,90,4718592,1075838976,228,0.0092112,477.086,116797
64,CUTLASS,gemm,cutlass3x_sm90_tensorop_s64x128x16gemm_f16_f16_f32_f16_f16_128x128x64_2x1x1_0_nnn_align8_stream_k_warpspecialized_cooperative_epi_nosmem,passed,success,universal,2048,512,512,f16:column,f16:column,f16:column,f16:column,1,0,serial,8,1,heuristic,invalid,invalid,false,false,1,tensorop,f32,128,128,64,2,1,1,0,0,0,7,4,2,1,64,128,16,90,90,4718592,1075838976,228,0.0297533,147.699,36158.7
64,CUTLASS,gemm,cutlass3x_sm90_tensorop_s64x128x16gemm_f16_f16_f32_f16_f16_128x128x64_2x1x1_0_nnn_align8_stream_k_warpspecialized_cooperative_epi_tma,passed,success,universal,2048,512,512,f16:column,f16:column,f16:column,f16:column,1,0,serial,8,1,heuristic,invalid,invalid,false,false,1,tensorop,f32,128,128,64,2,1,1,0,0,0,6,4,2,1,64,128,16,90,90,4718592,1075838976,228,0.0292883,150.044,36732.7
