Problem,Provider,OperationKind,Operation,Disposition,Status,gemm_kind,m,n,k,A,B,C,D,alpha,beta,split_k_mode,split_k_slices,batch_count,raster_order,runtime_input_datatype_a,runtime_input_datatype_b,use_pdl,enable_sm90_mixed_dtype_shuffle_test,swizzle_size,op_class,accum,cta_m,cta_n,cta_k,cluster_m,cluster_n,cluster_k,cluster_m_fallback,cluster_n_fallback,cluster_k_fallback,stages,warps_m,warps_n,warps_k,inst_m,inst_n,inst_k,min_cc,max_cc,Bytes,Flops,Flops/Byte,Runtime,GB/s,GFLOPs
1,CUTLASS,gemm,cutlass_tensorop_f16_s1688gemm_f16_256x128_32x2_nn_align8,passed,success,universal,128,1024,4096,f16:column,f16:column,f16:column,f16:column,1,0,serial,1,1,heuristic,invalid,invalid,false,false,1,tensorop,f32,256,128,32,1,1,1,0,0,0,2,4,2,1,16,8,8,75,1024,9699328,1074003968,110,0.169268,53.3662,6344.98
1,CUTLASS,gemm,cutlass_tensorop_f16_s16816gemm_f16_256x128_32x3_nn_align8,passed,success,universal,128,1024,4096,f16:column,f16:column,f16:column,f16:column,1,0,serial,1,1,heuristic,invalid,invalid,false,false,1,tensorop,f32,256,128,32,1,1,1,0,0,0,3,4,2,1,16,8,16,80,1024,9699328,1074003968,110,0.0730944,123.583,14693.4
1,CUTLASS,gemm,cutlass3x_sm90_tensorop_s64x128x16gemm_f16_f16_f32_f16_f16_128x128x64_1x2x1_0_nnn_align8,passed,success,universal,128,1024,4096,f16:column,f16:column,f16:column,f16:column,1,0,serial,1,1,heuristic,invalid,invalid,false,false,1,tensorop,f32,128,128,64,1,2,1,0,0,0,7,4,2,1,64,128,16,90,90,9699328,1074003968,110,0.0253536,356.289,42361
1,CUTLASS,gemm,cutlass3x_sm90_tensorop_s64x128x16gemm_f16_f16_f32_f16_f16_128x128x64_1x2x1_0_nnn_align8_warpspecialized_epi_nosmem,passed,success,universal,128,1024,4096,f16:column,f16:column,f16:column,f16:column,1,0,serial,1,1,heuristic,invalid,invalid,false,false,1,tensorop,f32,128,128,64,1,2,1,0,0,0,7,4,1,1,64,128,16,90,90,9699328,1074003968,110,0.0249552,361.977,43037.3
1,CUTLASS,gemm,cutlass3x_sm90_tensorop_s64x128x16gemm_f16_f16_f32_f16_f16_128x128x64_1x2x1_0_nnn_align8_warpspecialized_pingpong_epi_tma,passed,success,universal,128,1024,4096,f16:column,f16:column,f16:column,f16:column,1,0,serial,1,1,heuristic,invalid,invalid,false,false,1,tensorop,f32,128,128,64,1,2,1,0,0,0,6,4,1,1,64,128,16,90,90,9699328,1074003968,110,0.0253792,355.929,42318.3
1,CUTLASS,gemm,cutlass3x_sm90_tensorop_s64x128x16gemm_f16_f16_f32_f16_f16_128x128x64_1x2x1_0_nnn_align8_warpspecialized_pingpong_epi_nosmem,passed,success,universal,128,1024,4096,f16:column,f16:column,f16:column,f16:column,1,0,serial,1,1,heuristic,invalid,invalid,false,false,1,tensorop,f32,128,128,64,1,2,1,0,0,0,7,4,1,1,64,128,16,90,90,9699328,1074003968,110,0.0250698,360.323,42840.6
1,CUTLASS,gemm,cutlass3x_sm90_tensorop_s64x128x16gemm_f16_f16_f32_f16_f16_128x128x64_1x2x1_0_nnn_align8_warpspecialized_cooperative_epi_nosmem,passed,success,universal,128,1024,4096,f16:column,f16:column,f16:column,f16:column,1,0,serial,1,1,heuristic,invalid,invalid,false,false,1,tensorop,f32,128,128,64,1,2,1,0,0,0,7,4,2,1,64,128,16,90,90,9699328,1074003968,110,0.0253776,355.952,42320.9
1,CUTLASS,gemm,cutlass3x_sm90_tensorop_s64x128x16gemm_f16_f16_f32_f16_f16_128x128x64_1x2x1_0_nnn_align8_warpspecialized_cooperative_epi_tma,passed,success,universal,128,1024,4096,f16:column,f16:column,f16:column,f16:column,1,0,serial,1,1,heuristic,invalid,invalid,false,false,1,tensorop,f32,128,128,64,1,2,1,0,0,0,6,4,2,1,64,128,16,90,90,9699328,1074003968,110,0.0247203,365.416,43446.2
1,CUTLASS,gemm,cutlass3x_sm90_tensorop_s64x128x16gemm_f16_f16_f32_f16_f16_128x128x64_1x2x1_0_nnn_align8_stream_k_warpspecialized_cooperative_epi_nosmem,passed,success,universal,128,1024,4096,f16:column,f16:column,f16:column,f16:column,1,0,serial,1,1,heuristic,invalid,invalid,false,false,1,tensorop,f32,128,128,64,1,2,1,0,0,0,7,4,2,1,64,128,16,90,90,9699328,1074003968,110,0.0280835,321.655,38243.2
1,CUTLASS,gemm,cutlass3x_sm90_tensorop_s64x128x16gemm_f16_f16_f32_f16_f16_128x128x64_1x2x1_0_nnn_align8_stream_k_warpspecialized_cooperative_epi_tma,passed,success,universal,128,1024,4096,f16:column,f16:column,f16:column,f16:column,1,0,serial,1,1,heuristic,invalid,invalid,false,false,1,tensorop,f32,128,128,64,1,2,1,0,0,0,6,4,2,1,64,128,16,90,90,9699328,1074003968,110,0.0274771,328.754,39087.2
1,CUTLASS,gemm,cutlass3x_sm90_tensorop_s64x128x16gemm_f16_f16_f32_f16_f16_128x128x64_2x1x1_0_nnn_align8,passed,success,universal,128,1024,4096,f16:column,f16:column,f16:column,f16:column,1,0,serial,1,1,heuristic,invalid,invalid,false,false,1,tensorop,f32,128,128,64,2,1,1,0,0,0,7,4,2,1,64,128,16,90,90,9699328,1074003968,110,0.025559,353.425,42020.5
1,CUTLASS,gemm,cutlass3x_sm90_tensorop_s64x128x16gemm_f16_f16_f32_f16_f16_128x128x64_2x1x1_0_nnn_align8_warpspecialized_epi_nosmem,passed,success,universal,128,1024,4096,f16:column,f16:column,f16:column,f16:column,1,0,serial,1,1,heuristic,invalid,invalid,false,false,1,tensorop,f32,128,128,64,2,1,1,0,0,0,7,4,1,1,64,128,16,90,90,9699328,1074003968,110,0.0250374,360.788,42895.9
1,CUTLASS,gemm,cutlass3x_sm90_tensorop_s64x128x16gemm_f16_f16_f32_f16_f16_128x128x64_2x1x1_0_nnn_align8_warpspecialized_pingpong_epi_tma,passed,success,universal,128,1024,4096,f16:column,f16:column,f16:column,f16:column,1,0,serial,1,1,heuristic,invalid,invalid,false,false,1,tensorop,f32,128,128,64,2,1,1,0,0,0,6,4,1,1,64,128,16,90,90,9699328,1074003968,110,0.0256182,352.608,41923.4
1,CUTLASS,gemm,cutlass3x_sm90_tensorop_s64x128x16gemm_f16_f16_f32_f16_f16_128x128x64_2x1x1_0_nnn_align8_warpspecialized_pingpong_epi_nosmem,passed,success,universal,128,1024,4096,f16:column,f16:column,f16:column,f16:column,1,0,serial,1,1,heuristic,invalid,invalid,false,false,1,tensorop,f32,128,128,64,2,1,1,0,0,0,7,4,1,1,64,128,16,90,90,9699328,1074003968,110,0.025465,354.731,42175.8
1,CUTLASS,gemm,cutlass3x_sm90_tensorop_s64x128x16gemm_f16_f16_f32_f16_f16_128x128x64_2x1x1_0_nnn_align8_warpspecialized_cooperative_epi_nosmem,passed,success,universal,128,1024,4096,f16:column,f16:column,f16:column,f16:column,1,0,serial,1,1,heuristic,invalid,invalid,false,false,1,tensorop,f32,128,128,64,2,1,1,0,0,0,7,4,2,1,64,128,16,90,90,9699328,1074003968,110,0.0257037,351.436,41784.1
1,CUTLASS,gemm,cutlass3x_sm90_tensorop_s64x128x16gemm_f16_f16_f32_f16_f16_128x128x64_2x1x1_0_nnn_align8_warpspecialized_cooperative_epi_tma,passed,success,universal,128,1024,4096,f16:column,f16:column,f16:column,f16:column,1,0,serial,1,1,heuristic,invalid,invalid,false,false,1,tensorop,f32,128,128,64,2,1,1,0,0,0,6,4,2,1,64,128,16,90,90,9699328,1074003968,110,0.0249277,362.376,43084.8
1,CUTLASS,gemm,cutlass3x_sm90_tensorop_s64x128x16gemm_f16_f16_f32_f16_f16_128x128x64_2x1x1_0_nnn_align8_stream_k_warpspecialized_cooperative_epi_nosmem,passed,success,universal,128,1024,4096,f16:column,f16:column,f16:column,f16:column,1,0,serial,1,1,heuristic,invalid,invalid,false,false,1,tensorop,f32,128,128,64,2,1,1,0,0,0,7,4,2,1,64,128,16,90,90,9699328,1074003968,110,0.0276845,326.291,38794.4
1,CUTLASS,gemm,cutlass3x_sm90_tensorop_s64x128x16gemm_f16_f16_f32_f16_f16_128x128x64_2x1x1_0_nnn_align8_stream_k_warpspecialized_cooperative_epi_tma,passed,success,universal,128,1024,4096,f16:column,f16:column,f16:column,f16:column,1,0,serial,1,1,heuristic,invalid,invalid,false,false,1,tensorop,f32,128,128,64,2,1,1,0,0,0,6,4,2,1,64,128,16,90,90,9699328,1074003968,110,0.0277216,325.854,38742.5
2,CUTLASS,gemm,cutlass_tensorop_f16_s1688gemm_f16_256x128_32x2_nn_align8,passed,success,universal,256,1024,4096,f16:column,f16:column,f16:column,f16:column,1,0,serial,1,1,heuristic,invalid,invalid,false,false,1,tensorop,f32,256,128,32,1,1,1,0,0,0,2,4,2,1,16,8,8,75,1024,11010048,2148007936,195,0.165409,61.9912,12986
2,CUTLASS,gemm,cutlass_tensorop_f16_s16816gemm_f16_256x128_32x3_nn_align8,passed,success,universal,256,1024,4096,f16:column,f16:column,f16:column,f16:column,1,0,serial,1,1,heuristic,invalid,invalid,false,false,1,tensorop,f32,256,128,32,1,1,1,0,0,0,3,4,2,1,16,8,16,80,1024,11010048,2148007936,195,0.073233,140.018,29331.2
2,CUTLASS,gemm,cutlass3x_sm90_tensorop_s64x128x16gemm_f16_f16_f32_f16_f16_128x128x64_1x2x1_0_nnn_align8,passed,success,universal,256,1024,4096,f16:column,f16:column,f16:column,f16:column,1,0,serial,1,1,heuristic,invalid,invalid,false,false,1,tensorop,f32,128,128,64,1,2,1,0,0,0,7,4,2,1,64,128,16,90,90,11010048,2148007936,195,0.0256838,399.236,83632.7
2,CUTLASS,gemm,cutlass3x_sm90_tensorop_s64x128x16gemm_f16_f16_f32_f16_f16_128x128x64_1x2x1_0_nnn_align8_warpspecialized_epi_nosmem,passed,success,universal,256,1024,4096,f16:column,f16:column,f16:column,f16:column,1,0,serial,1,1,heuristic,invalid,invalid,false,false,1,tensorop,f32,128,128,64,1,2,1,0,0,0,7,4,1,1,64,128,16,90,90,11010048,2148007936,195,0.0251571,407.595,85383.7
2,CUTLASS,gemm,cutlass3x_sm90_tensorop_s64x128x16gemm_f16_f16_f32_f16_f16_128x128x64_1x2x1_0_nnn_align8_warpspecialized_pingpong_epi_tma,passed,success,universal,256,1024,4096,f16:column,f16:column,f16:column,f16:column,1,0,serial,1,1,heuristic,invalid,invalid,false,false,1,tensorop,f32,128,128,64,1,2,1,0,0,0,6,4,1,1,64,128,16,90,90,11010048,2148007936,195,0.0256166,400.283,83852.1
2,CUTLASS,gemm,cutlass3x_sm90_tensorop_s64x128x16gemm_f16_f16_f32_f16_f16_128x128x64_1x2x1_0_nnn_align8_warpspecialized_pingpong_epi_nosmem,passed,success,universal,256,1024,4096,f16:column,f16:column,f16:column,f16:column,1,0,serial,1,1,heuristic,invalid,invalid,false,false,1,tensorop,f32,128,128,64,1,2,1,0,0,0,7,4,1,1,64,128,16,90,90,11010048,2148007936,195,0.0254202,403.377,84500.2
2,CUTLASS,gemm,cutlass3x_sm90_tensorop_s64x128x16gemm_f16_f16_f32_f16_f16_128x128x64_1x2x1_0_nnn_align8_warpspecialized_cooperative_epi_nosmem,passed,success,universal,256,1024,4096,f16:column,f16:column,f16:column,f16:column,1,0,serial,1,1,heuristic,invalid,invalid,false,false,1,tensorop,f32,128,128,64,1,2,1,0,0,0,7,4,2,1,64,128,16,90,90,11010048,2148007936,195,0.0257133,398.779,83536.9
2,CUTLASS,gemm,cutlass3x_sm90_tensorop_s64x128x16gemm_f16_f16_f32_f16_f16_128x128x64_1x2x1_0_nnn_align8_warpspecialized_cooperative_epi_tma,passed,success,universal,256,1024,4096,f16:column,f16:column,f16:column,f16:column,1,0,serial,1,1,heuristic,invalid,invalid,false,false,1,tensorop,f32,128,128,64,1,2,1,0,0,0,6,4,2,1,64,128,16,90,90,11010048,2148007936,195,0.024928,411.341,86168.5
2,CUTLASS,gemm,cutlass3x_sm90_tensorop_s64x128x16gemm_f16_f16_f32_f16_f16_128x128x64_1x2x1_0_nnn_align8_stream_k_warpspecialized_cooperative_epi_nosmem,passed,success,universal,256,1024,4096,f16:column,f16:column,f16:column,f16:column,1,0,serial,1,1,heuristic,invalid,invalid,false,false,1,tensorop,f32,128,128,64,1,2,1,0,0,0,7,4,2,1,64,128,16,90,90,11010048,2148007936,195,0.0281462,364.308,76316
2,CUTLASS,gemm,cutlass3x_sm90_tensorop_s64x128x16gemm_f16_f16_f32_f16_f16_128x128x64_1x2x1_0_nnn_align8_stream_k_warpspecialized_cooperative_epi_tma,passed,success,universal,256,1024,4096,f16:column,f16:column,f16:column,f16:column,1,0,serial,1,1,heuristic,invalid,invalid,false,false,1,tensorop,f32,128,128,64,1,2,1,0,0,0,6,4,2,1,64,128,16,90,90,11010048,2148007936,195,0.027911,367.378,76959.1
2,CUTLASS,gemm,cutlass3x_sm90_tensorop_s64x128x16gemm_f16_f16_f32_f16_f16_128x128x64_2x1x1_0_nnn_align8,passed,success,universal,256,1024,4096,f16:column,f16:column,f16:column,f16:column,1,0,serial,1,1,heuristic,invalid,invalid,false,false,1,tensorop,f32,128,128,64,2,1,1,0,0,0,7,4,2,1,64,128,16,90,90,11010048,2148007936,195,0.0256458,399.829,83756.8
2,CUTLASS,gemm,cutlass3x_sm90_tensorop_s64x128x16gemm_f16_f16_f32_f16_f16_128x128x64_2x1x1_0_nnn_align8_warpspecialized_epi_nosmem,passed,success,universal,256,1024,4096,f16:column,f16:column,f16:column,f16:column,1,0,serial,1,1,heuristic,invalid,invalid,false,false,1,tensorop,f32,128,128,64,2,1,1,0,0,0,7,4,1,1,64,128,16,90,90,11010048,2148007936,195,0.0251363,407.932,85454.3
2,CUTLASS,gemm,cutlass3x_sm90_tensorop_s64x128x16gemm_f16_f16_f32_f16_f16_128x128x64_2x1x1_0_nnn_align8_warpspecialized_pingpong_epi_tma,passed,success,universal,256,1024,4096,f16:column,f16:column,f16:column,f16:column,1,0,serial,1,1,heuristic,invalid,invalid,false,false,1,tensorop,f32,128,128,64,2,1,1,0,0,0,6,4,1,1,64,128,16,90,90,11010048,2148007936,195,0.0255978,400.578,83913.9
2,CUTLASS,gemm,cutlass3x_sm90_tensorop_s64x128x16gemm_f16_f16_f32_f16_f16_128x128x64_2x1x1_0_nnn_align8_warpspecialized_pingpong_epi_nosmem,passed,success,universal,256,1024,4096,f16:column,f16:column,f16:column,f16:column,1,0,serial,1,1,heuristic,invalid,invalid,false,false,1,tensorop,f32,128,128,64,2,1,1,0,0,0,7,4,1,1,64,128,16,90,90,11010048,2148007936,195,0.0253693,404.186,84669.6
2,CUTLASS,gemm,cutlass3x_sm90_tensorop_s64x128x16gemm_f16_f16_f32_f16_f16_128x128x64_2x1x1_0_nnn_align8_warpspecialized_cooperative_epi_nosmem,passed,success,universal,256,1024,4096,f16:column,f16:column,f16:column,f16:column,1,0,serial,1,1,heuristic,invalid,invalid,false,false,1,tensorop,f32,128,128,64,2,1,1,0,0,0,7,4,2,1,64,128,16,90,90,11010048,2148007936,195,0.0256646,399.534,83695.2
2,CUTLASS,gemm,cutlass3x_sm90_tensorop_s64x128x16gemm_f16_f16_f32_f16_f16_128x128x64_2x1x1_0_nnn_align8_warpspecialized_cooperative_epi_tma,passed,success,universal,256,1024,4096,f16:column,f16:column,f16:column,f16:column,1,0,serial,1,1,heuristic,invalid,invalid,false,false,1,tensorop,f32,128,128,64,2,1,1,0,0,0,6,4,2,1,64,128,16,90,90,11010048,2148007936,195,0.0247402,414.464,86822.7
2,CUTLASS,gemm,cutlass3x_sm90_tensorop_s64x128x16gemm_f16_f16_f32_f16_f16_128x128x64_2x1x1_0_nnn_align8_stream_k_warpspecialized_cooperative_epi_nosmem,passed,success,universal,256,1024,4096,f16:column,f16:column,f16:column,f16:column,1,0,serial,1,1,heuristic,invalid,invalid,false,false,1,tensorop,f32,128,128,64,2,1,1,0,0,0,7,4,2,1,64,128,16,90,90,11010048,2148007936,195,0.0277312,369.761,77458.2
2,CUTLASS,gemm,cutlass3x_sm90_tensorop_s64x128x16gemm_f16_f16_f32_f16_f16_128x128x64_2x1x1_0_nnn_align8_stream_k_warpspecialized_cooperative_epi_tma,passed,success,universal,256,1024,4096,f16:column,f16:column,f16:column,f16:column,1,0,serial,1,1,heuristic,invalid,invalid,false,false,1,tensorop,f32,128,128,64,2,1,1,0,0,0,6,4,2,1,64,128,16,90,90,11010048,2148007936,195,0.0275261,372.516,78035.4
3,CUTLASS,gemm,cutlass_tensorop_f16_s1688gemm_f16_256x128_32x2_nn_align8,passed,success,universal,384,1024,4096,f16:column,f16:column,f16:column,f16:column,1,0,serial,1,1,heuristic,invalid,invalid,false,false,1,tensorop,f32,256,128,32,1,1,1,0,0,0,2,4,2,1,16,8,8,75,1024,12320768,3222011904,261,0.162973,70.408,19770.2
3,CUTLASS,gemm,cutlass_tensorop_f16_s16816gemm_f16_256x128_32x3_nn_align8,passed,success,universal,384,1024,4096,f16:column,f16:column,f16:column,f16:column,1,0,serial,1,1,heuristic,invalid,invalid,false,false,1,tensorop,f32,256,128,32,1,1,1,0,0,0,3,4,2,1,16,8,16,80,1024,12320768,3222011904,261,0.0725149,158.238,44432.4
3,CUTLASS,gemm,cutlass3x_sm90_tensorop_s64x128x16gemm_f16_f16_f32_f16_f16_128x128x64_1x2x1_0_nnn_align8,passed,success,universal,384,1024,4096,f16:column,f16:column,f16:column,f16:column,1,0,serial,1,1,heuristic,invalid,invalid,false,false,1,tensorop,f32,128,128,64,1,2,1,0,0,0,7,4,2,1,64,128,16,90,90,12320768,3222011904,261,0.0260982,439.67,123457
3,CUTLASS,gemm,cutlass3x_sm90_tensorop_s64x128x16gemm_f16_f16_f32_f16_f16_128x128x64_1x2x1_0_nnn_align8_warpspecialized_epi_nosmem,passed,success,universal,384,1024,4096,f16:column,f16:column,f16:column,f16:column,1,0,serial,1,1,heuristic,invalid,invalid,false,false,1,tensorop,f32,128,128,64,1,2,1,0,0,0,7,4,1,1,64,128,16,90,90,12320768,3222011904,261,0.0254618,450.661,126543
3,CUTLASS,gemm,cutlass3x_sm90_tensorop_s64x128x16gemm_f16_f16_f32_f16_f16_128x128x64_1x2x1_0_nnn_align8_warpspecialized_pingpong_epi_tma,passed,success,universal,384,1024,4096,f16:column,f16:column,f16:column,f16:column,1,0,serial,1,1,heuristic,invalid,invalid,false,false,1,tensorop,f32,128,128,64,1,2,1,0,0,0,6,4,1,1,64,128,16,90,90,12320768,3222011904,261,0.0254566,450.751,126569
3,CUTLASS,gemm,cutlass3x_sm90_tensorop_s64x128x16gemm_f16_f16_f32_f16_f16_128x128x64_1x2x1_0_nnn_align8_warpspecialized_pingpong_epi_nosmem,passed,success,universal,384,1024,4096,f16:column,f16:column,f16:column,f16:column,1,0,serial,1,1,heuristic,invalid,invalid,false,false,1,tensorop,f32,128,128,64,1,2,1,0,0,0,7,4,1,1,64,128,16,90,90,12320768,3222011904,261,0.0261734,438.407,123102
3,CUTLASS,gemm,cutlass3x_sm90_tensorop_s64x128x16gemm_f16_f16_f32_f16_f16_128x128x64_1x2x1_0_nnn_align8_warpspecialized_cooperative_epi_nosmem,passed,success,universal,384,1024,4096,f16:column,f16:column,f16:column,f16:column,1,0,serial,1,1,heuristic,invalid,invalid,false,false,1,tensorop,f32,128,128,64,1,2,1,0,0,0,7,4,2,1,64,128,16,90,90,12320768,3222011904,261,0.026095,439.724,123472
3,CUTLASS,gemm,cutlass3x_sm90_tensorop_s64x128x16gemm_f16_f16_f32_f16_f16_128x128x64_1x2x1_0_nnn_align8_warpspecialized_cooperative_epi_tma,passed,success,universal,384,1024,4096,f16:column,f16:column,f16:column,f16:column,1,0,serial,1,1,heuristic,invalid,invalid,false,false,1,tensorop,f32,128,128,64,1,2,1,0,0,0,6,4,2,1,64,128,16,90,90,12320768,3222011904,261,0.0247882,462.907,129982
3,CUTLASS,gemm,cutlass3x_sm90_tensorop_s64x128x16gemm_f16_f16_f32_f16_f16_128x128x64_1x2x1_0_nnn_align8_stream_k_warpspecialized_cooperative_epi_nosmem,passed,success,universal,384,1024,4096,f16:column,f16:column,f16:column,f16:column,1,0,serial,1,1,heuristic,invalid,invalid,false,false,1,tensorop,f32,128,128,64,1,2,1,0,0,0,7,4,2,1,64,128,16,90,90,12320768,3222011904,261,0.0252301,454.799,127705
3,CUTLASS,gemm,cutlass3x_sm90_tensorop_s64x128x16gemm_f16_f16_f32_f16_f16_128x128x64_1x2x1_0_nnn_align8_stream_k_warpspecialized_cooperative_epi_tma,passed,success,universal,384,1024,4096,f16:column,f16:column,f16:column,f16:column,1,0,serial,1,1,heuristic,invalid,invalid,false,false,1,tensorop,f32,128,128,64,1,2,1,0,0,0,6,4,2,1,64,128,16,90,90,12320768,3222011904,261,0.0246013,466.423,130969
3,CUTLASS,gemm,cutlass3x_sm90_tensorop_s64x128x16gemm_f16_f16_f32_f16_f16_128x128x64_2x1x1_0_nnn_align8,passed,success,universal,384,1024,4096,f16:column,f16:column,f16:column,f16:column,1,0,serial,1,1,heuristic,invalid,invalid,false,false,1,tensorop,f32,128,128,64,2,1,1,0,0,0,7,4,2,1,64,128,16,90,90,12320768,3222011904,261,0.0262298,437.465,122838
3,CUTLASS,gemm,cutlass3x_sm90_tensorop_s64x128x16gemm_f16_f16_f32_f16_f16_128x128x64_2x1x1_0_nnn_align8_warpspecialized_epi_nosmem,passed,success,universal,384,1024,4096,f16:column,f16:column,f16:column,f16:column,1,0,serial,1,1,heuristic,invalid,invalid,false,false,1,tensorop,f32,128,128,64,2,1,1,0,0,0,7,4,1,1,64,128,16,90,90,12320768,3222011904,261,0.0257002,446.48,125369
3,CUTLASS,gemm,cutlass3x_sm90_tensorop_s64x128x16gemm_f16_f16_f32_f16_f16_128x128x64_2x1x1_0_nnn_align8_warpspecialized_pingpong_epi_tma,passed,success,universal,384,1024,4096,f16:column,f16:column,f16:column,f16:column,1,0,serial,1,1,heuristic,invalid,invalid,false,false,1,tensorop,f32,128,128,64,2,1,1,0,0,0,6,4,1,1,64,128,16,90,90,12320768,3222011904,261,0.025585,448.49,125934
3,CUTLASS,gemm,cutlass3x_sm90_tensorop_s64x128x16gemm_f16_f16_f32_f16_f16_128x128x64_2x1x1_0_nnn_align8_warpspecialized_pingpong_epi_nosmem,passed,success,universal,384,1024,4096,f16:column,f16:column,f16:column,f16:column,1,0,serial,1,1,heuristic,invalid,invalid,false,false,1,tensorop,f32,128,128,64,2,1,1,0,0,0,7,4,1,1,64,128,16,90,90,12320768,3222011904,261,0.026288,436.496,122566
3,CUTLASS,gemm,cutlass3x_sm90_tensorop_s64x128x16gemm_f16_f16_f32_f16_f16_128x128x64_2x1x1_0_nnn_align8_warpspecialized_cooperative_epi_nosmem,passed,success,universal,384,1024,4096,f16:column,f16:column,f16:column,f16:column,1,0,serial,1,1,heuristic,invalid,invalid,false,false,1,tensorop,f32,128,128,64,2,1,1,0,0,0,7,4,2,1,64,128,16,90,90,12320768,3222011904,261,0.0261626,438.589,123154
3,CUTLASS,gemm,cutlass3x_sm90_tensorop_s64x128x16gemm_f16_f16_f32_f16_f16_128x128x64_2x1x1_0_nnn_align8_warpspecialized_cooperative_epi_tma,passed,success,universal,384,1024,4096,f16:column,f16:column,f16:column,f16:column,1,0,serial,1,1,heuristic,invalid,invalid,false,false,1,tensorop,f32,128,128,64,2,1,1,0,0,0,6,4,2,1,64,128,16,90,90,12320768,3222011904,261,0.0248842,461.121,129480
3,CUTLASS,gemm,cutlass3x_sm90_tensorop_s64x128x16gemm_f16_f16_f32_f16_f16_128x128x64_2x1x1_0_nnn_align8_stream_k_warpspecialized_cooperative_epi_nosmem,passed,success,universal,384,1024,4096,f16:column,f16:column,f16:column,f16:column,1,0,serial,1,1,heuristic,invalid,invalid,false,false,1,tensorop,f32,128,128,64,2,1,1,0,0,0,7,4,2,1,64,128,16,90,90,12320768,3222011904,261,0.024208,474.001,133097
3,CUTLASS,gemm,cutlass3x_sm90_tensorop_s64x128x16gemm_f16_f16_f32_f16_f16_128x128x64_2x1x1_0_nnn_align8_stream_k_warpspecialized_cooperative_epi_tma,passed,success,universal,384,1024,4096,f16:column,f16:column,f16:column,f16:column,1,0,serial,1,1,heuristic,invalid,invalid,false,false,1,tensorop,f32,128,128,64,2,1,1,0,0,0,6,4,2,1,64,128,16,90,90,12320768,3222011904,261,0.0238326,481.466,135193
4,CUTLASS,gemm,cutlass_tensorop_f16_s1688gemm_f16_256x128_32x2_nn_align8,passed,success,universal,512,1024,4096,f16:column,f16:column,f16:column,f16:column,1,0,serial,1,1,heuristic,invalid,invalid,false,false,1,tensorop,f32,256,128,32,1,1,1,0,0,0,2,4,2,1,16,8,8,75,1024,13631488,4296015872,315,0.162822,77.9703,26384.7
4,CUTLASS,gemm,cutlass_tensorop_f16_s16816gemm_f16_256x128_32x3_nn_align8,passed,success,universal,512,1024,4096,f16:column,f16:column,f16:column,f16:column,1,0,serial,1,1,heuristic,invalid,invalid,false,false,1,tensorop,f32,256,128,32,1,1,1,0,0,0,3,4,2,1,16,8,16,80,1024,13631488,4296015872,315,0.0725325,175.029,59228.9
4,CUTLASS,gemm,cutlass3x_sm90_tensorop_s64x128x16gemm_f16_f16_f32_f16_f16_128x128x64_1x2x1_0_nnn_align8,passed,success,universal,512,1024,4096,f16:column,f16:column,f16:column,f16:column,1,0,serial,1,1,heuristic,invalid,invalid,false,false,1,tensorop,f32,128,128,64,1,2,1,0,0,0,7,4,2,1,64,128,16,90,90,13631488,4296015872,315,0.0257306,493.394,166962
4,CUTLASS,gemm,cutlass3x_sm90_tensorop_s64x128x16gemm_f16_f16_f32_f16_f16_128x128x64_1x2x1_0_nnn_align8_warpspecialized_epi_nosmem,passed,success,universal,512,1024,4096,f16:column,f16:column,f16:column,f16:column,1,0,serial,1,1,heuristic,invalid,invalid,false,false,1,tensorop,f32,128,128,64,1,2,1,0,0,0,7,4,1,1,64,128,16,90,90,13631488,4296015872,315,0.0253158,501.477,169697
4,CUTLASS,gemm,cutlass3x_sm90_tensorop_s64x128x16gemm_f16_f16_f32_f16_f16_128x128x64_1x2x1_0_nnn_align8_warpspecialized_pingpong_epi_tma,passed,success,universal,512,1024,4096,f16:column,f16:column,f16:column,f16:column,1,0,serial,1,1,heuristic,invalid,invalid,false,false,1,tensorop,f32,128,128,64,1,2,1,0,0,0,6,4,1,1,64,128,16,90,90,13631488,4296015872,315,0.0256739,494.483,167330
4,CUTLASS,gemm,cutlass3x_sm90_tensorop_s64x128x16gemm_f16_f16_f32_f16_f16_128x128x64_1x2x1_0_nnn_align8_warpspecialized_pingpong_epi_nosmem,passed,success,universal,512,1024,4096,f16:column,f16:column,f16:column,f16:column,1,0,serial,1,1,heuristic,invalid,invalid,false,false,1,tensorop,f32,128,128,64,1,2,1,0,0,0,7,4,1,1,64,128,16,90,90,13631488,4296015872,315,0.0254496,498.841,168805
4,CUTLASS,gemm,cutlass3x_sm90_tensorop_s64x128x16gemm_f16_f16_f32_f16_f16_128x128x64_1x2x1_0_nnn_align8_warpspecialized_cooperative_epi_nosmem,passed,success,universal,512,1024,4096,f16:column,f16:column,f16:column,f16:column,1,0,serial,1,1,heuristic,invalid,invalid,false,false,1,tensorop,f32,128,128,64,1,2,1,0,0,0,7,4,2,1,64,128,16,90,90,13631488,4296015872,315,0.0257862,492.329,166601
4,CUTLASS,gemm,cutlass3x_sm90_tensorop_s64x128x16gemm_f16_f16_f32_f16_f16_128x128x64_1x2x1_0_nnn_align8_warpspecialized_cooperative_epi_tma,passed,success,universal,512,1024,4096,f16:column,f16:column,f16:column,f16:column,1,0,serial,1,1,heuristic,invalid,invalid,false,false,1,tensorop,f32,128,128,64,1,2,1,0,0,0,6,4,2,1,64,128,16,90,90,13631488,4296015872,315,0.0249574,508.678,172134
4,CUTLASS,gemm,cutlass3x_sm90_tensorop_s64x128x16gemm_f16_f16_f32_f16_f16_128x128x64_1x2x1_0_nnn_align8_stream_k_warpspecialized_cooperative_epi_nosmem,passed,success,universal,512,1024,4096,f16:column,f16:column,f16:column,f16:column,1,0,serial,1,1,heuristic,invalid,invalid,false,false,1,tensorop,f32,128,128,64,1,2,1,0,0,0,7,4,2,1,64,128,16,90,90,13631488,4296015872,315,0.0236038,537.849,182005
4,CUTLASS,gemm,cutlass3x_sm90_tensorop_s64x128x16gemm_f16_f16_f32_f16_f16_128x128x64_1x2x1_0_nnn_align8_stream_k_warpspecialized_cooperative_epi_tma,passed,success,universal,512,1024,4096,f16:column,f16:column,f16:column,f16:column,1,0,serial,1,1,heuristic,invalid,invalid,false,false,1,tensorop,f32,128,128,64,1,2,1,0,0,0,6,4,2,1,64,128,16,90,90,13631488,4296015872,315,0.0228595,555.362,187931
4,CUTLASS,gemm,cutlass3x_sm90_tensorop_s64x128x16gemm_f16_f16_f32_f16_f16_128x128x64_2x1x1_0_nnn_align8,passed,success,universal,512,1024,4096,f16:column,f16:column,f16:column,f16:column,1,0,serial,1,1,heuristic,invalid,invalid,false,false,1,tensorop,f32,128,128,64,2,1,1,0,0,0,7,4,2,1,64,128,16,90,90,13631488,4296015872,315,0.0260502,487.34,164913
4,CUTLASS,gemm,cutlass3x_sm90_tensorop_s64x128x16gemm_f16_f16_f32_f16_f16_128x128x64_2x1x1_0_nnn_align8_warpspecialized_epi_nosmem,passed,success,universal,512,1024,4096,f16:column,f16:column,f16:column,f16:column,1,0,serial,1,1,heuristic,invalid,invalid,false,false,1,tensorop,f32,128,128,64,2,1,1,0,0,0,7,4,1,1,64,128,16,90,90,13631488,4296015872,315,0.0254006,499.803,169130
4,CUTLASS,gemm,cutlass3x_sm90_tensorop_s64x128x16gemm_f16_f16_f32_f16_f16_128x128x64_2x1x1_0_nnn_align8_warpspecialized_pingpong_epi_tma,passed,success,universal,512,1024,4096,f16:column,f16:column,f16:column,f16:column,1,0,serial,1,1,heuristic,invalid,invalid,false,false,1,tensorop,f32,128,128,64,2,1,1,0,0,0,6,4,1,1,64,128,16,90,90,13631488,4296015872,315,0.025721,493.578,167024
4,CUTLASS,gemm,cutlass3x_sm90_tensorop_s64x128x16gemm_f16_f16_f32_f16_f16_128x128x64_2x1x1_0_nnn_align8_warpspecialized_pingpong_epi_nosmem,passed,success,universal,512,1024,4096,f16:column,f16:column,f16:column,f16:column,1,0,serial,1,1,heuristic,invalid,invalid,false,false,1,tensorop,f32,128,128,64,2,1,1,0,0,0,7,4,1,1,64,128,16,90,90,13631488,4296015872,315,0.0255872,496.159,167897
4,CUTLASS,gemm,cutlass3x_sm90_tensorop_s64x128x16gemm_f16_f16_f32_f16_f16_128x128x64_2x1x1_0_nnn_align8_warpspecialized_cooperative_epi_nosmem,passed,success,universal,512,1024,4096,f16:column,f16:column,f16:column,f16:column,1,0,serial,1,1,heuristic,invalid,invalid,false,false,1,tensorop,f32,128,128,64,2,1,1,0,0,0,7,4,2,1,64,128,16,90,90,13631488,4296015872,315,0.026159,485.313,164227
4,CUTLASS,gemm,cutlass3x_sm90_tensorop_s64x128x16gemm_f16_f16_f32_f16_f16_128x128x64_2x1x1_0_nnn_align8_warpspecialized_cooperative_epi_tma,passed,success,universal,512,1024,4096,f16:column,f16:column,f16:column,f16:column,1,0,serial,1,1,heuristic,invalid,invalid,false,false,1,tensorop,f32,128,128,64,2,1,1,0,0,0,6,4,2,1,64,128,16,90,90,13631488,4296015872,315,0.0250563,506.671,171454
4,CUTLASS,gemm,cutlass3x_sm90_tensorop_s64x128x16gemm_f16_f16_f32_f16_f16_128x128x64_2x1x1_0_nnn_align8_stream_k_warpspecialized_cooperative_epi_nosmem,passed,success,universal,512,1024,4096,f16:column,f16:column,f16:column,f16:column,1,0,serial,1,1,heuristic,invalid,invalid,false,false,1,tensorop,f32,128,128,64,2,1,1,0,0,0,7,4,2,1,64,128,16,90,90,13631488,4296015872,315,0.0228918,554.578,187666
4,CUTLASS,gemm,cutlass3x_sm90_tensorop_s64x128x16gemm_f16_f16_f32_f16_f16_128x128x64_2x1x1_0_nnn_align8_stream_k_warpspecialized_cooperative_epi_tma,passed,success,universal,512,1024,4096,f16:column,f16:column,f16:column,f16:column,1,0,serial,1,1,heuristic,invalid,invalid,false,false,1,tensorop,f32,128,128,64,2,1,1,0,0,0,6,4,2,1,64,128,16,90,90,13631488,4296015872,315,0.0224096,566.512,191704
5,CUTLASS,gemm,cutlass_tensorop_f16_s1688gemm_f16_256x128_32x2_nn_align8,passed,success,universal,640,1024,4096,f16:column,f16:column,f16:column,f16:column,1,0,serial,1,1,heuristic,invalid,invalid,false,false,1,tensorop,f32,256,128,32,1,1,1,0,0,0,2,4,2,1,16,8,8,75,1024,14942208,5370019840,359,0.161906,85.9514,33167.6
5,CUTLASS,gemm,cutlass_tensorop_f16_s16816gemm_f16_256x128_32x3_nn_align8,passed,success,universal,640,1024,4096,f16:column,f16:column,f16:column,f16:column,1,0,serial,1,1,heuristic,invalid,invalid,false,false,1,tensorop,f32,256,128,32,1,1,1,0,0,0,3,4,2,1,16,8,16,80,1024,14942208,5370019840,359,0.0727622,191.253,73802.3
5,CUTLASS,gemm,cutlass3x_sm90_tensorop_s64x128x16gemm_f16_f16_f32_f16_f16_128x128x64_1x2x1_0_nnn_align8,passed,success,universal,640,1024,4096,f16:column,f16:column,f16:column,f16:column,1,0,serial,1,1,heuristic,invalid,invalid,false,false,1,tensorop,f32,128,128,64,1,2,1,0,0,0,7,4,2,1,64,128,16,90,90,14942208,5370019840,359,0.02636,527.922,203719
5,CUTLASS,gemm,cutlass3x_sm90_tensorop_s64x128x16gemm_f16_f16_f32_f16_f16_128x128x64_1x2x1_0_nnn_align8_warpspecialized_epi_nosmem,passed,success,universal,640,1024,4096,f16:column,f16:column,f16:column,f16:column,1,0,serial,1,1,heuristic,invalid,invalid,false,false,1,tensorop,f32,128,128,64,1,2,1,0,0,0,7,4,1,1,64,128,16,90,90,14942208,5370019840,359,0.0257814,539.769,208290
5,CUTLASS,gemm,cutlass3x_sm90_tensorop_s64x128x16gemm_f16_f16_f32_f16_f16_128x128x64_1x2x1_0_nnn_align8_warpspecialized_pingpong_epi_tma,passed,success,universal,640,1024,4096,f16:column,f16:column,f16:column,f16:column,1,0,serial,1,1,heuristic,invalid,invalid,false,false,1,tensorop,f32,128,128,64,1,2,1,0,0,0,6,4,1,1,64,128,16,90,90,14942208,5370019840,359,0.0256426,542.692,209418
5,CUTLASS,gemm,cutlass3x_sm90_tensorop_s64x128x16gemm_f16_f16_f32_f16_f16_128x128x64_1x2x1_0_nnn_align8_warpspecialized_pingpong_epi_nosmem,passed,success,universal,640,1024,4096,f16:column,f16:column,f16:column,f16:column,1,0,serial,1,1,heuristic,invalid,invalid,false,false,1,tensorop,f32,128,128,64,1,2,1,0,0,0,7,4,1,1,64,128,16,90,90,14942208,5370019840,359,0.0263731,527.659,203617
5,CUTLASS,gemm,cutlass3x_sm90_tensorop_s64x128x16gemm_f16_f16_f32_f16_f16_128x128x64_1x2x1_0_nnn_align8_warpspecialized_cooperative_epi_nosmem,passed,success,universal,640,1024,4096,f16:column,f16:column,f16:column,f16:column,1,0,serial,1,1,heuristic,invalid,invalid,false,false,1,tensorop,f32,128,128,64,1,2,1,0,0,0,7,4,2,1,64,128,16,90,90,14942208,5370019840,359,0.0263114,528.898,204095
5,CUTLASS,gemm,cutlass3x_sm90_tensorop_s64x128x16gemm_f16_f16_f32_f16_f16_128x128x64_1x2x1_0_nnn_align8_warpspecialized_cooperative_epi_tma,passed,success,universal,640,1024,4096,f16:column,f16:column,f16:column,f16:column,1,0,serial,1,1,heuristic,invalid,invalid,false,false,1,tensorop,f32,128,128,64,1,2,1,0,0,0,6,4,2,1,64,128,16,90,90,14942208,5370019840,359,0.0251104,554.193,213856
5,CUTLASS,gemm,cutlass3x_sm90_tensorop_s64x128x16gemm_f16_f16_f32_f16_f16_128x128x64_1x2x1_0_nnn_align8_stream_k_warpspecialized_cooperative_epi_nosmem,passed,success,universal,640,1024,4096,f16:column,f16:column,f16:column,f16:column,1,0,serial,1,1,heuristic,invalid,invalid,false,false,1,tensorop,f32,128,128,64,1,2,1,0,0,0,7,4,2,1,64,128,16,90,90,14942208,5370019840,359,0.0246909,563.61,217490
5,CUTLASS,gemm,cutlass3x_sm90_tensorop_s64x128x16gemm_f16_f16_f32_f16_f16_128x128x64_1x2x1_0_nnn_align8_stream_k_warpspecialized_cooperative_epi_tma,passed,success,universal,640,1024,4096,f16:column,f16:column,f16:column,f16:column,1,0,serial,1,1,heuristic,invalid,invalid,false,false,1,tensorop,f32,128,128,64,1,2,1,0,0,0,6,4,2,1,64,128,16,90,90,14942208,5370019840,359,0.0239347,581.415,224361
5,CUTLASS,gemm,cutlass3x_sm90_tensorop_s64x128x16gemm_f16_f16_f32_f16_f16_128x128x64_2x1x1_0_nnn_align8,passed,success,universal,640,1024,4096,f16:column,f16:column,f16:column,f16:column,1,0,serial,1,1,heuristic,invalid,invalid,false,false,1,tensorop,f32,128,128,64,2,1,1,0,0,0,7,4,2,1,64,128,16,90,90,14942208,5370019840,359,0.0268742,517.82,199820
5,CUTLASS,gemm,cutlass3x_sm90_tensorop_s64x128x16gemm_f16_f16_f32_f16_f16_128x128x64_2x1x1_0_nnn_align8_warpspecialized_epi_nosmem,passed,success,universal,640,1024,4096,f16:column,f16:column,f16:column,f16:column,1,0,serial,1,1,heuristic,invalid,invalid,false,false,1,tensorop,f32,128,128,64,2,1,1,0,0,0,7,4,1,1,64,128,16,90,90,14942208,5370019840,359,0.0264547,526.031,202989
5,CUTLASS,gemm,cutlass3x_sm90_tensorop_s64x128x16gemm_f16_f16_f32_f16_f16_128x128x64_2x1x1_0_nnn_align8_warpspecialized_pingpong_epi_tma,passed,success,universal,640,1024,4096,f16:column,f16:column,f16:column,f16:column,1,0,serial,1,1,heuristic,invalid,invalid,false,false,1,tensorop,f32,128,128,64,2,1,1,0,0,0,6,4,1,1,64,128,16,90,90,14942208,5370019840,359,0.0263766,527.589,203590
5,CUTLASS,gemm,cutlass3x_sm90_tensorop_s64x128x16gemm_f16_f16_f32_f16_f16_128x128x64_2x1x1_0_nnn_align8_warpspecialized_pingpong_epi_nosmem,passed,success,universal,640,1024,4096,f16:column,f16:column,f16:column,f16:column,1,0,serial,1,1,heuristic,invalid,invalid,false,false,1,tensorop,f32,128,128,64,2,1,1,0,0,0,7,4,1,1,64,128,16,90,90,14942208,5370019840,359,0.0269722,515.94,199095
5,CUTLASS,gemm,cutlass3x_sm90_tensorop_s64x128x16gemm_f16_f16_f32_f16_f16_128x128x64_2x1x1_0_nnn_align8_warpspecialized_cooperative_epi_nosmem,passed,success,universal,640,1024,4096,f16:column,f16:column,f16:column,f16:column,1,0,serial,1,1,heuristic,invalid,invalid,false,false,1,tensorop,f32,128,128,64,2,1,1,0,0,0,7,4,2,1,64,128,16,90,90,14942208,5370019840,359,0.0269798,515.793,199038
5,CUTLASS,gemm,cutlass3x_sm90_tensorop_s64x128x16gemm_f16_f16_f32_f16_f16_128x128x64_2x1x1_0_nnn_align8_warpspecialized_cooperative_epi_tma,passed,success,universal,640,1024,4096,f16:column,f16:column,f16:column,f16:column,1,0,serial,1,1,heuristic,invalid,invalid,false,false,1,tensorop,f32,128,128,64,2,1,1,0,0,0,6,4,2,1,64,128,16,90,90,14942208,5370019840,359,0.025672,542.07,209178
5,CUTLASS,gemm,cutlass3x_sm90_tensorop_s64x128x16gemm_f16_f16_f32_f16_f16_128x128x64_2x1x1_0_nnn_align8_stream_k_warpspecialized_cooperative_epi_nosmem,passed,success,universal,640,1024,4096,f16:column,f16:column,f16:column,f16:column,1,0,serial,1,1,heuristic,invalid,invalid,false,false,1,tensorop,f32,128,128,64,2,1,1,0,0,0,7,4,2,1,64,128,16,90,90,14942208,5370019840,359,0.0276858,502.642,193963
5,CUTLASS,gemm,cutlass3x_sm90_tensorop_s64x128x16gemm_f16_f16_f32_f16_f16_128x128x64_2x1x1_0_nnn_align8_stream_k_warpspecialized_cooperative_epi_tma,passed,success,universal,640,1024,4096,f16:column,f16:column,f16:column,f16:column,1,0,serial,1,1,heuristic,invalid,invalid,false,false,1,tensorop,f32,128,128,64,2,1,1,0,0,0,6,4,2,1,64,128,16,90,90,14942208,5370019840,359,0.0276198,503.841,194426
6,CUTLASS,gemm,cutlass_tensorop_f16_s1688gemm_f16_256x128_32x2_nn_align8,passed,success,universal,768,1024,4096,f16:column,f16:column,f16:column,f16:column,1,0,serial,1,1,heuristic,invalid,invalid,false,false,1,tensorop,f32,256,128,32,1,1,1,0,0,0,2,4,2,1,16,8,8,75,1024,16252928,6444023808,396,0.161378,93.7967,39931.3
6,CUTLASS,gemm,cutlass_tensorop_f16_s16816gemm_f16_256x128_32x3_nn_align8,passed,success,universal,768,1024,4096,f16:column,f16:column,f16:column,f16:column,1,0,serial,1,1,heuristic,invalid,invalid,false,false,1,tensorop,f32,256,128,32,1,1,1,0,0,0,3,4,2,1,16,8,16,80,1024,16252928,6444023808,396,0.0729142,207.596,88378.1
6,CUTLASS,gemm,cutlass3x_sm90_tensorop_s64x128x16gemm_f16_f16_f32_f16_f16_128x128x64_1x2x1_0_nnn_align8,passed,success,universal,768,1024,4096,f16:column,f16:column,f16:column,f16:column,1,0,serial,1,1,heuristic,invalid,invalid,false,false,1,tensorop,f32,128,128,64,1,2,1,0,0,0,7,4,2,1,64,128,16,90,90,16252928,6444023808,396,0.0263152,575.208,244878
6,CUTLASS,gemm,cutlass3x_sm90_tensorop_s64x128x16gemm_f16_f16_f32_f16_f16_128x128x64_1x2x1_0_nnn_align8_warpspecialized_epi_nosmem,passed,success,universal,768,1024,4096,f16:column,f16:column,f16:column,f16:column,1,0,serial,1,1,heuristic,invalid,invalid,false,false,1,tensorop,f32,128,128,64,1,2,1,0,0,0,7,4,1,1,64,128,16,90,90,16252928,6444023808,396,0.0257747,587.27,250013
6,CUTLASS,gemm,cutlass3x_sm90_tensorop_s64x128x16gemm_f16_f16_f32_f16_f16_128x128x64_1x2x1_0_nnn_align8_warpspecialized_pingpong_epi_tma,passed,success,universal,768,1024,4096,f16:column,f16:column,f16:column,f16:column,1,0,serial,1,1,heuristic,invalid,invalid,false,false,1,tensorop,f32,128,128,64,1,2,1,0,0,0,6,4,1,1,64,128,16,90,90,16252928,6444023808,396,0.0257027,588.915,250714
6,CUTLASS,gemm,cutlass3x_sm90_tensorop_s64x128x16gemm_f16_f16_f32_f16_f16_128x128x64_1x2x1_0_nnn_align8_warpspecialized_pingpong_epi_nosmem,passed,success,universal,768,1024,4096,f16:column,f16:column,f16:column,f16:column,1,0,serial,1,1,heuristic,invalid,invalid,false,false,1,tensorop,f32,128,128,64,1,2,1,0,0,0,7,4,1,1,64,128,16,90,90,16252928,6444023808,396,0.0265904,569.255,242344
6,CUTLASS,gemm,cutlass3x_sm90_tensorop_s64x128x16gemm_f16_f16_f32_f16_f16_128x128x64_1x2x1_0_nnn_align8_warpspecialized_cooperative_epi_nosmem,passed,success,universal,768,1024,4096,f16:column,f16:column,f16:column,f16:column,1,0,serial,1,1,heuristic,invalid,invalid,false,false,1,tensorop,f32,128,128,64,1,2,1,0,0,0,7,4,2,1,64,128,16,90,90,16252928,6444023808,396,0.0262928,575.698,245087
6,CUTLASS,gemm,cutlass3x_sm90_tensorop_s64x128x16gemm_f16_f16_f32_f16_f16_128x128x64_1x2x1_0_nnn_align8_warpspecialized_cooperative_epi_tma,passed,success,universal,768,1024,4096,f16:column,f16:column,f16:column,f16:column,1,0,serial,1,1,heuristic,invalid,invalid,false,false,1,tensorop,f32,128,128,64,1,2,1,0,0,0,6,4,2,1,64,128,16,90,90,16252928,6444023808,396,0.0247901,610.596,259944
6,CUTLASS,gemm,cutlass3x_sm90_tensorop_s64x128x16gemm_f16_f16_f32_f16_f16_128x128x64_1x2x1_0_nnn_align8_stream_k_warpspecialized_cooperative_epi_nosmem,passed,success,universal,768,1024,4096,f16:column,f16:column,f16:column,f16:column,1,0,serial,1,1,heuristic,invalid,invalid,false,false,1,tensorop,f32,128,128,64,1,2,1,0,0,0,7,4,2,1,64,128,16,90,90,16252928,6444023808,396,0.0245562,616.412,262420
6,CUTLASS,gemm,cutlass3x_sm90_tensorop_s64x128x16gemm_f16_f16_f32_f16_f16_128x128x64_1x2x1_0_nnn_align8_stream_k_warpspecialized_cooperative_epi_tma,passed,success,universal,768,1024,4096,f16:column,f16:column,f16:column,f16:column,1,0,serial,1,1,heuristic,invalid,invalid,false,false,1,tensorop,f32,128,128,64,1,2,1,0,0,0,6,4,2,1,64,128,16,90,90,16252928,6444023808,396,0.0237814,636.493,270969
6,CUTLASS,gemm,cutlass3x_sm90_tensorop_s64x128x16gemm_f16_f16_f32_f16_f16_128x128x64_2x1x1_0_nnn_align8,passed,success,universal,768,1024,4096,f16:column,f16:column,f16:column,f16:column,1,0,serial,1,1,heuristic,invalid,invalid,false,false,1,tensorop,f32,128,128,64,2,1,1,0,0,0,7,4,2,1,64,128,16,90,90,16252928,6444023808,396,0.0265104,570.973,243075
6,CUTLASS,gemm,cutlass3x_sm90_tensorop_s64x128x16gemm_f16_f16_f32_f16_f16_128x128x64_2x1x1_0_nnn_align8_warpspecialized_epi_nosmem,passed,success,universal,768,1024,4096,f16:column,f16:column,f16:column,f16:column,1,0,serial,1,1,heuristic,invalid,invalid,false,false,1,tensorop,f32,128,128,64,2,1,1,0,0,0,7,4,1,1,64,128,16,90,90,16252928,6444023808,396,0.0258403,585.779,249379
6,CUTLASS,gemm,cutlass3x_sm90_tensorop_s64x128x16gemm_f16_f16_f32_f16_f16_128x128x64_2x1x1_0_nnn_align8_warpspecialized_pingpong_epi_tma,passed,success,universal,768,1024,4096,f16:column,f16:column,f16:column,f16:column,1,0,serial,1,1,heuristic,invalid,invalid,false,false,1,tensorop,f32,128,128,64,2,1,1,0,0,0,6,4,1,1,64,128,16,90,90,16252928,6444023808,396,0.0256998,588.981,250742
6,CUTLASS,gemm,cutlass3x_sm90_tensorop_s64x128x16gemm_f16_f16_f32_f16_f16_128x128x64_2x1x1_0_nnn_align8_warpspecialized_pingpong_epi_nosmem,passed,success,universal,768,1024,4096,f16:column,f16:column,f16:column,f16:column,1,0,serial,1,1,heuristic,invalid,invalid,false,false,1,tensorop,f32,128,128,64,2,1,1,0,0,0,7,4,1,1,64,128,16,90,90,16252928,6444023808,396,0.0264477,572.327,243652
6,CUTLASS,gemm,cutlass3x_sm90_tensorop_s64x128x16gemm_f16_f16_f32_f16_f16_128x128x64_2x1x1_0_nnn_align8_warpspecialized_cooperative_epi_nosmem,passed,success,universal,768,1024,4096,f16:column,f16:column,f16:column,f16:column,1,0,serial,1,1,heuristic,invalid,invalid,false,false,1,tensorop,f32,128,128,64,2,1,1,0,0,0,7,4,2,1,64,128,16,90,90,16252928,6444023808,396,0.0265405,570.326,242800
6,CUTLASS,gemm,cutlass3x_sm90_tensorop_s64x128x16gemm_f16_f16_f32_f16_f16_128x128x64_2x1x1_0_nnn_align8_warpspecialized_cooperative_epi_tma,passed,success,universal,768,1024,4096,f16:column,f16:column,f16:column,f16:column,1,0,serial,1,1,heuristic,invalid,invalid,false,false,1,tensorop,f32,128,128,64,2,1,1,0,0,0,6,4,2,1,64,128,16,90,90,16252928,6444023808,396,0.0250918,603.253,256818
6,CUTLASS,gemm,cutlass3x_sm90_tensorop_s64x128x16gemm_f16_f16_f32_f16_f16_128x128x64_2x1x1_0_nnn_align8_stream_k_warpspecialized_cooperative_epi_nosmem,passed,success,universal,768,1024,4096,f16:column,f16:column,f16:column,f16:column,1,0,serial,1,1,heuristic,invalid,invalid,false,false,1,tensorop,f32,128,128,64,2,1,1,0,0,0,7,4,2,1,64,128,16,90,90,16252928,6444023808,396,0.0257443,587.963,250309
6,CUTLASS,gemm,cutlass3x_sm90_tensorop_s64x128x16gemm_f16_f16_f32_f16_f16_128x128x64_2x1x1_0_nnn_align8_stream_k_warpspecialized_cooperative_epi_tma,passed,success,universal,768,1024,4096,f16:column,f16:column,f16:column,f16:column,1,0,serial,1,1,heuristic,invalid,invalid,false,false,1,tensorop,f32,128,128,64,2,1,1,0,0,0,6,4,2,1,64,128,16,90,90,16252928,6444023808,396,0.0248918,608.1,258881
7,CUTLASS,gemm,cutlass_tensorop_f16_s1688gemm_f16_256x128_32x2_nn_align8,passed,success,universal,896,1024,4096,f16:column,f16:column,f16:column,f16:column,1,0,serial,1,1,heuristic,invalid,invalid,false,false,1,tensorop,f32,256,128,32,1,1,1,0,0,0,2,4,2,1,16,8,8,75,1024,17563648,7518027776,428,0.160918,101.65,46719.5
7,CUTLASS,gemm,cutlass_tensorop_f16_s16816gemm_f16_256x128_32x3_nn_align8,passed,success,universal,896,1024,4096,f16:column,f16:column,f16:column,f16:column,1,0,serial,1,1,heuristic,invalid,invalid,false,false,1,tensorop,f32,256,128,32,1,1,1,0,0,0,3,4,2,1,16,8,16,80,1024,17563648,7518027776,428,0.0726717,225.087,103452
7,CUTLASS,gemm,cutlass3x_sm90_tensorop_s64x128x16gemm_f16_f16_f32_f16_f16_128x128x64_1x2x1_0_nnn_align8,passed,success,universal,896,1024,4096,f16:column,f16:column,f16:column,f16:column,1,0,serial,1,1,heuristic,invalid,invalid,false,false,1,tensorop,f32,128,128,64,1,2,1,0,0,0,7,4,2,1,64,128,16,90,90,17563648,7518027776,428,0.0265107,617.012,283584
7,CUTLASS,gemm,cutlass3x_sm90_tensorop_s64x128x16gemm_f16_f16_f32_f16_f16_128x128x64_1x2x1_0_nnn_align8_warpspecialized_epi_nosmem,passed,success,universal,896,1024,4096,f16:column,f16:column,f16:column,f16:column,1,0,serial,1,1,heuristic,invalid,invalid,false,false,1,tensorop,f32,128,128,64,1,2,1,0,0,0,7,4,1,1,64,128,16,90,90,17563648,7518027776,428,0.0259814,629.581,289361
7,CUTLASS,gemm,cutlass3x_sm90_tensorop_s64x128x16gemm_f16_f16_f32_f16_f16_128x128x64_1x2x1_0_nnn_align8_warpspecialized_pingpong_epi_tma,passed,success,universal,896,1024,4096,f16:column,f16:column,f16:column,f16:column,1,0,serial,1,1,heuristic,invalid,invalid,false,false,1,tensorop,f32,128,128,64,1,2,1,0,0,0,6,4,1,1,64,128,16,90,90,17563648,7518027776,428,0.0254515,642.689,295386
7,CUTLASS,gemm,cutlass3x_sm90_tensorop_s64x128x16gemm_f16_f16_f32_f16_f16_128x128x64_1x2x1_0_nnn_align8_warpspecialized_pingpong_epi_nosmem,passed,success,universal,896,1024,4096,f16:column,f16:column,f16:column,f16:column,1,0,serial,1,1,heuristic,invalid,invalid,false,false,1,tensorop,f32,128,128,64,1,2,1,0,0,0,7,4,1,1,64,128,16,90,90,17563648,7518027776,428,0.0268346,609.566,280162
7,CUTLASS,gemm,cutlass3x_sm90_tensorop_s64x128x16gemm_f16_f16_f32_f16_f16_128x128x64_1x2x1_0_nnn_align8_warpspecialized_cooperative_epi_nosmem,passed,success,universal,896,1024,4096,f16:column,f16:column,f16:column,f16:column,1,0,serial,1,1,heuristic,invalid,invalid,false,false,1,tensorop,f32,128,128,64,1,2,1,0,0,0,7,4,2,1,64,128,16,90,90,17563648,7518027776,428,0.0265344,616.461,283331
7,CUTLASS,gemm,cutlass3x_sm90_tensorop_s64x128x16gemm_f16_f16_f32_f16_f16_128x128x64_1x2x1_0_nnn_align8_warpspecialized_cooperative_epi_tma,passed,success,universal,896,1024,4096,f16:column,f16:column,f16:column,f16:column,1,0,serial,1,1,heuristic,invalid,invalid,false,false,1,tensorop,f32,128,128,64,1,2,1,0,0,0,6,4,2,1,64,128,16,90,90,17563648,7518027776,428,0.024784,659.999,303342
7,CUTLASS,gemm,cutlass3x_sm90_tensorop_s64x128x16gemm_f16_f16_f32_f16_f16_128x128x64_1x2x1_0_nnn_align8_stream_k_warpspecialized_cooperative_epi_nosmem,passed,success,universal,896,1024,4096,f16:column,f16:column,f16:column,f16:column,1,0,serial,1,1,heuristic,invalid,invalid,false,false,1,tensorop,f32,128,128,64,1,2,1,0,0,0,7,4,2,1,64,128,16,90,90,17563648,7518027776,428,0.027353,598.013,274852
7,CUTLASS,gemm,cutlass3x_sm90_tensorop_s64x128x16gemm_f16_f16_f32_f16_f16_128x128x64_1x2x1_0_nnn_align8_stream_k_warpspecialized_cooperative_epi_tma,passed,success,universal,896,1024,4096,f16:column,f16:column,f16:column,f16:column,1,0,serial,1,1,heuristic,invalid,invalid,false,false,1,tensorop,f32,128,128,64,1,2,1,0,0,0,6,4,2,1,64,128,16,90,90,17563648,7518027776,428,0.0259254,630.941,289986
7,CUTLASS,gemm,cutlass3x_sm90_tensorop_s64x128x16gemm_f16_f16_f32_f16_f16_128x128x64_2x1x1_0_nnn_align8,passed,success,universal,896,1024,4096,f16:column,f16:column,f16:column,f16:column,1,0,serial,1,1,heuristic,invalid,invalid,false,false,1,tensorop,f32,128,128,64,2,1,1,0,0,0,7,4,2,1,64,128,16,90,90,17563648,7518027776,428,0.0294074,556.236,255651
7,CUTLASS,gemm,cutlass3x_sm90_tensorop_s64x128x16gemm_f16_f16_f32_f16_f16_128x128x64_2x1x1_0_nnn_align8_warpspecialized_epi_nosmem,passed,success,universal,896,1024,4096,f16:column,f16:column,f16:column,f16:column,1,0,serial,1,1,heuristic,invalid,invalid,false,false,1,tensorop,f32,128,128,64,2,1,1,0,0,0,7,4,1,1,64,128,16,90,90,17563648,7518027776,428,0.0277878,588.654,270551
7,CUTLASS,gemm,cutlass3x_sm90_tensorop_s64x128x16gemm_f16_f16_f32_f16_f16_128x128x64_2x1x1_0_nnn_align8_warpspecialized_pingpong_epi_tma,passed,success,universal,896,1024,4096,f16:column,f16:column,f16:column,f16:column,1,0,serial,1,1,heuristic,invalid,invalid,false,false,1,tensorop,f32,128,128,64,2,1,1,0,0,0,6,4,1,1,64,128,16,90,90,17563648,7518027776,428,0.028176,580.544,266824
7,CUTLASS,gemm,cutlass3x_sm90_tensorop_s64x128x16gemm_f16_f16_f32_f16_f16_128x128x64_2x1x1_0_nnn_align8_warpspecialized_pingpong_epi_nosmem,passed,success,universal,896,1024,4096,f16:column,f16:column,f16:column,f16:column,1,0,serial,1,1,heuristic,invalid,invalid,false,false,1,tensorop,f32,128,128,64,2,1,1,0,0,0,7,4,1,1,64,128,16,90,90,17563648,7518027776,428,0.0297616,549.615,252608
7,CUTLASS,gemm,cutlass3x_sm90_tensorop_s64x128x16gemm_f16_f16_f32_f16_f16_128x128x64_2x1x1_0_nnn_align8_warpspecialized_cooperative_epi_nosmem,passed,success,universal,896,1024,4096,f16:column,f16:column,f16:column,f16:column,1,0,serial,1,1,heuristic,invalid,invalid,false,false,1,tensorop,f32,128,128,64,2,1,1,0,0,0,7,4,2,1,64,128,16,90,90,17563648,7518027776,428,0.0294234,555.933,255512
7,CUTLASS,gemm,cutlass3x_sm90_tensorop_s64x128x16gemm_f16_f16_f32_f16_f16_128x128x64_2x1x1_0_nnn_align8_warpspecialized_cooperative_epi_tma,passed,success,universal,896,1024,4096,f16:column,f16:column,f16:column,f16:column,1,0,serial,1,1,heuristic,invalid,invalid,false,false,1,tensorop,f32,128,128,64,2,1,1,0,0,0,6,4,2,1,64,128,16,90,90,17563648,7518027776,428,0.0276317,591.981,272080
7,CUTLASS,gemm,cutlass3x_sm90_tensorop_s64x128x16gemm_f16_f16_f32_f16_f16_128x128x64_2x1x1_0_nnn_align8_stream_k_warpspecialized_cooperative_epi_nosmem,passed,success,universal,896,1024,4096,f16:column,f16:column,f16:column,f16:column,1,0,serial,1,1,heuristic,invalid,invalid,false,false,1,tensorop,f32,128,128,64,2,1,1,0,0,0,7,4,2,1,64,128,16,90,90,17563648,7518027776,428,0.0286566,570.807,262349
7,CUTLASS,gemm,cutlass3x_sm90_tensorop_s64x128x16gemm_f16_f16_f32_f16_f16_128x128x64_2x1x1_0_nnn_align8_stream_k_warpspecialized_cooperative_epi_tma,passed,success,universal,896,1024,4096,f16:column,f16:column,f16:column,f16:column,1,0,serial,1,1,heuristic,invalid,invalid,false,false,1,tensorop,f32,128,128,64,2,1,1,0,0,0,6,4,2,1,64,128,16,90,90,17563648,7518027776,428,0.0276429,591.741,271970
8,CUTLASS,gemm,cutlass_tensorop_f16_s1688gemm_f16_256x128_32x2_nn_align8,passed,success,universal,1024,1024,4096,f16:column,f16:column,f16:column,f16:column,1,0,serial,1,1,heuristic,invalid,invalid,false,false,1,tensorop,f32,256,128,32,1,1,1,0,0,0,2,4,2,1,16,8,8,75,1024,18874368,8592031744,455,0.160185,109.736,53638.1
8,CUTLASS,gemm,cutlass_tensorop_f16_s16816gemm_f16_256x128_32x3_nn_align8,passed,success,universal,1024,1024,4096,f16:column,f16:column,f16:column,f16:column,1,0,serial,1,1,heuristic,invalid,invalid,false,false,1,tensorop,f32,256,128,32,1,1,1,0,0,0,3,4,2,1,16,8,16,80,1024,18874368,8592031744,455,0.0725344,242.342,118455
8,CUTLASS,gemm,cutlass3x_sm90_tensorop_s64x128x16gemm_f16_f16_f32_f16_f16_128x128x64_1x2x1_0_nnn_align8,passed,success,universal,1024,1024,4096,f16:column,f16:column,f16:column,f16:column,1,0,serial,1,1,heuristic,invalid,invalid,false,false,1,tensorop,f32,128,128,64,1,2,1,0,0,0,7,4,2,1,64,128,16,90,90,18874368,8592031744,455,0.0259366,677.733,331270
8,CUTLASS,gemm,cutlass3x_sm90_tensorop_s64x128x16gemm_f16_f16_f32_f16_f16_128x128x64_1x2x1_0_nnn_align8_warpspecialized_epi_nosmem,passed,success,universal,1024,1024,4096,f16:column,f16:column,f16:column,f16:column,1,0,serial,1,1,heuristic,invalid,invalid,false,false,1,tensorop,f32,128,128,64,1,2,1,0,0,0,7,4,1,1,64,128,16,90,90,18874368,8592031744,455,0.0253837,692.497,338486
8,CUTLASS,gemm,cutlass3x_sm90_tensorop_s64x128x16gemm_f16_f16_f32_f16_f16_128x128x64_1x2x1_0_nnn_align8_warpspecialized_pingpong_epi_tma,passed,success,universal,1024,1024,4096,f16:column,f16:column,f16:column,f16:column,1,0,serial,1,1,heuristic,invalid,invalid,false,false,1,tensorop,f32,128,128,64,1,2,1,0,0,0,6,4,1,1,64,128,16,90,90,18874368,8592031744,455,0.0258829,679.141,331958
8,CUTLASS,gemm,cutlass3x_sm90_tensorop_s64x128x16gemm_f16_f16_f32_f16_f16_128x128x64_1x2x1_0_nnn_align8_warpspecialized_pingpong_epi_nosmem,passed,success,universal,1024,1024,4096,f16:column,f16:column,f16:column,f16:column,1,0,serial,1,1,heuristic,invalid,invalid,false,false,1,tensorop,f32,128,128,64,1,2,1,0,0,0,7,4,1,1,64,128,16,90,90,18874368,8592031744,455,0.0257843,681.737,333227
8,CUTLASS,gemm,cutlass3x_sm90_tensorop_s64x128x16gemm_f16_f16_f32_f16_f16_128x128x64_1x2x1_0_nnn_align8_warpspecialized_cooperative_epi_nosmem,passed,success,universal,1024,1024,4096,f16:column,f16:column,f16:column,f16:column,1,0,serial,1,1,heuristic,invalid,invalid,false,false,1,tensorop,f32,128,128,64,1,2,1,0,0,0,7,4,2,1,64,128,16,90,90,18874368,8592031744,455,0.0258378,680.327,332538
8,CUTLASS,gemm,cutlass3x_sm90_tensorop_s64x128x16gemm_f16_f16_f32_f16_f16_128x128x64_1x2x1_0_nnn_align8_warpspecialized_cooperative_epi_tma,passed,success,universal,1024,1024,4096,f16:column,f16:column,f16:column,f16:column,1,0,serial,1,1,heuristic,invalid,invalid,false,false,1,tensorop,f32,128,128,64,1,2,1,0,0,0,6,4,2,1,64,128,16,90,90,18874368,8592031744,455,0.025064,701.33,342804
8,CUTLASS,gemm,cutlass3x_sm90_tensorop_s64x128x16gemm_f16_f16_f32_f16_f16_128x128x64_1x2x1_0_nnn_align8_stream_k_warpspecialized_cooperative_epi_nosmem,passed,success,universal,1024,1024,4096,f16:column,f16:column,f16:column,f16:column,1,0,serial,1,1,heuristic,invalid,invalid,false,false,1,tensorop,f32,128,128,64,1,2,1,0,0,0,7,4,2,1,64,128,16,90,90,18874368,8592031744,455,0.026209,670.691,327828
8,CUTLASS,gemm,cutlass3x_sm90_tensorop_s64x128x16gemm_f16_f16_f32_f16_f16_128x128x64_1x2x1_0_nnn_align8_stream_k_warpspecialized_cooperative_epi_tma,passed,success,universal,1024,1024,4096,f16:column,f16:column,f16:column,f16:column,1,0,serial,1,1,heuristic,invalid,invalid,false,false,1,tensorop,f32,128,128,64,1,2,1,0,0,0,6,4,2,1,64,128,16,90,90,18874368,8592031744,455,0.025713,683.629,334152
8,CUTLASS,gemm,cutlass3x_sm90_tensorop_s64x128x16gemm_f16_f16_f32_f16_f16_128x128x64_2x1x1_0_nnn_align8,passed,success,universal,1024,1024,4096,f16:column,f16:column,f16:column,f16:column,1,0,serial,1,1,heuristic,invalid,invalid,false,false,1,tensorop,f32,128,128,64,2,1,1,0,0,0,7,4,2,1,64,128,16,90,90,18874368,8592031744,455,0.0259581,677.174,330996
8,CUTLASS,gemm,cutlass3x_sm90_tensorop_s64x128x16gemm_f16_f16_f32_f16_f16_128x128x64_2x1x1_0_nnn_align8_warpspecialized_epi_nosmem,passed,success,universal,1024,1024,4096,f16:column,f16:column,f16:column,f16:column,1,0,serial,1,1,heuristic,invalid,invalid,false,false,1,tensorop,f32,128,128,64,2,1,1,0,0,0,7,4,1,1,64,128,16,90,90,18874368,8592031744,455,0.0254576,690.486,337504
8,CUTLASS,gemm,cutlass3x_sm90_tensorop_s64x128x16gemm_f16_f16_f32_f16_f16_128x128x64_2x1x1_0_nnn_align8_warpspecialized_pingpong_epi_tma,passed,success,universal,1024,1024,4096,f16:column,f16:column,f16:column,f16:column,1,0,serial,1,1,heuristic,invalid,invalid,false,false,1,tensorop,f32,128,128,64,2,1,1,0,0,0,6,4,1,1,64,128,16,90,90,18874368,8592031744,455,0.0263114,668.081,326552
8,CUTLASS,gemm,cutlass3x_sm90_tensorop_s64x128x16gemm_f16_f16_f32_f16_f16_128x128x64_2x1x1_0_nnn_align8_warpspecialized_pingpong_epi_nosmem,passed,success,universal,1024,1024,4096,f16:column,f16:column,f16:column,f16:column,1,0,serial,1,1,heuristic,invalid,invalid,false,false,1,tensorop,f32,128,128,64,2,1,1,0,0,0,7,4,1,1,64,128,16,90,90,18874368,8592031744,455,0.0260515,674.745,329809
8,CUTLASS,gemm,cutlass3x_sm90_tensorop_s64x128x16gemm_f16_f16_f32_f16_f16_128x128x64_2x1x1_0_nnn_align8_warpspecialized_cooperative_epi_nosmem,passed,success,universal,1024,1024,4096,f16:column,f16:column,f16:column,f16:column,1,0,serial,1,1,heuristic,invalid,invalid,false,false,1,tensorop,f32,128,128,64,2,1,1,0,0,0,7,4,2,1,64,128,16,90,90,18874368,8592031744,455,0.0257786,681.889,333301
8,CUTLASS,gemm,cutlass3x_sm90_tensorop_s64x128x16gemm_f16_f16_f32_f16_f16_128x128x64_2x1x1_0_nnn_align8_warpspecialized_cooperative_epi_tma,passed,success,universal,1024,1024,4096,f16:column,f16:column,f16:column,f16:column,1,0,serial,1,1,heuristic,invalid,invalid,false,false,1,tensorop,f32,128,128,64,2,1,1,0,0,0,6,4,2,1,64,128,16,90,90,18874368,8592031744,455,0.0253546,693.292,338875
8,CUTLASS,gemm,cutlass3x_sm90_tensorop_s64x128x16gemm_f16_f16_f32_f16_f16_128x128x64_2x1x1_0_nnn_align8_stream_k_warpspecialized_cooperative_epi_nosmem,passed,success,universal,1024,1024,4096,f16:column,f16:column,f16:column,f16:column,1,0,serial,1,1,heuristic,invalid,invalid,false,false,1,tensorop,f32,128,128,64,2,1,1,0,0,0,7,4,2,1,64,128,16,90,90,18874368,8592031744,455,0.0261456,672.317,328622
8,CUTLASS,gemm,cutlass3x_sm90_tensorop_s64x128x16gemm_f16_f16_f32_f16_f16_128x128x64_2x1x1_0_nnn_align8_stream_k_warpspecialized_cooperative_epi_tma,passed,success,universal,1024,1024,4096,f16:column,f16:column,f16:column,f16:column,1,0,serial,1,1,heuristic,invalid,invalid,false,false,1,tensorop,f32,128,128,64,2,1,1,0,0,0,6,4,2,1,64,128,16,90,90,18874368,8592031744,455,0.0253117,694.467,339449
9,CUTLASS,gemm,cutlass_tensorop_f16_s1688gemm_f16_256x128_32x2_nn_align8,passed,success,universal,1152,1024,4096,f16:column,f16:column,f16:column,f16:column,1,0,serial,1,1,heuristic,invalid,invalid,false,false,1,tensorop,f32,256,128,32,1,1,1,0,0,0,2,4,2,1,16,8,8,75,1024,20185088,9666035712,478,0.160517,117.114,60218.2
9,CUTLASS,gemm,cutlass_tensorop_f16_s16816gemm_f16_256x128_32x3_nn_align8,passed,success,universal,1152,1024,4096,f16:column,f16:column,f16:column,f16:column,1,0,serial,1,1,heuristic,invalid,invalid,false,false,1,tensorop,f32,256,128,32,1,1,1,0,0,0,3,4,2,1,16,8,16,80,1024,20185088,9666035712,478,0.0726688,258.692,133015
9,CUTLASS,gemm,cutlass3x_sm90_tensorop_s64x128x16gemm_f16_f16_f32_f16_f16_128x128x64_1x2x1_0_nnn_align8,passed,success,universal,1152,1024,4096,f16:column,f16:column,f16:column,f16:column,1,0,serial,1,1,heuristic,invalid,invalid,false,false,1,tensorop,f32,128,128,64,1,2,1,0,0,0,7,4,2,1,64,128,16,90,90,20185088,9666035712,478,0.0269421,697.75,358771
9,CUTLASS,gemm,cutlass3x_sm90_tensorop_s64x128x16gemm_f16_f16_f32_f16_f16_128x128x64_1x2x1_0_nnn_align8_warpspecialized_epi_nosmem,passed,success,universal,1152,1024,4096,f16:column,f16:column,f16:column,f16:column,1,0,serial,1,1,heuristic,invalid,invalid,false,false,1,tensorop,f32,128,128,64,1,2,1,0,0,0,7,4,1,1,64,128,16,90,90,20185088,9666035712,478,0.0262179,717.022,368680
9,CUTLASS,gemm,cutlass3x_sm90_tensorop_s64x128x16gemm_f16_f16_f32_f16_f16_128x128x64_1x2x1_0_nnn_align8_warpspecialized_pingpong_epi_tma,passed,success,universal,1152,1024,4096,f16:column,f16:column,f16:column,f16:column,1,0,serial,1,1,heuristic,invalid,invalid,false,false,1,tensorop,f32,128,128,64,1,2,1,0,0,0,6,4,1,1,64,128,16,90,90,20185088,9666035712,478,0.0258515,727.185,373906
9,CUTLASS,gemm,cutlass3x_sm90_tensorop_s64x128x16gemm_f16_f16_f32_f16_f16_128x128x64_1x2x1_0_nnn_align8_warpspecialized_pingpong_epi_nosmem,passed,success,universal,1152,1024,4096,f16:column,f16:column,f16:column,f16:column,1,0,serial,1,1,heuristic,invalid,invalid,false,false,1,tensorop,f32,128,128,64,1,2,1,0,0,0,7,4,1,1,64,128,16,90,90,20185088,9666035712,478,0.026792,701.658,360781
9,CUTLASS,gemm,cutlass3x_sm90_tensorop_s64x128x16gemm_f16_f16_f32_f16_f16_128x128x64_1x2x1_0_nnn_align8_warpspecialized_cooperative_epi_nosmem,passed,success,universal,1152,1024,4096,f16:column,f16:column,f16:column,f16:column,1,0,serial,1,1,heuristic,invalid,invalid,false,false,1,tensorop,f32,128,128,64,1,2,1,0,0,0,7,4,2,1,64,128,16,90,90,20185088,9666035712,478,0.0267699,702.237,361078
9,CUTLASS,gemm,cutlass3x_sm90_tensorop_s64x128x16gemm_f16_f16_f32_f16_f16_128x128x64_1x2x1_0_nnn_align8_warpspecialized_cooperative_epi_tma,passed,success,universal,1152,1024,4096,f16:column,f16:column,f16:column,f16:column,1,0,serial,1,1,heuristic,invalid,invalid,false,false,1,tensorop,f32,128,128,64,1,2,1,0,0,0,6,4,2,1,64,128,16,90,90,20185088,9666035712,478,0.0249731,752.762,387058
9,CUTLASS,gemm,cutlass3x_sm90_tensorop_s64x128x16gemm_f16_f16_f32_f16_f16_128x128x64_1x2x1_0_nnn_align8_stream_k_warpspecialized_cooperative_epi_nosmem,passed,success,universal,1152,1024,4096,f16:column,f16:column,f16:column,f16:column,1,0,serial,1,1,heuristic,invalid,invalid,false,false,1,tensorop,f32,128,128,64,1,2,1,0,0,0,7,4,2,1,64,128,16,90,90,20185088,9666035712,478,0.0272317,690.329,354956
9,CUTLASS,gemm,cutlass3x_sm90_tensorop_s64x128x16gemm_f16_f16_f32_f16_f16_128x128x64_1x2x1_0_nnn_align8_stream_k_warpspecialized_cooperative_epi_tma,passed,success,universal,1152,1024,4096,f16:column,f16:column,f16:column,f16:column,1,0,serial,1,1,heuristic,invalid,invalid,false,false,1,tensorop,f32,128,128,64,1,2,1,0,0,0,6,4,2,1,64,128,16,90,90,20185088,9666035712,478,0.0260547,721.513,370990
9,CUTLASS,gemm,cutlass3x_sm90_tensorop_s64x128x16gemm_f16_f16_f32_f16_f16_128x128x64_2x1x1_0_nnn_align8,passed,success,universal,1152,1024,4096,f16:column,f16:column,f16:column,f16:column,1,0,serial,1,1,heuristic,invalid,invalid,false,false,1,tensorop,f32,128,128,64,2,1,1,0,0,0,7,4,2,1,64,128,16,90,90,20185088,9666035712,478,0.0277718,676.903,348052
9,CUTLASS,gemm,cutlass3x_sm90_tensorop_s64x128x16gemm_f16_f16_f32_f16_f16_128x128x64_2x1x1_0_nnn_align8_warpspecialized_epi_nosmem,passed,success,universal,1152,1024,4096,f16:column,f16:column,f16:column,f16:column,1,0,serial,1,1,heuristic,invalid,invalid,false,false,1,tensorop,f32,128,128,64,2,1,1,0,0,0,7,4,1,1,64,128,16,90,90,20185088,9666035712,478,0.0270253,695.602,357666
9,CUTLASS,gemm,cutlass3x_sm90_tensorop_s64x128x16gemm_f16_f16_f32_f16_f16_128x128x64_2x1x1_0_nnn_align8_warpspecialized_pingpong_epi_tma,passed,success,universal,1152,1024,4096,f16:column,f16:column,f16:column,f16:column,1,0,serial,1,1,heuristic,invalid,invalid,false,false,1,tensorop,f32,128,128,64,2,1,1,0,0,0,6,4,1,1,64,128,16,90,90,20185088,9666035712,478,0.0260394,721.939,371209
9,CUTLASS,gemm,cutlass3x_sm90_tensorop_s64x128x16gemm_f16_f16_f32_f16_f16_128x128x64_2x1x1_0_nnn_align8_warpspecialized_pingpong_epi_nosmem,passed,success,universal,1152,1024,4096,f16:column,f16:column,f16:column,f16:column,1,0,serial,1,1,heuristic,invalid,invalid,false,false,1,tensorop,f32,128,128,64,2,1,1,0,0,0,7,4,1,1,64,128,16,90,90,20185088,9666035712,478,0.028063,669.879,344440
9,CUTLASS,gemm,cutlass3x_sm90_tensorop_s64x128x16gemm_f16_f16_f32_f16_f16_128x128x64_2x1x1_0_nnn_align8_warpspecialized_cooperative_epi_nosmem,passed,success,universal,1152,1024,4096,f16:column,f16:column,f16:column,f16:column,1,0,serial,1,1,heuristic,invalid,invalid,false,false,1,tensorop,f32,128,128,64,2,1,1,0,0,0,7,4,2,1,64,128,16,90,90,20185088,9666035712,478,0.0281642,667.473,343203
9,CUTLASS,gemm,cutlass3x_sm90_tensorop_s64x128x16gemm_f16_f16_f32_f16_f16_128x128x64_2x1x1_0_nnn_align8_warpspecialized_cooperative_epi_tma,passed,success,universal,1152,1024,4096,f16:column,f16:column,f16:column,f16:column,1,0,serial,1,1,heuristic,invalid,invalid,false,false,1,tensorop,f32,128,128,64,2,1,1,0,0,0,6,4,2,1,64,128,16,90,90,20185088,9666035712,478,0.0252902,743.323,382204
9,CUTLASS,gemm,cutlass3x_sm90_tensorop_s64x128x16gemm_f16_f16_f32_f16_f16_128x128x64_2x1x1_0_nnn_align8_stream_k_warpspecialized_cooperative_epi_nosmem,passed,success,universal,1152,1024,4096,f16:column,f16:column,f16:column,f16:column,1,0,serial,1,1,heuristic,invalid,invalid,false,false,1,tensorop,f32,128,128,64,2,1,1,0,0,0,7,4,2,1,64,128,16,90,90,20185088,9666035712,478,0.0291299,645.344,331825
9,CUTLASS,gemm,cutlass3x_sm90_tensorop_s64x128x16gemm_f16_f16_f32_f16_f16_128x128x64_2x1x1_0_nnn_align8_stream_k_warpspecialized_cooperative_epi_tma,passed,success,universal,1152,1024,4096,f16:column,f16:column,f16:column,f16:column,1,0,serial,1,1,heuristic,invalid,invalid,false,false,1,tensorop,f32,128,128,64,2,1,1,0,0,0,6,4,2,1,64,128,16,90,90,20185088,9666035712,478,0.0270326,695.412,357569
10,CUTLASS,gemm,cutlass_tensorop_f16_s1688gemm_f16_256x128_32x2_nn_align8,passed,success,universal,1280,1024,4096,f16:column,f16:column,f16:column,f16:column,1,0,serial,1,1,heuristic,invalid,invalid,false,false,1,tensorop,f32,256,128,32,1,1,1,0,0,0,2,4,2,1,16,8,8,75,1024,21495808,10740039680,499,0.160676,124.596,66842.9
10,CUTLASS,gemm,cutlass_tensorop_f16_s16816gemm_f16_256x128_32x3_nn_align8,passed,success,universal,1280,1024,4096,f16:column,f16:column,f16:column,f16:column,1,0,serial,1,1,heuristic,invalid,invalid,false,false,1,tensorop,f32,256,128,32,1,1,1,0,0,0,3,4,2,1,16,8,16,80,1024,21495808,10740039680,499,0.072696,275.387,147739
10,CUTLASS,gemm,cutlass3x_sm90_tensorop_s64x128x16gemm_f16_f16_f32_f16_f16_128x128x64_1x2x1_0_nnn_align8,passed,success,universal,1280,1024,4096,f16:column,f16:column,f16:column,f16:column,1,0,serial,1,1,heuristic,invalid,invalid,false,false,1,tensorop,f32,128,128,64,1,2,1,0,0,0,7,4,2,1,64,128,16,90,90,21495808,10740039680,499,0.0267139,749.404,402039
10,CUTLASS,gemm,cutlass3x_sm90_tensorop_s64x128x16gemm_f16_f16_f32_f16_f16_128x128x64_1x2x1_0_nnn_align8_warpspecialized_epi_nosmem,passed,success,universal,1280,1024,4096,f16:column,f16:column,f16:column,f16:column,1,0,serial,1,1,heuristic,invalid,invalid,false,false,1,tensorop,f32,128,128,64,1,2,1,0,0,0,7,4,1,1,64,128,16,90,90,21495808,10740039680,499,0.0265354,754.447,404744
10,CUTLASS,gemm,cutlass3x_sm90_tensorop_s64x128x16gemm_f16_f16_f32_f16_f16_128x128x64_1x2x1_0_nnn_align8_warpspecialized_pingpong_epi_tma,passed,success,universal,1280,1024,4096,f16:column,f16:column,f16:column,f16:column,1,0,serial,1,1,heuristic,invalid,invalid,false,false,1,tensorop,f32,128,128,64,1,2,1,0,0,0,6,4,1,1,64,128,16,90,90,21495808,10740039680,499,0.0262006,764.086,409915
10,CUTLASS,gemm,cutlass3x_sm90_tensorop_s64x128x16gemm_f16_f16_f32_f16_f16_128x128x64_1x2x1_0_nnn_align8_warpspecialized_pingpong_epi_nosmem,passed,success,universal,1280,1024,4096,f16:column,f16:column,f16:column,f16:column,1,0,serial,1,1,heuristic,invalid,invalid,false,false,1,tensorop,f32,128,128,64,1,2,1,0,0,0,7,4,1,1,64,128,16,90,90,21495808,10740039680,499,0.0264813,755.988,405571
10,CUTLASS,gemm,cutlass3x_sm90_tensorop_s64x128x16gemm_f16_f16_f32_f16_f16_128x128x64_1x2x1_0_nnn_align8_warpspecialized_cooperative_epi_nosmem,passed,success,universal,1280,1024,4096,f16:column,f16:column,f16:column,f16:column,1,0,serial,1,1,heuristic,invalid,invalid,false,false,1,tensorop,f32,128,128,64,1,2,1,0,0,0,7,4,2,1,64,128,16,90,90,21495808,10740039680,499,0.0265939,752.786,403853
10,CUTLASS,gemm,cutlass3x_sm90_tensorop_s64x128x16gemm_f16_f16_f32_f16_f16_128x128x64_1x2x1_0_nnn_align8_warpspecialized_cooperative_epi_tma,passed,success,universal,1280,1024,4096,f16:column,f16:column,f16:column,f16:column,1,0,serial,1,1,heuristic,invalid,invalid,false,false,1,tensorop,f32,128,128,64,1,2,1,0,0,0,6,4,2,1,64,128,16,90,90,21495808,10740039680,499,0.025272,792.163,424978
10,CUTLASS,gemm,cutlass3x_sm90_tensorop_s64x128x16gemm_f16_f16_f32_f16_f16_128x128x64_1x2x1_0_nnn_align8_stream_k_warpspecialized_cooperative_epi_nosmem,passed,success,universal,1280,1024,4096,f16:column,f16:column,f16:column,f16:column,1,0,serial,1,1,heuristic,invalid,invalid,false,false,1,tensorop,f32,128,128,64,1,2,1,0,0,0,7,4,2,1,64,128,16,90,90,21495808,10740039680,499,0.027408,730.427,391858
10,CUTLASS,gemm,cutlass3x_sm90_tensorop_s64x128x16gemm_f16_f16_f32_f16_f16_128x128x64_1x2x1_0_nnn_align8_stream_k_warpspecialized_cooperative_epi_tma,passed,success,universal,1280,1024,4096,f16:column,f16:column,f16:column,f16:column,1,0,serial,1,1,heuristic,invalid,invalid,false,false,1,tensorop,f32,128,128,64,1,2,1,0,0,0,6,4,2,1,64,128,16,90,90,21495808,10740039680,499,0.0263693,759.199,407294
10,CUTLASS,gemm,cutlass3x_sm90_tensorop_s64x128x16gemm_f16_f16_f32_f16_f16_128x128x64_2x1x1_0_nnn_align8,passed,success,universal,1280,1024,4096,f16:column,f16:column,f16:column,f16:column,1,0,serial,1,1,heuristic,invalid,invalid,false,false,1,tensorop,f32,128,128,64,2,1,1,0,0,0,7,4,2,1,64,128,16,90,90,21495808,10740039680,499,0.0272458,734.776,394191
10,CUTLASS,gemm,cutlass3x_sm90_tensorop_s64x128x16gemm_f16_f16_f32_f16_f16_128x128x64_2x1x1_0_nnn_align8_warpspecialized_epi_nosmem,passed,success,universal,1280,1024,4096,f16:column,f16:column,f16:column,f16:column,1,0,serial,1,1,heuristic,invalid,invalid,false,false,1,tensorop,f32,128,128,64,2,1,1,0,0,0,7,4,1,1,64,128,16,90,90,21495808,10740039680,499,0.026145,765.713,410788
10,CUTLASS,gemm,cutlass3x_sm90_tensorop_s64x128x16gemm_f16_f16_f32_f16_f16_128x128x64_2x1x1_0_nnn_align8_warpspecialized_pingpong_epi_tma,passed,success,universal,1280,1024,4096,f16:column,f16:column,f16:column,f16:column,1,0,serial,1,1,heuristic,invalid,invalid,false,false,1,tensorop,f32,128,128,64,2,1,1,0,0,0,6,4,1,1,64,128,16,90,90,21495808,10740039680,499,0.0261565,765.376,410607
10,CUTLASS,gemm,cutlass3x_sm90_tensorop_s64x128x16gemm_f16_f16_f32_f16_f16_128x128x64_2x1x1_0_nnn_align8_warpspecialized_pingpong_epi_nosmem,passed,success,universal,1280,1024,4096,f16:column,f16:column,f16:column,f16:column,1,0,serial,1,1,heuristic,invalid,invalid,false,false,1,tensorop,f32,128,128,64,2,1,1,0,0,0,7,4,1,1,64,128,16,90,90,21495808,10740039680,499,0.0270694,739.562,396759
10,CUTLASS,gemm,cutlass3x_sm90_tensorop_s64x128x16gemm_f16_f16_f32_f16_f16_128x128x64_2x1x1_0_nnn_align8_warpspecialized_cooperative_epi_nosmem,passed,success,universal,1280,1024,4096,f16:column,f16:column,f16:column,f16:column,1,0,serial,1,1,heuristic,invalid,invalid,false,false,1,tensorop,f32,128,128,64,2,1,1,0,0,0,7,4,2,1,64,128,16,90,90,21495808,10740039680,499,0.0273603,731.699,392541
10,CUTLASS,gemm,cutlass3x_sm90_tensorop_s64x128x16gemm_f16_f16_f32_f16_f16_128x128x64_2x1x1_0_nnn_align8_warpspecialized_cooperative_epi_tma,passed,success,universal,1280,1024,4096,f16:column,f16:column,f16:column,f16:column,1,0,serial,1,1,heuristic,invalid,invalid,false,false,1,tensorop,f32,128,128,64,2,1,1,0,0,0,6,4,2,1,64,128,16,90,90,21495808,10740039680,499,0.025297,791.381,424559
10,CUTLASS,gemm,cutlass3x_sm90_tensorop_s64x128x16gemm_f16_f16_f32_f16_f16_128x128x64_2x1x1_0_nnn_align8_stream_k_warpspecialized_cooperative_epi_nosmem,passed,success,universal,1280,1024,4096,f16:column,f16:column,f16:column,f16:column,1,0,serial,1,1,heuristic,invalid,invalid,false,false,1,tensorop,f32,128,128,64,2,1,1,0,0,0,7,4,2,1,64,128,16,90,90,21495808,10740039680,499,0.0283987,704.945,378187
10,CUTLASS,gemm,cutlass3x_sm90_tensorop_s64x128x16gemm_f16_f16_f32_f16_f16_128x128x64_2x1x1_0_nnn_align8_stream_k_warpspecialized_cooperative_epi_tma,passed,success,universal,1280,1024,4096,f16:column,f16:column,f16:column,f16:column,1,0,serial,1,1,heuristic,invalid,invalid,false,false,1,tensorop,f32,128,128,64,2,1,1,0,0,0,6,4,2,1,64,128,16,90,90,21495808,10740039680,499,0.0262874,761.565,408563
11,CUTLASS,gemm,cutlass_tensorop_f16_s1688gemm_f16_256x128_32x2_nn_align8,passed,success,universal,1408,1024,4096,f16:column,f16:column,f16:column,f16:column,1,0,serial,1,1,heuristic,invalid,invalid,false,false,1,tensorop,f32,256,128,32,1,1,1,0,0,0,2,4,2,1,16,8,8,75,1024,22806528,11814043648,518,0.160826,132.07,73458.6
11,CUTLASS,gemm,cutlass_tensorop_f16_s16816gemm_f16_256x128_32x3_nn_align8,passed,success,universal,1408,1024,4096,f16:column,f16:column,f16:column,f16:column,1,0,serial,1,1,heuristic,invalid,invalid,false,false,1,tensorop,f32,256,128,32,1,1,1,0,0,0,3,4,2,1,16,8,16,80,1024,22806528,11814043648,518,0.073432,289.25,160884
11,CUTLASS,gemm,cutlass3x_sm90_tensorop_s64x128x16gemm_f16_f16_f32_f16_f16_128x128x64_1x2x1_0_nnn_align8,passed,success,universal,1408,1024,4096,f16:column,f16:column,f16:column,f16:column,1,0,serial,1,1,heuristic,invalid,invalid,false,false,1,tensorop,f32,128,128,64,1,2,1,0,0,0,7,4,2,1,64,128,16,90,90,22806528,11814043648,518,0.0269763,787.366,437941
11,CUTLASS,gemm,cutlass3x_sm90_tensorop_s64x128x16gemm_f16_f16_f32_f16_f16_128x128x64_1x2x1_0_nnn_align8_warpspecialized_epi_nosmem,passed,success,universal,1408,1024,4096,f16:column,f16:column,f16:column,f16:column,1,0,serial,1,1,heuristic,invalid,invalid,false,false,1,tensorop,f32,128,128,64,1,2,1,0,0,0,7,4,1,1,64,128,16,90,90,22806528,11814043648,518,0.0271549,782.188,435062
11,CUTLASS,gemm,cutlass3x_sm90_tensorop_s64x128x16gemm_f16_f16_f32_f16_f16_128x128x64_1x2x1_0_nnn_align8_warpspecialized_pingpong_epi_tma,passed,success,universal,1408,1024,4096,f16:column,f16:column,f16:column,f16:column,1,0,serial,1,1,heuristic,invalid,invalid,false,false,1,tensorop,f32,128,128,64,1,2,1,0,0,0,6,4,1,1,64,128,16,90,90,22806528,11814043648,518,0.0259555,818.332,455165
11,CUTLASS,gemm,cutlass3x_sm90_tensorop_s64x128x16gemm_f16_f16_f32_f16_f16_128x128x64_1x2x1_0_nnn_align8_warpspecialized_pingpong_epi_nosmem,passed,success,universal,1408,1024,4096,f16:column,f16:column,f16:column,f16:column,1,0,serial,1,1,heuristic,invalid,invalid,false,false,1,tensorop,f32,128,128,64,1,2,1,0,0,0,7,4,1,1,64,128,16,90,90,22806528,11814043648,518,0.0268384,791.412,440192
11,CUTLASS,gemm,cutlass3x_sm90_tensorop_s64x128x16gemm_f16_f16_f32_f16_f16_128x128x64_1x2x1_0_nnn_align8_warpspecialized_cooperative_epi_nosmem,passed,success,universal,1408,1024,4096,f16:column,f16:column,f16:column,f16:column,1,0,serial,1,1,heuristic,invalid,invalid,false,false,1,tensorop,f32,128,128,64,1,2,1,0,0,0,7,4,2,1,64,128,16,90,90,22806528,11814043648,518,0.0267862,792.953,441049
11,CUTLASS,gemm,cutlass3x_sm90_tensorop_s64x128x16gemm_f16_f16_f32_f16_f16_128x128x64_1x2x1_0_nnn_align8_warpspecialized_cooperative_epi_tma,passed,success,universal,1408,1024,4096,f16:column,f16:column,f16:column,f16:column,1,0,serial,1,1,heuristic,invalid,invalid,false,false,1,tensorop,f32,128,128,64,1,2,1,0,0,0,6,4,2,1,64,128,16,90,90,22806528,11814043648,518,0.025257,840.966,467754
11,CUTLASS,gemm,cutlass3x_sm90_tensorop_s64x128x16gemm_f16_f16_f32_f16_f16_128x128x64_1x2x1_0_nnn_align8_stream_k_warpspecialized_cooperative_epi_nosmem,passed,success,universal,1408,1024,4096,f16:column,f16:column,f16:column,f16:column,1,0,serial,1,1,heuristic,invalid,invalid,false,false,1,tensorop,f32,128,128,64,1,2,1,0,0,0,7,4,2,1,64,128,16,90,90,22806528,11814043648,518,0.0273568,776.415,431850
11,CUTLASS,gemm,cutlass3x_sm90_tensorop_s64x128x16gemm_f16_f16_f32_f16_f16_128x128x64_1x2x1_0_nnn_align8_stream_k_warpspecialized_cooperative_epi_tma,passed,success,universal,1408,1024,4096,f16:column,f16:column,f16:column,f16:column,1,0,serial,1,1,heuristic,invalid,invalid,false,false,1,tensorop,f32,128,128,64,1,2,1,0,0,0,6,4,2,1,64,128,16,90,90,22806528,11814043648,518,0.0261619,811.876,451574
11,CUTLASS,gemm,cutlass3x_sm90_tensorop_s64x128x16gemm_f16_f16_f32_f16_f16_128x128x64_2x1x1_0_nnn_align8,passed,success,universal,1408,1024,4096,f16:column,f16:column,f16:column,f16:column,1,0,serial,1,1,heuristic,invalid,invalid,false,false,1,tensorop,f32,128,128,64,2,1,1,0,0,0,7,4,2,1,64,128,16,90,90,22806528,11814043648,518,0.0311341,682.218,379457
11,CUTLASS,gemm,cutlass3x_sm90_tensorop_s64x128x16gemm_f16_f16_f32_f16_f16_128x128x64_2x1x1_0_nnn_align8_warpspecialized_epi_nosmem,passed,success,universal,1408,1024,4096,f16:column,f16:column,f16:column,f16:column,1,0,serial,1,1,heuristic,invalid,invalid,false,false,1,tensorop,f32,128,128,64,2,1,1,0,0,0,7,4,1,1,64,128,16,90,90,22806528,11814043648,518,0.0295824,718.002,399361
11,CUTLASS,gemm,cutlass3x_sm90_tensorop_s64x128x16gemm_f16_f16_f32_f16_f16_128x128x64_2x1x1_0_nnn_align8_warpspecialized_pingpong_epi_tma,passed,success,universal,1408,1024,4096,f16:column,f16:column,f16:column,f16:column,1,0,serial,1,1,heuristic,invalid,invalid,false,false,1,tensorop,f32,128,128,64,2,1,1,0,0,0,6,4,1,1,64,128,16,90,90,22806528,11814043648,518,0.0290749,730.536,406332
11,CUTLASS,gemm,cutlass3x_sm90_tensorop_s64x128x16gemm_f16_f16_f32_f16_f16_128x128x64_2x1x1_0_nnn_align8_warpspecialized_pingpong_epi_nosmem,passed,success,universal,1408,1024,4096,f16:column,f16:column,f16:column,f16:column,1,0,serial,1,1,heuristic,invalid,invalid,false,false,1,tensorop,f32,128,128,64,2,1,1,0,0,0,7,4,1,1,64,128,16,90,90,22806528,11814043648,518,0.0307478,690.788,384224
11,CUTLASS,gemm,cutlass3x_sm90_tensorop_s64x128x16gemm_f16_f16_f32_f16_f16_128x128x64_2x1x1_0_nnn_align8_warpspecialized_cooperative_epi_nosmem,passed,success,universal,1408,1024,4096,f16:column,f16:column,f16:column,f16:column,1,0,serial,1,1,heuristic,invalid,invalid,false,false,1,tensorop,f32,128,128,64,2,1,1,0,0,0,7,4,2,1,64,128,16,90,90,22806528,11814043648,518,0.0313712,677.062,376589
11,CUTLASS,gemm,cutlass3x_sm90_tensorop_s64x128x16gemm_f16_f16_f32_f16_f16_128x128x64_2x1x1_0_nnn_align8_warpspecialized_cooperative_epi_tma,passed,success,universal,1408,1024,4096,f16:column,f16:column,f16:column,f16:column,1,0,serial,1,1,heuristic,invalid,invalid,false,false,1,tensorop,f32,128,128,64,2,1,1,0,0,0,6,4,2,1,64,128,16,90,90,22806528,11814043648,518,0.0284496,746.592,415262
11,CUTLASS,gemm,cutlass3x_sm90_tensorop_s64x128x16gemm_f16_f16_f32_f16_f16_128x128x64_2x1x1_0_nnn_align8_stream_k_warpspecialized_cooperative_epi_nosmem,passed,success,universal,1408,1024,4096,f16:column,f16:column,f16:column,f16:column,1,0,serial,1,1,heuristic,invalid,invalid,false,false,1,tensorop,f32,128,128,64,2,1,1,0,0,0,7,4,2,1,64,128,16,90,90,22806528,11814043648,518,0.031312,678.342,377301
11,CUTLASS,gemm,cutlass3x_sm90_tensorop_s64x128x16gemm_f16_f16_f32_f16_f16_128x128x64_2x1x1_0_nnn_align8_stream_k_warpspecialized_cooperative_epi_tma,passed,success,universal,1408,1024,4096,f16:column,f16:column,f16:column,f16:column,1,0,serial,1,1,heuristic,invalid,invalid,false,false,1,tensorop,f32,128,128,64,2,1,1,0,0,0,6,4,2,1,64,128,16,90,90,22806528,11814043648,518,0.0296282,716.893,398744
12,CUTLASS,gemm,cutlass_tensorop_f16_s1688gemm_f16_256x128_32x2_nn_align8,passed,success,universal,1536,1024,4096,f16:column,f16:column,f16:column,f16:column,1,0,serial,1,1,heuristic,invalid,invalid,false,false,1,tensorop,f32,256,128,32,1,1,1,0,0,0,2,4,2,1,16,8,8,75,1024,24117248,12888047616,534,0.161202,139.334,79949.7
12,CUTLASS,gemm,cutlass_tensorop_f16_s16816gemm_f16_256x128_32x3_nn_align8,passed,success,universal,1536,1024,4096,f16:column,f16:column,f16:column,f16:column,1,0,serial,1,1,heuristic,invalid,invalid,false,false,1,tensorop,f32,256,128,32,1,1,1,0,0,0,3,4,2,1,16,8,16,80,1024,24117248,12888047616,534,0.0733974,306.018,175593
12,CUTLASS,gemm,cutlass3x_sm90_tensorop_s64x128x16gemm_f16_f16_f32_f16_f16_128x128x64_1x2x1_0_nnn_align8,passed,success,universal,1536,1024,4096,f16:column,f16:column,f16:column,f16:column,1,0,serial,1,1,heuristic,invalid,invalid,false,false,1,tensorop,f32,128,128,64,1,2,1,0,0,0,7,4,2,1,64,128,16,90,90,24117248,12888047616,534,0.0270666,829.841,476161
12,CUTLASS,gemm,cutlass3x_sm90_tensorop_s64x128x16gemm_f16_f16_f32_f16_f16_128x128x64_1x2x1_0_nnn_align8_warpspecialized_epi_nosmem,passed,success,universal,1536,1024,4096,f16:column,f16:column,f16:column,f16:column,1,0,serial,1,1,heuristic,invalid,invalid,false,false,1,tensorop,f32,128,128,64,1,2,1,0,0,0,7,4,1,1,64,128,16,90,90,24117248,12888047616,534,0.0265168,847.046,486033
12,CUTLASS,gemm,cutlass3x_sm90_tensorop_s64x128x16gemm_f16_f16_f32_f16_f16_128x128x64_1x2x1_0_nnn_align8_warpspecialized_pingpong_epi_tma,passed,success,universal,1536,1024,4096,f16:column,f16:column,f16:column,f16:column,1,0,serial,1,1,heuristic,invalid,invalid,false,false,1,tensorop,f32,128,128,64,1,2,1,0,0,0,6,4,1,1,64,128,16,90,90,24117248,12888047616,534,0.0259248,866.388,497132
12,CUTLASS,gemm,cutlass3x_sm90_tensorop_s64x128x16gemm_f16_f16_f32_f16_f16_128x128x64_1x2x1_0_nnn_align8_warpspecialized_pingpong_epi_nosmem,passed,success,universal,1536,1024,4096,f16:column,f16:column,f16:column,f16:column,1,0,serial,1,1,heuristic,invalid,invalid,false,false,1,tensorop,f32,128,128,64,1,2,1,0,0,0,7,4,1,1,64,128,16,90,90,24117248,12888047616,534,0.0272602,823.947,472780
12,CUTLASS,gemm,cutlass3x_sm90_tensorop_s64x128x16gemm_f16_f16_f32_f16_f16_128x128x64_1x2x1_0_nnn_align8_warpspecialized_cooperative_epi_nosmem,passed,success,universal,1536,1024,4096,f16:column,f16:column,f16:column,f16:column,1,0,serial,1,1,heuristic,invalid,invalid,false,false,1,tensorop,f32,128,128,64,1,2,1,0,0,0,7,4,2,1,64,128,16,90,90,24117248,12888047616,534,0.027223,825.071,473424
12,CUTLASS,gemm,cutlass3x_sm90_tensorop_s64x128x16gemm_f16_f16_f32_f16_f16_128x128x64_1x2x1_0_nnn_align8_warpspecialized_cooperative_epi_tma,passed,success,universal,1536,1024,4096,f16:column,f16:column,f16:column,f16:column,1,0,serial,1,1,heuristic,invalid,invalid,false,false,1,tensorop,f32,128,128,64,1,2,1,0,0,0,6,4,2,1,64,128,16,90,90,24117248,12888047616,534,0.0252362,890.03,510698
12,CUTLASS,gemm,cutlass3x_sm90_tensorop_s64x128x16gemm_f16_f16_f32_f16_f16_128x128x64_1x2x1_0_nnn_align8_stream_k_warpspecialized_cooperative_epi_nosmem,passed,success,universal,1536,1024,4096,f16:column,f16:column,f16:column,f16:column,1,0,serial,1,1,heuristic,invalid,invalid,false,false,1,tensorop,f32,128,128,64,1,2,1,0,0,0,7,4,2,1,64,128,16,90,90,24117248,12888047616,534,0.028057,800.548,459353
12,CUTLASS,gemm,cutlass3x_sm90_tensorop_s64x128x16gemm_f16_f16_f32_f16_f16_128x128x64_1x2x1_0_nnn_align8_stream_k_warpspecialized_cooperative_epi_tma,passed,success,universal,1536,1024,4096,f16:column,f16:column,f16:column,f16:column,1,0,serial,1,1,heuristic,invalid,invalid,false,false,1,tensorop,f32,128,128,64,1,2,1,0,0,0,6,4,2,1,64,128,16,90,90,24117248,12888047616,534,0.0265731,845.25,485003
12,CUTLASS,gemm,cutlass3x_sm90_tensorop_s64x128x16gemm_f16_f16_f32_f16_f16_128x128x64_2x1x1_0_nnn_align8,passed,success,universal,1536,1024,4096,f16:column,f16:column,f16:column,f16:column,1,0,serial,1,1,heuristic,invalid,invalid,false,false,1,tensorop,f32,128,128,64,2,1,1,0,0,0,7,4,2,1,64,128,16,90,90,24117248,12888047616,534,0.0295974,758.881,435445
12,CUTLASS,gemm,cutlass3x_sm90_tensorop_s64x128x16gemm_f16_f16_f32_f16_f16_128x128x64_2x1x1_0_nnn_align8_warpspecialized_epi_nosmem,passed,success,universal,1536,1024,4096,f16:column,f16:column,f16:column,f16:column,1,0,serial,1,1,heuristic,invalid,invalid,false,false,1,tensorop,f32,128,128,64,2,1,1,0,0,0,7,4,1,1,64,128,16,90,90,24117248,12888047616,534,0.0289011,777.165,445936
12,CUTLASS,gemm,cutlass3x_sm90_tensorop_s64x128x16gemm_f16_f16_f32_f16_f16_128x128x64_2x1x1_0_nnn_align8_warpspecialized_pingpong_epi_tma,passed,success,universal,1536,1024,4096,f16:column,f16:column,f16:column,f16:column,1,0,serial,1,1,heuristic,invalid,invalid,false,false,1,tensorop,f32,128,128,64,2,1,1,0,0,0,6,4,1,1,64,128,16,90,90,24117248,12888047616,534,0.0275293,815.893,468158
12,CUTLASS,gemm,cutlass3x_sm90_tensorop_s64x128x16gemm_f16_f16_f32_f16_f16_128x128x64_2x1x1_0_nnn_align8_warpspecialized_pingpong_epi_nosmem,passed,success,universal,1536,1024,4096,f16:column,f16:column,f16:column,f16:column,1,0,serial,1,1,heuristic,invalid,invalid,false,false,1,tensorop,f32,128,128,64,2,1,1,0,0,0,7,4,1,1,64,128,16,90,90,24117248,12888047616,534,0.0294099,763.72,438221
12,CUTLASS,gemm,cutlass3x_sm90_tensorop_s64x128x16gemm_f16_f16_f32_f16_f16_128x128x64_2x1x1_0_nnn_align8_warpspecialized_cooperative_epi_nosmem,passed,success,universal,1536,1024,4096,f16:column,f16:column,f16:column,f16:column,1,0,serial,1,1,heuristic,invalid,invalid,false,false,1,tensorop,f32,128,128,64,2,1,1,0,0,0,7,4,2,1,64,128,16,90,90,24117248,12888047616,534,0.0299069,751.029,430939
12,CUTLASS,gemm,cutlass3x_sm90_tensorop_s64x128x16gemm_f16_f16_f32_f16_f16_128x128x64_2x1x1_0_nnn_align8_warpspecialized_cooperative_epi_tma,passed,success,universal,1536,1024,4096,f16:column,f16:column,f16:column,f16:column,1,0,serial,1,1,heuristic,invalid,invalid,false,false,1,tensorop,f32,128,128,64,2,1,1,0,0,0,6,4,2,1,64,128,16,90,90,24117248,12888047616,534,0.0263053,853.857,489941
12,CUTLASS,gemm,cutlass3x_sm90_tensorop_s64x128x16gemm_f16_f16_f32_f16_f16_128x128x64_2x1x1_0_nnn_align8_stream_k_warpspecialized_cooperative_epi_nosmem,passed,success,universal,1536,1024,4096,f16:column,f16:column,f16:column,f16:column,1,0,serial,1,1,heuristic,invalid,invalid,false,false,1,tensorop,f32,128,128,64,2,1,1,0,0,0,7,4,2,1,64,128,16,90,90,24117248,12888047616,534,0.0305194,735.957,422291
12,CUTLASS,gemm,cutlass3x_sm90_tensorop_s64x128x16gemm_f16_f16_f32_f16_f16_128x128x64_2x1x1_0_nnn_align8_stream_k_warpspecialized_cooperative_epi_tma,passed,success,universal,1536,1024,4096,f16:column,f16:column,f16:column,f16:column,1,0,serial,1,1,heuristic,invalid,invalid,false,false,1,tensorop,f32,128,128,64,2,1,1,0,0,0,6,4,2,1,64,128,16,90,90,24117248,12888047616,534,0.0275958,813.925,467029
13,CUTLASS,gemm,cutlass_tensorop_f16_s1688gemm_f16_256x128_32x2_nn_align8,passed,success,universal,1664,1024,4096,f16:column,f16:column,f16:column,f16:column,1,0,serial,1,1,heuristic,invalid,invalid,false,false,1,tensorop,f32,256,128,32,1,1,1,0,0,0,2,4,2,1,16,8,8,75,1024,25427968,13962051584,549,0.159802,148.194,87371.2
13,CUTLASS,gemm,cutlass_tensorop_f16_s16816gemm_f16_256x128_32x3_nn_align8,passed,success,universal,1664,1024,4096,f16:column,f16:column,f16:column,f16:column,1,0,serial,1,1,heuristic,invalid,invalid,false,false,1,tensorop,f32,256,128,32,1,1,1,0,0,0,3,4,2,1,16,8,16,80,1024,25427968,13962051584,549,0.0729686,324.545,191343
13,CUTLASS,gemm,cutlass3x_sm90_tensorop_s64x128x16gemm_f16_f16_f32_f16_f16_128x128x64_1x2x1_0_nnn_align8,passed,success,universal,1664,1024,4096,f16:column,f16:column,f16:column,f16:column,1,0,serial,1,1,heuristic,invalid,invalid,false,false,1,tensorop,f32,128,128,64,1,2,1,0,0,0,7,4,2,1,64,128,16,90,90,25427968,13962051584,549,0.0288496,820.865,483960
13,CUTLASS,gemm,cutlass3x_sm90_tensorop_s64x128x16gemm_f16_f16_f32_f16_f16_128x128x64_1x2x1_0_nnn_align8_warpspecialized_epi_nosmem,passed,success,universal,1664,1024,4096,f16:column,f16:column,f16:column,f16:column,1,0,serial,1,1,heuristic,invalid,invalid,false,false,1,tensorop,f32,128,128,64,1,2,1,0,0,0,7,4,1,1,64,128,16,90,90,25427968,13962051584,549,0.0276438,856.67,505069
13,CUTLASS,gemm,cutlass3x_sm90_tensorop_s64x128x16gemm_f16_f16_f32_f16_f16_128x128x64_1x2x1_0_nnn_align8_warpspecialized_pingpong_epi_tma,passed,success,universal,1664,1024,4096,f16:column,f16:column,f16:column,f16:column,1,0,serial,1,1,heuristic,invalid,invalid,false,false,1,tensorop,f32,128,128,64,1,2,1,0,0,0,6,4,1,1,64,128,16,90,90,25427968,13962051584,549,0.0266077,890.03,524738
13,CUTLASS,gemm,cutlass3x_sm90_tensorop_s64x128x16gemm_f16_f16_f32_f16_f16_128x128x64_1x2x1_0_nnn_align8_warpspecialized_pingpong_epi_nosmem,passed,success,universal,1664,1024,4096,f16:column,f16:column,f16:column,f16:column,1,0,serial,1,1,heuristic,invalid,invalid,false,false,1,tensorop,f32,128,128,64,1,2,1,0,0,0,7,4,1,1,64,128,16,90,90,25427968,13962051584,549,0.0282883,837.153,493562
13,CUTLASS,gemm,cutlass3x_sm90_tensorop_s64x128x16gemm_f16_f16_f32_f16_f16_128x128x64_1x2x1_0_nnn_align8_warpspecialized_cooperative_epi_nosmem,passed,success,universal,1664,1024,4096,f16:column,f16:column,f16:column,f16:column,1,0,serial,1,1,heuristic,invalid,invalid,false,false,1,tensorop,f32,128,128,64,1,2,1,0,0,0,7,4,2,1,64,128,16,90,90,25427968,13962051584,549,0.0286845,825.591,486746
13,CUTLASS,gemm,cutlass3x_sm90_tensorop_s64x128x16gemm_f16_f16_f32_f16_f16_128x128x64_1x2x1_0_nnn_align8_warpspecialized_cooperative_epi_tma,passed,success,universal,1664,1024,4096,f16:column,f16:column,f16:column,f16:column,1,0,serial,1,1,heuristic,invalid,invalid,false,false,1,tensorop,f32,128,128,64,1,2,1,0,0,0,6,4,2,1,64,128,16,90,90,25427968,13962051584,549,0.0259514,912.54,538008
13,CUTLASS,gemm,cutlass3x_sm90_tensorop_s64x128x16gemm_f16_f16_f32_f16_f16_128x128x64_1x2x1_0_nnn_align8_stream_k_warpspecialized_cooperative_epi_nosmem,passed,success,universal,1664,1024,4096,f16:column,f16:column,f16:column,f16:column,1,0,serial,1,1,heuristic,invalid,invalid,false,false,1,tensorop,f32,128,128,64,1,2,1,0,0,0,7,4,2,1,64,128,16,90,90,25427968,13962051584,549,0.029216,810.571,477891
13,CUTLASS,gemm,cutlass3x_sm90_tensorop_s64x128x16gemm_f16_f16_f32_f16_f16_128x128x64_1x2x1_0_nnn_align8_stream_k_warpspecialized_cooperative_epi_tma,passed,success,universal,1664,1024,4096,f16:column,f16:column,f16:column,f16:column,1,0,serial,1,1,heuristic,invalid,invalid,false,false,1,tensorop,f32,128,128,64,1,2,1,0,0,0,6,4,2,1,64,128,16,90,90,25427968,13962051584,549,0.0266611,888.246,523686
13,CUTLASS,gemm,cutlass3x_sm90_tensorop_s64x128x16gemm_f16_f16_f32_f16_f16_128x128x64_2x1x1_0_nnn_align8,passed,success,universal,1664,1024,4096,f16:column,f16:column,f16:column,f16:column,1,0,serial,1,1,heuristic,invalid,invalid,false,false,1,tensorop,f32,128,128,64,2,1,1,0,0,0,7,4,2,1,64,128,16,90,90,25427968,13962051584,549,0.0359754,658.274,388100
13,CUTLASS,gemm,cutlass3x_sm90_tensorop_s64x128x16gemm_f16_f16_f32_f16_f16_128x128x64_2x1x1_0_nnn_align8_warpspecialized_epi_nosmem,passed,success,universal,1664,1024,4096,f16:column,f16:column,f16:column,f16:column,1,0,serial,1,1,heuristic,invalid,invalid,false,false,1,tensorop,f32,128,128,64,2,1,1,0,0,0,7,4,1,1,64,128,16,90,90,25427968,13962051584,549,0.0353427,670.057,395047
13,CUTLASS,gemm,cutlass3x_sm90_tensorop_s64x128x16gemm_f16_f16_f32_f16_f16_128x128x64_2x1x1_0_nnn_align8_warpspecialized_pingpong_epi_tma,passed,success,universal,1664,1024,4096,f16:column,f16:column,f16:column,f16:column,1,0,serial,1,1,heuristic,invalid,invalid,false,false,1,tensorop,f32,128,128,64,2,1,1,0,0,0,6,4,1,1,64,128,16,90,90,25427968,13962051584,549,0.0344662,687.097,405094
13,CUTLASS,gemm,cutlass3x_sm90_tensorop_s64x128x16gemm_f16_f16_f32_f16_f16_128x128x64_2x1x1_0_nnn_align8_warpspecialized_pingpong_epi_nosmem,passed,success,universal,1664,1024,4096,f16:column,f16:column,f16:column,f16:column,1,0,serial,1,1,heuristic,invalid,invalid,false,false,1,tensorop,f32,128,128,64,2,1,1,0,0,0,7,4,1,1,64,128,16,90,90,25427968,13962051584,549,0.035553,666.095,392711
13,CUTLASS,gemm,cutlass3x_sm90_tensorop_s64x128x16gemm_f16_f16_f32_f16_f16_128x128x64_2x1x1_0_nnn_align8_warpspecialized_cooperative_epi_nosmem,passed,success,universal,1664,1024,4096,f16:column,f16:column,f16:column,f16:column,1,0,serial,1,1,heuristic,invalid,invalid,false,false,1,tensorop,f32,128,128,64,2,1,1,0,0,0,7,4,2,1,64,128,16,90,90,25427968,13962051584,549,0.0355622,665.921,392609
13,CUTLASS,gemm,cutlass3x_sm90_tensorop_s64x128x16gemm_f16_f16_f32_f16_f16_128x128x64_2x1x1_0_nnn_align8_warpspecialized_cooperative_epi_tma,passed,success,universal,1664,1024,4096,f16:column,f16:column,f16:column,f16:column,1,0,serial,1,1,heuristic,invalid,invalid,false,false,1,tensorop,f32,128,128,64,2,1,1,0,0,0,6,4,2,1,64,128,16,90,90,25427968,13962051584,549,0.0334422,708.136,417498
13,CUTLASS,gemm,cutlass3x_sm90_tensorop_s64x128x16gemm_f16_f16_f32_f16_f16_128x128x64_2x1x1_0_nnn_align8_stream_k_warpspecialized_cooperative_epi_nosmem,passed,success,universal,1664,1024,4096,f16:column,f16:column,f16:column,f16:column,1,0,serial,1,1,heuristic,invalid,invalid,false,false,1,tensorop,f32,128,128,64,2,1,1,0,0,0,7,4,2,1,64,128,16,90,90,25427968,13962051584,549,0.0361562,654.982,386160
13,CUTLASS,gemm,cutlass3x_sm90_tensorop_s64x128x16gemm_f16_f16_f32_f16_f16_128x128x64_2x1x1_0_nnn_align8_stream_k_warpspecialized_cooperative_epi_tma,passed,success,universal,1664,1024,4096,f16:column,f16:column,f16:column,f16:column,1,0,serial,1,1,heuristic,invalid,invalid,false,false,1,tensorop,f32,128,128,64,2,1,1,0,0,0,6,4,2,1,64,128,16,90,90,25427968,13962051584,549,0.0341392,693.679,408974
14,CUTLASS,gemm,cutlass_tensorop_f16_s1688gemm_f16_256x128_32x2_nn_align8,passed,success,universal,1792,1024,4096,f16:column,f16:column,f16:column,f16:column,1,0,serial,1,1,heuristic,invalid,invalid,false,false,1,tensorop,f32,256,128,32,1,1,1,0,0,0,2,4,2,1,16,8,8,75,1024,26738688,15036055552,562,0.162109,153.615,92752.7
14,CUTLASS,gemm,cutlass_tensorop_f16_s16816gemm_f16_256x128_32x3_nn_align8,passed,success,universal,1792,1024,4096,f16:column,f16:column,f16:column,f16:column,1,0,serial,1,1,heuristic,invalid,invalid,false,false,1,tensorop,f32,256,128,32,1,1,1,0,0,0,3,4,2,1,16,8,16,80,1024,26738688,15036055552,562,0.0731238,340.55,205625
14,CUTLASS,gemm,cutlass3x_sm90_tensorop_s64x128x16gemm_f16_f16_f32_f16_f16_128x128x64_1x2x1_0_nnn_align8,passed,success,universal,1792,1024,4096,f16:column,f16:column,f16:column,f16:column,1,0,serial,1,1,heuristic,invalid,invalid,false,false,1,tensorop,f32,128,128,64,1,2,1,0,0,0,7,4,2,1,64,128,16,90,90,26738688,15036055552,562,0.028993,858.91,518611
14,CUTLASS,gemm,cutlass3x_sm90_tensorop_s64x128x16gemm_f16_f16_f32_f16_f16_128x128x64_1x2x1_0_nnn_align8_warpspecialized_epi_nosmem,passed,success,universal,1792,1024,4096,f16:column,f16:column,f16:column,f16:column,1,0,serial,1,1,heuristic,invalid,invalid,false,false,1,tensorop,f32,128,128,64,1,2,1,0,0,0,7,4,1,1,64,128,16,90,90,26738688,15036055552,562,0.0296918,838.693,506404
14,CUTLASS,gemm,cutlass3x_sm90_tensorop_s64x128x16gemm_f16_f16_f32_f16_f16_128x128x64_1x2x1_0_nnn_align8_warpspecialized_pingpong_epi_tma,passed,success,universal,1792,1024,4096,f16:column,f16:column,f16:column,f16:column,1,0,serial,1,1,heuristic,invalid,invalid,false,false,1,tensorop,f32,128,128,64,1,2,1,0,0,0,6,4,1,1,64,128,16,90,90,26738688,15036055552,562,0.0262816,947.52,572113
14,CUTLASS,gemm,cutlass3x_sm90_tensorop_s64x128x16gemm_f16_f16_f32_f16_f16_128x128x64_1x2x1_0_nnn_align8_warpspecialized_pingpong_epi_nosmem,passed,success,universal,1792,1024,4096,f16:column,f16:column,f16:column,f16:column,1,0,serial,1,1,heuristic,invalid,invalid,false,false,1,tensorop,f32,128,128,64,1,2,1,0,0,0,7,4,1,1,64,128,16,90,90,26738688,15036055552,562,0.0292566,851.169,513937
14,CUTLASS,gemm,cutlass3x_sm90_tensorop_s64x128x16gemm_f16_f16_f32_f16_f16_128x128x64_1x2x1_0_nnn_align8_warpspecialized_cooperative_epi_nosmem,passed,success,universal,1792,1024,4096,f16:column,f16:column,f16:column,f16:column,1,0,serial,1,1,heuristic,invalid,invalid,false,false,1,tensorop,f32,128,128,64,1,2,1,0,0,0,7,4,2,1,64,128,16,90,90,26738688,15036055552,562,0.0290115,858.361,518279
14,CUTLASS,gemm,cutlass3x_sm90_tensorop_s64x128x16gemm_f16_f16_f32_f16_f16_128x128x64_1x2x1_0_nnn_align8_warpspecialized_cooperative_epi_tma,passed,success,universal,1792,1024,4096,f16:column,f16:column,f16:column,f16:column,1,0,serial,1,1,heuristic,invalid,invalid,false,false,1,tensorop,f32,128,128,64,1,2,1,0,0,0,6,4,2,1,64,128,16,90,90,26738688,15036055552,562,0.0256512,970.806,586174
14,CUTLASS,gemm,cutlass3x_sm90_tensorop_s64x128x16gemm_f16_f16_f32_f16_f16_128x128x64_1x2x1_0_nnn_align8_stream_k_warpspecialized_cooperative_epi_nosmem,passed,success,universal,1792,1024,4096,f16:column,f16:column,f16:column,f16:column,1,0,serial,1,1,heuristic,invalid,invalid,false,false,1,tensorop,f32,128,128,64,1,2,1,0,0,0,7,4,2,1,64,128,16,90,90,26738688,15036055552,562,0.0297328,837.538,505706
14,CUTLASS,gemm,cutlass3x_sm90_tensorop_s64x128x16gemm_f16_f16_f32_f16_f16_128x128x64_1x2x1_0_nnn_align8_stream_k_warpspecialized_cooperative_epi_tma,passed,success,universal,1792,1024,4096,f16:column,f16:column,f16:column,f16:column,1,0,serial,1,1,heuristic,invalid,invalid,false,false,1,tensorop,f32,128,128,64,1,2,1,0,0,0,6,4,2,1,64,128,16,90,90,26738688,15036055552,562,0.0266173,935.571,564898
14,CUTLASS,gemm,cutlass3x_sm90_tensorop_s64x128x16gemm_f16_f16_f32_f16_f16_128x128x64_2x1x1_0_nnn_align8,passed,success,universal,1792,1024,4096,f16:column,f16:column,f16:column,f16:column,1,0,serial,1,1,heuristic,invalid,invalid,false,false,1,tensorop,f32,128,128,64,2,1,1,0,0,0,7,4,2,1,64,128,16,90,90,26738688,15036055552,562,0.0325686,764.611,461673
14,CUTLASS,gemm,cutlass3x_sm90_tensorop_s64x128x16gemm_f16_f16_f32_f16_f16_128x128x64_2x1x1_0_nnn_align8_warpspecialized_epi_nosmem,passed,success,universal,1792,1024,4096,f16:column,f16:column,f16:column,f16:column,1,0,serial,1,1,heuristic,invalid,invalid,false,false,1,tensorop,f32,128,128,64,2,1,1,0,0,0,7,4,1,1,64,128,16,90,90,26738688,15036055552,562,0.0302816,822.359,496541
14,CUTLASS,gemm,cutlass3x_sm90_tensorop_s64x128x16gemm_f16_f16_f32_f16_f16_128x128x64_2x1x1_0_nnn_align8_warpspecialized_pingpong_epi_tma,passed,success,universal,1792,1024,4096,f16:column,f16:column,f16:column,f16:column,1,0,serial,1,1,heuristic,invalid,invalid,false,false,1,tensorop,f32,128,128,64,2,1,1,0,0,0,6,4,1,1,64,128,16,90,90,26738688,15036055552,562,0.0301734,825.307,498321
14,CUTLASS,gemm,cutlass3x_sm90_tensorop_s64x128x16gemm_f16_f16_f32_f16_f16_128x128x64_2x1x1_0_nnn_align8_warpspecialized_pingpong_epi_nosmem,passed,success,universal,1792,1024,4096,f16:column,f16:column,f16:column,f16:column,1,0,serial,1,1,heuristic,invalid,invalid,false,false,1,tensorop,f32,128,128,64,2,1,1,0,0,0,7,4,1,1,64,128,16,90,90,26738688,15036055552,562,0.032711,761.283,459663
14,CUTLASS,gemm,cutlass3x_sm90_tensorop_s64x128x16gemm_f16_f16_f32_f16_f16_128x128x64_2x1x1_0_nnn_align8_warpspecialized_cooperative_epi_nosmem,passed,success,universal,1792,1024,4096,f16:column,f16:column,f16:column,f16:column,1,0,serial,1,1,heuristic,invalid,invalid,false,false,1,tensorop,f32,128,128,64,2,1,1,0,0,0,7,4,2,1,64,128,16,90,90,26738688,15036055552,562,0.0327245,760.97,459474
14,CUTLASS,gemm,cutlass3x_sm90_tensorop_s64x128x16gemm_f16_f16_f32_f16_f16_128x128x64_2x1x1_0_nnn_align8_warpspecialized_cooperative_epi_tma,passed,success,universal,1792,1024,4096,f16:column,f16:column,f16:column,f16:column,1,0,serial,1,1,heuristic,invalid,invalid,false,false,1,tensorop,f32,128,128,64,2,1,1,0,0,0,6,4,2,1,64,128,16,90,90,26738688,15036055552,562,0.0294502,845.574,510558
14,CUTLASS,gemm,cutlass3x_sm90_tensorop_s64x128x16gemm_f16_f16_f32_f16_f16_128x128x64_2x1x1_0_nnn_align8_stream_k_warpspecialized_cooperative_epi_nosmem,passed,success,universal,1792,1024,4096,f16:column,f16:column,f16:column,f16:column,1,0,serial,1,1,heuristic,invalid,invalid,false,false,1,tensorop,f32,128,128,64,2,1,1,0,0,0,7,4,2,1,64,128,16,90,90,26738688,15036055552,562,0.0332339,749.305,452431
14,CUTLASS,gemm,cutlass3x_sm90_tensorop_s64x128x16gemm_f16_f16_f32_f16_f16_128x128x64_2x1x1_0_nnn_align8_stream_k_warpspecialized_cooperative_epi_tma,passed,success,universal,1792,1024,4096,f16:column,f16:column,f16:column,f16:column,1,0,serial,1,1,heuristic,invalid,invalid,false,false,1,tensorop,f32,128,128,64,2,1,1,0,0,0,6,4,2,1,64,128,16,90,90,26738688,15036055552,562,0.0308122,808.199,487991
15,CUTLASS,gemm,cutlass_tensorop_f16_s1688gemm_f16_256x128_32x2_nn_align8,passed,success,universal,1920,1024,4096,f16:column,f16:column,f16:column,f16:column,1,0,serial,1,1,heuristic,invalid,invalid,false,false,1,tensorop,f32,256,128,32,1,1,1,0,0,0,2,4,2,1,16,8,8,75,1024,28049408,16110059520,574,0.160392,162.87,100442
15,CUTLASS,gemm,cutlass_tensorop_f16_s16816gemm_f16_256x128_32x3_nn_align8,passed,success,universal,1920,1024,4096,f16:column,f16:column,f16:column,f16:column,1,0,serial,1,1,heuristic,invalid,invalid,false,false,1,tensorop,f32,256,128,32,1,1,1,0,0,0,3,4,2,1,16,8,16,80,1024,28049408,16110059520,574,0.0732534,356.612,219922
15,CUTLASS,gemm,cutlass3x_sm90_tensorop_s64x128x16gemm_f16_f16_f32_f16_f16_128x128x64_1x2x1_0_nnn_align8,passed,success,universal,1920,1024,4096,f16:column,f16:column,f16:column,f16:column,1,0,serial,1,1,heuristic,invalid,invalid,false,false,1,tensorop,f32,128,128,64,1,2,1,0,0,0,7,4,2,1,64,128,16,90,90,28049408,16110059520,574,0.0292429,893.313,550905
15,CUTLASS,gemm,cutlass3x_sm90_tensorop_s64x128x16gemm_f16_f16_f32_f16_f16_128x128x64_1x2x1_0_nnn_align8_warpspecialized_epi_nosmem,passed,success,universal,1920,1024,4096,f16:column,f16:column,f16:column,f16:column,1,0,serial,1,1,heuristic,invalid,invalid,false,false,1,tensorop,f32,128,128,64,1,2,1,0,0,0,7,4,1,1,64,128,16,90,90,28049408,16110059520,574,0.0305562,854.919,527228
15,CUTLASS,gemm,cutlass3x_sm90_tensorop_s64x128x16gemm_f16_f16_f32_f16_f16_128x128x64_1x2x1_0_nnn_align8_warpspecialized_pingpong_epi_tma,passed,success,universal,1920,1024,4096,f16:column,f16:column,f16:column,f16:column,1,0,serial,1,1,heuristic,invalid,invalid,false,false,1,tensorop,f32,128,128,64,1,2,1,0,0,0,6,4,1,1,64,128,16,90,90,28049408,16110059520,574,0.027624,945.665,583191
15,CUTLASS,gemm,cutlass3x_sm90_tensorop_s64x128x16gemm_f16_f16_f32_f16_f16_128x128x64_1x2x1_0_nnn_align8_warpspecialized_pingpong_epi_nosmem,passed,success,universal,1920,1024,4096,f16:column,f16:column,f16:column,f16:column,1,0,serial,1,1,heuristic,invalid,invalid,false,false,1,tensorop,f32,128,128,64,1,2,1,0,0,0,7,4,1,1,64,128,16,90,90,28049408,16110059520,574,0.0290106,900.467,555317
15,CUTLASS,gemm,cutlass3x_sm90_tensorop_s64x128x16gemm_f16_f16_f32_f16_f16_128x128x64_1x2x1_0_nnn_align8_warpspecialized_cooperative_epi_nosmem,passed,success,universal,1920,1024,4096,f16:column,f16:column,f16:column,f16:column,1,0,serial,1,1,heuristic,invalid,invalid,false,false,1,tensorop,f32,128,128,64,1,2,1,0,0,0,7,4,2,1,64,128,16,90,90,28049408,16110059520,574,0.0292858,892.005,550099
15,CUTLASS,gemm,cutlass3x_sm90_tensorop_s64x128x16gemm_f16_f16_f32_f16_f16_128x128x64_1x2x1_0_nnn_align8_warpspecialized_cooperative_epi_tma,passed,success,universal,1920,1024,4096,f16:column,f16:column,f16:column,f16:column,1,0,serial,1,1,heuristic,invalid,invalid,false,false,1,tensorop,f32,128,128,64,1,2,1,0,0,0,6,4,2,1,64,128,16,90,90,28049408,16110059520,574,0.0265107,985.377,607681
15,CUTLASS,gemm,cutlass3x_sm90_tensorop_s64x128x16gemm_f16_f16_f32_f16_f16_128x128x64_1x2x1_0_nnn_align8_stream_k_warpspecialized_cooperative_epi_nosmem,passed,success,universal,1920,1024,4096,f16:column,f16:column,f16:column,f16:column,1,0,serial,1,1,heuristic,invalid,invalid,false,false,1,tensorop,f32,128,128,64,1,2,1,0,0,0,7,4,2,1,64,128,16,90,90,28049408,16110059520,574,0.0300698,868.748,535756
15,CUTLASS,gemm,cutlass3x_sm90_tensorop_s64x128x16gemm_f16_f16_f32_f16_f16_128x128x64_1x2x1_0_nnn_align8_stream_k_warpspecialized_cooperative_epi_tma,passed,success,universal,1920,1024,4096,f16:column,f16:column,f16:column,f16:column,1,0,serial,1,1,heuristic,invalid,invalid,false,false,1,tensorop,f32,128,128,64,1,2,1,0,0,0,6,4,2,1,64,128,16,90,90,28049408,16110059520,574,0.0277312,942.009,580936
15,CUTLASS,gemm,cutlass3x_sm90_tensorop_s64x128x16gemm_f16_f16_f32_f16_f16_128x128x64_2x1x1_0_nnn_align8,passed,success,universal,1920,1024,4096,f16:column,f16:column,f16:column,f16:column,1,0,serial,1,1,heuristic,invalid,invalid,false,false,1,tensorop,f32,128,128,64,2,1,1,0,0,0,7,4,2,1,64,128,16,90,90,28049408,16110059520,574,0.0384672,679.099,418800
15,CUTLASS,gemm,cutlass3x_sm90_tensorop_s64x128x16gemm_f16_f16_f32_f16_f16_128x128x64_2x1x1_0_nnn_align8_warpspecialized_epi_nosmem,passed,success,universal,1920,1024,4096,f16:column,f16:column,f16:column,f16:column,1,0,serial,1,1,heuristic,invalid,invalid,false,false,1,tensorop,f32,128,128,64,2,1,1,0,0,0,7,4,1,1,64,128,16,90,90,28049408,16110059520,574,0.0370883,704.347,434370
15,CUTLASS,gemm,cutlass3x_sm90_tensorop_s64x128x16gemm_f16_f16_f32_f16_f16_128x128x64_2x1x1_0_nnn_align8_warpspecialized_pingpong_epi_tma,passed,success,universal,1920,1024,4096,f16:column,f16:column,f16:column,f16:column,1,0,serial,1,1,heuristic,invalid,invalid,false,false,1,tensorop,f32,128,128,64,2,1,1,0,0,0,6,4,1,1,64,128,16,90,90,28049408,16110059520,574,0.0372483,701.321,432504
15,CUTLASS,gemm,cutlass3x_sm90_tensorop_s64x128x16gemm_f16_f16_f32_f16_f16_128x128x64_2x1x1_0_nnn_align8_warpspecialized_pingpong_epi_nosmem,passed,success,universal,1920,1024,4096,f16:column,f16:column,f16:column,f16:column,1,0,serial,1,1,heuristic,invalid,invalid,false,false,1,tensorop,f32,128,128,64,2,1,1,0,0,0,7,4,1,1,64,128,16,90,90,28049408,16110059520,574,0.0387818,673.591,415403
15,CUTLASS,gemm,cutlass3x_sm90_tensorop_s64x128x16gemm_f16_f16_f32_f16_f16_128x128x64_2x1x1_0_nnn_align8_warpspecialized_cooperative_epi_nosmem,passed,success,universal,1920,1024,4096,f16:column,f16:column,f16:column,f16:column,1,0,serial,1,1,heuristic,invalid,invalid,false,false,1,tensorop,f32,128,128,64,2,1,1,0,0,0,7,4,2,1,64,128,16,90,90,28049408,16110059520,574,0.0383488,681.196,420093
15,CUTLASS,gemm,cutlass3x_sm90_tensorop_s64x128x16gemm_f16_f16_f32_f16_f16_128x128x64_2x1x1_0_nnn_align8_warpspecialized_cooperative_epi_tma,passed,success,universal,1920,1024,4096,f16:column,f16:column,f16:column,f16:column,1,0,serial,1,1,heuristic,invalid,invalid,false,false,1,tensorop,f32,128,128,64,2,1,1,0,0,0,6,4,2,1,64,128,16,90,90,28049408,16110059520,574,0.0366502,712.766,439562
15,CUTLASS,gemm,cutlass3x_sm90_tensorop_s64x128x16gemm_f16_f16_f32_f16_f16_128x128x64_2x1x1_0_nnn_align8_stream_k_warpspecialized_cooperative_epi_nosmem,passed,success,universal,1920,1024,4096,f16:column,f16:column,f16:column,f16:column,1,0,serial,1,1,heuristic,invalid,invalid,false,false,1,tensorop,f32,128,128,64,2,1,1,0,0,0,7,4,2,1,64,128,16,90,90,28049408,16110059520,574,0.0388262,672.819,414927
15,CUTLASS,gemm,cutlass3x_sm90_tensorop_s64x128x16gemm_f16_f16_f32_f16_f16_128x128x64_2x1x1_0_nnn_align8_stream_k_warpspecialized_cooperative_epi_tma,passed,success,universal,1920,1024,4096,f16:column,f16:column,f16:column,f16:column,1,0,serial,1,1,heuristic,invalid,invalid,false,false,1,tensorop,f32,128,128,64,2,1,1,0,0,0,6,4,2,1,64,128,16,90,90,28049408,16110059520,574,0.0374538,697.475,430132
16,CUTLASS,gemm,cutlass_tensorop_f16_s1688gemm_f16_256x128_32x2_nn_align8,passed,success,universal,2048,1024,4096,f16:column,f16:column,f16:column,f16:column,1,0,serial,1,1,heuristic,invalid,invalid,false,false,1,tensorop,f32,256,128,32,1,1,1,0,0,0,2,4,2,1,16,8,8,75,1024,29360128,17184063488,585,0.161747,169.053,106241
16,CUTLASS,gemm,cutlass_tensorop_f16_s16816gemm_f16_256x128_32x3_nn_align8,passed,success,universal,2048,1024,4096,f16:column,f16:column,f16:column,f16:column,1,0,serial,1,1,heuristic,invalid,invalid,false,false,1,tensorop,f32,256,128,32,1,1,1,0,0,0,3,4,2,1,16,8,16,80,1024,29360128,17184063488,585,0.0736042,371.497,233466
16,CUTLASS,gemm,cutlass3x_sm90_tensorop_s64x128x16gemm_f16_f16_f32_f16_f16_128x128x64_1x2x1_0_nnn_align8,passed,success,universal,2048,1024,4096,f16:column,f16:column,f16:column,f16:column,1,0,serial,1,1,heuristic,invalid,invalid,false,false,1,tensorop,f32,128,128,64,1,2,1,0,0,0,7,4,2,1,64,128,16,90,90,29360128,17184063488,585,0.0294579,928.231,583343
16,CUTLASS,gemm,cutlass3x_sm90_tensorop_s64x128x16gemm_f16_f16_f32_f16_f16_128x128x64_1x2x1_0_nnn_align8_warpspecialized_epi_nosmem,passed,success,universal,2048,1024,4096,f16:column,f16:column,f16:column,f16:column,1,0,serial,1,1,heuristic,invalid,invalid,false,false,1,tensorop,f32,128,128,64,1,2,1,0,0,0,7,4,1,1,64,128,16,90,90,29360128,17184063488,585,0.0303984,899.513,565295
16,CUTLASS,gemm,cutlass3x_sm90_tensorop_s64x128x16gemm_f16_f16_f32_f16_f16_128x128x64_1x2x1_0_nnn_align8_warpspecialized_pingpong_epi_tma,passed,success,universal,2048,1024,4096,f16:column,f16:column,f16:column,f16:column,1,0,serial,1,1,heuristic,invalid,invalid,false,false,1,tensorop,f32,128,128,64,1,2,1,0,0,0,6,4,1,1,64,128,16,90,90,29360128,17184063488,585,0.0295581,925.085,581366
16,CUTLASS,gemm,cutlass3x_sm90_tensorop_s64x128x16gemm_f16_f16_f32_f16_f16_128x128x64_1x2x1_0_nnn_align8_warpspecialized_pingpong_epi_nosmem,passed,success,universal,2048,1024,4096,f16:column,f16:column,f16:column,f16:column,1,0,serial,1,1,heuristic,invalid,invalid,false,false,1,tensorop,f32,128,128,64,1,2,1,0,0,0,7,4,1,1,64,128,16,90,90,29360128,17184063488,585,0.0293539,931.52,585410
16,CUTLASS,gemm,cutlass3x_sm90_tensorop_s64x128x16gemm_f16_f16_f32_f16_f16_128x128x64_1x2x1_0_nnn_align8_warpspecialized_cooperative_epi_nosmem,passed,success,universal,2048,1024,4096,f16:column,f16:column,f16:column,f16:column,1,0,serial,1,1,heuristic,invalid,invalid,false,false,1,tensorop,f32,128,128,64,1,2,1,0,0,0,7,4,2,1,64,128,16,90,90,29360128,17184063488,585,0.0294179,929.493,584136
16,CUTLASS,gemm,cutlass3x_sm90_tensorop_s64x128x16gemm_f16_f16_f32_f16_f16_128x128x64_1x2x1_0_nnn_align8_warpspecialized_cooperative_epi_tma,passed,success,universal,2048,1024,4096,f16:column,f16:column,f16:column,f16:column,1,0,serial,1,1,heuristic,invalid,invalid,false,false,1,tensorop,f32,128,128,64,1,2,1,0,0,0,6,4,2,1,64,128,16,90,90,29360128,17184063488,585,0.028368,963.894,605755
16,CUTLASS,gemm,cutlass3x_sm90_tensorop_s64x128x16gemm_f16_f16_f32_f16_f16_128x128x64_1x2x1_0_nnn_align8_stream_k_warpspecialized_cooperative_epi_nosmem,passed,success,universal,2048,1024,4096,f16:column,f16:column,f16:column,f16:column,1,0,serial,1,1,heuristic,invalid,invalid,false,false,1,tensorop,f32,128,128,64,1,2,1,0,0,0,7,4,2,1,64,128,16,90,90,29360128,17184063488,585,0.0309933,882.248,554445
16,CUTLASS,gemm,cutlass3x_sm90_tensorop_s64x128x16gemm_f16_f16_f32_f16_f16_128x128x64_1x2x1_0_nnn_align8_stream_k_warpspecialized_cooperative_epi_tma,passed,success,universal,2048,1024,4096,f16:column,f16:column,f16:column,f16:column,1,0,serial,1,1,heuristic,invalid,invalid,false,false,1,tensorop,f32,128,128,64,1,2,1,0,0,0,6,4,2,1,64,128,16,90,90,29360128,17184063488,585,0.0295069,926.691,582375
16,CUTLASS,gemm,cutlass3x_sm90_tensorop_s64x128x16gemm_f16_f16_f32_f16_f16_128x128x64_2x1x1_0_nnn_align8,passed,success,universal,2048,1024,4096,f16:column,f16:column,f16:column,f16:column,1,0,serial,1,1,heuristic,invalid,invalid,false,false,1,tensorop,f32,128,128,64,2,1,1,0,0,0,7,4,2,1,64,128,16,90,90,29360128,17184063488,585,0.0331984,823.647,517617
16,CUTLASS,gemm,cutlass3x_sm90_tensorop_s64x128x16gemm_f16_f16_f32_f16_f16_128x128x64_2x1x1_0_nnn_align8_warpspecialized_epi_nosmem,passed,success,universal,2048,1024,4096,f16:column,f16:column,f16:column,f16:column,1,0,serial,1,1,heuristic,invalid,invalid,false,false,1,tensorop,f32,128,128,64,2,1,1,0,0,0,7,4,1,1,64,128,16,90,90,29360128,17184063488,585,0.0312554,874.85,549796
16,CUTLASS,gemm,cutlass3x_sm90_tensorop_s64x128x16gemm_f16_f16_f32_f16_f16_128x128x64_2x1x1_0_nnn_align8_warpspecialized_pingpong_epi_tma,passed,success,universal,2048,1024,4096,f16:column,f16:column,f16:column,f16:column,1,0,serial,1,1,heuristic,invalid,invalid,false,false,1,tensorop,f32,128,128,64,2,1,1,0,0,0,6,4,1,1,64,128,16,90,90,29360128,17184063488,585,0.0327728,834.343,524339
16,CUTLASS,gemm,cutlass3x_sm90_tensorop_s64x128x16gemm_f16_f16_f32_f16_f16_128x128x64_2x1x1_0_nnn_align8_warpspecialized_pingpong_epi_nosmem,passed,success,universal,2048,1024,4096,f16:column,f16:column,f16:column,f16:column,1,0,serial,1,1,heuristic,invalid,invalid,false,false,1,tensorop,f32,128,128,64,2,1,1,0,0,0,7,4,1,1,64,128,16,90,90,29360128,17184063488,585,0.0329706,829.338,521194
16,CUTLASS,gemm,cutlass3x_sm90_tensorop_s64x128x16gemm_f16_f16_f32_f16_f16_128x128x64_2x1x1_0_nnn_align8_warpspecialized_cooperative_epi_nosmem,passed,success,universal,2048,1024,4096,f16:column,f16:column,f16:column,f16:column,1,0,serial,1,1,heuristic,invalid,invalid,false,false,1,tensorop,f32,128,128,64,2,1,1,0,0,0,7,4,2,1,64,128,16,90,90,29360128,17184063488,585,0.0331469,824.927,518422
16,CUTLASS,gemm,cutlass3x_sm90_tensorop_s64x128x16gemm_f16_f16_f32_f16_f16_128x128x64_2x1x1_0_nnn_align8_warpspecialized_cooperative_epi_tma,passed,success,universal,2048,1024,4096,f16:column,f16:column,f16:column,f16:column,1,0,serial,1,1,heuristic,invalid,invalid,false,false,1,tensorop,f32,128,128,64,2,1,1,0,0,0,6,4,2,1,64,128,16,90,90,29360128,17184063488,585,0.0320522,853.102,536128
16,CUTLASS,gemm,cutlass3x_sm90_tensorop_s64x128x16gemm_f16_f16_f32_f16_f16_128x128x64_2x1x1_0_nnn_align8_stream_k_warpspecialized_cooperative_epi_nosmem,passed,success,universal,2048,1024,4096,f16:column,f16:column,f16:column,f16:column,1,0,serial,1,1,heuristic,invalid,invalid,false,false,1,tensorop,f32,128,128,64,2,1,1,0,0,0,7,4,2,1,64,128,16,90,90,29360128,17184063488,585,0.0339459,805.509,506219
16,CUTLASS,gemm,cutlass3x_sm90_tensorop_s64x128x16gemm_f16_f16_f32_f16_f16_128x128x64_2x1x1_0_nnn_align8_stream_k_warpspecialized_cooperative_epi_tma,passed,success,universal,2048,1024,4096,f16:column,f16:column,f16:column,f16:column,1,0,serial,1,1,heuristic,invalid,invalid,false,false,1,tensorop,f32,128,128,64,2,1,1,0,0,0,6,4,2,1,64,128,16,90,90,29360128,17184063488,585,0.0329677,829.411,521240
17,CUTLASS,gemm,cutlass_tensorop_f16_s1688gemm_f16_256x128_32x2_nn_align8,passed,success,universal,128,1024,4096,f16:column,f16:column,f16:column,f16:column,1,0,serial,2,1,heuristic,invalid,invalid,false,false,1,tensorop,f32,256,128,32,1,1,1,0,0,0,2,4,2,1,16,8,8,75,1024,9699328,1074003968,110,0.0885766,101.982,12125.1
17,CUTLASS,gemm,cutlass_tensorop_f16_s16816gemm_f16_256x128_32x3_nn_align8,passed,success,universal,128,1024,4096,f16:column,f16:column,f16:column,f16:column,1,0,serial,2,1,heuristic,invalid,invalid,false,false,1,tensorop,f32,256,128,32,1,1,1,0,0,0,3,4,2,1,16,8,16,80,1024,9699328,1074003968,110,0.043553,207.407,24659.7
17,CUTLASS,gemm,cutlass3x_sm90_tensorop_s64x128x16gemm_f16_f16_f32_f16_f16_128x128x64_1x2x1_0_nnn_align8,passed,success,universal,128,1024,4096,f16:column,f16:column,f16:column,f16:column,1,0,serial,2,1,heuristic,invalid,invalid,false,false,1,tensorop,f32,128,128,64,1,2,1,0,0,0,7,4,2,1,64,128,16,90,90,9699328,1074003968,110,0.025415,355.427,42258.6
17,CUTLASS,gemm,cutlass3x_sm90_tensorop_s64x128x16gemm_f16_f16_f32_f16_f16_128x128x64_1x2x1_0_nnn_align8_warpspecialized_epi_nosmem,passed,success,universal,128,1024,4096,f16:column,f16:column,f16:column,f16:column,1,0,serial,2,1,heuristic,invalid,invalid,false,false,1,tensorop,f32,128,128,64,1,2,1,0,0,0,7,4,1,1,64,128,16,90,90,9699328,1074003968,110,0.0249779,361.648,42998.1
17,CUTLASS,gemm,cutlass3x_sm90_tensorop_s64x128x16gemm_f16_f16_f32_f16_f16_128x128x64_1x2x1_0_nnn_align8_warpspecialized_pingpong_epi_tma,passed,success,universal,128,1024,4096,f16:column,f16:column,f16:column,f16:column,1,0,serial,2,1,heuristic,invalid,invalid,false,false,1,tensorop,f32,128,128,64,1,2,1,0,0,0,6,4,1,1,64,128,16,90,90,9699328,1074003968,110,0.0253088,356.919,42436
17,CUTLASS,gemm,cutlass3x_sm90_tensorop_s64x128x16gemm_f16_f16_f32_f16_f16_128x128x64_1x2x1_0_nnn_align8_warpspecialized_pingpong_epi_nosmem,passed,success,universal,128,1024,4096,f16:column,f16:column,f16:column,f16:column,1,0,serial,2,1,heuristic,invalid,invalid,false,false,1,tensorop,f32,128,128,64,1,2,1,0,0,0,7,4,1,1,64,128,16,90,90,9699328,1074003968,110,0.0251754,358.811,42660.9
17,CUTLASS,gemm,cutlass3x_sm90_tensorop_s64x128x16gemm_f16_f16_f32_f16_f16_128x128x64_1x2x1_0_nnn_align8_warpspecialized_cooperative_epi_nosmem,passed,success,universal,128,1024,4096,f16:column,f16:column,f16:column,f16:column,1,0,serial,2,1,heuristic,invalid,invalid,false,false,1,tensorop,f32,128,128,64,1,2,1,0,0,0,7,4,2,1,64,128,16,90,90,9699328,1074003968,110,0.0253654,356.122,42341.2
17,CUTLASS,gemm,cutlass3x_sm90_tensorop_s64x128x16gemm_f16_f16_f32_f16_f16_128x128x64_1x2x1_0_nnn_align8_warpspecialized_cooperative_epi_tma,passed,success,universal,128,1024,4096,f16:column,f16:column,f16:column,f16:column,1,0,serial,2,1,heuristic,invalid,invalid,false,false,1,tensorop,f32,128,128,64,1,2,1,0,0,0,6,4,2,1,64,128,16,90,90,9699328,1074003968,110,0.0247117,365.544,43461.4
17,CUTLASS,gemm,cutlass3x_sm90_tensorop_s64x128x16gemm_f16_f16_f32_f16_f16_128x128x64_1x2x1_0_nnn_align8_stream_k_warpspecialized_cooperative_epi_nosmem,passed,success,universal,128,1024,4096,f16:column,f16:column,f16:column,f16:column,1,0,serial,2,1,heuristic,invalid,invalid,false,false,1,tensorop,f32,128,128,64,1,2,1,0,0,0,7,4,2,1,64,128,16,90,90,9699328,1074003968,110,0.0205411,439.762,52285.6
17,CUTLASS,gemm,cutlass3x_sm90_tensorop_s64x128x16gemm_f16_f16_f32_f16_f16_128x128x64_1x2x1_0_nnn_align8_stream_k_warpspecialized_cooperative_epi_tma,passed,success,universal,128,1024,4096,f16:column,f16:column,f16:column,f16:column,1,0,serial,2,1,heuristic,invalid,invalid,false,false,1,tensorop,f32,128,128,64,1,2,1,0,0,0,6,4,2,1,64,128,16,90,90,9699328,1074003968,110,0.020336,444.198,52812.9
17,CUTLASS,gemm,cutlass3x_sm90_tensorop_s64x128x16gemm_f16_f16_f32_f16_f16_128x128x64_2x1x1_0_nnn_align8,passed,success,universal,128,1024,4096,f16:column,f16:column,f16:column,f16:column,1,0,serial,2,1,heuristic,invalid,invalid,false,false,1,tensorop,f32,128,128,64,2,1,1,0,0,0,7,4,2,1,64,128,16,90,90,9699328,1074003968,110,0.0255405,353.682,42051
17,CUTLASS,gemm,cutlass3x_sm90_tensorop_s64x128x16gemm_f16_f16_f32_f16_f16_128x128x64_2x1x1_0_nnn_align8_warpspecialized_epi_nosmem,passed,success,universal,128,1024,4096,f16:column,f16:column,f16:column,f16:column,1,0,serial,2,1,heuristic,invalid,invalid,false,false,1,tensorop,f32,128,128,64,2,1,1,0,0,0,7,4,1,1,64,128,16,90,90,9699328,1074003968,110,0.0250314,360.875,42906.3
17,CUTLASS,gemm,cutlass3x_sm90_tensorop_s64x128x16gemm_f16_f16_f32_f16_f16_128x128x64_2x1x1_0_nnn_align8_warpspecialized_pingpong_epi_tma,passed,success,universal,128,1024,4096,f16:column,f16:column,f16:column,f16:column,1,0,serial,2,1,heuristic,invalid,invalid,false,false,1,tensorop,f32,128,128,64,2,1,1,0,0,0,6,4,1,1,64,128,16,90,90,9699328,1074003968,110,0.0254925,354.348,42130.2
17,CUTLASS,gemm,cutlass3x_sm90_tensorop_s64x128x16gemm_f16_f16_f32_f16_f16_128x128x64_2x1x1_0_nnn_align8_warpspecialized_pingpong_epi_nosmem,passed,success,universal,128,1024,4096,f16:column,f16:column,f16:column,f16:column,1,0,serial,2,1,heuristic,invalid,invalid,false,false,1,tensorop,f32,128,128,64,2,1,1,0,0,0,7,4,1,1,64,128,16,90,90,9699328,1074003968,110,0.0252858,357.245,42474.7
17,CUTLASS,gemm,cutlass3x_sm90_tensorop_s64x128x16gemm_f16_f16_f32_f16_f16_128x128x64_2x1x1_0_nnn_align8_warpspecialized_cooperative_epi_nosmem,passed,success,universal,128,1024,4096,f16:column,f16:column,f16:column,f16:column,1,0,serial,2,1,heuristic,invalid,invalid,false,false,1,tensorop,f32,128,128,64,2,1,1,0,0,0,7,4,2,1,64,128,16,90,90,9699328,1074003968,110,0.0255693,353.283,42003.7
17,CUTLASS,gemm,cutlass3x_sm90_tensorop_s64x128x16gemm_f16_f16_f32_f16_f16_128x128x64_2x1x1_0_nnn_align8_warpspecialized_cooperative_epi_tma,passed,success,universal,128,1024,4096,f16:column,f16:column,f16:column,f16:column,1,0,serial,2,1,heuristic,invalid,invalid,false,false,1,tensorop,f32,128,128,64,2,1,1,0,0,0,6,4,2,1,64,128,16,90,90,9699328,1074003968,110,0.0248515,363.487,43216.8
17,CUTLASS,gemm,cutlass3x_sm90_tensorop_s64x128x16gemm_f16_f16_f32_f16_f16_128x128x64_2x1x1_0_nnn_align8_stream_k_warpspecialized_cooperative_epi_nosmem,passed,success,universal,128,1024,4096,f16:column,f16:column,f16:column,f16:column,1,0,serial,2,1,heuristic,invalid,invalid,false,false,1,tensorop,f32,128,128,64,2,1,1,0,0,0,7,4,2,1,64,128,16,90,90,9699328,1074003968,110,0.0205987,438.532,52139.4
17,CUTLASS,gemm,cutlass3x_sm90_tensorop_s64x128x16gemm_f16_f16_f32_f16_f16_128x128x64_2x1x1_0_nnn_align8_stream_k_warpspecialized_cooperative_epi_tma,passed,success,universal,128,1024,4096,f16:column,f16:column,f16:column,f16:column,1,0,serial,2,1,heuristic,invalid,invalid,false,false,1,tensorop,f32,128,128,64,2,1,1,0,0,0,6,4,2,1,64,128,16,90,90,9699328,1074003968,110,0.0204749,441.185,52454.7
18,CUTLASS,gemm,cutlass_tensorop_f16_s1688gemm_f16_256x128_32x2_nn_align8,passed,success,universal,256,1024,4096,f16:column,f16:column,f16:column,f16:column,1,0,serial,2,1,heuristic,invalid,invalid,false,false,1,tensorop,f32,256,128,32,1,1,1,0,0,0,2,4,2,1,16,8,8,75,1024,11010048,2148007936,195,0.0880602,116.442,24392.5
18,CUTLASS,gemm,cutlass_tensorop_f16_s16816gemm_f16_256x128_32x3_nn_align8,passed,success,universal,256,1024,4096,f16:column,f16:column,f16:column,f16:column,1,0,serial,2,1,heuristic,invalid,invalid,false,false,1,tensorop,f32,256,128,32,1,1,1,0,0,0,3,4,2,1,16,8,16,80,1024,11010048,2148007936,195,0.0438576,233.8,48976.9
18,CUTLASS,gemm,cutlass3x_sm90_tensorop_s64x128x16gemm_f16_f16_f32_f16_f16_128x128x64_1x2x1_0_nnn_align8,passed,success,universal,256,1024,4096,f16:column,f16:column,f16:column,f16:column,1,0,serial,2,1,heuristic,invalid,invalid,false,false,1,tensorop,f32,128,128,64,1,2,1,0,0,0,7,4,2,1,64,128,16,90,90,11010048,2148007936,195,0.0254918,402.243,84262.6
18,CUTLASS,gemm,cutlass3x_sm90_tensorop_s64x128x16gemm_f16_f16_f32_f16_f16_128x128x64_1x2x1_0_nnn_align8_warpspecialized_epi_nosmem,passed,success,universal,256,1024,4096,f16:column,f16:column,f16:column,f16:column,1,0,serial,2,1,heuristic,invalid,invalid,false,false,1,tensorop,f32,128,128,64,1,2,1,0,0,0,7,4,1,1,64,128,16,90,90,11010048,2148007936,195,0.0249722,410.614,86016.1
18,CUTLASS,gemm,cutlass3x_sm90_tensorop_s64x128x16gemm_f16_f16_f32_f16_f16_128x128x64_1x2x1_0_nnn_align8_warpspecialized_pingpong_epi_tma,passed,success,universal,256,1024,4096,f16:column,f16:column,f16:column,f16:column,1,0,serial,2,1,heuristic,invalid,invalid,false,false,1,tensorop,f32,128,128,64,1,2,1,0,0,0,6,4,1,1,64,128,16,90,90,11010048,2148007936,195,0.0255462,401.386,84083.1
18,CUTLASS,gemm,cutlass3x_sm90_tensorop_s64x128x16gemm_f16_f16_f32_f16_f16_128x128x64_1x2x1_0_nnn_align8_warpspecialized_pingpong_epi_nosmem,passed,success,universal,256,1024,4096,f16:column,f16:column,f16:column,f16:column,1,0,serial,2,1,heuristic,invalid,invalid,false,false,1,tensorop,f32,128,128,64,1,2,1,0,0,0,7,4,1,1,64,128,16,90,90,11010048,2148007936,195,0.0253498,404.497,84734.8
18,CUTLASS,gemm,cutlass3x_sm90_tensorop_s64x128x16gemm_f16_f16_f32_f16_f16_128x128x64_1x2x1_0_nnn_align8_warpspecialized_cooperative_epi_nosmem,passed,success,universal,256,1024,4096,f16:column,f16:column,f16:column,f16:column,1,0,serial,2,1,heuristic,invalid,invalid,false,false,1,tensorop,f32,128,128,64,1,2,1,0,0,0,7,4,2,1,64,128,16,90,90,11010048,2148007936,195,0.0256541,399.699,83729.7
18,CUTLASS,gemm,cutlass3x_sm90_tensorop_s64x128x16gemm_f16_f16_f32_f16_f16_128x128x64_1x2x1_0_nnn_align8_warpspecialized_cooperative_epi_tma,passed,success,universal,256,1024,4096,f16:column,f16:column,f16:column,f16:column,1,0,serial,2,1,heuristic,invalid,invalid,false,false,1,tensorop,f32,128,128,64,1,2,1,0,0,0,6,4,2,1,64,128,16,90,90,11010048,2148007936,195,0.024849,412.649,86442.6
18,CUTLASS,gemm,cutlass3x_sm90_tensorop_s64x128x16gemm_f16_f16_f32_f16_f16_128x128x64_1x2x1_0_nnn_align8_stream_k_warpspecialized_cooperative_epi_nosmem,passed,success,universal,256,1024,4096,f16:column,f16:column,f16:column,f16:column,1,0,serial,2,1,heuristic,invalid,invalid,false,false,1,tensorop,f32,128,128,64,1,2,1,0,0,0,7,4,2,1,64,128,16,90,90,11010048,2148007936,195,0.0209011,490.591,102770
18,CUTLASS,gemm,cutlass3x_sm90_tensorop_s64x128x16gemm_f16_f16_f32_f16_f16_128x128x64_1x2x1_0_nnn_align8_stream_k_warpspecialized_cooperative_epi_tma,passed,success,universal,256,1024,4096,f16:column,f16:column,f16:column,f16:column,1,0,serial,2,1,heuristic,invalid,invalid,false,false,1,tensorop,f32,128,128,64,1,2,1,0,0,0,6,4,2,1,64,128,16,90,90,11010048,2148007936,195,0.0206515,496.521,104012
18,CUTLASS,gemm,cutlass3x_sm90_tensorop_s64x128x16gemm_f16_f16_f32_f16_f16_128x128x64_2x1x1_0_nnn_align8,passed,success,universal,256,1024,4096,f16:column,f16:column,f16:column,f16:column,1,0,serial,2,1,heuristic,invalid,invalid,false,false,1,tensorop,f32,128,128,64,2,1,1,0,0,0,7,4,2,1,64,128,16,90,90,11010048,2148007936,195,0.0256714,399.43,83673.3
18,CUTLASS,gemm,cutlass3x_sm90_tensorop_s64x128x16gemm_f16_f16_f32_f16_f16_128x128x64_2x1x1_0_nnn_align8_warpspecialized_epi_nosmem,passed,success,universal,256,1024,4096,f16:column,f16:column,f16:column,f16:column,1,0,serial,2,1,heuristic,invalid,invalid,false,false,1,tensorop,f32,128,128,64,2,1,1,0,0,0,7,4,1,1,64,128,16,90,90,11010048,2148007936,195,0.0251517,407.683,85402.2
18,CUTLASS,gemm,cutlass3x_sm90_tensorop_s64x128x16gemm_f16_f16_f32_f16_f16_128x128x64_2x1x1_0_nnn_align8_warpspecialized_pingpong_epi_tma,passed,success,universal,256,1024,4096,f16:column,f16:column,f16:column,f16:column,1,0,serial,2,1,heuristic,invalid,invalid,false,false,1,tensorop,f32,128,128,64,2,1,1,0,0,0,6,4,1,1,64,128,16,90,90,11010048,2148007936,195,0.0255741,400.949,83991.6
18,CUTLASS,gemm,cutlass3x_sm90_tensorop_s64x128x16gemm_f16_f16_f32_f16_f16_128x128x64_2x1x1_0_nnn_align8_warpspecialized_pingpong_epi_nosmem,passed,success,universal,256,1024,4096,f16:column,f16:column,f16:column,f16:column,1,0,serial,2,1,heuristic,invalid,invalid,false,false,1,tensorop,f32,128,128,64,2,1,1,0,0,0,7,4,1,1,64,128,16,90,90,11010048,2148007936,195,0.0253773,404.059,84643
18,CUTLASS,gemm,cutlass3x_sm90_tensorop_s64x128x16gemm_f16_f16_f32_f16_f16_128x128x64_2x1x1_0_nnn_align8_warpspecialized_cooperative_epi_nosmem,passed,success,universal,256,1024,4096,f16:column,f16:column,f16:column,f16:column,1,0,serial,2,1,heuristic,invalid,invalid,false,false,1,tensorop,f32,128,128,64,2,1,1,0,0,0,7,4,2,1,64,128,16,90,90,11010048,2148007936,195,0.0256666,399.504,83689
18,CUTLASS,gemm,cutlass3x_sm90_tensorop_s64x128x16gemm_f16_f16_f32_f16_f16_128x128x64_2x1x1_0_nnn_align8_warpspecialized_cooperative_epi_tma,passed,success,universal,256,1024,4096,f16:column,f16:column,f16:column,f16:column,1,0,serial,2,1,heuristic,invalid,invalid,false,false,1,tensorop,f32,128,128,64,2,1,1,0,0,0,6,4,2,1,64,128,16,90,90,11010048,2148007936,195,0.0249126,411.595,86221.6
18,CUTLASS,gemm,cutlass3x_sm90_tensorop_s64x128x16gemm_f16_f16_f32_f16_f16_128x128x64_2x1x1_0_nnn_align8_stream_k_warpspecialized_cooperative_epi_nosmem,passed,success,universal,256,1024,4096,f16:column,f16:column,f16:column,f16:column,1,0,serial,2,1,heuristic,invalid,invalid,false,false,1,tensorop,f32,128,128,64,2,1,1,0,0,0,7,4,2,1,64,128,16,90,90,11010048,2148007936,195,0.020751,494.139,103513
18,CUTLASS,gemm,cutlass3x_sm90_tensorop_s64x128x16gemm_f16_f16_f32_f16_f16_128x128x64_2x1x1_0_nnn_align8_stream_k_warpspecialized_cooperative_epi_tma,passed,success,universal,256,1024,4096,f16:column,f16:column,f16:column,f16:column,1,0,serial,2,1,heuristic,invalid,invalid,false,false,1,tensorop,f32,128,128,64,2,1,1,0,0,0,6,4,2,1,64,128,16,90,90,11010048,2148007936,195,0.0206019,497.716,104263
19,CUTLASS,gemm,cutlass_tensorop_f16_s1688gemm_f16_256x128_32x2_nn_align8,passed,success,universal,384,1024,4096,f16:column,f16:column,f16:column,f16:column,1,0,serial,2,1,heuristic,invalid,invalid,false,false,1,tensorop,f32,256,128,32,1,1,1,0,0,0,2,4,2,1,16,8,8,75,1024,12320768,3222011904,261,0.0887328,129.316,36311.4
19,CUTLASS,gemm,cutlass_tensorop_f16_s16816gemm_f16_256x128_32x3_nn_align8,passed,success,universal,384,1024,4096,f16:column,f16:column,f16:column,f16:column,1,0,serial,2,1,heuristic,invalid,invalid,false,false,1,tensorop,f32,256,128,32,1,1,1,0,0,0,3,4,2,1,16,8,16,80,1024,12320768,3222011904,261,0.0442896,259.081,72748.7
19,CUTLASS,gemm,cutlass3x_sm90_tensorop_s64x128x16gemm_f16_f16_f32_f16_f16_128x128x64_1x2x1_0_nnn_align8,passed,success,universal,384,1024,4096,f16:column,f16:column,f16:column,f16:column,1,0,serial,2,1,heuristic,invalid,invalid,false,false,1,tensorop,f32,128,128,64,1,2,1,0,0,0,7,4,2,1,64,128,16,90,90,12320768,3222011904,261,0.0262214,437.604,122877
19,CUTLASS,gemm,cutlass3x_sm90_tensorop_s64x128x16gemm_f16_f16_f32_f16_f16_128x128x64_1x2x1_0_nnn_align8_warpspecialized_epi_nosmem,passed,success,universal,384,1024,4096,f16:column,f16:column,f16:column,f16:column,1,0,serial,2,1,heuristic,invalid,invalid,false,false,1,tensorop,f32,128,128,64,1,2,1,0,0,0,7,4,1,1,64,128,16,90,90,12320768,3222011904,261,0.0256096,448.059,125813
19,CUTLASS,gemm,cutlass3x_sm90_tensorop_s64x128x16gemm_f16_f16_f32_f16_f16_128x128x64_1x2x1_0_nnn_align8_warpspecialized_pingpong_epi_tma,passed,success,universal,384,1024,4096,f16:column,f16:column,f16:column,f16:column,1,0,serial,2,1,heuristic,invalid,invalid,false,false,1,tensorop,f32,128,128,64,1,2,1,0,0,0,6,4,1,1,64,128,16,90,90,12320768,3222011904,261,0.0256854,446.736,125441
19,CUTLASS,gemm,cutlass3x_sm90_tensorop_s64x128x16gemm_f16_f16_f32_f16_f16_128x128x64_1x2x1_0_nnn_align8_warpspecialized_pingpong_epi_nosmem,passed,success,universal,384,1024,4096,f16:column,f16:column,f16:column,f16:column,1,0,serial,2,1,heuristic,invalid,invalid,false,false,1,tensorop,f32,128,128,64,1,2,1,0,0,0,7,4,1,1,64,128,16,90,90,12320768,3222011904,261,0.0262886,436.485,122563
19,CUTLASS,gemm,cutlass3x_sm90_tensorop_s64x128x16gemm_f16_f16_f32_f16_f16_128x128x64_1x2x1_0_nnn_align8_warpspecialized_cooperative_epi_nosmem,passed,success,universal,384,1024,4096,f16:column,f16:column,f16:column,f16:column,1,0,serial,2,1,heuristic,invalid,invalid,false,false,1,tensorop,f32,128,128,64,1,2,1,0,0,0,7,4,2,1,64,128,16,90,90,12320768,3222011904,261,0.0262157,437.7,122904
19,CUTLASS,gemm,cutlass3x_sm90_tensorop_s64x128x16gemm_f16_f16_f32_f16_f16_128x128x64_1x2x1_0_nnn_align8_warpspecialized_cooperative_epi_tma,passed,success,universal,384,1024,4096,f16:column,f16:column,f16:column,f16:column,1,0,serial,2,1,heuristic,invalid,invalid,false,false,1,tensorop,f32,128,128,64,1,2,1,0,0,0,6,4,2,1,64,128,16,90,90,12320768,3222011904,261,0.0250298,458.439,128727
19,CUTLASS,gemm,cutlass3x_sm90_tensorop_s64x128x16gemm_f16_f16_f32_f16_f16_128x128x64_1x2x1_0_nnn_align8_stream_k_warpspecialized_cooperative_epi_nosmem,passed,success,universal,384,1024,4096,f16:column,f16:column,f16:column,f16:column,1,0,serial,2,1,heuristic,invalid,invalid,false,false,1,tensorop,f32,128,128,64,1,2,1,0,0,0,7,4,2,1,64,128,16,90,90,12320768,3222011904,261,0.0213859,536.55,150660
19,CUTLASS,gemm,cutlass3x_sm90_tensorop_s64x128x16gemm_f16_f16_f32_f16_f16_128x128x64_1x2x1_0_nnn_align8_stream_k_warpspecialized_cooperative_epi_tma,passed,success,universal,384,1024,4096,f16:column,f16:column,f16:column,f16:column,1,0,serial,2,1,heuristic,invalid,invalid,false,false,1,tensorop,f32,128,128,64,1,2,1,0,0,0,6,4,2,1,64,128,16,90,90,12320768,3222011904,261,0.0208957,549.138,154195
19,CUTLASS,gemm,cutlass3x_sm90_tensorop_s64x128x16gemm_f16_f16_f32_f16_f16_128x128x64_2x1x1_0_nnn_align8,passed,success,universal,384,1024,4096,f16:column,f16:column,f16:column,f16:column,1,0,serial,2,1,heuristic,invalid,invalid,false,false,1,tensorop,f32,128,128,64,2,1,1,0,0,0,7,4,2,1,64,128,16,90,90,12320768,3222011904,261,0.0261798,438.299,123072
19,CUTLASS,gemm,cutlass3x_sm90_tensorop_s64x128x16gemm_f16_f16_f32_f16_f16_128x128x64_2x1x1_0_nnn_align8_warpspecialized_epi_nosmem,passed,success,universal,384,1024,4096,f16:column,f16:column,f16:column,f16:column,1,0,serial,2,1,heuristic,invalid,invalid,false,false,1,tensorop,f32,128,128,64,2,1,1,0,0,0,7,4,1,1,64,128,16,90,90,12320768,3222011904,261,0.0256886,446.68,125426
19,CUTLASS,gemm,cutlass3x_sm90_tensorop_s64x128x16gemm_f16_f16_f32_f16_f16_128x128x64_2x1x1_0_nnn_align8_warpspecialized_pingpong_epi_tma,passed,success,universal,384,1024,4096,f16:column,f16:column,f16:column,f16:column,1,0,serial,2,1,heuristic,invalid,invalid,false,false,1,tensorop,f32,128,128,64,2,1,1,0,0,0,6,4,1,1,64,128,16,90,90,12320768,3222011904,261,0.0256234,447.818,125745
19,CUTLASS,gemm,cutlass3x_sm90_tensorop_s64x128x16gemm_f16_f16_f32_f16_f16_128x128x64_2x1x1_0_nnn_align8_warpspecialized_pingpong_epi_nosmem,passed,success,universal,384,1024,4096,f16:column,f16:column,f16:column,f16:column,1,0,serial,2,1,heuristic,invalid,invalid,false,false,1,tensorop,f32,128,128,64,2,1,1,0,0,0,7,4,1,1,64,128,16,90,90,12320768,3222011904,261,0.026345,435.552,122301
19,CUTLASS,gemm,cutlass3x_sm90_tensorop_s64x128x16gemm_f16_f16_f32_f16_f16_128x128x64_2x1x1_0_nnn_align8_warpspecialized_cooperative_epi_nosmem,passed,success,universal,384,1024,4096,f16:column,f16:column,f16:column,f16:column,1,0,serial,2,1,heuristic,invalid,invalid,false,false,1,tensorop,f32,128,128,64,2,1,1,0,0,0,7,4,2,1,64,128,16,90,90,12320768,3222011904,261,0.0262176,437.668,122895
19,CUTLASS,gemm,cutlass3x_sm90_tensorop_s64x128x16gemm_f16_f16_f32_f16_f16_128x128x64_2x1x1_0_nnn_align8_warpspecialized_cooperative_epi_tma,passed,success,universal,384,1024,4096,f16:column,f16:column,f16:column,f16:column,1,0,serial,2,1,heuristic,invalid,invalid,false,false,1,tensorop,f32,128,128,64,2,1,1,0,0,0,6,4,2,1,64,128,16,90,90,12320768,3222011904,261,0.0249274,460.322,129256
19,CUTLASS,gemm,cutlass3x_sm90_tensorop_s64x128x16gemm_f16_f16_f32_f16_f16_128x128x64_2x1x1_0_nnn_align8_stream_k_warpspecialized_cooperative_epi_nosmem,passed,success,universal,384,1024,4096,f16:column,f16:column,f16:column,f16:column,1,0,serial,2,1,heuristic,invalid,invalid,false,false,1,tensorop,f32,128,128,64,2,1,1,0,0,0,7,4,2,1,64,128,16,90,90,12320768,3222011904,261,0.022536,509.168,142972
19,CUTLASS,gemm,cutlass3x_sm90_tensorop_s64x128x16gemm_f16_f16_f32_f16_f16_128x128x64_2x1x1_0_nnn_align8_stream_k_warpspecialized_cooperative_epi_tma,passed,success,universal,384,1024,4096,f16:column,f16:column,f16:column,f16:column,1,0,serial,2,1,heuristic,invalid,invalid,false,false,1,tensorop,f32,128,128,64,2,1,1,0,0,0,6,4,2,1,64,128,16,90,90,12320768,3222011904,261,0.0218986,523.989,147134
20,CUTLASS,gemm,cutlass_tensorop_f16_s1688gemm_f16_256x128_32x2_nn_align8,passed,success,universal,512,1024,4096,f16:column,f16:column,f16:column,f16:column,1,0,serial,2,1,heuristic,invalid,invalid,false,false,1,tensorop,f32,256,128,32,1,1,1,0,0,0,2,4,2,1,16,8,8,75,1024,13631488,4296015872,315,0.0884768,143.487,48555.3
20,CUTLASS,gemm,cutlass_tensorop_f16_s16816gemm_f16_256x128_32x3_nn_align8,passed,success,universal,512,1024,4096,f16:column,f16:column,f16:column,f16:column,1,0,serial,2,1,heuristic,invalid,invalid,false,false,1,tensorop,f32,256,128,32,1,1,1,0,0,0,3,4,2,1,16,8,16,80,1024,13631488,4296015872,315,0.0440074,288.482,97620.4
20,CUTLASS,gemm,cutlass3x_sm90_tensorop_s64x128x16gemm_f16_f16_f32_f16_f16_128x128x64_1x2x1_0_nnn_align8,passed,success,universal,512,1024,4096,f16:column,f16:column,f16:column,f16:column,1,0,serial,2,1,heuristic,invalid,invalid,false,false,1,tensorop,f32,128,128,64,1,2,1,0,0,0,7,4,2,1,64,128,16,90,90,13631488,4296015872,315,0.0255552,496.78,168107
20,CUTLASS,gemm,cutlass3x_sm90_tensorop_s64x128x16gemm_f16_f16_f32_f16_f16_128x128x64_1x2x1_0_nnn_align8_warpspecialized_epi_nosmem,passed,success,universal,512,1024,4096,f16:column,f16:column,f16:column,f16:column,1,0,serial,2,1,heuristic,invalid,invalid,false,false,1,tensorop,f32,128,128,64,1,2,1,0,0,0,7,4,1,1,64,128,16,90,90,13631488,4296015872,315,0.0251699,504.384,170681
20,CUTLASS,gemm,cutlass3x_sm90_tensorop_s64x128x16gemm_f16_f16_f32_f16_f16_128x128x64_1x2x1_0_nnn_align8_warpspecialized_pingpong_epi_tma,passed,success,universal,512,1024,4096,f16:column,f16:column,f16:column,f16:column,1,0,serial,2,1,heuristic,invalid,invalid,false,false,1,tensorop,f32,128,128,64,1,2,1,0,0,0,6,4,1,1,64,128,16,90,90,13631488,4296015872,315,0.0254333,499.161,168913
20,CUTLASS,gemm,cutlass3x_sm90_tensorop_s64x128x16gemm_f16_f16_f32_f16_f16_128x128x64_1x2x1_0_nnn_align8_warpspecialized_pingpong_epi_nosmem,passed,success,universal,512,1024,4096,f16:column,f16:column,f16:column,f16:column,1,0,serial,2,1,heuristic,invalid,invalid,false,false,1,tensorop,f32,128,128,64,1,2,1,0,0,0,7,4,1,1,64,128,16,90,90,13631488,4296015872,315,0.0252214,503.354,170332
20,CUTLASS,gemm,cutlass3x_sm90_tensorop_s64x128x16gemm_f16_f16_f32_f16_f16_128x128x64_1x2x1_0_nnn_align8_warpspecialized_cooperative_epi_nosmem,passed,success,universal,512,1024,4096,f16:column,f16:column,f16:column,f16:column,1,0,serial,2,1,heuristic,invalid,invalid,false,false,1,tensorop,f32,128,128,64,1,2,1,0,0,0,7,4,2,1,64,128,16,90,90,13631488,4296015872,315,0.025631,495.31,167610
20,CUTLASS,gemm,cutlass3x_sm90_tensorop_s64x128x16gemm_f16_f16_f32_f16_f16_128x128x64_1x2x1_0_nnn_align8_warpspecialized_cooperative_epi_tma,passed,success,universal,512,1024,4096,f16:column,f16:column,f16:column,f16:column,1,0,serial,2,1,heuristic,invalid,invalid,false,false,1,tensorop,f32,128,128,64,1,2,1,0,0,0,6,4,2,1,64,128,16,90,90,13631488,4296015872,315,0.0248435,511.011,172923
20,CUTLASS,gemm,cutlass3x_sm90_tensorop_s64x128x16gemm_f16_f16_f32_f16_f16_128x128x64_1x2x1_0_nnn_align8_stream_k_warpspecialized_cooperative_epi_nosmem,passed,success,universal,512,1024,4096,f16:column,f16:column,f16:column,f16:column,1,0,serial,2,1,heuristic,invalid,invalid,false,false,1,tensorop,f32,128,128,64,1,2,1,0,0,0,7,4,2,1,64,128,16,90,90,13631488,4296015872,315,0.0211888,599.152,202749
20,CUTLASS,gemm,cutlass3x_sm90_tensorop_s64x128x16gemm_f16_f16_f32_f16_f16_128x128x64_1x2x1_0_nnn_align8_stream_k_warpspecialized_cooperative_epi_tma,passed,success,universal,512,1024,4096,f16:column,f16:column,f16:column,f16:column,1,0,serial,2,1,heuristic,invalid,invalid,false,false,1,tensorop,f32,128,128,64,1,2,1,0,0,0,6,4,2,1,64,128,16,90,90,13631488,4296015872,315,0.0209581,605.748,204981
20,CUTLASS,gemm,cutlass3x_sm90_tensorop_s64x128x16gemm_f16_f16_f32_f16_f16_128x128x64_2x1x1_0_nnn_align8,passed,success,universal,512,1024,4096,f16:column,f16:column,f16:column,f16:column,1,0,serial,2,1,heuristic,invalid,invalid,false,false,1,tensorop,f32,128,128,64,2,1,1,0,0,0,7,4,2,1,64,128,16,90,90,13631488,4296015872,315,0.0259664,488.913,165445
20,CUTLASS,gemm,cutlass3x_sm90_tensorop_s64x128x16gemm_f16_f16_f32_f16_f16_128x128x64_2x1x1_0_nnn_align8_warpspecialized_epi_nosmem,passed,success,universal,512,1024,4096,f16:column,f16:column,f16:column,f16:column,1,0,serial,2,1,heuristic,invalid,invalid,false,false,1,tensorop,f32,128,128,64,2,1,1,0,0,0,7,4,1,1,64,128,16,90,90,13631488,4296015872,315,0.025367,500.465,169354
20,CUTLASS,gemm,cutlass3x_sm90_tensorop_s64x128x16gemm_f16_f16_f32_f16_f16_128x128x64_2x1x1_0_nnn_align8_warpspecialized_pingpong_epi_tma,passed,success,universal,512,1024,4096,f16:column,f16:column,f16:column,f16:column,1,0,serial,2,1,heuristic,invalid,invalid,false,false,1,tensorop,f32,128,128,64,2,1,1,0,0,0,6,4,1,1,64,128,16,90,90,13631488,4296015872,315,0.0257075,493.837,167111
20,CUTLASS,gemm,cutlass3x_sm90_tensorop_s64x128x16gemm_f16_f16_f32_f16_f16_128x128x64_2x1x1_0_nnn_align8_warpspecialized_pingpong_epi_nosmem,passed,success,universal,512,1024,4096,f16:column,f16:column,f16:column,f16:column,1,0,serial,2,1,heuristic,invalid,invalid,false,false,1,tensorop,f32,128,128,64,2,1,1,0,0,0,7,4,1,1,64,128,16,90,90,13631488,4296015872,315,0.0256403,495.131,167549
20,CUTLASS,gemm,cutlass3x_sm90_tensorop_s64x128x16gemm_f16_f16_f32_f16_f16_128x128x64_2x1x1_0_nnn_align8_warpspecialized_cooperative_epi_nosmem,passed,success,universal,512,1024,4096,f16:column,f16:column,f16:column,f16:column,1,0,serial,2,1,heuristic,invalid,invalid,false,false,1,tensorop,f32,128,128,64,2,1,1,0,0,0,7,4,2,1,64,128,16,90,90,13631488,4296015872,315,0.0260333,487.657,165020
20,CUTLASS,gemm,cutlass3x_sm90_tensorop_s64x128x16gemm_f16_f16_f32_f16_f16_128x128x64_2x1x1_0_nnn_align8_warpspecialized_cooperative_epi_tma,passed,success,universal,512,1024,4096,f16:column,f16:column,f16:column,f16:column,1,0,serial,2,1,heuristic,invalid,invalid,false,false,1,tensorop,f32,128,128,64,2,1,1,0,0,0,6,4,2,1,64,128,16,90,90,13631488,4296015872,315,0.024984,508.138,171951
20,CUTLASS,gemm,cutlass3x_sm90_tensorop_s64x128x16gemm_f16_f16_f32_f16_f16_128x128x64_2x1x1_0_nnn_align8_stream_k_warpspecialized_cooperative_epi_nosmem,passed,success,universal,512,1024,4096,f16:column,f16:column,f16:column,f16:column,1,0,serial,2,1,heuristic,invalid,invalid,false,false,1,tensorop,f32,128,128,64,2,1,1,0,0,0,7,4,2,1,64,128,16,90,90,13631488,4296015872,315,0.0212864,596.405,201820
20,CUTLASS,gemm,cutlass3x_sm90_tensorop_s64x128x16gemm_f16_f16_f32_f16_f16_128x128x64_2x1x1_0_nnn_align8_stream_k_warpspecialized_cooperative_epi_tma,passed,success,universal,512,1024,4096,f16:column,f16:column,f16:column,f16:column,1,0,serial,2,1,heuristic,invalid,invalid,false,false,1,tensorop,f32,128,128,64,2,1,1,0,0,0,6,4,2,1,64,128,16,90,90,13631488,4296015872,315,0.0212736,596.764,201941
21,CUTLASS,gemm,cutlass_tensorop_f16_s1688gemm_f16_256x128_32x2_nn_align8,passed,success,universal,640,1024,4096,f16:column,f16:column,f16:column,f16:column,1,0,serial,2,1,heuristic,invalid,invalid,false,false,1,tensorop,f32,256,128,32,1,1,1,0,0,0,2,4,2,1,16,8,8,75,1024,14942208,5370019840,359,0.0888867,156.559,60414.2
21,CUTLASS,gemm,cutlass_tensorop_f16_s16816gemm_f16_256x128_32x3_nn_align8,passed,success,universal,640,1024,4096,f16:column,f16:column,f16:column,f16:column,1,0,serial,2,1,heuristic,invalid,invalid,false,false,1,tensorop,f32,256,128,32,1,1,1,0,0,0,3,4,2,1,16,8,16,80,1024,14942208,5370019840,359,0.0444659,312.959,120767
21,CUTLASS,gemm,cutlass3x_sm90_tensorop_s64x128x16gemm_f16_f16_f32_f16_f16_128x128x64_1x2x1_0_nnn_align8,passed,success,universal,640,1024,4096,f16:column,f16:column,f16:column,f16:column,1,0,serial,2,1,heuristic,invalid,invalid,false,false,1,tensorop,f32,128,128,64,1,2,1,0,0,0,7,4,2,1,64,128,16,90,90,14942208,5370019840,359,0.026247,530.194,204595
21,CUTLASS,gemm,cutlass3x_sm90_tensorop_s64x128x16gemm_f16_f16_f32_f16_f16_128x128x64_1x2x1_0_nnn_align8_warpspecialized_epi_nosmem,passed,success,universal,640,1024,4096,f16:column,f16:column,f16:column,f16:column,1,0,serial,2,1,heuristic,invalid,invalid,false,false,1,tensorop,f32,128,128,64,1,2,1,0,0,0,7,4,1,1,64,128,16,90,90,14942208,5370019840,359,0.0258307,538.739,207893
21,CUTLASS,gemm,cutlass3x_sm90_tensorop_s64x128x16gemm_f16_f16_f32_f16_f16_128x128x64_1x2x1_0_nnn_align8_warpspecialized_pingpong_epi_tma,passed,success,universal,640,1024,4096,f16:column,f16:column,f16:column,f16:column,1,0,serial,2,1,heuristic,invalid,invalid,false,false,1,tensorop,f32,128,128,64,1,2,1,0,0,0,6,4,1,1,64,128,16,90,90,14942208,5370019840,359,0.0257107,541.253,208863
21,CUTLASS,gemm,cutlass3x_sm90_tensorop_s64x128x16gemm_f16_f16_f32_f16_f16_128x128x64_1x2x1_0_nnn_align8_warpspecialized_pingpong_epi_nosmem,passed,success,universal,640,1024,4096,f16:column,f16:column,f16:column,f16:column,1,0,serial,2,1,heuristic,invalid,invalid,false,false,1,tensorop,f32,128,128,64,1,2,1,0,0,0,7,4,1,1,64,128,16,90,90,14942208,5370019840,359,0.0263923,527.275,203469
21,CUTLASS,gemm,cutlass3x_sm90_tensorop_s64x128x16gemm_f16_f16_f32_f16_f16_128x128x64_1x2x1_0_nnn_align8_warpspecialized_cooperative_epi_nosmem,passed,success,universal,640,1024,4096,f16:column,f16:column,f16:column,f16:column,1,0,serial,2,1,heuristic,invalid,invalid,false,false,1,tensorop,f32,128,128,64,1,2,1,0,0,0,7,4,2,1,64,128,16,90,90,14942208,5370019840,359,0.0263773,527.576,203585
21,CUTLASS,gemm,cutlass3x_sm90_tensorop_s64x128x16gemm_f16_f16_f32_f16_f16_128x128x64_1x2x1_0_nnn_align8_warpspecialized_cooperative_epi_tma,passed,success,universal,640,1024,4096,f16:column,f16:column,f16:column,f16:column,1,0,serial,2,1,heuristic,invalid,invalid,false,false,1,tensorop,f32,128,128,64,1,2,1,0,0,0,6,4,2,1,64,128,16,90,90,14942208,5370019840,359,0.0251139,554.116,213826
21,CUTLASS,gemm,cutlass3x_sm90_tensorop_s64x128x16gemm_f16_f16_f32_f16_f16_128x128x64_1x2x1_0_nnn_align8_stream_k_warpspecialized_cooperative_epi_nosmem,passed,success,universal,640,1024,4096,f16:column,f16:column,f16:column,f16:column,1,0,serial,2,1,heuristic,invalid,invalid,false,false,1,tensorop,f32,128,128,64,1,2,1,0,0,0,7,4,2,1,64,128,16,90,90,14942208,5370019840,359,0.0217018,641.239,247446
21,CUTLASS,gemm,cutlass3x_sm90_tensorop_s64x128x16gemm_f16_f16_f32_f16_f16_128x128x64_1x2x1_0_nnn_align8_stream_k_warpspecialized_cooperative_epi_tma,passed,success,universal,640,1024,4096,f16:column,f16:column,f16:column,f16:column,1,0,serial,2,1,heuristic,invalid,invalid,false,false,1,tensorop,f32,128,128,64,1,2,1,0,0,0,6,4,2,1,64,128,16,90,90,14942208,5370019840,359,0.0212406,655.16,252818
21,CUTLASS,gemm,cutlass3x_sm90_tensorop_s64x128x16gemm_f16_f16_f32_f16_f16_128x128x64_2x1x1_0_nnn_align8,passed,success,universal,640,1024,4096,f16:column,f16:column,f16:column,f16:column,1,0,serial,2,1,heuristic,invalid,invalid,false,false,1,tensorop,f32,128,128,64,2,1,1,0,0,0,7,4,2,1,64,128,16,90,90,14942208,5370019840,359,0.0267997,519.26,200376
21,CUTLASS,gemm,cutlass3x_sm90_tensorop_s64x128x16gemm_f16_f16_f32_f16_f16_128x128x64_2x1x1_0_nnn_align8_warpspecialized_epi_nosmem,passed,success,universal,640,1024,4096,f16:column,f16:column,f16:column,f16:column,1,0,serial,2,1,heuristic,invalid,invalid,false,false,1,tensorop,f32,128,128,64,2,1,1,0,0,0,7,4,1,1,64,128,16,90,90,14942208,5370019840,359,0.0264269,526.586,203203
21,CUTLASS,gemm,cutlass3x_sm90_tensorop_s64x128x16gemm_f16_f16_f32_f16_f16_128x128x64_2x1x1_0_nnn_align8_warpspecialized_pingpong_epi_tma,passed,success,universal,640,1024,4096,f16:column,f16:column,f16:column,f16:column,1,0,serial,2,1,heuristic,invalid,invalid,false,false,1,tensorop,f32,128,128,64,2,1,1,0,0,0,6,4,1,1,64,128,16,90,90,14942208,5370019840,359,0.0263168,528.788,204053
21,CUTLASS,gemm,cutlass3x_sm90_tensorop_s64x128x16gemm_f16_f16_f32_f16_f16_128x128x64_2x1x1_0_nnn_align8_warpspecialized_pingpong_epi_nosmem,passed,success,universal,640,1024,4096,f16:column,f16:column,f16:column,f16:column,1,0,serial,2,1,heuristic,invalid,invalid,false,false,1,tensorop,f32,128,128,64,2,1,1,0,0,0,7,4,1,1,64,128,16,90,90,14942208,5370019840,359,0.0268128,519.006,200278
21,CUTLASS,gemm,cutlass3x_sm90_tensorop_s64x128x16gemm_f16_f16_f32_f16_f16_128x128x64_2x1x1_0_nnn_align8_warpspecialized_cooperative_epi_nosmem,passed,success,universal,640,1024,4096,f16:column,f16:column,f16:column,f16:column,1,0,serial,2,1,heuristic,invalid,invalid,false,false,1,tensorop,f32,128,128,64,2,1,1,0,0,0,7,4,2,1,64,128,16,90,90,14942208,5370019840,359,0.0266394,522.386,201582
21,CUTLASS,gemm,cutlass3x_sm90_tensorop_s64x128x16gemm_f16_f16_f32_f16_f16_128x128x64_2x1x1_0_nnn_align8_warpspecialized_cooperative_epi_tma,passed,success,universal,640,1024,4096,f16:column,f16:column,f16:column,f16:column,1,0,serial,2,1,heuristic,invalid,invalid,false,false,1,tensorop,f32,128,128,64,2,1,1,0,0,0,6,4,2,1,64,128,16,90,90,14942208,5370019840,359,0.0253517,548.919,211821
21,CUTLASS,gemm,cutlass3x_sm90_tensorop_s64x128x16gemm_f16_f16_f32_f16_f16_128x128x64_2x1x1_0_nnn_align8_stream_k_warpspecialized_cooperative_epi_nosmem,passed,success,universal,640,1024,4096,f16:column,f16:column,f16:column,f16:column,1,0,serial,2,1,heuristic,invalid,invalid,false,false,1,tensorop,f32,128,128,64,2,1,1,0,0,0,7,4,2,1,64,128,16,90,90,14942208,5370019840,359,0.0245162,567.626,219040
21,CUTLASS,gemm,cutlass3x_sm90_tensorop_s64x128x16gemm_f16_f16_f32_f16_f16_128x128x64_2x1x1_0_nnn_align8_stream_k_warpspecialized_cooperative_epi_tma,passed,success,universal,640,1024,4096,f16:column,f16:column,f16:column,f16:column,1,0,serial,2,1,heuristic,invalid,invalid,false,false,1,tensorop,f32,128,128,64,2,1,1,0,0,0,6,4,2,1,64,128,16,90,90,14942208,5370019840,359,0.0239894,580.089,223849
22,CUTLASS,gemm,cutlass_tensorop_f16_s1688gemm_f16_256x128_32x2_nn_align8,passed,success,universal,768,1024,4096,f16:column,f16:column,f16:column,f16:column,1,0,serial,2,1,heuristic,invalid,invalid,false,false,1,tensorop,f32,256,128,32,1,1,1,0,0,0,2,4,2,1,16,8,8,75,1024,16252928,6444023808,396,0.0878566,172.289,73347
22,CUTLASS,gemm,cutlass_tensorop_f16_s16816gemm_f16_256x128_32x3_nn_align8,passed,success,universal,768,1024,4096,f16:column,f16:column,f16:column,f16:column,1,0,serial,2,1,heuristic,invalid,invalid,false,false,1,tensorop,f32,256,128,32,1,1,1,0,0,0,3,4,2,1,16,8,16,80,1024,16252928,6444023808,396,0.0446678,338.873,144265
22,CUTLASS,gemm,cutlass3x_sm90_tensorop_s64x128x16gemm_f16_f16_f32_f16_f16_128x128x64_1x2x1_0_nnn_align8,passed,success,universal,768,1024,4096,f16:column,f16:column,f16:column,f16:column,1,0,serial,2,1,heuristic,invalid,invalid,false,false,1,tensorop,f32,128,128,64,1,2,1,0,0,0,7,4,2,1,64,128,16,90,90,16252928,6444023808,396,0.0262093,577.533,245868
22,CUTLASS,gemm,cutlass3x_sm90_tensorop_s64x128x16gemm_f16_f16_f32_f16_f16_128x128x64_1x2x1_0_nnn_align8_warpspecialized_epi_nosmem,passed,success,universal,768,1024,4096,f16:column,f16:column,f16:column,f16:column,1,0,serial,2,1,heuristic,invalid,invalid,false,false,1,tensorop,f32,128,128,64,1,2,1,0,0,0,7,4,1,1,64,128,16,90,90,16252928,6444023808,396,0.0256051,591.16,251669
22,CUTLASS,gemm,cutlass3x_sm90_tensorop_s64x128x16gemm_f16_f16_f32_f16_f16_128x128x64_1x2x1_0_nnn_align8_warpspecialized_pingpong_epi_tma,passed,success,universal,768,1024,4096,f16:column,f16:column,f16:column,f16:column,1,0,serial,2,1,heuristic,invalid,invalid,false,false,1,tensorop,f32,128,128,64,1,2,1,0,0,0,6,4,1,1,64,128,16,90,90,16252928,6444023808,396,0.0254442,594.9,253261
22,CUTLASS,gemm,cutlass3x_sm90_tensorop_s64x128x16gemm_f16_f16_f32_f16_f16_128x128x64_1x2x1_0_nnn_align8_warpspecialized_pingpong_epi_nosmem,passed,success,universal,768,1024,4096,f16:column,f16:column,f16:column,f16:column,1,0,serial,2,1,heuristic,invalid,invalid,false,false,1,tensorop,f32,128,128,64,1,2,1,0,0,0,7,4,1,1,64,128,16,90,90,16252928,6444023808,396,0.0263843,573.701,244237
22,CUTLASS,gemm,cutlass3x_sm90_tensorop_s64x128x16gemm_f16_f16_f32_f16_f16_128x128x64_1x2x1_0_nnn_align8_warpspecialized_cooperative_epi_nosmem,passed,success,universal,768,1024,4096,f16:column,f16:column,f16:column,f16:column,1,0,serial,2,1,heuristic,invalid,invalid,false,false,1,tensorop,f32,128,128,64,1,2,1,0,0,0,7,4,2,1,64,128,16,90,90,16252928,6444023808,396,0.0261066,579.805,246835
22,CUTLASS,gemm,cutlass3x_sm90_tensorop_s64x128x16gemm_f16_f16_f32_f16_f16_128x128x64_1x2x1_0_nnn_align8_warpspecialized_cooperative_epi_tma,passed,success,universal,768,1024,4096,f16:column,f16:column,f16:column,f16:column,1,0,serial,2,1,heuristic,invalid,invalid,false,false,1,tensorop,f32,128,128,64,1,2,1,0,0,0,6,4,2,1,64,128,16,90,90,16252928,6444023808,396,0.0248454,609.235,259364
22,CUTLASS,gemm,cutlass3x_sm90_tensorop_s64x128x16gemm_f16_f16_f32_f16_f16_128x128x64_1x2x1_0_nnn_align8_stream_k_warpspecialized_cooperative_epi_nosmem,passed,success,universal,768,1024,4096,f16:column,f16:column,f16:column,f16:column,1,0,serial,2,1,heuristic,invalid,invalid,false,false,1,tensorop,f32,128,128,64,1,2,1,0,0,0,7,4,2,1,64,128,16,90,90,16252928,6444023808,396,0.0232253,651.735,277457
22,CUTLASS,gemm,cutlass3x_sm90_tensorop_s64x128x16gemm_f16_f16_f32_f16_f16_128x128x64_1x2x1_0_nnn_align8_stream_k_warpspecialized_cooperative_epi_tma,passed,success,universal,768,1024,4096,f16:column,f16:column,f16:column,f16:column,1,0,serial,2,1,heuristic,invalid,invalid,false,false,1,tensorop,f32,128,128,64,1,2,1,0,0,0,6,4,2,1,64,128,16,90,90,16252928,6444023808,396,0.0217478,696.01,296306
22,CUTLASS,gemm,cutlass3x_sm90_tensorop_s64x128x16gemm_f16_f16_f32_f16_f16_128x128x64_2x1x1_0_nnn_align8,passed,success,universal,768,1024,4096,f16:column,f16:column,f16:column,f16:column,1,0,serial,2,1,heuristic,invalid,invalid,false,false,1,tensorop,f32,128,128,64,2,1,1,0,0,0,7,4,2,1,64,128,16,90,90,16252928,6444023808,396,0.0265587,569.934,242633
22,CUTLASS,gemm,cutlass3x_sm90_tensorop_s64x128x16gemm_f16_f16_f32_f16_f16_128x128x64_2x1x1_0_nnn_align8_warpspecialized_epi_nosmem,passed,success,universal,768,1024,4096,f16:column,f16:column,f16:column,f16:column,1,0,serial,2,1,heuristic,invalid,invalid,false,false,1,tensorop,f32,128,128,64,2,1,1,0,0,0,7,4,1,1,64,128,16,90,90,16252928,6444023808,396,0.0259606,583.064,248223
22,CUTLASS,gemm,cutlass3x_sm90_tensorop_s64x128x16gemm_f16_f16_f32_f16_f16_128x128x64_2x1x1_0_nnn_align8_warpspecialized_pingpong_epi_tma,passed,success,universal,768,1024,4096,f16:column,f16:column,f16:column,f16:column,1,0,serial,2,1,heuristic,invalid,invalid,false,false,1,tensorop,f32,128,128,64,2,1,1,0,0,0,6,4,1,1,64,128,16,90,90,16252928,6444023808,396,0.025816,586.331,249614
22,CUTLASS,gemm,cutlass3x_sm90_tensorop_s64x128x16gemm_f16_f16_f32_f16_f16_128x128x64_2x1x1_0_nnn_align8_warpspecialized_pingpong_epi_nosmem,passed,success,universal,768,1024,4096,f16:column,f16:column,f16:column,f16:column,1,0,serial,2,1,heuristic,invalid,invalid,false,false,1,tensorop,f32,128,128,64,2,1,1,0,0,0,7,4,1,1,64,128,16,90,90,16252928,6444023808,396,0.0264176,572.979,243929
22,CUTLASS,gemm,cutlass3x_sm90_tensorop_s64x128x16gemm_f16_f16_f32_f16_f16_128x128x64_2x1x1_0_nnn_align8_warpspecialized_cooperative_epi_nosmem,passed,success,universal,768,1024,4096,f16:column,f16:column,f16:column,f16:column,1,0,serial,2,1,heuristic,invalid,invalid,false,false,1,tensorop,f32,128,128,64,2,1,1,0,0,0,7,4,2,1,64,128,16,90,90,16252928,6444023808,396,0.0265648,569.804,242578
22,CUTLASS,gemm,cutlass3x_sm90_tensorop_s64x128x16gemm_f16_f16_f32_f16_f16_128x128x64_2x1x1_0_nnn_align8_warpspecialized_cooperative_epi_tma,passed,success,universal,768,1024,4096,f16:column,f16:column,f16:column,f16:column,1,0,serial,2,1,heuristic,invalid,invalid,false,false,1,tensorop,f32,128,128,64,2,1,1,0,0,0,6,4,2,1,64,128,16,90,90,16252928,6444023808,396,0.025072,603.73,257021
22,CUTLASS,gemm,cutlass3x_sm90_tensorop_s64x128x16gemm_f16_f16_f32_f16_f16_128x128x64_2x1x1_0_nnn_align8_stream_k_warpspecialized_cooperative_epi_nosmem,passed,success,universal,768,1024,4096,f16:column,f16:column,f16:column,f16:column,1,0,serial,2,1,heuristic,invalid,invalid,false,false,1,tensorop,f32,128,128,64,2,1,1,0,0,0,7,4,2,1,64,128,16,90,90,16252928,6444023808,396,0.0224634,673.84,286868
22,CUTLASS,gemm,cutlass3x_sm90_tensorop_s64x128x16gemm_f16_f16_f32_f16_f16_128x128x64_2x1x1_0_nnn_align8_stream_k_warpspecialized_cooperative_epi_tma,passed,success,universal,768,1024,4096,f16:column,f16:column,f16:column,f16:column,1,0,serial,2,1,heuristic,invalid,invalid,false,false,1,tensorop,f32,128,128,64,2,1,1,0,0,0,6,4,2,1,64,128,16,90,90,16252928,6444023808,396,0.0217114,697.18,296804
23,CUTLASS,gemm,cutlass_tensorop_f16_s1688gemm_f16_256x128_32x2_nn_align8,passed,success,universal,896,1024,4096,f16:column,f16:column,f16:column,f16:column,1,0,serial,2,1,heuristic,invalid,invalid,false,false,1,tensorop,f32,256,128,32,1,1,1,0,0,0,2,4,2,1,16,8,8,75,1024,17563648,7518027776,428,0.0882877,185.274,85153.8
23,CUTLASS,gemm,cutlass_tensorop_f16_s16816gemm_f16_256x128_32x3_nn_align8,passed,success,universal,896,1024,4096,f16:column,f16:column,f16:column,f16:column,1,0,serial,2,1,heuristic,invalid,invalid,false,false,1,tensorop,f32,256,128,32,1,1,1,0,0,0,3,4,2,1,16,8,16,80,1024,17563648,7518027776,428,0.0452778,361.268,166042
23,CUTLASS,gemm,cutlass3x_sm90_tensorop_s64x128x16gemm_f16_f16_f32_f16_f16_128x128x64_1x2x1_0_nnn_align8,passed,success,universal,896,1024,4096,f16:column,f16:column,f16:column,f16:column,1,0,serial,2,1,heuristic,invalid,invalid,false,false,1,tensorop,f32,128,128,64,1,2,1,0,0,0,7,4,2,1,64,128,16,90,90,17563648,7518027776,428,0.0265866,615.252,282776
23,CUTLASS,gemm,cutlass3x_sm90_tensorop_s64x128x16gemm_f16_f16_f32_f16_f16_128x128x64_1x2x1_0_nnn_align8_warpspecialized_epi_nosmem,passed,success,universal,896,1024,4096,f16:column,f16:column,f16:column,f16:column,1,0,serial,2,1,heuristic,invalid,invalid,false,false,1,tensorop,f32,128,128,64,1,2,1,0,0,0,7,4,1,1,64,128,16,90,90,17563648,7518027776,428,0.0262438,623.286,286468
23,CUTLASS,gemm,cutlass3x_sm90_tensorop_s64x128x16gemm_f16_f16_f32_f16_f16_128x128x64_1x2x1_0_nnn_align8_warpspecialized_pingpong_epi_tma,passed,success,universal,896,1024,4096,f16:column,f16:column,f16:column,f16:column,1,0,serial,2,1,heuristic,invalid,invalid,false,false,1,tensorop,f32,128,128,64,1,2,1,0,0,0,6,4,1,1,64,128,16,90,90,17563648,7518027776,428,0.0255965,639.05,293713
23,CUTLASS,gemm,cutlass3x_sm90_tensorop_s64x128x16gemm_f16_f16_f32_f16_f16_128x128x64_1x2x1_0_nnn_align8_warpspecialized_pingpong_epi_nosmem,passed,success,universal,896,1024,4096,f16:column,f16:column,f16:column,f16:column,1,0,serial,2,1,heuristic,invalid,invalid,false,false,1,tensorop,f32,128,128,64,1,2,1,0,0,0,7,4,1,1,64,128,16,90,90,17563648,7518027776,428,0.0268448,609.333,280055
23,CUTLASS,gemm,cutlass3x_sm90_tensorop_s64x128x16gemm_f16_f16_f32_f16_f16_128x128x64_1x2x1_0_nnn_align8_warpspecialized_cooperative_epi_nosmem,passed,success,universal,896,1024,4096,f16:column,f16:column,f16:column,f16:column,1,0,serial,2,1,heuristic,invalid,invalid,false,false,1,tensorop,f32,128,128,64,1,2,1,0,0,0,7,4,2,1,64,128,16,90,90,17563648,7518027776,428,0.0266026,614.882,282605
23,CUTLASS,gemm,cutlass3x_sm90_tensorop_s64x128x16gemm_f16_f16_f32_f16_f16_128x128x64_1x2x1_0_nnn_align8_warpspecialized_cooperative_epi_tma,passed,success,universal,896,1024,4096,f16:column,f16:column,f16:column,f16:column,1,0,serial,2,1,heuristic,invalid,invalid,false,false,1,tensorop,f32,128,128,64,1,2,1,0,0,0,6,4,2,1,64,128,16,90,90,17563648,7518027776,428,0.0249661,655.186,301130
23,CUTLASS,gemm,cutlass3x_sm90_tensorop_s64x128x16gemm_f16_f16_f32_f16_f16_128x128x64_1x2x1_0_nnn_align8_stream_k_warpspecialized_cooperative_epi_nosmem,passed,success,universal,896,1024,4096,f16:column,f16:column,f16:column,f16:column,1,0,serial,2,1,heuristic,invalid,invalid,false,false,1,tensorop,f32,128,128,64,1,2,1,0,0,0,7,4,2,1,64,128,16,90,90,17563648,7518027776,428,0.0245002,667.646,306856
23,CUTLASS,gemm,cutlass3x_sm90_tensorop_s64x128x16gemm_f16_f16_f32_f16_f16_128x128x64_1x2x1_0_nnn_align8_stream_k_warpspecialized_cooperative_epi_tma,passed,success,universal,896,1024,4096,f16:column,f16:column,f16:column,f16:column,1,0,serial,2,1,heuristic,invalid,invalid,false,false,1,tensorop,f32,128,128,64,1,2,1,0,0,0,6,4,2,1,64,128,16,90,90,17563648,7518027776,428,0.0230205,710.56,326580
23,CUTLASS,gemm,cutlass3x_sm90_tensorop_s64x128x16gemm_f16_f16_f32_f16_f16_128x128x64_2x1x1_0_nnn_align8,passed,success,universal,896,1024,4096,f16:column,f16:column,f16:column,f16:column,1,0,serial,2,1,heuristic,invalid,invalid,false,false,1,tensorop,f32,128,128,64,2,1,1,0,0,0,7,4,2,1,64,128,16,90,90,17563648,7518027776,428,0.0294659,555.13,255143
23,CUTLASS,gemm,cutlass3x_sm90_tensorop_s64x128x16gemm_f16_f16_f32_f16_f16_128x128x64_2x1x1_0_nnn_align8_warpspecialized_epi_nosmem,passed,success,universal,896,1024,4096,f16:column,f16:column,f16:column,f16:column,1,0,serial,2,1,heuristic,invalid,invalid,false,false,1,tensorop,f32,128,128,64,2,1,1,0,0,0,7,4,1,1,64,128,16,90,90,17563648,7518027776,428,0.0278432,587.484,270013
23,CUTLASS,gemm,cutlass3x_sm90_tensorop_s64x128x16gemm_f16_f16_f32_f16_f16_128x128x64_2x1x1_0_nnn_align8_warpspecialized_pingpong_epi_tma,passed,success,universal,896,1024,4096,f16:column,f16:column,f16:column,f16:column,1,0,serial,2,1,heuristic,invalid,invalid,false,false,1,tensorop,f32,128,128,64,2,1,1,0,0,0,6,4,1,1,64,128,16,90,90,17563648,7518027776,428,0.0280246,583.68,268265
23,CUTLASS,gemm,cutlass3x_sm90_tensorop_s64x128x16gemm_f16_f16_f32_f16_f16_128x128x64_2x1x1_0_nnn_align8_warpspecialized_pingpong_epi_nosmem,passed,success,universal,896,1024,4096,f16:column,f16:column,f16:column,f16:column,1,0,serial,2,1,heuristic,invalid,invalid,false,false,1,tensorop,f32,128,128,64,2,1,1,0,0,0,7,4,1,1,64,128,16,90,90,17563648,7518027776,428,0.029847,548.042,251885
23,CUTLASS,gemm,cutlass3x_sm90_tensorop_s64x128x16gemm_f16_f16_f32_f16_f16_128x128x64_2x1x1_0_nnn_align8_warpspecialized_cooperative_epi_nosmem,passed,success,universal,896,1024,4096,f16:column,f16:column,f16:column,f16:column,1,0,serial,2,1,heuristic,invalid,invalid,false,false,1,tensorop,f32,128,128,64,2,1,1,0,0,0,7,4,2,1,64,128,16,90,90,17563648,7518027776,428,0.0294186,556.024,255554
23,CUTLASS,gemm,cutlass3x_sm90_tensorop_s64x128x16gemm_f16_f16_f32_f16_f16_128x128x64_2x1x1_0_nnn_align8_warpspecialized_cooperative_epi_tma,passed,success,universal,896,1024,4096,f16:column,f16:column,f16:column,f16:column,1,0,serial,2,1,heuristic,invalid,invalid,false,false,1,tensorop,f32,128,128,64,2,1,1,0,0,0,6,4,2,1,64,128,16,90,90,17563648,7518027776,428,0.0274384,596.151,273997
23,CUTLASS,gemm,cutlass3x_sm90_tensorop_s64x128x16gemm_f16_f16_f32_f16_f16_128x128x64_2x1x1_0_nnn_align8_stream_k_warpspecialized_cooperative_epi_nosmem,passed,success,universal,896,1024,4096,f16:column,f16:column,f16:column,f16:column,1,0,serial,2,1,heuristic,invalid,invalid,false,false,1,tensorop,f32,128,128,64,2,1,1,0,0,0,7,4,2,1,64,128,16,90,90,17563648,7518027776,428,0.0287062,569.821,261895
23,CUTLASS,gemm,cutlass3x_sm90_tensorop_s64x128x16gemm_f16_f16_f32_f16_f16_128x128x64_2x1x1_0_nnn_align8_stream_k_warpspecialized_cooperative_epi_tma,passed,success,universal,896,1024,4096,f16:column,f16:column,f16:column,f16:column,1,0,serial,2,1,heuristic,invalid,invalid,false,false,1,tensorop,f32,128,128,64,2,1,1,0,0,0,6,4,2,1,64,128,16,90,90,17563648,7518027776,428,0.0276134,592.372,272260
24,CUTLASS,gemm,cutlass_tensorop_f16_s1688gemm_f16_256x128_32x2_nn_align8,passed,success,universal,1024,1024,4096,f16:column,f16:column,f16:column,f16:column,1,0,serial,2,1,heuristic,invalid,invalid,false,false,1,tensorop,f32,256,128,32,1,1,1,0,0,0,2,4,2,1,16,8,8,75,1024,18874368,8592031744,455,0.0880262,199.692,97607.6
24,CUTLASS,gemm,cutlass_tensorop_f16_s16816gemm_f16_256x128_32x3_nn_align8,passed,success,universal,1024,1024,4096,f16:column,f16:column,f16:column,f16:column,1,0,serial,2,1,heuristic,invalid,invalid,false,false,1,tensorop,f32,256,128,32,1,1,1,0,0,0,3,4,2,1,16,8,16,80,1024,18874368,8592031744,455,0.0452051,388.853,190068
24,CUTLASS,gemm,cutlass3x_sm90_tensorop_s64x128x16gemm_f16_f16_f32_f16_f16_128x128x64_1x2x1_0_nnn_align8,passed,success,universal,1024,1024,4096,f16:column,f16:column,f16:column,f16:column,1,0,serial,2,1,heuristic,invalid,invalid,false,false,1,tensorop,f32,128,128,64,1,2,1,0,0,0,7,4,2,1,64,128,16,90,90,18874368,8592031744,455,0.0258733,679.393,332081
24,CUTLASS,gemm,cutlass3x_sm90_tensorop_s64x128x16gemm_f16_f16_f32_f16_f16_128x128x64_1x2x1_0_nnn_align8_warpspecialized_epi_nosmem,passed,success,universal,1024,1024,4096,f16:column,f16:column,f16:column,f16:column,1,0,serial,2,1,heuristic,invalid,invalid,false,false,1,tensorop,f32,128,128,64,1,2,1,0,0,0,7,4,1,1,64,128,16,90,90,18874368,8592031744,455,0.0253539,693.31,338884
24,CUTLASS,gemm,cutlass3x_sm90_tensorop_s64x128x16gemm_f16_f16_f32_f16_f16_128x128x64_1x2x1_0_nnn_align8_warpspecialized_pingpong_epi_tma,passed,success,universal,1024,1024,4096,f16:column,f16:column,f16:column,f16:column,1,0,serial,2,1,heuristic,invalid,invalid,false,false,1,tensorop,f32,128,128,64,1,2,1,0,0,0,6,4,1,1,64,128,16,90,90,18874368,8592031744,455,0.0259654,676.982,330903
24,CUTLASS,gemm,cutlass3x_sm90_tensorop_s64x128x16gemm_f16_f16_f32_f16_f16_128x128x64_1x2x1_0_nnn_align8_warpspecialized_pingpong_epi_nosmem,passed,success,universal,1024,1024,4096,f16:column,f16:column,f16:column,f16:column,1,0,serial,2,1,heuristic,invalid,invalid,false,false,1,tensorop,f32,128,128,64,1,2,1,0,0,0,7,4,1,1,64,128,16,90,90,18874368,8592031744,455,0.0258765,679.309,332040
24,CUTLASS,gemm,cutlass3x_sm90_tensorop_s64x128x16gemm_f16_f16_f32_f16_f16_128x128x64_1x2x1_0_nnn_align8_warpspecialized_cooperative_epi_nosmem,passed,success,universal,1024,1024,4096,f16:column,f16:column,f16:column,f16:column,1,0,serial,2,1,heuristic,invalid,invalid,false,false,1,tensorop,f32,128,128,64,1,2,1,0,0,0,7,4,2,1,64,128,16,90,90,18874368,8592031744,455,0.0260765,674.099,329494
24,CUTLASS,gemm,cutlass3x_sm90_tensorop_s64x128x16gemm_f16_f16_f32_f16_f16_128x128x64_1x2x1_0_nnn_align8_warpspecialized_cooperative_epi_tma,passed,success,universal,1024,1024,4096,f16:column,f16:column,f16:column,f16:column,1,0,serial,2,1,heuristic,invalid,invalid,false,false,1,tensorop,f32,128,128,64,1,2,1,0,0,0,6,4,2,1,64,128,16,90,90,18874368,8592031744,455,0.025168,698.432,341387
24,CUTLASS,gemm,cutlass3x_sm90_tensorop_s64x128x16gemm_f16_f16_f32_f16_f16_128x128x64_1x2x1_0_nnn_align8_stream_k_warpspecialized_cooperative_epi_nosmem,passed,success,universal,1024,1024,4096,f16:column,f16:column,f16:column,f16:column,1,0,serial,2,1,heuristic,invalid,invalid,false,false,1,tensorop,f32,128,128,64,1,2,1,0,0,0,7,4,2,1,64,128,16,90,90,18874368,8592031744,455,0.0232595,755.739,369398
24,CUTLASS,gemm,cutlass3x_sm90_tensorop_s64x128x16gemm_f16_f16_f32_f16_f16_128x128x64_1x2x1_0_nnn_align8_stream_k_warpspecialized_cooperative_epi_tma,passed,success,universal,1024,1024,4096,f16:column,f16:column,f16:column,f16:column,1,0,serial,2,1,heuristic,invalid,invalid,false,false,1,tensorop,f32,128,128,64,1,2,1,0,0,0,6,4,2,1,64,128,16,90,90,18874368,8592031744,455,0.0224022,784.659,383535
24,CUTLASS,gemm,cutlass3x_sm90_tensorop_s64x128x16gemm_f16_f16_f32_f16_f16_128x128x64_2x1x1_0_nnn_align8,passed,success,universal,1024,1024,4096,f16:column,f16:column,f16:column,f16:column,1,0,serial,2,1,heuristic,invalid,invalid,false,false,1,tensorop,f32,128,128,64,2,1,1,0,0,0,7,4,2,1,64,128,16,90,90,18874368,8592031744,455,0.0260762,674.107,329498
24,CUTLASS,gemm,cutlass3x_sm90_tensorop_s64x128x16gemm_f16_f16_f32_f16_f16_128x128x64_2x1x1_0_nnn_align8_warpspecialized_epi_nosmem,passed,success,universal,1024,1024,4096,f16:column,f16:column,f16:column,f16:column,1,0,serial,2,1,heuristic,invalid,invalid,false,false,1,tensorop,f32,128,128,64,2,1,1,0,0,0,7,4,1,1,64,128,16,90,90,18874368,8592031744,455,0.0256493,685.326,334981
24,CUTLASS,gemm,cutlass3x_sm90_tensorop_s64x128x16gemm_f16_f16_f32_f16_f16_128x128x64_2x1x1_0_nnn_align8_warpspecialized_pingpong_epi_tma,passed,success,universal,1024,1024,4096,f16:column,f16:column,f16:column,f16:column,1,0,serial,2,1,heuristic,invalid,invalid,false,false,1,tensorop,f32,128,128,64,2,1,1,0,0,0,6,4,1,1,64,128,16,90,90,18874368,8592031744,455,0.026409,665.612,325345
24,CUTLASS,gemm,cutlass3x_sm90_tensorop_s64x128x16gemm_f16_f16_f32_f16_f16_128x128x64_2x1x1_0_nnn_align8_warpspecialized_pingpong_epi_nosmem,passed,success,universal,1024,1024,4096,f16:column,f16:column,f16:column,f16:column,1,0,serial,2,1,heuristic,invalid,invalid,false,false,1,tensorop,f32,128,128,64,2,1,1,0,0,0,7,4,1,1,64,128,16,90,90,18874368,8592031744,455,0.0260934,673.661,329279
24,CUTLASS,gemm,cutlass3x_sm90_tensorop_s64x128x16gemm_f16_f16_f32_f16_f16_128x128x64_2x1x1_0_nnn_align8_warpspecialized_cooperative_epi_nosmem,passed,success,universal,1024,1024,4096,f16:column,f16:column,f16:column,f16:column,1,0,serial,2,1,heuristic,invalid,invalid,false,false,1,tensorop,f32,128,128,64,2,1,1,0,0,0,7,4,2,1,64,128,16,90,90,18874368,8592031744,455,0.026025,675.433,330146
24,CUTLASS,gemm,cutlass3x_sm90_tensorop_s64x128x16gemm_f16_f16_f32_f16_f16_128x128x64_2x1x1_0_nnn_align8_warpspecialized_cooperative_epi_tma,passed,success,universal,1024,1024,4096,f16:column,f16:column,f16:column,f16:column,1,0,serial,2,1,heuristic,invalid,invalid,false,false,1,tensorop,f32,128,128,64,2,1,1,0,0,0,6,4,2,1,64,128,16,90,90,18874368,8592031744,455,0.0256861,684.344,334501
24,CUTLASS,gemm,cutlass3x_sm90_tensorop_s64x128x16gemm_f16_f16_f32_f16_f16_128x128x64_2x1x1_0_nnn_align8_stream_k_warpspecialized_cooperative_epi_nosmem,passed,success,universal,1024,1024,4096,f16:column,f16:column,f16:column,f16:column,1,0,serial,2,1,heuristic,invalid,invalid,false,false,1,tensorop,f32,128,128,64,2,1,1,0,0,0,7,4,2,1,64,128,16,90,90,18874368,8592031744,455,0.0241395,728.189,355932
24,CUTLASS,gemm,cutlass3x_sm90_tensorop_s64x128x16gemm_f16_f16_f32_f16_f16_128x128x64_2x1x1_0_nnn_align8_stream_k_warpspecialized_cooperative_epi_tma,passed,success,universal,1024,1024,4096,f16:column,f16:column,f16:column,f16:column,1,0,serial,2,1,heuristic,invalid,invalid,false,false,1,tensorop,f32,128,128,64,2,1,1,0,0,0,6,4,2,1,64,128,16,90,90,18874368,8592031744,455,0.0239744,733.204,358384
25,CUTLASS,gemm,cutlass_tensorop_f16_s1688gemm_f16_256x128_32x2_nn_align8,passed,success,universal,1152,1024,4096,f16:column,f16:column,f16:column,f16:column,1,0,serial,2,1,heuristic,invalid,invalid,false,false,1,tensorop,f32,256,128,32,1,1,1,0,0,0,2,4,2,1,16,8,8,75,1024,20185088,9666035712,478,0.0909251,206.751,106308
25,CUTLASS,gemm,cutlass_tensorop_f16_s16816gemm_f16_256x128_32x3_nn_align8,passed,success,universal,1152,1024,4096,f16:column,f16:column,f16:column,f16:column,1,0,serial,2,1,heuristic,invalid,invalid,false,false,1,tensorop,f32,256,128,32,1,1,1,0,0,0,3,4,2,1,16,8,16,80,1024,20185088,9666035712,478,0.045479,413.351,212538
25,CUTLASS,gemm,cutlass3x_sm90_tensorop_s64x128x16gemm_f16_f16_f32_f16_f16_128x128x64_1x2x1_0_nnn_align8,passed,success,universal,1152,1024,4096,f16:column,f16:column,f16:column,f16:column,1,0,serial,2,1,heuristic,invalid,invalid,false,false,1,tensorop,f32,128,128,64,1,2,1,0,0,0,7,4,2,1,64,128,16,90,90,20185088,9666035712,478,0.0270288,695.511,357620
25,CUTLASS,gemm,cutlass3x_sm90_tensorop_s64x128x16gemm_f16_f16_f32_f16_f16_128x128x64_1x2x1_0_nnn_align8_warpspecialized_epi_nosmem,passed,success,universal,1152,1024,4096,f16:column,f16:column,f16:column,f16:column,1,0,serial,2,1,heuristic,invalid,invalid,false,false,1,tensorop,f32,128,128,64,1,2,1,0,0,0,7,4,1,1,64,128,16,90,90,20185088,9666035712,478,0.0269421,697.75,358771
25,CUTLASS,gemm,cutlass3x_sm90_tensorop_s64x128x16gemm_f16_f16_f32_f16_f16_128x128x64_1x2x1_0_nnn_align8_warpspecialized_pingpong_epi_tma,passed,success,universal,1152,1024,4096,f16:column,f16:column,f16:column,f16:column,1,0,serial,2,1,heuristic,invalid,invalid,false,false,1,tensorop,f32,128,128,64,1,2,1,0,0,0,6,4,1,1,64,128,16,90,90,20185088,9666035712,478,0.0260058,722.872,371688
25,CUTLASS,gemm,cutlass3x_sm90_tensorop_s64x128x16gemm_f16_f16_f32_f16_f16_128x128x64_1x2x1_0_nnn_align8_warpspecialized_pingpong_epi_nosmem,passed,success,universal,1152,1024,4096,f16:column,f16:column,f16:column,f16:column,1,0,serial,2,1,heuristic,invalid,invalid,false,false,1,tensorop,f32,128,128,64,1,2,1,0,0,0,7,4,1,1,64,128,16,90,90,20185088,9666035712,478,0.0268925,699.037,359433
25,CUTLASS,gemm,cutlass3x_sm90_tensorop_s64x128x16gemm_f16_f16_f32_f16_f16_128x128x64_1x2x1_0_nnn_align8_warpspecialized_cooperative_epi_nosmem,passed,success,universal,1152,1024,4096,f16:column,f16:column,f16:column,f16:column,1,0,serial,2,1,heuristic,invalid,invalid,false,false,1,tensorop,f32,128,128,64,1,2,1,0,0,0,7,4,2,1,64,128,16,90,90,20185088,9666035712,478,0.0267987,701.482,360690
25,CUTLASS,gemm,cutlass3x_sm90_tensorop_s64x128x16gemm_f16_f16_f32_f16_f16_128x128x64_1x2x1_0_nnn_align8_warpspecialized_cooperative_epi_tma,passed,success,universal,1152,1024,4096,f16:column,f16:column,f16:column,f16:column,1,0,serial,2,1,heuristic,invalid,invalid,false,false,1,tensorop,f32,128,128,64,1,2,1,0,0,0,6,4,2,1,64,128,16,90,90,20185088,9666035712,478,0.0251424,747.694,384452
25,CUTLASS,gemm,cutlass3x_sm90_tensorop_s64x128x16gemm_f16_f16_f32_f16_f16_128x128x64_1x2x1_0_nnn_align8_stream_k_warpspecialized_cooperative_epi_nosmem,passed,success,universal,1152,1024,4096,f16:column,f16:column,f16:column,f16:column,1,0,serial,2,1,heuristic,invalid,invalid,false,false,1,tensorop,f32,128,128,64,1,2,1,0,0,0,7,4,2,1,64,128,16,90,90,20185088,9666035712,478,0.0336202,559.153,287507
25,CUTLASS,gemm,cutlass3x_sm90_tensorop_s64x128x16gemm_f16_f16_f32_f16_f16_128x128x64_1x2x1_0_nnn_align8_stream_k_warpspecialized_cooperative_epi_tma,passed,success,universal,1152,1024,4096,f16:column,f16:column,f16:column,f16:column,1,0,serial,2,1,heuristic,invalid,invalid,false,false,1,tensorop,f32,128,128,64,1,2,1,0,0,0,6,4,2,1,64,128,16,90,90,20185088,9666035712,478,0.0327197,574.542,295420
25,CUTLASS,gemm,cutlass3x_sm90_tensorop_s64x128x16gemm_f16_f16_f32_f16_f16_128x128x64_2x1x1_0_nnn_align8,passed,success,universal,1152,1024,4096,f16:column,f16:column,f16:column,f16:column,1,0,serial,2,1,heuristic,invalid,invalid,false,false,1,tensorop,f32,128,128,64,2,1,1,0,0,0,7,4,2,1,64,128,16,90,90,20185088,9666035712,478,0.0278922,673.983,346550
25,CUTLASS,gemm,cutlass3x_sm90_tensorop_s64x128x16gemm_f16_f16_f32_f16_f16_128x128x64_2x1x1_0_nnn_align8_warpspecialized_epi_nosmem,passed,success,universal,1152,1024,4096,f16:column,f16:column,f16:column,f16:column,1,0,serial,2,1,heuristic,invalid,invalid,false,false,1,tensorop,f32,128,128,64,2,1,1,0,0,0,7,4,1,1,64,128,16,90,90,20185088,9666035712,478,0.0271674,691.964,355796
25,CUTLASS,gemm,cutlass3x_sm90_tensorop_s64x128x16gemm_f16_f16_f32_f16_f16_128x128x64_2x1x1_0_nnn_align8_warpspecialized_pingpong_epi_tma,passed,success,universal,1152,1024,4096,f16:column,f16:column,f16:column,f16:column,1,0,serial,2,1,heuristic,invalid,invalid,false,false,1,tensorop,f32,128,128,64,2,1,1,0,0,0,6,4,1,1,64,128,16,90,90,20185088,9666035712,478,0.0261533,718.794,369592
25,CUTLASS,gemm,cutlass3x_sm90_tensorop_s64x128x16gemm_f16_f16_f32_f16_f16_128x128x64_2x1x1_0_nnn_align8_warpspecialized_pingpong_epi_nosmem,passed,success,universal,1152,1024,4096,f16:column,f16:column,f16:column,f16:column,1,0,serial,2,1,heuristic,invalid,invalid,false,false,1,tensorop,f32,128,128,64,2,1,1,0,0,0,7,4,1,1,64,128,16,90,90,20185088,9666035712,478,0.0281171,668.59,343778
25,CUTLASS,gemm,cutlass3x_sm90_tensorop_s64x128x16gemm_f16_f16_f32_f16_f16_128x128x64_2x1x1_0_nnn_align8_warpspecialized_cooperative_epi_nosmem,passed,success,universal,1152,1024,4096,f16:column,f16:column,f16:column,f16:column,1,0,serial,2,1,heuristic,invalid,invalid,false,false,1,tensorop,f32,128,128,64,2,1,1,0,0,0,7,4,2,1,64,128,16,90,90,20185088,9666035712,478,0.0281846,666.988,342954
25,CUTLASS,gemm,cutlass3x_sm90_tensorop_s64x128x16gemm_f16_f16_f32_f16_f16_128x128x64_2x1x1_0_nnn_align8_warpspecialized_cooperative_epi_tma,passed,success,universal,1152,1024,4096,f16:column,f16:column,f16:column,f16:column,1,0,serial,2,1,heuristic,invalid,invalid,false,false,1,tensorop,f32,128,128,64,2,1,1,0,0,0,6,4,2,1,64,128,16,90,90,20185088,9666035712,478,0.0253123,742.675,381871
25,CUTLASS,gemm,cutlass3x_sm90_tensorop_s64x128x16gemm_f16_f16_f32_f16_f16_128x128x64_2x1x1_0_nnn_align8_stream_k_warpspecialized_cooperative_epi_nosmem,passed,success,universal,1152,1024,4096,f16:column,f16:column,f16:column,f16:column,1,0,serial,2,1,heuristic,invalid,invalid,false,false,1,tensorop,f32,128,128,64,2,1,1,0,0,0,7,4,2,1,64,128,16,90,90,20185088,9666035712,478,0.038,494.706,254369
25,CUTLASS,gemm,cutlass3x_sm90_tensorop_s64x128x16gemm_f16_f16_f32_f16_f16_128x128x64_2x1x1_0_nnn_align8_stream_k_warpspecialized_cooperative_epi_tma,passed,success,universal,1152,1024,4096,f16:column,f16:column,f16:column,f16:column,1,0,serial,2,1,heuristic,invalid,invalid,false,false,1,tensorop,f32,128,128,64,2,1,1,0,0,0,6,4,2,1,64,128,16,90,90,20185088,9666035712,478,0.037576,500.288,257240
26,CUTLASS,gemm,cutlass_tensorop_f16_s1688gemm_f16_256x128_32x2_nn_align8,passed,success,universal,1280,1024,4096,f16:column,f16:column,f16:column,f16:column,1,0,serial,2,1,heuristic,invalid,invalid,false,false,1,tensorop,f32,256,128,32,1,1,1,0,0,0,2,4,2,1,16,8,8,75,1024,21495808,10740039680,499,0.0902205,221.896,119042
26,CUTLASS,gemm,cutlass_tensorop_f16_s16816gemm_f16_256x128_32x3_nn_align8,passed,success,universal,1280,1024,4096,f16:column,f16:column,f16:column,f16:column,1,0,serial,2,1,heuristic,invalid,invalid,false,false,1,tensorop,f32,256,128,32,1,1,1,0,0,0,3,4,2,1,16,8,16,80,1024,21495808,10740039680,499,0.045471,440.27,236195
26,CUTLASS,gemm,cutlass3x_sm90_tensorop_s64x128x16gemm_f16_f16_f32_f16_f16_128x128x64_1x2x1_0_nnn_align8,passed,success,universal,1280,1024,4096,f16:column,f16:column,f16:column,f16:column,1,0,serial,2,1,heuristic,invalid,invalid,false,false,1,tensorop,f32,128,128,64,1,2,1,0,0,0,7,4,2,1,64,128,16,90,90,21495808,10740039680,499,0.0264918,755.687,405409
26,CUTLASS,gemm,cutlass3x_sm90_tensorop_s64x128x16gemm_f16_f16_f32_f16_f16_128x128x64_1x2x1_0_nnn_align8_warpspecialized_epi_nosmem,passed,success,universal,1280,1024,4096,f16:column,f16:column,f16:column,f16:column,1,0,serial,2,1,heuristic,invalid,invalid,false,false,1,tensorop,f32,128,128,64,1,2,1,0,0,0,7,4,1,1,64,128,16,90,90,21495808,10740039680,499,0.0264912,755.705,405419
26,CUTLASS,gemm,cutlass3x_sm90_tensorop_s64x128x16gemm_f16_f16_f32_f16_f16_128x128x64_1x2x1_0_nnn_align8_warpspecialized_pingpong_epi_tma,passed,success,universal,1280,1024,4096,f16:column,f16:column,f16:column,f16:column,1,0,serial,2,1,heuristic,invalid,invalid,false,false,1,tensorop,f32,128,128,64,1,2,1,0,0,0,6,4,1,1,64,128,16,90,90,21495808,10740039680,499,0.0259258,772.187,414261
26,CUTLASS,gemm,cutlass3x_sm90_tensorop_s64x128x16gemm_f16_f16_f32_f16_f16_128x128x64_1x2x1_0_nnn_align8_warpspecialized_pingpong_epi_nosmem,passed,success,universal,1280,1024,4096,f16:column,f16:column,f16:column,f16:column,1,0,serial,2,1,heuristic,invalid,invalid,false,false,1,tensorop,f32,128,128,64,1,2,1,0,0,0,7,4,1,1,64,128,16,90,90,21495808,10740039680,499,0.0264906,755.723,405429
26,CUTLASS,gemm,cutlass3x_sm90_tensorop_s64x128x16gemm_f16_f16_f32_f16_f16_128x128x64_1x2x1_0_nnn_align8_warpspecialized_cooperative_epi_nosmem,passed,success,universal,1280,1024,4096,f16:column,f16:column,f16:column,f16:column,1,0,serial,2,1,heuristic,invalid,invalid,false,false,1,tensorop,f32,128,128,64,1,2,1,0,0,0,7,4,2,1,64,128,16,90,90,21495808,10740039680,499,0.0265827,753.103,404023
26,CUTLASS,gemm,cutlass3x_sm90_tensorop_s64x128x16gemm_f16_f16_f32_f16_f16_128x128x64_1x2x1_0_nnn_align8_warpspecialized_cooperative_epi_tma,passed,success,universal,1280,1024,4096,f16:column,f16:column,f16:column,f16:column,1,0,serial,2,1,heuristic,invalid,invalid,false,false,1,tensorop,f32,128,128,64,1,2,1,0,0,0,6,4,2,1,64,128,16,90,90,21495808,10740039680,499,0.0250579,798.93,428609
26,CUTLASS,gemm,cutlass3x_sm90_tensorop_s64x128x16gemm_f16_f16_f32_f16_f16_128x128x64_1x2x1_0_nnn_align8_stream_k_warpspecialized_cooperative_epi_nosmem,passed,success,universal,1280,1024,4096,f16:column,f16:column,f16:column,f16:column,1,0,serial,2,1,heuristic,invalid,invalid,false,false,1,tensorop,f32,128,128,64,1,2,1,0,0,0,7,4,2,1,64,128,16,90,90,21495808,10740039680,499,0.0339299,590.026,316536
26,CUTLASS,gemm,cutlass3x_sm90_tensorop_s64x128x16gemm_f16_f16_f32_f16_f16_128x128x64_1x2x1_0_nnn_align8_stream_k_warpspecialized_cooperative_epi_tma,passed,success,universal,1280,1024,4096,f16:column,f16:column,f16:column,f16:column,1,0,serial,2,1,heuristic,invalid,invalid,false,false,1,tensorop,f32,128,128,64,1,2,1,0,0,0,6,4,2,1,64,128,16,90,90,21495808,10740039680,499,0.0333978,599.427,321580
26,CUTLASS,gemm,cutlass3x_sm90_tensorop_s64x128x16gemm_f16_f16_f32_f16_f16_128x128x64_2x1x1_0_nnn_align8,passed,success,universal,1280,1024,4096,f16:column,f16:column,f16:column,f16:column,1,0,serial,2,1,heuristic,invalid,invalid,false,false,1,tensorop,f32,128,128,64,2,1,1,0,0,0,7,4,2,1,64,128,16,90,90,21495808,10740039680,499,0.027183,736.471,395101
26,CUTLASS,gemm,cutlass3x_sm90_tensorop_s64x128x16gemm_f16_f16_f32_f16_f16_128x128x64_2x1x1_0_nnn_align8_warpspecialized_epi_nosmem,passed,success,universal,1280,1024,4096,f16:column,f16:column,f16:column,f16:column,1,0,serial,2,1,heuristic,invalid,invalid,false,false,1,tensorop,f32,128,128,64,2,1,1,0,0,0,7,4,1,1,64,128,16,90,90,21495808,10740039680,499,0.0262544,762.521,409076
26,CUTLASS,gemm,cutlass3x_sm90_tensorop_s64x128x16gemm_f16_f16_f32_f16_f16_128x128x64_2x1x1_0_nnn_align8_warpspecialized_pingpong_epi_tma,passed,success,universal,1280,1024,4096,f16:column,f16:column,f16:column,f16:column,1,0,serial,2,1,heuristic,invalid,invalid,false,false,1,tensorop,f32,128,128,64,2,1,1,0,0,0,6,4,1,1,64,128,16,90,90,21495808,10740039680,499,0.026191,764.366,410065
26,CUTLASS,gemm,cutlass3x_sm90_tensorop_s64x128x16gemm_f16_f16_f32_f16_f16_128x128x64_2x1x1_0_nnn_align8_warpspecialized_pingpong_epi_nosmem,passed,success,universal,1280,1024,4096,f16:column,f16:column,f16:column,f16:column,1,0,serial,2,1,heuristic,invalid,invalid,false,false,1,tensorop,f32,128,128,64,2,1,1,0,0,0,7,4,1,1,64,128,16,90,90,21495808,10740039680,499,0.0271616,737.053,395413
26,CUTLASS,gemm,cutlass3x_sm90_tensorop_s64x128x16gemm_f16_f16_f32_f16_f16_128x128x64_2x1x1_0_nnn_align8_warpspecialized_cooperative_epi_nosmem,passed,success,universal,1280,1024,4096,f16:column,f16:column,f16:column,f16:column,1,0,serial,2,1,heuristic,invalid,invalid,false,false,1,tensorop,f32,128,128,64,2,1,1,0,0,0,7,4,2,1,64,128,16,90,90,21495808,10740039680,499,0.0272851,733.716,393623
26,CUTLASS,gemm,cutlass3x_sm90_tensorop_s64x128x16gemm_f16_f16_f32_f16_f16_128x128x64_2x1x1_0_nnn_align8_warpspecialized_cooperative_epi_tma,passed,success,universal,1280,1024,4096,f16:column,f16:column,f16:column,f16:column,1,0,serial,2,1,heuristic,invalid,invalid,false,false,1,tensorop,f32,128,128,64,2,1,1,0,0,0,6,4,2,1,64,128,16,90,90,21495808,10740039680,499,0.0252112,794.073,426003
26,CUTLASS,gemm,cutlass3x_sm90_tensorop_s64x128x16gemm_f16_f16_f32_f16_f16_128x128x64_2x1x1_0_nnn_align8_stream_k_warpspecialized_cooperative_epi_nosmem,passed,success,universal,1280,1024,4096,f16:column,f16:column,f16:column,f16:column,1,0,serial,2,1,heuristic,invalid,invalid,false,false,1,tensorop,f32,128,128,64,2,1,1,0,0,0,7,4,2,1,64,128,16,90,90,21495808,10740039680,499,0.0358154,558.965,299872
26,CUTLASS,gemm,cutlass3x_sm90_tensorop_s64x128x16gemm_f16_f16_f32_f16_f16_128x128x64_2x1x1_0_nnn_align8_stream_k_warpspecialized_cooperative_epi_tma,passed,success,universal,1280,1024,4096,f16:column,f16:column,f16:column,f16:column,1,0,serial,2,1,heuristic,invalid,invalid,false,false,1,tensorop,f32,128,128,64,2,1,1,0,0,0,6,4,2,1,64,128,16,90,90,21495808,10740039680,499,0.0352237,568.354,304910
27,CUTLASS,gemm,cutlass_tensorop_f16_s1688gemm_f16_256x128_32x2_nn_align8,passed,success,universal,1408,1024,4096,f16:column,f16:column,f16:column,f16:column,1,0,serial,2,1,heuristic,invalid,invalid,false,false,1,tensorop,f32,256,128,32,1,1,1,0,0,0,2,4,2,1,16,8,8,75,1024,22806528,11814043648,518,0.0895117,237.29,131983
27,CUTLASS,gemm,cutlass_tensorop_f16_s16816gemm_f16_256x128_32x3_nn_align8,passed,success,universal,1408,1024,4096,f16:column,f16:column,f16:column,f16:column,1,0,serial,2,1,heuristic,invalid,invalid,false,false,1,tensorop,f32,256,128,32,1,1,1,0,0,0,3,4,2,1,16,8,16,80,1024,22806528,11814043648,518,0.0456787,464.992,258633
27,CUTLASS,gemm,cutlass3x_sm90_tensorop_s64x128x16gemm_f16_f16_f32_f16_f16_128x128x64_1x2x1_0_nnn_align8,passed,success,universal,1408,1024,4096,f16:column,f16:column,f16:column,f16:column,1,0,serial,2,1,heuristic,invalid,invalid,false,false,1,tensorop,f32,128,128,64,1,2,1,0,0,0,7,4,2,1,64,128,16,90,90,22806528,11814043648,518,0.0270618,784.88,436559
27,CUTLASS,gemm,cutlass3x_sm90_tensorop_s64x128x16gemm_f16_f16_f32_f16_f16_128x128x64_1x2x1_0_nnn_align8_warpspecialized_epi_nosmem,passed,success,universal,1408,1024,4096,f16:column,f16:column,f16:column,f16:column,1,0,serial,2,1,heuristic,invalid,invalid,false,false,1,tensorop,f32,128,128,64,1,2,1,0,0,0,7,4,1,1,64,128,16,90,90,22806528,11814043648,518,0.0270682,784.694,436455
27,CUTLASS,gemm,cutlass3x_sm90_tensorop_s64x128x16gemm_f16_f16_f32_f16_f16_128x128x64_1x2x1_0_nnn_align8_warpspecialized_pingpong_epi_tma,passed,success,universal,1408,1024,4096,f16:column,f16:column,f16:column,f16:column,1,0,serial,2,1,heuristic,invalid,invalid,false,false,1,tensorop,f32,128,128,64,1,2,1,0,0,0,6,4,1,1,64,128,16,90,90,22806528,11814043648,518,0.0260931,814.017,452765
27,CUTLASS,gemm,cutlass3x_sm90_tensorop_s64x128x16gemm_f16_f16_f32_f16_f16_128x128x64_1x2x1_0_nnn_align8_warpspecialized_pingpong_epi_nosmem,passed,success,universal,1408,1024,4096,f16:column,f16:column,f16:column,f16:column,1,0,serial,2,1,heuristic,invalid,invalid,false,false,1,tensorop,f32,128,128,64,1,2,1,0,0,0,7,4,1,1,64,128,16,90,90,22806528,11814043648,518,0.0269408,788.404,438519
27,CUTLASS,gemm,cutlass3x_sm90_tensorop_s64x128x16gemm_f16_f16_f32_f16_f16_128x128x64_1x2x1_0_nnn_align8_warpspecialized_cooperative_epi_nosmem,passed,success,universal,1408,1024,4096,f16:column,f16:column,f16:column,f16:column,1,0,serial,2,1,heuristic,invalid,invalid,false,false,1,tensorop,f32,128,128,64,1,2,1,0,0,0,7,4,2,1,64,128,16,90,90,22806528,11814043648,518,0.027031,785.772,437055
27,CUTLASS,gemm,cutlass3x_sm90_tensorop_s64x128x16gemm_f16_f16_f32_f16_f16_128x128x64_1x2x1_0_nnn_align8_warpspecialized_cooperative_epi_tma,passed,success,universal,1408,1024,4096,f16:column,f16:column,f16:column,f16:column,1,0,serial,2,1,heuristic,invalid,invalid,false,false,1,tensorop,f32,128,128,64,1,2,1,0,0,0,6,4,2,1,64,128,16,90,90,22806528,11814043648,518,0.0253114,839.158,466749
27,CUTLASS,gemm,cutlass3x_sm90_tensorop_s64x128x16gemm_f16_f16_f32_f16_f16_128x128x64_1x2x1_0_nnn_align8_stream_k_warpspecialized_cooperative_epi_nosmem,passed,success,universal,1408,1024,4096,f16:column,f16:column,f16:column,f16:column,1,0,serial,2,1,heuristic,invalid,invalid,false,false,1,tensorop,f32,128,128,64,1,2,1,0,0,0,7,4,2,1,64,128,16,90,90,22806528,11814043648,518,0.0345094,615.491,342342
27,CUTLASS,gemm,cutlass3x_sm90_tensorop_s64x128x16gemm_f16_f16_f32_f16_f16_128x128x64_1x2x1_0_nnn_align8_stream_k_warpspecialized_cooperative_epi_tma,passed,success,universal,1408,1024,4096,f16:column,f16:column,f16:column,f16:column,1,0,serial,2,1,heuristic,invalid,invalid,false,false,1,tensorop,f32,128,128,64,1,2,1,0,0,0,6,4,2,1,64,128,16,90,90,22806528,11814043648,518,0.0338627,627.245,348881
27,CUTLASS,gemm,cutlass3x_sm90_tensorop_s64x128x16gemm_f16_f16_f32_f16_f16_128x128x64_2x1x1_0_nnn_align8,passed,success,universal,1408,1024,4096,f16:column,f16:column,f16:column,f16:column,1,0,serial,2,1,heuristic,invalid,invalid,false,false,1,tensorop,f32,128,128,64,2,1,1,0,0,0,7,4,2,1,64,128,16,90,90,22806528,11814043648,518,0.0305853,694.459,386266
27,CUTLASS,gemm,cutlass3x_sm90_tensorop_s64x128x16gemm_f16_f16_f32_f16_f16_128x128x64_2x1x1_0_nnn_align8_warpspecialized_epi_nosmem,passed,success,universal,1408,1024,4096,f16:column,f16:column,f16:column,f16:column,1,0,serial,2,1,heuristic,invalid,invalid,false,false,1,tensorop,f32,128,128,64,2,1,1,0,0,0,7,4,1,1,64,128,16,90,90,22806528,11814043648,518,0.0336435,631.332,351154
27,CUTLASS,gemm,cutlass3x_sm90_tensorop_s64x128x16gemm_f16_f16_f32_f16_f16_128x128x64_2x1x1_0_nnn_align8_warpspecialized_pingpong_epi_tma,passed,success,universal,1408,1024,4096,f16:column,f16:column,f16:column,f16:column,1,0,serial,2,1,heuristic,invalid,invalid,false,false,1,tensorop,f32,128,128,64,2,1,1,0,0,0,6,4,1,1,64,128,16,90,90,22806528,11814043648,518,0.0293126,724.61,403036
27,CUTLASS,gemm,cutlass3x_sm90_tensorop_s64x128x16gemm_f16_f16_f32_f16_f16_128x128x64_2x1x1_0_nnn_align8_warpspecialized_pingpong_epi_nosmem,passed,success,universal,1408,1024,4096,f16:column,f16:column,f16:column,f16:column,1,0,serial,2,1,heuristic,invalid,invalid,false,false,1,tensorop,f32,128,128,64,2,1,1,0,0,0,7,4,1,1,64,128,16,90,90,22806528,11814043648,518,0.0316144,671.853,373692
27,CUTLASS,gemm,cutlass3x_sm90_tensorop_s64x128x16gemm_f16_f16_f32_f16_f16_128x128x64_2x1x1_0_nnn_align8_warpspecialized_cooperative_epi_nosmem,passed,success,universal,1408,1024,4096,f16:column,f16:column,f16:column,f16:column,1,0,serial,2,1,heuristic,invalid,invalid,false,false,1,tensorop,f32,128,128,64,2,1,1,0,0,0,7,4,2,1,64,128,16,90,90,22806528,11814043648,518,0.0303779,699.2,388902
27,CUTLASS,gemm,cutlass3x_sm90_tensorop_s64x128x16gemm_f16_f16_f32_f16_f16_128x128x64_2x1x1_0_nnn_align8_warpspecialized_cooperative_epi_tma,passed,success,universal,1408,1024,4096,f16:column,f16:column,f16:column,f16:column,1,0,serial,2,1,heuristic,invalid,invalid,false,false,1,tensorop,f32,128,128,64,2,1,1,0,0,0,6,4,2,1,64,128,16,90,90,22806528,11814043648,518,0.0282422,752.073,418311
27,CUTLASS,gemm,cutlass3x_sm90_tensorop_s64x128x16gemm_f16_f16_f32_f16_f16_128x128x64_2x1x1_0_nnn_align8_stream_k_warpspecialized_cooperative_epi_nosmem,passed,success,universal,1408,1024,4096,f16:column,f16:column,f16:column,f16:column,1,0,serial,2,1,heuristic,invalid,invalid,false,false,1,tensorop,f32,128,128,64,2,1,1,0,0,0,7,4,2,1,64,128,16,90,90,22806528,11814043648,518,0.0382627,555.116,308761
27,CUTLASS,gemm,cutlass3x_sm90_tensorop_s64x128x16gemm_f16_f16_f32_f16_f16_128x128x64_2x1x1_0_nnn_align8_stream_k_warpspecialized_cooperative_epi_tma,passed,success,universal,1408,1024,4096,f16:column,f16:column,f16:column,f16:column,1,0,serial,2,1,heuristic,invalid,invalid,false,false,1,tensorop,f32,128,128,64,2,1,1,0,0,0,6,4,2,1,64,128,16,90,90,22806528,11814043648,518,0.0381917,556.148,309336
28,CUTLASS,gemm,cutlass_tensorop_f16_s1688gemm_f16_256x128_32x2_nn_align8,passed,success,universal,1536,1024,4096,f16:column,f16:column,f16:column,f16:column,1,0,serial,2,1,heuristic,invalid,invalid,false,false,1,tensorop,f32,256,128,32,1,1,1,0,0,0,2,4,2,1,16,8,8,75,1024,24117248,12888047616,534,0.0887478,253.087,145221
28,CUTLASS,gemm,cutlass_tensorop_f16_s16816gemm_f16_256x128_32x3_nn_align8,passed,success,universal,1536,1024,4096,f16:column,f16:column,f16:column,f16:column,1,0,serial,2,1,heuristic,invalid,invalid,false,false,1,tensorop,f32,256,128,32,1,1,1,0,0,0,3,4,2,1,16,8,16,80,1024,24117248,12888047616,534,0.0454787,493.878,283386
28,CUTLASS,gemm,cutlass3x_sm90_tensorop_s64x128x16gemm_f16_f16_f32_f16_f16_128x128x64_1x2x1_0_nnn_align8,passed,success,universal,1536,1024,4096,f16:column,f16:column,f16:column,f16:column,1,0,serial,2,1,heuristic,invalid,invalid,false,false,1,tensorop,f32,128,128,64,1,2,1,0,0,0,7,4,2,1,64,128,16,90,90,24117248,12888047616,534,0.027185,826.227,474087
28,CUTLASS,gemm,cutlass3x_sm90_tensorop_s64x128x16gemm_f16_f16_f32_f16_f16_128x128x64_1x2x1_0_nnn_align8_warpspecialized_epi_nosmem,passed,success,universal,1536,1024,4096,f16:column,f16:column,f16:column,f16:column,1,0,serial,2,1,heuristic,invalid,invalid,false,false,1,tensorop,f32,128,128,64,1,2,1,0,0,0,7,4,1,1,64,128,16,90,90,24117248,12888047616,534,0.0269472,833.517,478270
28,CUTLASS,gemm,cutlass3x_sm90_tensorop_s64x128x16gemm_f16_f16_f32_f16_f16_128x128x64_1x2x1_0_nnn_align8_warpspecialized_pingpong_epi_tma,passed,success,universal,1536,1024,4096,f16:column,f16:column,f16:column,f16:column,1,0,serial,2,1,heuristic,invalid,invalid,false,false,1,tensorop,f32,128,128,64,1,2,1,0,0,0,6,4,1,1,64,128,16,90,90,24117248,12888047616,534,0.0259382,865.939,496874
28,CUTLASS,gemm,cutlass3x_sm90_tensorop_s64x128x16gemm_f16_f16_f32_f16_f16_128x128x64_1x2x1_0_nnn_align8_warpspecialized_pingpong_epi_nosmem,passed,success,universal,1536,1024,4096,f16:column,f16:column,f16:column,f16:column,1,0,serial,2,1,heuristic,invalid,invalid,false,false,1,tensorop,f32,128,128,64,1,2,1,0,0,0,7,4,1,1,64,128,16,90,90,24117248,12888047616,534,0.0271811,826.343,474154
28,CUTLASS,gemm,cutlass3x_sm90_tensorop_s64x128x16gemm_f16_f16_f32_f16_f16_128x128x64_1x2x1_0_nnn_align8_warpspecialized_cooperative_epi_nosmem,passed,success,universal,1536,1024,4096,f16:column,f16:column,f16:column,f16:column,1,0,serial,2,1,heuristic,invalid,invalid,false,false,1,tensorop,f32,128,128,64,1,2,1,0,0,0,7,4,2,1,64,128,16,90,90,24117248,12888047616,534,0.0268378,836.916,480221
28,CUTLASS,gemm,cutlass3x_sm90_tensorop_s64x128x16gemm_f16_f16_f32_f16_f16_128x128x64_1x2x1_0_nnn_align8_warpspecialized_cooperative_epi_tma,passed,success,universal,1536,1024,4096,f16:column,f16:column,f16:column,f16:column,1,0,serial,2,1,heuristic,invalid,invalid,false,false,1,tensorop,f32,128,128,64,1,2,1,0,0,0,6,4,2,1,64,128,16,90,90,24117248,12888047616,534,0.0252861,888.273,509689
28,CUTLASS,gemm,cutlass3x_sm90_tensorop_s64x128x16gemm_f16_f16_f32_f16_f16_128x128x64_1x2x1_0_nnn_align8_stream_k_warpspecialized_cooperative_epi_nosmem,passed,success,universal,1536,1024,4096,f16:column,f16:column,f16:column,f16:column,1,0,serial,2,1,heuristic,invalid,invalid,false,false,1,tensorop,f32,128,128,64,1,2,1,0,0,0,7,4,2,1,64,128,16,90,90,24117248,12888047616,534,0.0348086,645.269,370254
28,CUTLASS,gemm,cutlass3x_sm90_tensorop_s64x128x16gemm_f16_f16_f32_f16_f16_128x128x64_1x2x1_0_nnn_align8_stream_k_warpspecialized_cooperative_epi_tma,passed,success,universal,1536,1024,4096,f16:column,f16:column,f16:column,f16:column,1,0,serial,2,1,heuristic,invalid,invalid,false,false,1,tensorop,f32,128,128,64,1,2,1,0,0,0,6,4,2,1,64,128,16,90,90,24117248,12888047616,534,0.0341165,658.36,377766
28,CUTLASS,gemm,cutlass3x_sm90_tensorop_s64x128x16gemm_f16_f16_f32_f16_f16_128x128x64_2x1x1_0_nnn_align8,passed,success,universal,1536,1024,4096,f16:column,f16:column,f16:column,f16:column,1,0,serial,2,1,heuristic,invalid,invalid,false,false,1,tensorop,f32,128,128,64,2,1,1,0,0,0,7,4,2,1,64,128,16,90,90,24117248,12888047616,534,0.0304182,738.404,423695
28,CUTLASS,gemm,cutlass3x_sm90_tensorop_s64x128x16gemm_f16_f16_f32_f16_f16_128x128x64_2x1x1_0_nnn_align8_warpspecialized_epi_nosmem,passed,success,universal,1536,1024,4096,f16:column,f16:column,f16:column,f16:column,1,0,serial,2,1,heuristic,invalid,invalid,false,false,1,tensorop,f32,128,128,64,2,1,1,0,0,0,7,4,1,1,64,128,16,90,90,24117248,12888047616,534,0.0283974,790.949,453845
28,CUTLASS,gemm,cutlass3x_sm90_tensorop_s64x128x16gemm_f16_f16_f32_f16_f16_128x128x64_2x1x1_0_nnn_align8_warpspecialized_pingpong_epi_tma,passed,success,universal,1536,1024,4096,f16:column,f16:column,f16:column,f16:column,1,0,serial,2,1,heuristic,invalid,invalid,false,false,1,tensorop,f32,128,128,64,2,1,1,0,0,0,6,4,1,1,64,128,16,90,90,24117248,12888047616,534,0.0270858,829.253,475824
28,CUTLASS,gemm,cutlass3x_sm90_tensorop_s64x128x16gemm_f16_f16_f32_f16_f16_128x128x64_2x1x1_0_nnn_align8_warpspecialized_pingpong_epi_nosmem,passed,success,universal,1536,1024,4096,f16:column,f16:column,f16:column,f16:column,1,0,serial,2,1,heuristic,invalid,invalid,false,false,1,tensorop,f32,128,128,64,2,1,1,0,0,0,7,4,1,1,64,128,16,90,90,24117248,12888047616,534,0.0308253,728.653,418100
28,CUTLASS,gemm,cutlass3x_sm90_tensorop_s64x128x16gemm_f16_f16_f32_f16_f16_128x128x64_2x1x1_0_nnn_align8_warpspecialized_cooperative_epi_nosmem,passed,success,universal,1536,1024,4096,f16:column,f16:column,f16:column,f16:column,1,0,serial,2,1,heuristic,invalid,invalid,false,false,1,tensorop,f32,128,128,64,2,1,1,0,0,0,7,4,2,1,64,128,16,90,90,24117248,12888047616,534,0.029919,750.724,430764
28,CUTLASS,gemm,cutlass3x_sm90_tensorop_s64x128x16gemm_f16_f16_f32_f16_f16_128x128x64_2x1x1_0_nnn_align8_warpspecialized_cooperative_epi_tma,passed,success,universal,1536,1024,4096,f16:column,f16:column,f16:column,f16:column,1,0,serial,2,1,heuristic,invalid,invalid,false,false,1,tensorop,f32,128,128,64,2,1,1,0,0,0,6,4,2,1,64,128,16,90,90,24117248,12888047616,534,0.0260352,862.714,495024
28,CUTLASS,gemm,cutlass3x_sm90_tensorop_s64x128x16gemm_f16_f16_f32_f16_f16_128x128x64_2x1x1_0_nnn_align8_stream_k_warpspecialized_cooperative_epi_nosmem,passed,success,universal,1536,1024,4096,f16:column,f16:column,f16:column,f16:column,1,0,serial,2,1,heuristic,invalid,invalid,false,false,1,tensorop,f32,128,128,64,2,1,1,0,0,0,7,4,2,1,64,128,16,90,90,24117248,12888047616,534,0.0364208,616.706,353865
28,CUTLASS,gemm,cutlass3x_sm90_tensorop_s64x128x16gemm_f16_f16_f32_f16_f16_128x128x64_2x1x1_0_nnn_align8_stream_k_warpspecialized_cooperative_epi_tma,passed,success,universal,1536,1024,4096,f16:column,f16:column,f16:column,f16:column,1,0,serial,2,1,heuristic,invalid,invalid,false,false,1,tensorop,f32,128,128,64,2,1,1,0,0,0,6,4,2,1,64,128,16,90,90,24117248,12888047616,534,0.0356109,630.732,361913
29,CUTLASS,gemm,cutlass_tensorop_f16_s1688gemm_f16_256x128_32x2_nn_align8,passed,success,universal,1664,1024,4096,f16:column,f16:column,f16:column,f16:column,1,0,serial,2,1,heuristic,invalid,invalid,false,false,1,tensorop,f32,256,128,32,1,1,1,0,0,0,2,4,2,1,16,8,8,75,1024,25427968,13962051584,549,0.0889107,266.353,157035
29,CUTLASS,gemm,cutlass_tensorop_f16_s16816gemm_f16_256x128_32x3_nn_align8,passed,success,universal,1664,1024,4096,f16:column,f16:column,f16:column,f16:column,1,0,serial,2,1,heuristic,invalid,invalid,false,false,1,tensorop,f32,256,128,32,1,1,1,0,0,0,3,4,2,1,16,8,16,80,1024,25427968,13962051584,549,0.045824,516.796,304689
29,CUTLASS,gemm,cutlass3x_sm90_tensorop_s64x128x16gemm_f16_f16_f32_f16_f16_128x128x64_1x2x1_0_nnn_align8,passed,success,universal,1664,1024,4096,f16:column,f16:column,f16:column,f16:column,1,0,serial,2,1,heuristic,invalid,invalid,false,false,1,tensorop,f32,128,128,64,1,2,1,0,0,0,7,4,2,1,64,128,16,90,90,25427968,13962051584,549,0.028512,830.585,489690
29,CUTLASS,gemm,cutlass3x_sm90_tensorop_s64x128x16gemm_f16_f16_f32_f16_f16_128x128x64_1x2x1_0_nnn_align8_warpspecialized_epi_nosmem,passed,success,universal,1664,1024,4096,f16:column,f16:column,f16:column,f16:column,1,0,serial,2,1,heuristic,invalid,invalid,false,false,1,tensorop,f32,128,128,64,1,2,1,0,0,0,7,4,1,1,64,128,16,90,90,25427968,13962051584,549,0.0271978,870.72,513353
29,CUTLASS,gemm,cutlass3x_sm90_tensorop_s64x128x16gemm_f16_f16_f32_f16_f16_128x128x64_1x2x1_0_nnn_align8_warpspecialized_pingpong_epi_tma,passed,success,universal,1664,1024,4096,f16:column,f16:column,f16:column,f16:column,1,0,serial,2,1,heuristic,invalid,invalid,false,false,1,tensorop,f32,128,128,64,1,2,1,0,0,0,6,4,1,1,64,128,16,90,90,25427968,13962051584,549,0.0263558,898.535,529752
29,CUTLASS,gemm,cutlass3x_sm90_tensorop_s64x128x16gemm_f16_f16_f32_f16_f16_128x128x64_1x2x1_0_nnn_align8_warpspecialized_pingpong_epi_nosmem,passed,success,universal,1664,1024,4096,f16:column,f16:column,f16:column,f16:column,1,0,serial,2,1,heuristic,invalid,invalid,false,false,1,tensorop,f32,128,128,64,1,2,1,0,0,0,7,4,1,1,64,128,16,90,90,25427968,13962051584,549,0.0282634,837.892,493998
29,CUTLASS,gemm,cutlass3x_sm90_tensorop_s64x128x16gemm_f16_f16_f32_f16_f16_128x128x64_1x2x1_0_nnn_align8_warpspecialized_cooperative_epi_nosmem,passed,success,universal,1664,1024,4096,f16:column,f16:column,f16:column,f16:column,1,0,serial,2,1,heuristic,invalid,invalid,false,false,1,tensorop,f32,128,128,64,1,2,1,0,0,0,7,4,2,1,64,128,16,90,90,25427968,13962051584,549,0.0287536,823.606,485576
29,CUTLASS,gemm,cutlass3x_sm90_tensorop_s64x128x16gemm_f16_f16_f32_f16_f16_128x128x64_1x2x1_0_nnn_align8_warpspecialized_cooperative_epi_tma,passed,success,universal,1664,1024,4096,f16:column,f16:column,f16:column,f16:column,1,0,serial,2,1,heuristic,invalid,invalid,false,false,1,tensorop,f32,128,128,64,1,2,1,0,0,0,6,4,2,1,64,128,16,90,90,25427968,13962051584,549,0.0256848,922.01,543592
29,CUTLASS,gemm,cutlass3x_sm90_tensorop_s64x128x16gemm_f16_f16_f32_f16_f16_128x128x64_1x2x1_0_nnn_align8_stream_k_warpspecialized_cooperative_epi_nosmem,passed,success,universal,1664,1024,4096,f16:column,f16:column,f16:column,f16:column,1,0,serial,2,1,heuristic,invalid,invalid,false,false,1,tensorop,f32,128,128,64,1,2,1,0,0,0,7,4,2,1,64,128,16,90,90,25427968,13962051584,549,0.0348909,678.734,400163
29,CUTLASS,gemm,cutlass3x_sm90_tensorop_s64x128x16gemm_f16_f16_f32_f16_f16_128x128x64_1x2x1_0_nnn_align8_stream_k_warpspecialized_cooperative_epi_tma,passed,success,universal,1664,1024,4096,f16:column,f16:column,f16:column,f16:column,1,0,serial,2,1,heuristic,invalid,invalid,false,false,1,tensorop,f32,128,128,64,1,2,1,0,0,0,6,4,2,1,64,128,16,90,90,25427968,13962051584,549,0.0345587,685.258,404010
29,CUTLASS,gemm,cutlass3x_sm90_tensorop_s64x128x16gemm_f16_f16_f32_f16_f16_128x128x64_2x1x1_0_nnn_align8,passed,success,universal,1664,1024,4096,f16:column,f16:column,f16:column,f16:column,1,0,serial,2,1,heuristic,invalid,invalid,false,false,1,tensorop,f32,128,128,64,2,1,1,0,0,0,7,4,2,1,64,128,16,90,90,25427968,13962051584,549,0.0355901,665.4,392302
29,CUTLASS,gemm,cutlass3x_sm90_tensorop_s64x128x16gemm_f16_f16_f32_f16_f16_128x128x64_2x1x1_0_nnn_align8_warpspecialized_epi_nosmem,passed,success,universal,1664,1024,4096,f16:column,f16:column,f16:column,f16:column,1,0,serial,2,1,heuristic,invalid,invalid,false,false,1,tensorop,f32,128,128,64,2,1,1,0,0,0,7,4,1,1,64,128,16,90,90,25427968,13962051584,549,0.0365306,648.269,382202
29,CUTLASS,gemm,cutlass3x_sm90_tensorop_s64x128x16gemm_f16_f16_f32_f16_f16_128x128x64_2x1x1_0_nnn_align8_warpspecialized_pingpong_epi_tma,passed,success,universal,1664,1024,4096,f16:column,f16:column,f16:column,f16:column,1,0,serial,2,1,heuristic,invalid,invalid,false,false,1,tensorop,f32,128,128,64,2,1,1,0,0,0,6,4,1,1,64,128,16,90,90,25427968,13962051584,549,0.0346957,682.553,402415
29,CUTLASS,gemm,cutlass3x_sm90_tensorop_s64x128x16gemm_f16_f16_f32_f16_f16_128x128x64_2x1x1_0_nnn_align8_warpspecialized_pingpong_epi_nosmem,passed,success,universal,1664,1024,4096,f16:column,f16:column,f16:column,f16:column,1,0,serial,2,1,heuristic,invalid,invalid,false,false,1,tensorop,f32,128,128,64,2,1,1,0,0,0,7,4,1,1,64,128,16,90,90,25427968,13962051584,549,0.0354147,668.695,394244
29,CUTLASS,gemm,cutlass3x_sm90_tensorop_s64x128x16gemm_f16_f16_f32_f16_f16_128x128x64_2x1x1_0_nnn_align8_warpspecialized_cooperative_epi_nosmem,passed,success,universal,1664,1024,4096,f16:column,f16:column,f16:column,f16:column,1,0,serial,2,1,heuristic,invalid,invalid,false,false,1,tensorop,f32,128,128,64,2,1,1,0,0,0,7,4,2,1,64,128,16,90,90,25427968,13962051584,549,0.0354285,668.435,394091
29,CUTLASS,gemm,cutlass3x_sm90_tensorop_s64x128x16gemm_f16_f16_f32_f16_f16_128x128x64_2x1x1_0_nnn_align8_warpspecialized_cooperative_epi_tma,passed,success,universal,1664,1024,4096,f16:column,f16:column,f16:column,f16:column,1,0,serial,2,1,heuristic,invalid,invalid,false,false,1,tensorop,f32,128,128,64,2,1,1,0,0,0,6,4,2,1,64,128,16,90,90,25427968,13962051584,549,0.0332474,712.286,419945
29,CUTLASS,gemm,cutlass3x_sm90_tensorop_s64x128x16gemm_f16_f16_f32_f16_f16_128x128x64_2x1x1_0_nnn_align8_stream_k_warpspecialized_cooperative_epi_nosmem,passed,success,universal,1664,1024,4096,f16:column,f16:column,f16:column,f16:column,1,0,serial,2,1,heuristic,invalid,invalid,false,false,1,tensorop,f32,128,128,64,2,1,1,0,0,0,7,4,2,1,64,128,16,90,90,25427968,13962051584,549,0.0387741,610.76,360087
29,CUTLASS,gemm,cutlass3x_sm90_tensorop_s64x128x16gemm_f16_f16_f32_f16_f16_128x128x64_2x1x1_0_nnn_align8_stream_k_warpspecialized_cooperative_epi_tma,passed,success,universal,1664,1024,4096,f16:column,f16:column,f16:column,f16:column,1,0,serial,2,1,heuristic,invalid,invalid,false,false,1,tensorop,f32,128,128,64,2,1,1,0,0,0,6,4,2,1,64,128,16,90,90,25427968,13962051584,549,0.0386006,613.504,361705
30,CUTLASS,gemm,cutlass_tensorop_f16_s1688gemm_f16_256x128_32x2_nn_align8,passed,success,universal,1792,1024,4096,f16:column,f16:column,f16:column,f16:column,1,0,serial,2,1,heuristic,invalid,invalid,false,false,1,tensorop,f32,256,128,32,1,1,1,0,0,0,2,4,2,1,16,8,8,75,1024,26738688,15036055552,562,0.0893306,278.766,168319
30,CUTLASS,gemm,cutlass_tensorop_f16_s16816gemm_f16_256x128_32x3_nn_align8,passed,success,universal,1792,1024,4096,f16:column,f16:column,f16:column,f16:column,1,0,serial,2,1,heuristic,invalid,invalid,false,false,1,tensorop,f32,256,128,32,1,1,1,0,0,0,3,4,2,1,16,8,16,80,1024,26738688,15036055552,562,0.0461786,539.262,325607
30,CUTLASS,gemm,cutlass3x_sm90_tensorop_s64x128x16gemm_f16_f16_f32_f16_f16_128x128x64_1x2x1_0_nnn_align8,passed,success,universal,1792,1024,4096,f16:column,f16:column,f16:column,f16:column,1,0,serial,2,1,heuristic,invalid,invalid,false,false,1,tensorop,f32,128,128,64,1,2,1,0,0,0,7,4,2,1,64,128,16,90,90,26738688,15036055552,562,0.0287923,864.895,522225
30,CUTLASS,gemm,cutlass3x_sm90_tensorop_s64x128x16gemm_f16_f16_f32_f16_f16_128x128x64_1x2x1_0_nnn_align8_warpspecialized_epi_nosmem,passed,success,universal,1792,1024,4096,f16:column,f16:column,f16:column,f16:column,1,0,serial,2,1,heuristic,invalid,invalid,false,false,1,tensorop,f32,128,128,64,1,2,1,0,0,0,7,4,1,1,64,128,16,90,90,26738688,15036055552,562,0.0299357,831.862,502279
30,CUTLASS,gemm,cutlass3x_sm90_tensorop_s64x128x16gemm_f16_f16_f32_f16_f16_128x128x64_1x2x1_0_nnn_align8_warpspecialized_pingpong_epi_tma,passed,success,universal,1792,1024,4096,f16:column,f16:column,f16:column,f16:column,1,0,serial,2,1,heuristic,invalid,invalid,false,false,1,tensorop,f32,128,128,64,1,2,1,0,0,0,6,4,1,1,64,128,16,90,90,26738688,15036055552,562,0.0264051,943.088,569437
30,CUTLASS,gemm,cutlass3x_sm90_tensorop_s64x128x16gemm_f16_f16_f32_f16_f16_128x128x64_1x2x1_0_nnn_align8_warpspecialized_pingpong_epi_nosmem,passed,success,universal,1792,1024,4096,f16:column,f16:column,f16:column,f16:column,1,0,serial,2,1,heuristic,invalid,invalid,false,false,1,tensorop,f32,128,128,64,1,2,1,0,0,0,7,4,1,1,64,128,16,90,90,26738688,15036055552,562,0.0292202,852.232,514578
30,CUTLASS,gemm,cutlass3x_sm90_tensorop_s64x128x16gemm_f16_f16_f32_f16_f16_128x128x64_1x2x1_0_nnn_align8_warpspecialized_cooperative_epi_nosmem,passed,success,universal,1792,1024,4096,f16:column,f16:column,f16:column,f16:column,1,0,serial,2,1,heuristic,invalid,invalid,false,false,1,tensorop,f32,128,128,64,1,2,1,0,0,0,7,4,2,1,64,128,16,90,90,26738688,15036055552,562,0.0289539,860.068,519310
30,CUTLASS,gemm,cutlass3x_sm90_tensorop_s64x128x16gemm_f16_f16_f32_f16_f16_128x128x64_1x2x1_0_nnn_align8_warpspecialized_cooperative_epi_tma,passed,success,universal,1792,1024,4096,f16:column,f16:column,f16:column,f16:column,1,0,serial,2,1,heuristic,invalid,invalid,false,false,1,tensorop,f32,128,128,64,1,2,1,0,0,0,6,4,2,1,64,128,16,90,90,26738688,15036055552,562,0.0257024,968.872,585006
30,CUTLASS,gemm,cutlass3x_sm90_tensorop_s64x128x16gemm_f16_f16_f32_f16_f16_128x128x64_1x2x1_0_nnn_align8_stream_k_warpspecialized_cooperative_epi_nosmem,passed,success,universal,1792,1024,4096,f16:column,f16:column,f16:column,f16:column,1,0,serial,2,1,heuristic,invalid,invalid,false,false,1,tensorop,f32,128,128,64,1,2,1,0,0,0,7,4,2,1,64,128,16,90,90,26738688,15036055552,562,0.035569,700.114,422730
30,CUTLASS,gemm,cutlass3x_sm90_tensorop_s64x128x16gemm_f16_f16_f32_f16_f16_128x128x64_1x2x1_0_nnn_align8_stream_k_warpspecialized_cooperative_epi_tma,passed,success,universal,1792,1024,4096,f16:column,f16:column,f16:column,f16:column,1,0,serial,2,1,heuristic,invalid,invalid,false,false,1,tensorop,f32,128,128,64,1,2,1,0,0,0,6,4,2,1,64,128,16,90,90,26738688,15036055552,562,0.0347437,716.745,432771
30,CUTLASS,gemm,cutlass3x_sm90_tensorop_s64x128x16gemm_f16_f16_f32_f16_f16_128x128x64_2x1x1_0_nnn_align8,passed,success,universal,1792,1024,4096,f16:column,f16:column,f16:column,f16:column,1,0,serial,2,1,heuristic,invalid,invalid,false,false,1,tensorop,f32,128,128,64,2,1,1,0,0,0,7,4,2,1,64,128,16,90,90,26738688,15036055552,562,0.0327469,760.449,459160
30,CUTLASS,gemm,cutlass3x_sm90_tensorop_s64x128x16gemm_f16_f16_f32_f16_f16_128x128x64_2x1x1_0_nnn_align8_warpspecialized_epi_nosmem,passed,success,universal,1792,1024,4096,f16:column,f16:column,f16:column,f16:column,1,0,serial,2,1,heuristic,invalid,invalid,false,false,1,tensorop,f32,128,128,64,2,1,1,0,0,0,7,4,1,1,64,128,16,90,90,26738688,15036055552,562,0.0318365,782.195,472290
30,CUTLASS,gemm,cutlass3x_sm90_tensorop_s64x128x16gemm_f16_f16_f32_f16_f16_128x128x64_2x1x1_0_nnn_align8_warpspecialized_pingpong_epi_tma,passed,success,universal,1792,1024,4096,f16:column,f16:column,f16:column,f16:column,1,0,serial,2,1,heuristic,invalid,invalid,false,false,1,tensorop,f32,128,128,64,2,1,1,0,0,0,6,4,1,1,64,128,16,90,90,26738688,15036055552,562,0.0304432,817.994,493905
30,CUTLASS,gemm,cutlass3x_sm90_tensorop_s64x128x16gemm_f16_f16_f32_f16_f16_128x128x64_2x1x1_0_nnn_align8_warpspecialized_pingpong_epi_nosmem,passed,success,universal,1792,1024,4096,f16:column,f16:column,f16:column,f16:column,1,0,serial,2,1,heuristic,invalid,invalid,false,false,1,tensorop,f32,128,128,64,2,1,1,0,0,0,7,4,1,1,64,128,16,90,90,26738688,15036055552,562,0.0329325,756.164,456572
30,CUTLASS,gemm,cutlass3x_sm90_tensorop_s64x128x16gemm_f16_f16_f32_f16_f16_128x128x64_2x1x1_0_nnn_align8_warpspecialized_cooperative_epi_nosmem,passed,success,universal,1792,1024,4096,f16:column,f16:column,f16:column,f16:column,1,0,serial,2,1,heuristic,invalid,invalid,false,false,1,tensorop,f32,128,128,64,2,1,1,0,0,0,7,4,2,1,64,128,16,90,90,26738688,15036055552,562,0.0328762,757.459,457354
30,CUTLASS,gemm,cutlass3x_sm90_tensorop_s64x128x16gemm_f16_f16_f32_f16_f16_128x128x64_2x1x1_0_nnn_align8_warpspecialized_cooperative_epi_tma,passed,success,universal,1792,1024,4096,f16:column,f16:column,f16:column,f16:column,1,0,serial,2,1,heuristic,invalid,invalid,false,false,1,tensorop,f32,128,128,64,2,1,1,0,0,0,6,4,2,1,64,128,16,90,90,26738688,15036055552,562,0.0299059,832.689,502779
30,CUTLASS,gemm,cutlass3x_sm90_tensorop_s64x128x16gemm_f16_f16_f32_f16_f16_128x128x64_2x1x1_0_nnn_align8_stream_k_warpspecialized_cooperative_epi_nosmem,passed,success,universal,1792,1024,4096,f16:column,f16:column,f16:column,f16:column,1,0,serial,2,1,heuristic,invalid,invalid,false,false,1,tensorop,f32,128,128,64,2,1,1,0,0,0,7,4,2,1,64,128,16,90,90,26738688,15036055552,562,0.0370269,672.548,406085
30,CUTLASS,gemm,cutlass3x_sm90_tensorop_s64x128x16gemm_f16_f16_f32_f16_f16_128x128x64_2x1x1_0_nnn_align8_stream_k_warpspecialized_cooperative_epi_tma,passed,success,universal,1792,1024,4096,f16:column,f16:column,f16:column,f16:column,1,0,serial,2,1,heuristic,invalid,invalid,false,false,1,tensorop,f32,128,128,64,2,1,1,0,0,0,6,4,2,1,64,128,16,90,90,26738688,15036055552,562,0.0362413,687.126,414888
31,CUTLASS,gemm,cutlass_tensorop_f16_s1688gemm_f16_256x128_32x2_nn_align8,passed,success,universal,1920,1024,4096,f16:column,f16:column,f16:column,f16:column,1,0,serial,2,1,heuristic,invalid,invalid,false,false,1,tensorop,f32,256,128,32,1,1,1,0,0,0,2,4,2,1,16,8,8,75,1024,28049408,16110059520,574,0.0905878,288.373,177839
31,CUTLASS,gemm,cutlass_tensorop_f16_s16816gemm_f16_256x128_32x3_nn_align8,passed,success,universal,1920,1024,4096,f16:column,f16:column,f16:column,f16:column,1,0,serial,2,1,heuristic,invalid,invalid,false,false,1,tensorop,f32,256,128,32,1,1,1,0,0,0,3,4,2,1,16,8,16,80,1024,28049408,16110059520,574,0.0462688,564.593,348184
31,CUTLASS,gemm,cutlass3x_sm90_tensorop_s64x128x16gemm_f16_f16_f32_f16_f16_128x128x64_1x2x1_0_nnn_align8,passed,success,universal,1920,1024,4096,f16:column,f16:column,f16:column,f16:column,1,0,serial,2,1,heuristic,invalid,invalid,false,false,1,tensorop,f32,128,128,64,1,2,1,0,0,0,7,4,2,1,64,128,16,90,90,28049408,16110059520,574,0.0291344,896.639,552957
31,CUTLASS,gemm,cutlass3x_sm90_tensorop_s64x128x16gemm_f16_f16_f32_f16_f16_128x128x64_1x2x1_0_nnn_align8_warpspecialized_epi_nosmem,passed,success,universal,1920,1024,4096,f16:column,f16:column,f16:column,f16:column,1,0,serial,2,1,heuristic,invalid,invalid,false,false,1,tensorop,f32,128,128,64,1,2,1,0,0,0,7,4,1,1,64,128,16,90,90,28049408,16110059520,574,0.0308966,845.498,521418
31,CUTLASS,gemm,cutlass3x_sm90_tensorop_s64x128x16gemm_f16_f16_f32_f16_f16_128x128x64_1x2x1_0_nnn_align8_warpspecialized_pingpong_epi_tma,passed,success,universal,1920,1024,4096,f16:column,f16:column,f16:column,f16:column,1,0,serial,2,1,heuristic,invalid,invalid,false,false,1,tensorop,f32,128,128,64,1,2,1,0,0,0,6,4,1,1,64,128,16,90,90,28049408,16110059520,574,0.0271859,960.904,592588
31,CUTLASS,gemm,cutlass3x_sm90_tensorop_s64x128x16gemm_f16_f16_f32_f16_f16_128x128x64_1x2x1_0_nnn_align8_warpspecialized_pingpong_epi_nosmem,passed,success,universal,1920,1024,4096,f16:column,f16:column,f16:column,f16:column,1,0,serial,2,1,heuristic,invalid,invalid,false,false,1,tensorop,f32,128,128,64,1,2,1,0,0,0,7,4,1,1,64,128,16,90,90,28049408,16110059520,574,0.0287555,908.453,560242
31,CUTLASS,gemm,cutlass3x_sm90_tensorop_s64x128x16gemm_f16_f16_f32_f16_f16_128x128x64_1x2x1_0_nnn_align8_warpspecialized_cooperative_epi_nosmem,passed,success,universal,1920,1024,4096,f16:column,f16:column,f16:column,f16:column,1,0,serial,2,1,heuristic,invalid,invalid,false,false,1,tensorop,f32,128,128,64,1,2,1,0,0,0,7,4,2,1,64,128,16,90,90,28049408,16110059520,574,0.029303,891.479,549774
31,CUTLASS,gemm,cutlass3x_sm90_tensorop_s64x128x16gemm_f16_f16_f32_f16_f16_128x128x64_1x2x1_0_nnn_align8_warpspecialized_cooperative_epi_tma,passed,success,universal,1920,1024,4096,f16:column,f16:column,f16:column,f16:column,1,0,serial,2,1,heuristic,invalid,invalid,false,false,1,tensorop,f32,128,128,64,1,2,1,0,0,0,6,4,2,1,64,128,16,90,90,28049408,16110059520,574,0.0267446,976.758,602366
31,CUTLASS,gemm,cutlass3x_sm90_tensorop_s64x128x16gemm_f16_f16_f32_f16_f16_128x128x64_1x2x1_0_nnn_align8_stream_k_warpspecialized_cooperative_epi_nosmem,passed,success,universal,1920,1024,4096,f16:column,f16:column,f16:column,f16:column,1,0,serial,2,1,heuristic,invalid,invalid,false,false,1,tensorop,f32,128,128,64,1,2,1,0,0,0,7,4,2,1,64,128,16,90,90,28049408,16110059520,574,0.0350835,744.596,459192
31,CUTLASS,gemm,cutlass3x_sm90_tensorop_s64x128x16gemm_f16_f16_f32_f16_f16_128x128x64_1x2x1_0_nnn_align8_stream_k_warpspecialized_cooperative_epi_tma,passed,success,universal,1920,1024,4096,f16:column,f16:column,f16:column,f16:column,1,0,serial,2,1,heuristic,invalid,invalid,false,false,1,tensorop,f32,128,128,64,1,2,1,0,0,0,6,4,2,1,64,128,16,90,90,28049408,16110059520,574,0.0346448,754.025,465007
31,CUTLASS,gemm,cutlass3x_sm90_tensorop_s64x128x16gemm_f16_f16_f32_f16_f16_128x128x64_2x1x1_0_nnn_align8,passed,success,universal,1920,1024,4096,f16:column,f16:column,f16:column,f16:column,1,0,serial,2,1,heuristic,invalid,invalid,false,false,1,tensorop,f32,128,128,64,2,1,1,0,0,0,7,4,2,1,64,128,16,90,90,28049408,16110059520,574,0.0384477,679.444,419013
31,CUTLASS,gemm,cutlass3x_sm90_tensorop_s64x128x16gemm_f16_f16_f32_f16_f16_128x128x64_2x1x1_0_nnn_align8_warpspecialized_epi_nosmem,passed,success,universal,1920,1024,4096,f16:column,f16:column,f16:column,f16:column,1,0,serial,2,1,heuristic,invalid,invalid,false,false,1,tensorop,f32,128,128,64,2,1,1,0,0,0,7,4,1,1,64,128,16,90,90,28049408,16110059520,574,0.0400403,652.419,402346
31,CUTLASS,gemm,cutlass3x_sm90_tensorop_s64x128x16gemm_f16_f16_f32_f16_f16_128x128x64_2x1x1_0_nnn_align8_warpspecialized_pingpong_epi_tma,passed,success,universal,1920,1024,4096,f16:column,f16:column,f16:column,f16:column,1,0,serial,2,1,heuristic,invalid,invalid,false,false,1,tensorop,f32,128,128,64,2,1,1,0,0,0,6,4,1,1,64,128,16,90,90,28049408,16110059520,574,0.0370934,704.25,434310
31,CUTLASS,gemm,cutlass3x_sm90_tensorop_s64x128x16gemm_f16_f16_f32_f16_f16_128x128x64_2x1x1_0_nnn_align8_warpspecialized_pingpong_epi_nosmem,passed,success,universal,1920,1024,4096,f16:column,f16:column,f16:column,f16:column,1,0,serial,2,1,heuristic,invalid,invalid,false,false,1,tensorop,f32,128,128,64,2,1,1,0,0,0,7,4,1,1,64,128,16,90,90,28049408,16110059520,574,0.0386861,675.257,416430
31,CUTLASS,gemm,cutlass3x_sm90_tensorop_s64x128x16gemm_f16_f16_f32_f16_f16_128x128x64_2x1x1_0_nnn_align8_warpspecialized_cooperative_epi_nosmem,passed,success,universal,1920,1024,4096,f16:column,f16:column,f16:column,f16:column,1,0,serial,2,1,heuristic,invalid,invalid,false,false,1,tensorop,f32,128,128,64,2,1,1,0,0,0,7,4,2,1,64,128,16,90,90,28049408,16110059520,574,0.0386157,676.488,417190
31,CUTLASS,gemm,cutlass3x_sm90_tensorop_s64x128x16gemm_f16_f16_f32_f16_f16_128x128x64_2x1x1_0_nnn_align8_warpspecialized_cooperative_epi_tma,passed,success,universal,1920,1024,4096,f16:column,f16:column,f16:column,f16:column,1,0,serial,2,1,heuristic,invalid,invalid,false,false,1,tensorop,f32,128,128,64,2,1,1,0,0,0,6,4,2,1,64,128,16,90,90,28049408,16110059520,574,0.0365859,714.019,440335
31,CUTLASS,gemm,cutlass3x_sm90_tensorop_s64x128x16gemm_f16_f16_f32_f16_f16_128x128x64_2x1x1_0_nnn_align8_stream_k_warpspecialized_cooperative_epi_nosmem,passed,success,universal,1920,1024,4096,f16:column,f16:column,f16:column,f16:column,1,0,serial,2,1,heuristic,invalid,invalid,false,false,1,tensorop,f32,128,128,64,2,1,1,0,0,0,7,4,2,1,64,128,16,90,90,28049408,16110059520,574,0.0419392,622.879,384129
31,CUTLASS,gemm,cutlass3x_sm90_tensorop_s64x128x16gemm_f16_f16_f32_f16_f16_128x128x64_2x1x1_0_nnn_align8_stream_k_warpspecialized_cooperative_epi_tma,passed,success,universal,1920,1024,4096,f16:column,f16:column,f16:column,f16:column,1,0,serial,2,1,heuristic,invalid,invalid,false,false,1,tensorop,f32,128,128,64,2,1,1,0,0,0,6,4,2,1,64,128,16,90,90,28049408,16110059520,574,0.0411206,635.278,391776
32,CUTLASS,gemm,cutlass_tensorop_f16_s1688gemm_f16_256x128_32x2_nn_align8,passed,success,universal,2048,1024,4096,f16:column,f16:column,f16:column,f16:column,1,0,serial,2,1,heuristic,invalid,invalid,false,false,1,tensorop,f32,256,128,32,1,1,1,0,0,0,2,4,2,1,16,8,8,75,1024,29360128,17184063488,585,0.0908307,301.041,189188
32,CUTLASS,gemm,cutlass_tensorop_f16_s16816gemm_f16_256x128_32x3_nn_align8,passed,success,universal,2048,1024,4096,f16:column,f16:column,f16:column,f16:column,1,0,serial,2,1,heuristic,invalid,invalid,false,false,1,tensorop,f32,256,128,32,1,1,1,0,0,0,3,4,2,1,16,8,16,80,1024,29360128,17184063488,585,0.0463741,589.634,370553
32,CUTLASS,gemm,cutlass3x_sm90_tensorop_s64x128x16gemm_f16_f16_f32_f16_f16_128x128x64_1x2x1_0_nnn_align8,passed,success,universal,2048,1024,4096,f16:column,f16:column,f16:column,f16:column,1,0,serial,2,1,heuristic,invalid,invalid,false,false,1,tensorop,f32,128,128,64,1,2,1,0,0,0,7,4,2,1,64,128,16,90,90,29360128,17184063488,585,0.029433,929.018,583837
32,CUTLASS,gemm,cutlass3x_sm90_tensorop_s64x128x16gemm_f16_f16_f32_f16_f16_128x128x64_1x2x1_0_nnn_align8_warpspecialized_epi_nosmem,passed,success,universal,2048,1024,4096,f16:column,f16:column,f16:column,f16:column,1,0,serial,2,1,heuristic,invalid,invalid,false,false,1,tensorop,f32,128,128,64,1,2,1,0,0,0,7,4,1,1,64,128,16,90,90,29360128,17184063488,585,0.030335,901.392,566476
32,CUTLASS,gemm,cutlass3x_sm90_tensorop_s64x128x16gemm_f16_f16_f32_f16_f16_128x128x64_1x2x1_0_nnn_align8_warpspecialized_pingpong_epi_tma,passed,success,universal,2048,1024,4096,f16:column,f16:column,f16:column,f16:column,1,0,serial,2,1,heuristic,invalid,invalid,false,false,1,tensorop,f32,128,128,64,1,2,1,0,0,0,6,4,1,1,64,128,16,90,90,29360128,17184063488,585,0.0293197,932.607,586093
32,CUTLASS,gemm,cutlass3x_sm90_tensorop_s64x128x16gemm_f16_f16_f32_f16_f16_128x128x64_1x2x1_0_nnn_align8_warpspecialized_pingpong_epi_nosmem,passed,success,universal,2048,1024,4096,f16:column,f16:column,f16:column,f16:column,1,0,serial,2,1,heuristic,invalid,invalid,false,false,1,tensorop,f32,128,128,64,1,2,1,0,0,0,7,4,1,1,64,128,16,90,90,29360128,17184063488,585,0.029208,936.173,588334
32,CUTLASS,gemm,cutlass3x_sm90_tensorop_s64x128x16gemm_f16_f16_f32_f16_f16_128x128x64_1x2x1_0_nnn_align8_warpspecialized_cooperative_epi_nosmem,passed,success,universal,2048,1024,4096,f16:column,f16:column,f16:column,f16:column,1,0,serial,2,1,heuristic,invalid,invalid,false,false,1,tensorop,f32,128,128,64,1,2,1,0,0,0,7,4,2,1,64,128,16,90,90,29360128,17184063488,585,0.0295085,926.64,582343
32,CUTLASS,gemm,cutlass3x_sm90_tensorop_s64x128x16gemm_f16_f16_f32_f16_f16_128x128x64_1x2x1_0_nnn_align8_warpspecialized_cooperative_epi_tma,passed,success,universal,2048,1024,4096,f16:column,f16:column,f16:column,f16:column,1,0,serial,2,1,heuristic,invalid,invalid,false,false,1,tensorop,f32,128,128,64,1,2,1,0,0,0,6,4,2,1,64,128,16,90,90,29360128,17184063488,585,0.0280592,974.502,612422
32,CUTLASS,gemm,cutlass3x_sm90_tensorop_s64x128x16gemm_f16_f16_f32_f16_f16_128x128x64_1x2x1_0_nnn_align8_stream_k_warpspecialized_cooperative_epi_nosmem,passed,success,universal,2048,1024,4096,f16:column,f16:column,f16:column,f16:column,1,0,serial,2,1,heuristic,invalid,invalid,false,false,1,tensorop,f32,128,128,64,1,2,1,0,0,0,7,4,2,1,64,128,16,90,90,29360128,17184063488,585,0.0353635,773.219,485926
32,CUTLASS,gemm,cutlass3x_sm90_tensorop_s64x128x16gemm_f16_f16_f32_f16_f16_128x128x64_1x2x1_0_nnn_align8_stream_k_warpspecialized_cooperative_epi_tma,passed,success,universal,2048,1024,4096,f16:column,f16:column,f16:column,f16:column,1,0,serial,2,1,heuristic,invalid,invalid,false,false,1,tensorop,f32,128,128,64,1,2,1,0,0,0,6,4,2,1,64,128,16,90,90,29360128,17184063488,585,0.0349978,781.3,491005
32,CUTLASS,gemm,cutlass3x_sm90_tensorop_s64x128x16gemm_f16_f16_f32_f16_f16_128x128x64_2x1x1_0_nnn_align8,passed,success,universal,2048,1024,4096,f16:column,f16:column,f16:column,f16:column,1,0,serial,2,1,heuristic,invalid,invalid,false,false,1,tensorop,f32,128,128,64,2,1,1,0,0,0,7,4,2,1,64,128,16,90,90,29360128,17184063488,585,0.0334298,817.946,514035
32,CUTLASS,gemm,cutlass3x_sm90_tensorop_s64x128x16gemm_f16_f16_f32_f16_f16_128x128x64_2x1x1_0_nnn_align8_warpspecialized_epi_nosmem,passed,success,universal,2048,1024,4096,f16:column,f16:column,f16:column,f16:column,1,0,serial,2,1,heuristic,invalid,invalid,false,false,1,tensorop,f32,128,128,64,2,1,1,0,0,0,7,4,1,1,64,128,16,90,90,29360128,17184063488,585,0.0300813,908.996,571254
32,CUTLASS,gemm,cutlass3x_sm90_tensorop_s64x128x16gemm_f16_f16_f32_f16_f16_128x128x64_2x1x1_0_nnn_align8_warpspecialized_pingpong_epi_tma,passed,success,universal,2048,1024,4096,f16:column,f16:column,f16:column,f16:column,1,0,serial,2,1,heuristic,invalid,invalid,false,false,1,tensorop,f32,128,128,64,2,1,1,0,0,0,6,4,1,1,64,128,16,90,90,29360128,17184063488,585,0.0329565,829.693,521417
32,CUTLASS,gemm,cutlass3x_sm90_tensorop_s64x128x16gemm_f16_f16_f32_f16_f16_128x128x64_2x1x1_0_nnn_align8_warpspecialized_pingpong_epi_nosmem,passed,success,universal,2048,1024,4096,f16:column,f16:column,f16:column,f16:column,1,0,serial,2,1,heuristic,invalid,invalid,false,false,1,tensorop,f32,128,128,64,2,1,1,0,0,0,7,4,1,1,64,128,16,90,90,29360128,17184063488,585,0.0330381,827.643,520129
32,CUTLASS,gemm,cutlass3x_sm90_tensorop_s64x128x16gemm_f16_f16_f32_f16_f16_128x128x64_2x1x1_0_nnn_align8_warpspecialized_cooperative_epi_nosmem,passed,success,universal,2048,1024,4096,f16:column,f16:column,f16:column,f16:column,1,0,serial,2,1,heuristic,invalid,invalid,false,false,1,tensorop,f32,128,128,64,2,1,1,0,0,0,7,4,2,1,64,128,16,90,90,29360128,17184063488,585,0.0332752,821.746,516423
32,CUTLASS,gemm,cutlass3x_sm90_tensorop_s64x128x16gemm_f16_f16_f32_f16_f16_128x128x64_2x1x1_0_nnn_align8_warpspecialized_cooperative_epi_tma,passed,success,universal,2048,1024,4096,f16:column,f16:column,f16:column,f16:column,1,0,serial,2,1,heuristic,invalid,invalid,false,false,1,tensorop,f32,128,128,64,2,1,1,0,0,0,6,4,2,1,64,128,16,90,90,29360128,17184063488,585,0.0321984,849.227,533693
32,CUTLASS,gemm,cutlass3x_sm90_tensorop_s64x128x16gemm_f16_f16_f32_f16_f16_128x128x64_2x1x1_0_nnn_align8_stream_k_warpspecialized_cooperative_epi_nosmem,passed,success,universal,2048,1024,4096,f16:column,f16:column,f16:column,f16:column,1,0,serial,2,1,heuristic,invalid,invalid,false,false,1,tensorop,f32,128,128,64,2,1,1,0,0,0,7,4,2,1,64,128,16,90,90,29360128,17184063488,585,0.0386256,707.918,444888
32,CUTLASS,gemm,cutlass3x_sm90_tensorop_s64x128x16gemm_f16_f16_f32_f16_f16_128x128x64_2x1x1_0_nnn_align8_stream_k_warpspecialized_cooperative_epi_tma,passed,success,universal,2048,1024,4096,f16:column,f16:column,f16:column,f16:column,1,0,serial,2,1,heuristic,invalid,invalid,false,false,1,tensorop,f32,128,128,64,2,1,1,0,0,0,6,4,2,1,64,128,16,90,90,29360128,17184063488,585,0.0380058,719.463,452144
33,CUTLASS,gemm,cutlass_tensorop_f16_s1688gemm_f16_256x128_32x2_nn_align8,passed,success,universal,128,1024,4096,f16:column,f16:column,f16:column,f16:column,1,0,serial,4,1,heuristic,invalid,invalid,false,false,1,tensorop,f32,256,128,32,1,1,1,0,0,0,2,4,2,1,16,8,8,75,1024,9699328,1074003968,110,0.055839,161.772,19233.9
33,CUTLASS,gemm,cutlass_tensorop_f16_s16816gemm_f16_256x128_32x3_nn_align8,passed,success,universal,128,1024,4096,f16:column,f16:column,f16:column,f16:column,1,0,serial,4,1,heuristic,invalid,invalid,false,false,1,tensorop,f32,256,128,32,1,1,1,0,0,0,3,4,2,1,16,8,16,80,1024,9699328,1074003968,110,0.0341565,264.465,31443.6
33,CUTLASS,gemm,cutlass3x_sm90_tensorop_s64x128x16gemm_f16_f16_f32_f16_f16_128x128x64_1x2x1_0_nnn_align8,passed,success,universal,128,1024,4096,f16:column,f16:column,f16:column,f16:column,1,0,serial,4,1,heuristic,invalid,invalid,false,false,1,tensorop,f32,128,128,64,1,2,1,0,0,0,7,4,2,1,64,128,16,90,90,9699328,1074003968,110,0.0256186,352.604,41922.9
33,CUTLASS,gemm,cutlass3x_sm90_tensorop_s64x128x16gemm_f16_f16_f32_f16_f16_128x128x64_1x2x1_0_nnn_align8_warpspecialized_epi_nosmem,passed,success,universal,128,1024,4096,f16:column,f16:column,f16:column,f16:column,1,0,serial,4,1,heuristic,invalid,invalid,false,false,1,tensorop,f32,128,128,64,1,2,1,0,0,0,7,4,1,1,64,128,16,90,90,9699328,1074003968,110,0.0251405,359.309,42720.1
33,CUTLASS,gemm,cutlass3x_sm90_tensorop_s64x128x16gemm_f16_f16_f32_f16_f16_128x128x64_1x2x1_0_nnn_align8_warpspecialized_pingpong_epi_tma,passed,success,universal,128,1024,4096,f16:column,f16:column,f16:column,f16:column,1,0,serial,4,1,heuristic,invalid,invalid,false,false,1,tensorop,f32,128,128,64,1,2,1,0,0,0,6,4,1,1,64,128,16,90,90,9699328,1074003968,110,0.0254995,354.25,42118.6
33,CUTLASS,gemm,cutlass3x_sm90_tensorop_s64x128x16gemm_f16_f16_f32_f16_f16_128x128x64_1x2x1_0_nnn_align8_warpspecialized_pingpong_epi_nosmem,passed,success,universal,128,1024,4096,f16:column,f16:column,f16:column,f16:column,1,0,serial,4,1,heuristic,invalid,invalid,false,false,1,tensorop,f32,128,128,64,1,2,1,0,0,0,7,4,1,1,64,128,16,90,90,9699328,1074003968,110,0.0253331,356.577,42395.2
33,CUTLASS,gemm,cutlass3x_sm90_tensorop_s64x128x16gemm_f16_f16_f32_f16_f16_128x128x64_1x2x1_0_nnn_align8_warpspecialized_cooperative_epi_nosmem,passed,success,universal,128,1024,4096,f16:column,f16:column,f16:column,f16:column,1,0,serial,4,1,heuristic,invalid,invalid,false,false,1,tensorop,f32,128,128,64,1,2,1,0,0,0,7,4,2,1,64,128,16,90,90,9699328,1074003968,110,0.0255683,353.297,42005.3
33,CUTLASS,gemm,cutlass3x_sm90_tensorop_s64x128x16gemm_f16_f16_f32_f16_f16_128x128x64_1x2x1_0_nnn_align8_warpspecialized_cooperative_epi_tma,passed,success,universal,128,1024,4096,f16:column,f16:column,f16:column,f16:column,1,0,serial,4,1,heuristic,invalid,invalid,false,false,1,tensorop,f32,128,128,64,1,2,1,0,0,0,6,4,2,1,64,128,16,90,90,9699328,1074003968,110,0.0249248,362.418,43089.8
33,CUTLASS,gemm,cutlass3x_sm90_tensorop_s64x128x16gemm_f16_f16_f32_f16_f16_128x128x64_1x2x1_0_nnn_align8_stream_k_warpspecialized_cooperative_epi_nosmem,passed,success,universal,128,1024,4096,f16:column,f16:column,f16:column,f16:column,1,0,serial,4,1,heuristic,invalid,invalid,false,false,1,tensorop,f32,128,128,64,1,2,1,0,0,0,7,4,2,1,64,128,16,90,90,9699328,1074003968,110,0.0208371,433.515,51542.8
33,CUTLASS,gemm,cutlass3x_sm90_tensorop_s64x128x16gemm_f16_f16_f32_f16_f16_128x128x64_1x2x1_0_nnn_align8_stream_k_warpspecialized_cooperative_epi_tma,passed,success,universal,128,1024,4096,f16:column,f16:column,f16:column,f16:column,1,0,serial,4,1,heuristic,invalid,invalid,false,false,1,tensorop,f32,128,128,64,1,2,1,0,0,0,6,4,2,1,64,128,16,90,90,9699328,1074003968,110,0.0206826,436.755,51928
33,CUTLASS,gemm,cutlass3x_sm90_tensorop_s64x128x16gemm_f16_f16_f32_f16_f16_128x128x64_2x1x1_0_nnn_align8,passed,success,universal,128,1024,4096,f16:column,f16:column,f16:column,f16:column,1,0,serial,4,1,heuristic,invalid,invalid,false,false,1,tensorop,f32,128,128,64,2,1,1,0,0,0,7,4,2,1,64,128,16,90,90,9699328,1074003968,110,0.0256941,351.567,41799.7
33,CUTLASS,gemm,cutlass3x_sm90_tensorop_s64x128x16gemm_f16_f16_f32_f16_f16_128x128x64_2x1x1_0_nnn_align8_warpspecialized_epi_nosmem,passed,success,universal,128,1024,4096,f16:column,f16:column,f16:column,f16:column,1,0,serial,4,1,heuristic,invalid,invalid,false,false,1,tensorop,f32,128,128,64,2,1,1,0,0,0,7,4,1,1,64,128,16,90,90,9699328,1074003968,110,0.0252525,357.715,42530.6
33,CUTLASS,gemm,cutlass3x_sm90_tensorop_s64x128x16gemm_f16_f16_f32_f16_f16_128x128x64_2x1x1_0_nnn_align8_warpspecialized_pingpong_epi_tma,passed,success,universal,128,1024,4096,f16:column,f16:column,f16:column,f16:column,1,0,serial,4,1,heuristic,invalid,invalid,false,false,1,tensorop,f32,128,128,64,2,1,1,0,0,0,6,4,1,1,64,128,16,90,90,9699328,1074003968,110,0.0256368,352.353,41893.1
33,CUTLASS,gemm,cutlass3x_sm90_tensorop_s64x128x16gemm_f16_f16_f32_f16_f16_128x128x64_2x1x1_0_nnn_align8_warpspecialized_pingpong_epi_nosmem,passed,success,universal,128,1024,4096,f16:column,f16:column,f16:column,f16:column,1,0,serial,4,1,heuristic,invalid,invalid,false,false,1,tensorop,f32,128,128,64,2,1,1,0,0,0,7,4,1,1,64,128,16,90,90,9699328,1074003968,110,0.0254285,355.24,42236.3
33,CUTLASS,gemm,cutlass3x_sm90_tensorop_s64x128x16gemm_f16_f16_f32_f16_f16_128x128x64_2x1x1_0_nnn_align8_warpspecialized_cooperative_epi_nosmem,passed,success,universal,128,1024,4096,f16:column,f16:column,f16:column,f16:column,1,0,serial,4,1,heuristic,invalid,invalid,false,false,1,tensorop,f32,128,128,64,2,1,1,0,0,0,7,4,2,1,64,128,16,90,90,9699328,1074003968,110,0.025712,351.322,41770.5
33,CUTLASS,gemm,cutlass3x_sm90_tensorop_s64x128x16gemm_f16_f16_f32_f16_f16_128x128x64_2x1x1_0_nnn_align8_warpspecialized_cooperative_epi_tma,passed,success,universal,128,1024,4096,f16:column,f16:column,f16:column,f16:column,1,0,serial,4,1,heuristic,invalid,invalid,false,false,1,tensorop,f32,128,128,64,2,1,1,0,0,0,6,4,2,1,64,128,16,90,90,9699328,1074003968,110,0.0249405,362.19,43062.7
33,CUTLASS,gemm,cutlass3x_sm90_tensorop_s64x128x16gemm_f16_f16_f32_f16_f16_128x128x64_2x1x1_0_nnn_align8_stream_k_warpspecialized_cooperative_epi_nosmem,passed,success,universal,128,1024,4096,f16:column,f16:column,f16:column,f16:column,1,0,serial,4,1,heuristic,invalid,invalid,false,false,1,tensorop,f32,128,128,64,2,1,1,0,0,0,7,4,2,1,64,128,16,90,90,9699328,1074003968,110,0.0212202,425.69,50612.4
33,CUTLASS,gemm,cutlass3x_sm90_tensorop_s64x128x16gemm_f16_f16_f32_f16_f16_128x128x64_2x1x1_0_nnn_align8_stream_k_warpspecialized_cooperative_epi_tma,passed,success,universal,128,1024,4096,f16:column,f16:column,f16:column,f16:column,1,0,serial,4,1,heuristic,invalid,invalid,false,false,1,tensorop,f32,128,128,64,2,1,1,0,0,0,6,4,2,1,64,128,16,90,90,9699328,1074003968,110,0.0210464,429.204,51030.3
34,CUTLASS,gemm,cutlass_tensorop_f16_s1688gemm_f16_256x128_32x2_nn_align8,passed,success,universal,256,1024,4096,f16:column,f16:column,f16:column,f16:column,1,0,serial,4,1,heuristic,invalid,invalid,false,false,1,tensorop,f32,256,128,32,1,1,1,0,0,0,2,4,2,1,16,8,8,75,1024,11010048,2148007936,195,0.0561107,182.744,38281.6
34,CUTLASS,gemm,cutlass_tensorop_f16_s16816gemm_f16_256x128_32x3_nn_align8,passed,success,universal,256,1024,4096,f16:column,f16:column,f16:column,f16:column,1,0,serial,4,1,heuristic,invalid,invalid,false,false,1,tensorop,f32,256,128,32,1,1,1,0,0,0,3,4,2,1,16,8,16,80,1024,11010048,2148007936,195,0.034608,296.287,62066.8
34,CUTLASS,gemm,cutlass3x_sm90_tensorop_s64x128x16gemm_f16_f16_f32_f16_f16_128x128x64_1x2x1_0_nnn_align8,passed,success,universal,256,1024,4096,f16:column,f16:column,f16:column,f16:column,1,0,serial,4,1,heuristic,invalid,invalid,false,false,1,tensorop,f32,128,128,64,1,2,1,0,0,0,7,4,2,1,64,128,16,90,90,11010048,2148007936,195,0.025639,399.933,83778.8
34,CUTLASS,gemm,cutlass3x_sm90_tensorop_s64x128x16gemm_f16_f16_f32_f16_f16_128x128x64_1x2x1_0_nnn_align8_warpspecialized_epi_nosmem,passed,success,universal,256,1024,4096,f16:column,f16:column,f16:column,f16:column,1,0,serial,4,1,heuristic,invalid,invalid,false,false,1,tensorop,f32,128,128,64,1,2,1,0,0,0,7,4,1,1,64,128,16,90,90,11010048,2148007936,195,0.0252179,406.612,85177.8
34,CUTLASS,gemm,cutlass3x_sm90_tensorop_s64x128x16gemm_f16_f16_f32_f16_f16_128x128x64_1x2x1_0_nnn_align8_warpspecialized_pingpong_epi_tma,passed,success,universal,256,1024,4096,f16:column,f16:column,f16:column,f16:column,1,0,serial,4,1,heuristic,invalid,invalid,false,false,1,tensorop,f32,128,128,64,1,2,1,0,0,0,6,4,1,1,64,128,16,90,90,11010048,2148007936,195,0.0257808,397.734,83318.1
34,CUTLASS,gemm,cutlass3x_sm90_tensorop_s64x128x16gemm_f16_f16_f32_f16_f16_128x128x64_1x2x1_0_nnn_align8_warpspecialized_pingpong_epi_nosmem,passed,success,universal,256,1024,4096,f16:column,f16:column,f16:column,f16:column,1,0,serial,4,1,heuristic,invalid,invalid,false,false,1,tensorop,f32,128,128,64,1,2,1,0,0,0,7,4,1,1,64,128,16,90,90,11010048,2148007936,195,0.0253891,403.87,84603.5
34,CUTLASS,gemm,cutlass3x_sm90_tensorop_s64x128x16gemm_f16_f16_f32_f16_f16_128x128x64_1x2x1_0_nnn_align8_warpspecialized_cooperative_epi_nosmem,passed,success,universal,256,1024,4096,f16:column,f16:column,f16:column,f16:column,1,0,serial,4,1,heuristic,invalid,invalid,false,false,1,tensorop,f32,128,128,64,1,2,1,0,0,0,7,4,2,1,64,128,16,90,90,11010048,2148007936,195,0.0256576,399.644,83718.2
34,CUTLASS,gemm,cutlass3x_sm90_tensorop_s64x128x16gemm_f16_f16_f32_f16_f16_128x128x64_1x2x1_0_nnn_align8_warpspecialized_cooperative_epi_tma,passed,success,universal,256,1024,4096,f16:column,f16:column,f16:column,f16:column,1,0,serial,4,1,heuristic,invalid,invalid,false,false,1,tensorop,f32,128,128,64,1,2,1,0,0,0,6,4,2,1,64,128,16,90,90,11010048,2148007936,195,0.0248566,412.522,86415.9
34,CUTLASS,gemm,cutlass3x_sm90_tensorop_s64x128x16gemm_f16_f16_f32_f16_f16_128x128x64_1x2x1_0_nnn_align8_stream_k_warpspecialized_cooperative_epi_nosmem,passed,success,universal,256,1024,4096,f16:column,f16:column,f16:column,f16:column,1,0,serial,4,1,heuristic,invalid,invalid,false,false,1,tensorop,f32,128,128,64,1,2,1,0,0,0,7,4,2,1,64,128,16,90,90,11010048,2148007936,195,0.0212285,483.026,101185
34,CUTLASS,gemm,cutlass3x_sm90_tensorop_s64x128x16gemm_f16_f16_f32_f16_f16_128x128x64_1x2x1_0_nnn_align8_stream_k_warpspecialized_cooperative_epi_tma,passed,success,universal,256,1024,4096,f16:column,f16:column,f16:column,f16:column,1,0,serial,4,1,heuristic,invalid,invalid,false,false,1,tensorop,f32,128,128,64,1,2,1,0,0,0,6,4,2,1,64,128,16,90,90,11010048,2148007936,195,0.0210787,486.458,101904
34,CUTLASS,gemm,cutlass3x_sm90_tensorop_s64x128x16gemm_f16_f16_f32_f16_f16_128x128x64_2x1x1_0_nnn_align8,passed,success,universal,256,1024,4096,f16:column,f16:column,f16:column,f16:column,1,0,serial,4,1,heuristic,invalid,invalid,false,false,1,tensorop,f32,128,128,64,2,1,1,0,0,0,7,4,2,1,64,128,16,90,90,11010048,2148007936,195,0.0256685,399.475,83682.7
34,CUTLASS,gemm,cutlass3x_sm90_tensorop_s64x128x16gemm_f16_f16_f32_f16_f16_128x128x64_2x1x1_0_nnn_align8_warpspecialized_epi_nosmem,passed,success,universal,256,1024,4096,f16:column,f16:column,f16:column,f16:column,1,0,serial,4,1,heuristic,invalid,invalid,false,false,1,tensorop,f32,128,128,64,2,1,1,0,0,0,7,4,1,1,64,128,16,90,90,11010048,2148007936,195,0.0250666,409.067,85692.2
34,CUTLASS,gemm,cutlass3x_sm90_tensorop_s64x128x16gemm_f16_f16_f32_f16_f16_128x128x64_2x1x1_0_nnn_align8_warpspecialized_pingpong_epi_tma,passed,success,universal,256,1024,4096,f16:column,f16:column,f16:column,f16:column,1,0,serial,4,1,heuristic,invalid,invalid,false,false,1,tensorop,f32,128,128,64,2,1,1,0,0,0,6,4,1,1,64,128,16,90,90,11010048,2148007936,195,0.025615,400.308,83857.3
34,CUTLASS,gemm,cutlass3x_sm90_tensorop_s64x128x16gemm_f16_f16_f32_f16_f16_128x128x64_2x1x1_0_nnn_align8_warpspecialized_pingpong_epi_nosmem,passed,success,universal,256,1024,4096,f16:column,f16:column,f16:column,f16:column,1,0,serial,4,1,heuristic,invalid,invalid,false,false,1,tensorop,f32,128,128,64,2,1,1,0,0,0,7,4,1,1,64,128,16,90,90,11010048,2148007936,195,0.0254448,402.986,84418.3
34,CUTLASS,gemm,cutlass3x_sm90_tensorop_s64x128x16gemm_f16_f16_f32_f16_f16_128x128x64_2x1x1_0_nnn_align8_warpspecialized_cooperative_epi_nosmem,passed,success,universal,256,1024,4096,f16:column,f16:column,f16:column,f16:column,1,0,serial,4,1,heuristic,invalid,invalid,false,false,1,tensorop,f32,128,128,64,2,1,1,0,0,0,7,4,2,1,64,128,16,90,90,11010048,2148007936,195,0.0256032,400.493,83896.1
34,CUTLASS,gemm,cutlass3x_sm90_tensorop_s64x128x16gemm_f16_f16_f32_f16_f16_128x128x64_2x1x1_0_nnn_align8_warpspecialized_cooperative_epi_tma,passed,success,universal,256,1024,4096,f16:column,f16:column,f16:column,f16:column,1,0,serial,4,1,heuristic,invalid,invalid,false,false,1,tensorop,f32,128,128,64,2,1,1,0,0,0,6,4,2,1,64,128,16,90,90,11010048,2148007936,195,0.0246806,415.464,87032.1
34,CUTLASS,gemm,cutlass3x_sm90_tensorop_s64x128x16gemm_f16_f16_f32_f16_f16_128x128x64_2x1x1_0_nnn_align8_stream_k_warpspecialized_cooperative_epi_nosmem,passed,success,universal,256,1024,4096,f16:column,f16:column,f16:column,f16:column,1,0,serial,4,1,heuristic,invalid,invalid,false,false,1,tensorop,f32,128,128,64,2,1,1,0,0,0,7,4,2,1,64,128,16,90,90,11010048,2148007936,195,0.0209734,488.9,102416
34,CUTLASS,gemm,cutlass3x_sm90_tensorop_s64x128x16gemm_f16_f16_f32_f16_f16_128x128x64_2x1x1_0_nnn_align8_stream_k_warpspecialized_cooperative_epi_tma,passed,success,universal,256,1024,4096,f16:column,f16:column,f16:column,f16:column,1,0,serial,4,1,heuristic,invalid,invalid,false,false,1,tensorop,f32,128,128,64,2,1,1,0,0,0,6,4,2,1,64,128,16,90,90,11010048,2148007936,195,0.0210371,487.42,102106
35,CUTLASS,gemm,cutlass_tensorop_f16_s1688gemm_f16_256x128_32x2_nn_align8,passed,success,universal,384,1024,4096,f16:column,f16:column,f16:column,f16:column,1,0,serial,4,1,heuristic,invalid,invalid,false,false,1,tensorop,f32,256,128,32,1,1,1,0,0,0,2,4,2,1,16,8,8,75,1024,12320768,3222011904,261,0.0568054,201.998,56720.1
35,CUTLASS,gemm,cutlass_tensorop_f16_s16816gemm_f16_256x128_32x3_nn_align8,passed,success,universal,384,1024,4096,f16:column,f16:column,f16:column,f16:column,1,0,serial,4,1,heuristic,invalid,invalid,false,false,1,tensorop,f32,256,128,32,1,1,1,0,0,0,3,4,2,1,16,8,16,80,1024,12320768,3222011904,261,0.0348496,329.261,92454.8
35,CUTLASS,gemm,cutlass3x_sm90_tensorop_s64x128x16gemm_f16_f16_f32_f16_f16_128x128x64_1x2x1_0_nnn_align8,passed,success,universal,384,1024,4096,f16:column,f16:column,f16:column,f16:column,1,0,serial,4,1,heuristic,invalid,invalid,false,false,1,tensorop,f32,128,128,64,1,2,1,0,0,0,7,4,2,1,64,128,16,90,90,12320768,3222011904,261,0.0260272,440.87,123794
35,CUTLASS,gemm,cutlass3x_sm90_tensorop_s64x128x16gemm_f16_f16_f32_f16_f16_128x128x64_1x2x1_0_nnn_align8_warpspecialized_epi_nosmem,passed,success,universal,384,1024,4096,f16:column,f16:column,f16:column,f16:column,1,0,serial,4,1,heuristic,invalid,invalid,false,false,1,tensorop,f32,128,128,64,1,2,1,0,0,0,7,4,1,1,64,128,16,90,90,12320768,3222011904,261,0.025537,449.333,126171
35,CUTLASS,gemm,cutlass3x_sm90_tensorop_s64x128x16gemm_f16_f16_f32_f16_f16_128x128x64_1x2x1_0_nnn_align8_warpspecialized_pingpong_epi_tma,passed,success,universal,384,1024,4096,f16:column,f16:column,f16:column,f16:column,1,0,serial,4,1,heuristic,invalid,invalid,false,false,1,tensorop,f32,128,128,64,1,2,1,0,0,0,6,4,1,1,64,128,16,90,90,12320768,3222011904,261,0.0255488,449.125,126112
35,CUTLASS,gemm,cutlass3x_sm90_tensorop_s64x128x16gemm_f16_f16_f32_f16_f16_128x128x64_1x2x1_0_nnn_align8_warpspecialized_pingpong_epi_nosmem,passed,success,universal,384,1024,4096,f16:column,f16:column,f16:column,f16:column,1,0,serial,4,1,heuristic,invalid,invalid,false,false,1,tensorop,f32,128,128,64,1,2,1,0,0,0,7,4,1,1,64,128,16,90,90,12320768,3222011904,261,0.0261075,439.514,123413
35,CUTLASS,gemm,cutlass3x_sm90_tensorop_s64x128x16gemm_f16_f16_f32_f16_f16_128x128x64_1x2x1_0_nnn_align8_warpspecialized_cooperative_epi_nosmem,passed,success,universal,384,1024,4096,f16:column,f16:column,f16:column,f16:column,1,0,serial,4,1,heuristic,invalid,invalid,false,false,1,tensorop,f32,128,128,64,1,2,1,0,0,0,7,4,2,1,64,128,16,90,90,12320768,3222011904,261,0.026081,439.961,123539
35,CUTLASS,gemm,cutlass3x_sm90_tensorop_s64x128x16gemm_f16_f16_f32_f16_f16_128x128x64_1x2x1_0_nnn_align8_warpspecialized_cooperative_epi_tma,passed,success,universal,384,1024,4096,f16:column,f16:column,f16:column,f16:column,1,0,serial,4,1,heuristic,invalid,invalid,false,false,1,tensorop,f32,128,128,64,1,2,1,0,0,0,6,4,2,1,64,128,16,90,90,12320768,3222011904,261,0.0249136,460.576,129327
35,CUTLASS,gemm,cutlass3x_sm90_tensorop_s64x128x16gemm_f16_f16_f32_f16_f16_128x128x64_1x2x1_0_nnn_align8_stream_k_warpspecialized_cooperative_epi_nosmem,passed,success,universal,384,1024,4096,f16:column,f16:column,f16:column,f16:column,1,0,serial,4,1,heuristic,invalid,invalid,false,false,1,tensorop,f32,128,128,64,1,2,1,0,0,0,7,4,2,1,64,128,16,90,90,12320768,3222011904,261,0.0225248,509.421,143043
35,CUTLASS,gemm,cutlass3x_sm90_tensorop_s64x128x16gemm_f16_f16_f32_f16_f16_128x128x64_1x2x1_0_nnn_align8_stream_k_warpspecialized_cooperative_epi_tma,passed,success,universal,384,1024,4096,f16:column,f16:column,f16:column,f16:column,1,0,serial,4,1,heuristic,invalid,invalid,false,false,1,tensorop,f32,128,128,64,1,2,1,0,0,0,6,4,2,1,64,128,16,90,90,12320768,3222011904,261,0.0210704,544.584,152917
35,CUTLASS,gemm,cutlass3x_sm90_tensorop_s64x128x16gemm_f16_f16_f32_f16_f16_128x128x64_2x1x1_0_nnn_align8,passed,success,universal,384,1024,4096,f16:column,f16:column,f16:column,f16:column,1,0,serial,4,1,heuristic,invalid,invalid,false,false,1,tensorop,f32,128,128,64,2,1,1,0,0,0,7,4,2,1,64,128,16,90,90,12320768,3222011904,261,0.0261462,438.863,123230
35,CUTLASS,gemm,cutlass3x_sm90_tensorop_s64x128x16gemm_f16_f16_f32_f16_f16_128x128x64_2x1x1_0_nnn_align8_warpspecialized_epi_nosmem,passed,success,universal,384,1024,4096,f16:column,f16:column,f16:column,f16:column,1,0,serial,4,1,heuristic,invalid,invalid,false,false,1,tensorop,f32,128,128,64,2,1,1,0,0,0,7,4,1,1,64,128,16,90,90,12320768,3222011904,261,0.0257136,446.247,125304
35,CUTLASS,gemm,cutlass3x_sm90_tensorop_s64x128x16gemm_f16_f16_f32_f16_f16_128x128x64_2x1x1_0_nnn_align8_warpspecialized_pingpong_epi_tma,passed,success,universal,384,1024,4096,f16:column,f16:column,f16:column,f16:column,1,0,serial,4,1,heuristic,invalid,invalid,false,false,1,tensorop,f32,128,128,64,2,1,1,0,0,0,6,4,1,1,64,128,16,90,90,12320768,3222011904,261,0.0256432,447.472,125648
35,CUTLASS,gemm,cutlass3x_sm90_tensorop_s64x128x16gemm_f16_f16_f32_f16_f16_128x128x64_2x1x1_0_nnn_align8_warpspecialized_pingpong_epi_nosmem,passed,success,universal,384,1024,4096,f16:column,f16:column,f16:column,f16:column,1,0,serial,4,1,heuristic,invalid,invalid,false,false,1,tensorop,f32,128,128,64,2,1,1,0,0,0,7,4,1,1,64,128,16,90,90,12320768,3222011904,261,0.026417,434.365,121968
35,CUTLASS,gemm,cutlass3x_sm90_tensorop_s64x128x16gemm_f16_f16_f32_f16_f16_128x128x64_2x1x1_0_nnn_align8_warpspecialized_cooperative_epi_nosmem,passed,success,universal,384,1024,4096,f16:column,f16:column,f16:column,f16:column,1,0,serial,4,1,heuristic,invalid,invalid,false,false,1,tensorop,f32,128,128,64,2,1,1,0,0,0,7,4,2,1,64,128,16,90,90,12320768,3222011904,261,0.0261149,439.39,123378
35,CUTLASS,gemm,cutlass3x_sm90_tensorop_s64x128x16gemm_f16_f16_f32_f16_f16_128x128x64_2x1x1_0_nnn_align8_warpspecialized_cooperative_epi_tma,passed,success,universal,384,1024,4096,f16:column,f16:column,f16:column,f16:column,1,0,serial,4,1,heuristic,invalid,invalid,false,false,1,tensorop,f32,128,128,64,2,1,1,0,0,0,6,4,2,1,64,128,16,90,90,12320768,3222011904,261,0.024921,460.44,129289
35,CUTLASS,gemm,cutlass3x_sm90_tensorop_s64x128x16gemm_f16_f16_f32_f16_f16_128x128x64_2x1x1_0_nnn_align8_stream_k_warpspecialized_cooperative_epi_nosmem,passed,success,universal,384,1024,4096,f16:column,f16:column,f16:column,f16:column,1,0,serial,4,1,heuristic,invalid,invalid,false,false,1,tensorop,f32,128,128,64,2,1,1,0,0,0,7,4,2,1,64,128,16,90,90,12320768,3222011904,261,0.023321,492.03,138159
35,CUTLASS,gemm,cutlass3x_sm90_tensorop_s64x128x16gemm_f16_f16_f32_f16_f16_128x128x64_2x1x1_0_nnn_align8_stream_k_warpspecialized_cooperative_epi_tma,passed,success,universal,384,1024,4096,f16:column,f16:column,f16:column,f16:column,1,0,serial,4,1,heuristic,invalid,invalid,false,false,1,tensorop,f32,128,128,64,2,1,1,0,0,0,6,4,2,1,64,128,16,90,90,12320768,3222011904,261,0.0232464,493.608,138603
36,CUTLASS,gemm,cutlass_tensorop_f16_s1688gemm_f16_256x128_32x2_nn_align8,passed,success,universal,512,1024,4096,f16:column,f16:column,f16:column,f16:column,1,0,serial,4,1,heuristic,invalid,invalid,false,false,1,tensorop,f32,256,128,32,1,1,1,0,0,0,2,4,2,1,16,8,8,75,1024,13631488,4296015872,315,0.0568733,223.221,75536.6
36,CUTLASS,gemm,cutlass_tensorop_f16_s16816gemm_f16_256x128_32x3_nn_align8,passed,success,universal,512,1024,4096,f16:column,f16:column,f16:column,f16:column,1,0,serial,4,1,heuristic,invalid,invalid,false,false,1,tensorop,f32,256,128,32,1,1,1,0,0,0,3,4,2,1,16,8,16,80,1024,13631488,4296015872,315,0.0349779,362.952,122821
36,CUTLASS,gemm,cutlass3x_sm90_tensorop_s64x128x16gemm_f16_f16_f32_f16_f16_128x128x64_1x2x1_0_nnn_align8,passed,success,universal,512,1024,4096,f16:column,f16:column,f16:column,f16:column,1,0,serial,4,1,heuristic,invalid,invalid,false,false,1,tensorop,f32,128,128,64,1,2,1,0,0,0,7,4,2,1,64,128,16,90,90,13631488,4296015872,315,0.0257882,492.292,166589
36,CUTLASS,gemm,cutlass3x_sm90_tensorop_s64x128x16gemm_f16_f16_f32_f16_f16_128x128x64_1x2x1_0_nnn_align8_warpspecialized_epi_nosmem,passed,success,universal,512,1024,4096,f16:column,f16:column,f16:column,f16:column,1,0,serial,4,1,heuristic,invalid,invalid,false,false,1,tensorop,f32,128,128,64,1,2,1,0,0,0,7,4,1,1,64,128,16,90,90,13631488,4296015872,315,0.0252992,501.807,169808
36,CUTLASS,gemm,cutlass3x_sm90_tensorop_s64x128x16gemm_f16_f16_f32_f16_f16_128x128x64_1x2x1_0_nnn_align8_warpspecialized_pingpong_epi_tma,passed,success,universal,512,1024,4096,f16:column,f16:column,f16:column,f16:column,1,0,serial,4,1,heuristic,invalid,invalid,false,false,1,tensorop,f32,128,128,64,1,2,1,0,0,0,6,4,1,1,64,128,16,90,90,13631488,4296015872,315,0.0256368,495.199,167572
36,CUTLASS,gemm,cutlass3x_sm90_tensorop_s64x128x16gemm_f16_f16_f32_f16_f16_128x128x64_1x2x1_0_nnn_align8_warpspecialized_pingpong_epi_nosmem,passed,success,universal,512,1024,4096,f16:column,f16:column,f16:column,f16:column,1,0,serial,4,1,heuristic,invalid,invalid,false,false,1,tensorop,f32,128,128,64,1,2,1,0,0,0,7,4,1,1,64,128,16,90,90,13631488,4296015872,315,0.0253616,500.572,169391
36,CUTLASS,gemm,cutlass3x_sm90_tensorop_s64x128x16gemm_f16_f16_f32_f16_f16_128x128x64_1x2x1_0_nnn_align8_warpspecialized_cooperative_epi_nosmem,passed,success,universal,512,1024,4096,f16:column,f16:column,f16:column,f16:column,1,0,serial,4,1,heuristic,invalid,invalid,false,false,1,tensorop,f32,128,128,64,1,2,1,0,0,0,7,4,2,1,64,128,16,90,90,13631488,4296015872,315,0.0258253,491.585,166349
36,CUTLASS,gemm,cutlass3x_sm90_tensorop_s64x128x16gemm_f16_f16_f32_f16_f16_128x128x64_1x2x1_0_nnn_align8_warpspecialized_cooperative_epi_tma,passed,success,universal,512,1024,4096,f16:column,f16:column,f16:column,f16:column,1,0,serial,4,1,heuristic,invalid,invalid,false,false,1,tensorop,f32,128,128,64,1,2,1,0,0,0,6,4,2,1,64,128,16,90,90,13631488,4296015872,315,0.0249904,508.008,171907
36,CUTLASS,gemm,cutlass3x_sm90_tensorop_s64x128x16gemm_f16_f16_f32_f16_f16_128x128x64_1x2x1_0_nnn_align8_stream_k_warpspecialized_cooperative_epi_nosmem,passed,success,universal,512,1024,4096,f16:column,f16:column,f16:column,f16:column,1,0,serial,4,1,heuristic,invalid,invalid,false,false,1,tensorop,f32,128,128,64,1,2,1,0,0,0,7,4,2,1,64,128,16,90,90,13631488,4296015872,315,0.022728,558.576,189019
36,CUTLASS,gemm,cutlass3x_sm90_tensorop_s64x128x16gemm_f16_f16_f32_f16_f16_128x128x64_1x2x1_0_nnn_align8_stream_k_warpspecialized_cooperative_epi_tma,passed,success,universal,512,1024,4096,f16:column,f16:column,f16:column,f16:column,1,0,serial,4,1,heuristic,invalid,invalid,false,false,1,tensorop,f32,128,128,64,1,2,1,0,0,0,6,4,2,1,64,128,16,90,90,13631488,4296015872,315,0.0221046,574.328,194349
36,CUTLASS,gemm,cutlass3x_sm90_tensorop_s64x128x16gemm_f16_f16_f32_f16_f16_128x128x64_2x1x1_0_nnn_align8,passed,success,universal,512,1024,4096,f16:column,f16:column,f16:column,f16:column,1,0,serial,4,1,heuristic,invalid,invalid,false,false,1,tensorop,f32,128,128,64,2,1,1,0,0,0,7,4,2,1,64,128,16,90,90,13631488,4296015872,315,0.0260458,487.423,164941
36,CUTLASS,gemm,cutlass3x_sm90_tensorop_s64x128x16gemm_f16_f16_f32_f16_f16_128x128x64_2x1x1_0_nnn_align8_warpspecialized_epi_nosmem,passed,success,universal,512,1024,4096,f16:column,f16:column,f16:column,f16:column,1,0,serial,4,1,heuristic,invalid,invalid,false,false,1,tensorop,f32,128,128,64,2,1,1,0,0,0,7,4,1,1,64,128,16,90,90,13631488,4296015872,315,0.0253472,500.857,169487
36,CUTLASS,gemm,cutlass3x_sm90_tensorop_s64x128x16gemm_f16_f16_f32_f16_f16_128x128x64_2x1x1_0_nnn_align8_warpspecialized_pingpong_epi_tma,passed,success,universal,512,1024,4096,f16:column,f16:column,f16:column,f16:column,1,0,serial,4,1,heuristic,invalid,invalid,false,false,1,tensorop,f32,128,128,64,2,1,1,0,0,0,6,4,1,1,64,128,16,90,90,13631488,4296015872,315,0.0257357,493.296,166928
36,CUTLASS,gemm,cutlass3x_sm90_tensorop_s64x128x16gemm_f16_f16_f32_f16_f16_128x128x64_2x1x1_0_nnn_align8_warpspecialized_pingpong_epi_nosmem,passed,success,universal,512,1024,4096,f16:column,f16:column,f16:column,f16:column,1,0,serial,4,1,heuristic,invalid,invalid,false,false,1,tensorop,f32,128,128,64,2,1,1,0,0,0,7,4,1,1,64,128,16,90,90,13631488,4296015872,315,0.025544,496.998,168181
36,CUTLASS,gemm,cutlass3x_sm90_tensorop_s64x128x16gemm_f16_f16_f32_f16_f16_128x128x64_2x1x1_0_nnn_align8_warpspecialized_cooperative_epi_nosmem,passed,success,universal,512,1024,4096,f16:column,f16:column,f16:column,f16:column,1,0,serial,4,1,heuristic,invalid,invalid,false,false,1,tensorop,f32,128,128,64,2,1,1,0,0,0,7,4,2,1,64,128,16,90,90,13631488,4296015872,315,0.026055,487.25,164882
36,CUTLASS,gemm,cutlass3x_sm90_tensorop_s64x128x16gemm_f16_f16_f32_f16_f16_128x128x64_2x1x1_0_nnn_align8_warpspecialized_cooperative_epi_tma,passed,success,universal,512,1024,4096,f16:column,f16:column,f16:column,f16:column,1,0,serial,4,1,heuristic,invalid,invalid,false,false,1,tensorop,f32,128,128,64,2,1,1,0,0,0,6,4,2,1,64,128,16,90,90,13631488,4296015872,315,0.0250669,506.458,171382
36,CUTLASS,gemm,cutlass3x_sm90_tensorop_s64x128x16gemm_f16_f16_f32_f16_f16_128x128x64_2x1x1_0_nnn_align8_stream_k_warpspecialized_cooperative_epi_nosmem,passed,success,universal,512,1024,4096,f16:column,f16:column,f16:column,f16:column,1,0,serial,4,1,heuristic,invalid,invalid,false,false,1,tensorop,f32,128,128,64,2,1,1,0,0,0,7,4,2,1,64,128,16,90,90,13631488,4296015872,315,0.0221514,573.117,193939
36,CUTLASS,gemm,cutlass3x_sm90_tensorop_s64x128x16gemm_f16_f16_f32_f16_f16_128x128x64_2x1x1_0_nnn_align8_stream_k_warpspecialized_cooperative_epi_tma,passed,success,universal,512,1024,4096,f16:column,f16:column,f16:column,f16:column,1,0,serial,4,1,heuristic,invalid,invalid,false,false,1,tensorop,f32,128,128,64,2,1,1,0,0,0,6,4,2,1,64,128,16,90,90,13631488,4296015872,315,0.0217248,584.37,197747
37,CUTLASS,gemm,cutlass_tensorop_f16_s1688gemm_f16_256x128_32x2_nn_align8,passed,success,universal,640,1024,4096,f16:column,f16:column,f16:column,f16:column,1,0,serial,4,1,heuristic,invalid,invalid,false,false,1,tensorop,f32,256,128,32,1,1,1,0,0,0,2,4,2,1,16,8,8,75,1024,14942208,5370019840,359,0.0578038,240.746,92900.7
37,CUTLASS,gemm,cutlass_tensorop_f16_s16816gemm_f16_256x128_32x3_nn_align8,passed,success,universal,640,1024,4096,f16:column,f16:column,f16:column,f16:column,1,0,serial,4,1,heuristic,invalid,invalid,false,false,1,tensorop,f32,256,128,32,1,1,1,0,0,0,3,4,2,1,16,8,16,80,1024,14942208,5370019840,359,0.0354938,392.069,151295
37,CUTLASS,gemm,cutlass3x_sm90_tensorop_s64x128x16gemm_f16_f16_f32_f16_f16_128x128x64_1x2x1_0_nnn_align8,passed,success,universal,640,1024,4096,f16:column,f16:column,f16:column,f16:column,1,0,serial,4,1,heuristic,invalid,invalid,false,false,1,tensorop,f32,128,128,64,1,2,1,0,0,0,7,4,2,1,64,128,16,90,90,14942208,5370019840,359,0.0262794,529.542,204344
37,CUTLASS,gemm,cutlass3x_sm90_tensorop_s64x128x16gemm_f16_f16_f32_f16_f16_128x128x64_1x2x1_0_nnn_align8_warpspecialized_epi_nosmem,passed,success,universal,640,1024,4096,f16:column,f16:column,f16:column,f16:column,1,0,serial,4,1,heuristic,invalid,invalid,false,false,1,tensorop,f32,128,128,64,1,2,1,0,0,0,7,4,1,1,64,128,16,90,90,14942208,5370019840,359,0.0258531,538.272,207713
37,CUTLASS,gemm,cutlass3x_sm90_tensorop_s64x128x16gemm_f16_f16_f32_f16_f16_128x128x64_1x2x1_0_nnn_align8_warpspecialized_pingpong_epi_tma,passed,success,universal,640,1024,4096,f16:column,f16:column,f16:column,f16:column,1,0,serial,4,1,heuristic,invalid,invalid,false,false,1,tensorop,f32,128,128,64,1,2,1,0,0,0,6,4,1,1,64,128,16,90,90,14942208,5370019840,359,0.0255869,543.873,209874
37,CUTLASS,gemm,cutlass3x_sm90_tensorop_s64x128x16gemm_f16_f16_f32_f16_f16_128x128x64_1x2x1_0_nnn_align8_warpspecialized_pingpong_epi_nosmem,passed,success,universal,640,1024,4096,f16:column,f16:column,f16:column,f16:column,1,0,serial,4,1,heuristic,invalid,invalid,false,false,1,tensorop,f32,128,128,64,1,2,1,0,0,0,7,4,1,1,64,128,16,90,90,14942208,5370019840,359,0.0262032,531.081,204938
37,CUTLASS,gemm,cutlass3x_sm90_tensorop_s64x128x16gemm_f16_f16_f32_f16_f16_128x128x64_1x2x1_0_nnn_align8_warpspecialized_cooperative_epi_nosmem,passed,success,universal,640,1024,4096,f16:column,f16:column,f16:column,f16:column,1,0,serial,4,1,heuristic,invalid,invalid,false,false,1,tensorop,f32,128,128,64,1,2,1,0,0,0,7,4,2,1,64,128,16,90,90,14942208,5370019840,359,0.0261715,531.724,205186
37,CUTLASS,gemm,cutlass3x_sm90_tensorop_s64x128x16gemm_f16_f16_f32_f16_f16_128x128x64_1x2x1_0_nnn_align8_warpspecialized_cooperative_epi_tma,passed,success,universal,640,1024,4096,f16:column,f16:column,f16:column,f16:column,1,0,serial,4,1,heuristic,invalid,invalid,false,false,1,tensorop,f32,128,128,64,1,2,1,0,0,0,6,4,2,1,64,128,16,90,90,14942208,5370019840,359,0.0248893,559.117,215756
37,CUTLASS,gemm,cutlass3x_sm90_tensorop_s64x128x16gemm_f16_f16_f32_f16_f16_128x128x64_1x2x1_0_nnn_align8_stream_k_warpspecialized_cooperative_epi_nosmem,passed,success,universal,640,1024,4096,f16:column,f16:column,f16:column,f16:column,1,0,serial,4,1,heuristic,invalid,invalid,false,false,1,tensorop,f32,128,128,64,1,2,1,0,0,0,7,4,2,1,64,128,16,90,90,14942208,5370019840,359,0.0251155,554.08,213813
37,CUTLASS,gemm,cutlass3x_sm90_tensorop_s64x128x16gemm_f16_f16_f32_f16_f16_128x128x64_1x2x1_0_nnn_align8_stream_k_warpspecialized_cooperative_epi_tma,passed,success,universal,640,1024,4096,f16:column,f16:column,f16:column,f16:column,1,0,serial,4,1,heuristic,invalid,invalid,false,false,1,tensorop,f32,128,128,64,1,2,1,0,0,0,6,4,2,1,64,128,16,90,90,14942208,5370019840,359,0.0242979,572.725,221007
37,CUTLASS,gemm,cutlass3x_sm90_tensorop_s64x128x16gemm_f16_f16_f32_f16_f16_128x128x64_2x1x1_0_nnn_align8,passed,success,universal,640,1024,4096,f16:column,f16:column,f16:column,f16:column,1,0,serial,4,1,heuristic,invalid,invalid,false,false,1,tensorop,f32,128,128,64,2,1,1,0,0,0,7,4,2,1,64,128,16,90,90,14942208,5370019840,359,0.0267786,519.67,200534
37,CUTLASS,gemm,cutlass3x_sm90_tensorop_s64x128x16gemm_f16_f16_f32_f16_f16_128x128x64_2x1x1_0_nnn_align8_warpspecialized_epi_nosmem,passed,success,universal,640,1024,4096,f16:column,f16:column,f16:column,f16:column,1,0,serial,4,1,heuristic,invalid,invalid,false,false,1,tensorop,f32,128,128,64,2,1,1,0,0,0,7,4,1,1,64,128,16,90,90,14942208,5370019840,359,0.026312,528.885,204090
37,CUTLASS,gemm,cutlass3x_sm90_tensorop_s64x128x16gemm_f16_f16_f32_f16_f16_128x128x64_2x1x1_0_nnn_align8_warpspecialized_pingpong_epi_tma,passed,success,universal,640,1024,4096,f16:column,f16:column,f16:column,f16:column,1,0,serial,4,1,heuristic,invalid,invalid,false,false,1,tensorop,f32,128,128,64,2,1,1,0,0,0,6,4,1,1,64,128,16,90,90,14942208,5370019840,359,0.0261251,532.668,205550
37,CUTLASS,gemm,cutlass3x_sm90_tensorop_s64x128x16gemm_f16_f16_f32_f16_f16_128x128x64_2x1x1_0_nnn_align8_warpspecialized_pingpong_epi_nosmem,passed,success,universal,640,1024,4096,f16:column,f16:column,f16:column,f16:column,1,0,serial,4,1,heuristic,invalid,invalid,false,false,1,tensorop,f32,128,128,64,2,1,1,0,0,0,7,4,1,1,64,128,16,90,90,14942208,5370019840,359,0.0267318,520.578,200885
37,CUTLASS,gemm,cutlass3x_sm90_tensorop_s64x128x16gemm_f16_f16_f32_f16_f16_128x128x64_2x1x1_0_nnn_align8_warpspecialized_cooperative_epi_nosmem,passed,success,universal,640,1024,4096,f16:column,f16:column,f16:column,f16:column,1,0,serial,4,1,heuristic,invalid,invalid,false,false,1,tensorop,f32,128,128,64,2,1,1,0,0,0,7,4,2,1,64,128,16,90,90,14942208,5370019840,359,0.0267414,520.391,200813
37,CUTLASS,gemm,cutlass3x_sm90_tensorop_s64x128x16gemm_f16_f16_f32_f16_f16_128x128x64_2x1x1_0_nnn_align8_warpspecialized_cooperative_epi_tma,passed,success,universal,640,1024,4096,f16:column,f16:column,f16:column,f16:column,1,0,serial,4,1,heuristic,invalid,invalid,false,false,1,tensorop,f32,128,128,64,2,1,1,0,0,0,6,4,2,1,64,128,16,90,90,14942208,5370019840,359,0.0254093,547.675,211341
37,CUTLASS,gemm,cutlass3x_sm90_tensorop_s64x128x16gemm_f16_f16_f32_f16_f16_128x128x64_2x1x1_0_nnn_align8_stream_k_warpspecialized_cooperative_epi_nosmem,passed,success,universal,640,1024,4096,f16:column,f16:column,f16:column,f16:column,1,0,serial,4,1,heuristic,invalid,invalid,false,false,1,tensorop,f32,128,128,64,2,1,1,0,0,0,7,4,2,1,64,128,16,90,90,14942208,5370019840,359,0.0284624,488.926,188671
37,CUTLASS,gemm,cutlass3x_sm90_tensorop_s64x128x16gemm_f16_f16_f32_f16_f16_128x128x64_2x1x1_0_nnn_align8_stream_k_warpspecialized_cooperative_epi_tma,passed,success,universal,640,1024,4096,f16:column,f16:column,f16:column,f16:column,1,0,serial,4,1,heuristic,invalid,invalid,false,false,1,tensorop,f32,128,128,64,2,1,1,0,0,0,6,4,2,1,64,128,16,90,90,14942208,5370019840,359,0.0280026,496.955,191769
38,CUTLASS,gemm,cutlass_tensorop_f16_s1688gemm_f16_256x128_32x2_nn_align8,passed,success,universal,768,1024,4096,f16:column,f16:column,f16:column,f16:column,1,0,serial,4,1,heuristic,invalid,invalid,false,false,1,tensorop,f32,256,128,32,1,1,1,0,0,0,2,4,2,1,16,8,8,75,1024,16252928,6444023808,396,0.0576266,262.669,111824
38,CUTLASS,gemm,cutlass_tensorop_f16_s16816gemm_f16_256x128_32x3_nn_align8,passed,success,universal,768,1024,4096,f16:column,f16:column,f16:column,f16:column,1,0,serial,4,1,heuristic,invalid,invalid,false,false,1,tensorop,f32,256,128,32,1,1,1,0,0,0,3,4,2,1,16,8,16,80,1024,16252928,6444023808,396,0.0359622,420.906,179189
38,CUTLASS,gemm,cutlass3x_sm90_tensorop_s64x128x16gemm_f16_f16_f32_f16_f16_128x128x64_1x2x1_0_nnn_align8,passed,success,universal,768,1024,4096,f16:column,f16:column,f16:column,f16:column,1,0,serial,4,1,heuristic,invalid,invalid,false,false,1,tensorop,f32,128,128,64,1,2,1,0,0,0,7,4,2,1,64,128,16,90,90,16252928,6444023808,396,0.0261984,577.773,245970
38,CUTLASS,gemm,cutlass3x_sm90_tensorop_s64x128x16gemm_f16_f16_f32_f16_f16_128x128x64_1x2x1_0_nnn_align8_warpspecialized_epi_nosmem,passed,success,universal,768,1024,4096,f16:column,f16:column,f16:column,f16:column,1,0,serial,4,1,heuristic,invalid,invalid,false,false,1,tensorop,f32,128,128,64,1,2,1,0,0,0,7,4,1,1,64,128,16,90,90,16252928,6444023808,396,0.025591,591.485,251808
38,CUTLASS,gemm,cutlass3x_sm90_tensorop_s64x128x16gemm_f16_f16_f32_f16_f16_128x128x64_1x2x1_0_nnn_align8_warpspecialized_pingpong_epi_tma,passed,success,universal,768,1024,4096,f16:column,f16:column,f16:column,f16:column,1,0,serial,4,1,heuristic,invalid,invalid,false,false,1,tensorop,f32,128,128,64,1,2,1,0,0,0,6,4,1,1,64,128,16,90,90,16252928,6444023808,396,0.0255504,592.426,252208
38,CUTLASS,gemm,cutlass3x_sm90_tensorop_s64x128x16gemm_f16_f16_f32_f16_f16_128x128x64_1x2x1_0_nnn_align8_warpspecialized_pingpong_epi_nosmem,passed,success,universal,768,1024,4096,f16:column,f16:column,f16:column,f16:column,1,0,serial,4,1,heuristic,invalid,invalid,false,false,1,tensorop,f32,128,128,64,1,2,1,0,0,0,7,4,1,1,64,128,16,90,90,16252928,6444023808,396,0.0263542,574.356,244516
38,CUTLASS,gemm,cutlass3x_sm90_tensorop_s64x128x16gemm_f16_f16_f32_f16_f16_128x128x64_1x2x1_0_nnn_align8_warpspecialized_cooperative_epi_nosmem,passed,success,universal,768,1024,4096,f16:column,f16:column,f16:column,f16:column,1,0,serial,4,1,heuristic,invalid,invalid,false,false,1,tensorop,f32,128,128,64,1,2,1,0,0,0,7,4,2,1,64,128,16,90,90,16252928,6444023808,396,0.0261338,579.202,246579
38,CUTLASS,gemm,cutlass3x_sm90_tensorop_s64x128x16gemm_f16_f16_f32_f16_f16_128x128x64_1x2x1_0_nnn_align8_warpspecialized_cooperative_epi_tma,passed,success,universal,768,1024,4096,f16:column,f16:column,f16:column,f16:column,1,0,serial,4,1,heuristic,invalid,invalid,false,false,1,tensorop,f32,128,128,64,1,2,1,0,0,0,6,4,2,1,64,128,16,90,90,16252928,6444023808,396,0.0251632,601.542,256089
38,CUTLASS,gemm,cutlass3x_sm90_tensorop_s64x128x16gemm_f16_f16_f32_f16_f16_128x128x64_1x2x1_0_nnn_align8_stream_k_warpspecialized_cooperative_epi_nosmem,passed,success,universal,768,1024,4096,f16:column,f16:column,f16:column,f16:column,1,0,serial,4,1,heuristic,invalid,invalid,false,false,1,tensorop,f32,128,128,64,1,2,1,0,0,0,7,4,2,1,64,128,16,90,90,16252928,6444023808,396,0.0277158,546.14,232503
38,CUTLASS,gemm,cutlass3x_sm90_tensorop_s64x128x16gemm_f16_f16_f32_f16_f16_128x128x64_1x2x1_0_nnn_align8_stream_k_warpspecialized_cooperative_epi_tma,passed,success,universal,768,1024,4096,f16:column,f16:column,f16:column,f16:column,1,0,serial,4,1,heuristic,invalid,invalid,false,false,1,tensorop,f32,128,128,64,1,2,1,0,0,0,6,4,2,1,64,128,16,90,90,16252928,6444023808,396,0.0266547,567.881,241759
38,CUTLASS,gemm,cutlass3x_sm90_tensorop_s64x128x16gemm_f16_f16_f32_f16_f16_128x128x64_2x1x1_0_nnn_align8,passed,success,universal,768,1024,4096,f16:column,f16:column,f16:column,f16:column,1,0,serial,4,1,heuristic,invalid,invalid,false,false,1,tensorop,f32,128,128,64,2,1,1,0,0,0,7,4,2,1,64,128,16,90,90,16252928,6444023808,396,0.0266016,569.015,242242
38,CUTLASS,gemm,cutlass3x_sm90_tensorop_s64x128x16gemm_f16_f16_f32_f16_f16_128x128x64_2x1x1_0_nnn_align8_warpspecialized_epi_nosmem,passed,success,universal,768,1024,4096,f16:column,f16:column,f16:column,f16:column,1,0,serial,4,1,heuristic,invalid,invalid,false,false,1,tensorop,f32,128,128,64,2,1,1,0,0,0,7,4,1,1,64,128,16,90,90,16252928,6444023808,396,0.0260541,580.973,247333
38,CUTLASS,gemm,cutlass3x_sm90_tensorop_s64x128x16gemm_f16_f16_f32_f16_f16_128x128x64_2x1x1_0_nnn_align8_warpspecialized_pingpong_epi_tma,passed,success,universal,768,1024,4096,f16:column,f16:column,f16:column,f16:column,1,0,serial,4,1,heuristic,invalid,invalid,false,false,1,tensorop,f32,128,128,64,2,1,1,0,0,0,6,4,1,1,64,128,16,90,90,16252928,6444023808,396,0.0258726,585.047,249067
38,CUTLASS,gemm,cutlass3x_sm90_tensorop_s64x128x16gemm_f16_f16_f32_f16_f16_128x128x64_2x1x1_0_nnn_align8_warpspecialized_pingpong_epi_nosmem,passed,success,universal,768,1024,4096,f16:column,f16:column,f16:column,f16:column,1,0,serial,4,1,heuristic,invalid,invalid,false,false,1,tensorop,f32,128,128,64,2,1,1,0,0,0,7,4,1,1,64,128,16,90,90,16252928,6444023808,396,0.0265872,569.324,242373
38,CUTLASS,gemm,cutlass3x_sm90_tensorop_s64x128x16gemm_f16_f16_f32_f16_f16_128x128x64_2x1x1_0_nnn_align8_warpspecialized_cooperative_epi_nosmem,passed,success,universal,768,1024,4096,f16:column,f16:column,f16:column,f16:column,1,0,serial,4,1,heuristic,invalid,invalid,false,false,1,tensorop,f32,128,128,64,2,1,1,0,0,0,7,4,2,1,64,128,16,90,90,16252928,6444023808,396,0.0266611,567.745,241701
38,CUTLASS,gemm,cutlass3x_sm90_tensorop_s64x128x16gemm_f16_f16_f32_f16_f16_128x128x64_2x1x1_0_nnn_align8_warpspecialized_cooperative_epi_tma,passed,success,universal,768,1024,4096,f16:column,f16:column,f16:column,f16:column,1,0,serial,4,1,heuristic,invalid,invalid,false,false,1,tensorop,f32,128,128,64,2,1,1,0,0,0,6,4,2,1,64,128,16,90,90,16252928,6444023808,396,0.0251542,601.756,256180
38,CUTLASS,gemm,cutlass3x_sm90_tensorop_s64x128x16gemm_f16_f16_f32_f16_f16_128x128x64_2x1x1_0_nnn_align8_stream_k_warpspecialized_cooperative_epi_nosmem,passed,success,universal,768,1024,4096,f16:column,f16:column,f16:column,f16:column,1,0,serial,4,1,heuristic,invalid,invalid,false,false,1,tensorop,f32,128,128,64,2,1,1,0,0,0,7,4,2,1,64,128,16,90,90,16252928,6444023808,396,0.0275107,550.212,234237
38,CUTLASS,gemm,cutlass3x_sm90_tensorop_s64x128x16gemm_f16_f16_f32_f16_f16_128x128x64_2x1x1_0_nnn_align8_stream_k_warpspecialized_cooperative_epi_tma,passed,success,universal,768,1024,4096,f16:column,f16:column,f16:column,f16:column,1,0,serial,4,1,heuristic,invalid,invalid,false,false,1,tensorop,f32,128,128,64,2,1,1,0,0,0,6,4,2,1,64,128,16,90,90,16252928,6444023808,396,0.0266243,568.53,242035
39,CUTLASS,gemm,cutlass_tensorop_f16_s1688gemm_f16_256x128_32x2_nn_align8,passed,success,universal,896,1024,4096,f16:column,f16:column,f16:column,f16:column,1,0,serial,4,1,heuristic,invalid,invalid,false,false,1,tensorop,f32,256,128,32,1,1,1,0,0,0,2,4,2,1,16,8,8,75,1024,17563648,7518027776,428,0.0582374,280.875,129093
39,CUTLASS,gemm,cutlass_tensorop_f16_s16816gemm_f16_256x128_32x3_nn_align8,passed,success,universal,896,1024,4096,f16:column,f16:column,f16:column,f16:column,1,0,serial,4,1,heuristic,invalid,invalid,false,false,1,tensorop,f32,256,128,32,1,1,1,0,0,0,3,4,2,1,16,8,16,80,1024,17563648,7518027776,428,0.0365277,447.809,205817
39,CUTLASS,gemm,cutlass3x_sm90_tensorop_s64x128x16gemm_f16_f16_f32_f16_f16_128x128x64_1x2x1_0_nnn_align8,passed,success,universal,896,1024,4096,f16:column,f16:column,f16:column,f16:column,1,0,serial,4,1,heuristic,invalid,invalid,false,false,1,tensorop,f32,128,128,64,1,2,1,0,0,0,7,4,2,1,64,128,16,90,90,17563648,7518027776,428,0.026664,613.465,281954
39,CUTLASS,gemm,cutlass3x_sm90_tensorop_s64x128x16gemm_f16_f16_f32_f16_f16_128x128x64_1x2x1_0_nnn_align8_warpspecialized_epi_nosmem,passed,success,universal,896,1024,4096,f16:column,f16:column,f16:column,f16:column,1,0,serial,4,1,heuristic,invalid,invalid,false,false,1,tensorop,f32,128,128,64,1,2,1,0,0,0,7,4,1,1,64,128,16,90,90,17563648,7518027776,428,0.026136,625.858,287650
39,CUTLASS,gemm,cutlass3x_sm90_tensorop_s64x128x16gemm_f16_f16_f32_f16_f16_128x128x64_1x2x1_0_nnn_align8_warpspecialized_pingpong_epi_tma,passed,success,universal,896,1024,4096,f16:column,f16:column,f16:column,f16:column,1,0,serial,4,1,heuristic,invalid,invalid,false,false,1,tensorop,f32,128,128,64,1,2,1,0,0,0,6,4,1,1,64,128,16,90,90,17563648,7518027776,428,0.0256496,637.726,293105
39,CUTLASS,gemm,cutlass3x_sm90_tensorop_s64x128x16gemm_f16_f16_f32_f16_f16_128x128x64_1x2x1_0_nnn_align8_warpspecialized_pingpong_epi_nosmem,passed,success,universal,896,1024,4096,f16:column,f16:column,f16:column,f16:column,1,0,serial,4,1,heuristic,invalid,invalid,false,false,1,tensorop,f32,128,128,64,1,2,1,0,0,0,7,4,1,1,64,128,16,90,90,17563648,7518027776,428,0.026839,609.464,280115
39,CUTLASS,gemm,cutlass3x_sm90_tensorop_s64x128x16gemm_f16_f16_f32_f16_f16_128x128x64_1x2x1_0_nnn_align8_warpspecialized_cooperative_epi_nosmem,passed,success,universal,896,1024,4096,f16:column,f16:column,f16:column,f16:column,1,0,serial,4,1,heuristic,invalid,invalid,false,false,1,tensorop,f32,128,128,64,1,2,1,0,0,0,7,4,2,1,64,128,16,90,90,17563648,7518027776,428,0.0267376,611.776,281178
39,CUTLASS,gemm,cutlass3x_sm90_tensorop_s64x128x16gemm_f16_f16_f32_f16_f16_128x128x64_1x2x1_0_nnn_align8_warpspecialized_cooperative_epi_tma,passed,success,universal,896,1024,4096,f16:column,f16:column,f16:column,f16:column,1,0,serial,4,1,heuristic,invalid,invalid,false,false,1,tensorop,f32,128,128,64,1,2,1,0,0,0,6,4,2,1,64,128,16,90,90,17563648,7518027776,428,0.0250842,652.102,299712
39,CUTLASS,gemm,cutlass3x_sm90_tensorop_s64x128x16gemm_f16_f16_f32_f16_f16_128x128x64_1x2x1_0_nnn_align8_stream_k_warpspecialized_cooperative_epi_nosmem,passed,success,universal,896,1024,4096,f16:column,f16:column,f16:column,f16:column,1,0,serial,4,1,heuristic,invalid,invalid,false,false,1,tensorop,f32,128,128,64,1,2,1,0,0,0,7,4,2,1,64,128,16,90,90,17563648,7518027776,428,0.0281446,581.191,267121
39,CUTLASS,gemm,cutlass3x_sm90_tensorop_s64x128x16gemm_f16_f16_f32_f16_f16_128x128x64_1x2x1_0_nnn_align8_stream_k_warpspecialized_cooperative_epi_tma,passed,success,universal,896,1024,4096,f16:column,f16:column,f16:column,f16:column,1,0,serial,4,1,heuristic,invalid,invalid,false,false,1,tensorop,f32,128,128,64,1,2,1,0,0,0,6,4,2,1,64,128,16,90,90,17563648,7518027776,428,0.0272051,601.263,276346
39,CUTLASS,gemm,cutlass3x_sm90_tensorop_s64x128x16gemm_f16_f16_f32_f16_f16_128x128x64_2x1x1_0_nnn_align8,passed,success,universal,896,1024,4096,f16:column,f16:column,f16:column,f16:column,1,0,serial,4,1,heuristic,invalid,invalid,false,false,1,tensorop,f32,128,128,64,2,1,1,0,0,0,7,4,2,1,64,128,16,90,90,17563648,7518027776,428,0.0293837,556.684,255857
39,CUTLASS,gemm,cutlass3x_sm90_tensorop_s64x128x16gemm_f16_f16_f32_f16_f16_128x128x64_2x1x1_0_nnn_align8_warpspecialized_epi_nosmem,passed,success,universal,896,1024,4096,f16:column,f16:column,f16:column,f16:column,1,0,serial,4,1,heuristic,invalid,invalid,false,false,1,tensorop,f32,128,128,64,2,1,1,0,0,0,7,4,1,1,64,128,16,90,90,17563648,7518027776,428,0.0273859,597.293,274522
39,CUTLASS,gemm,cutlass3x_sm90_tensorop_s64x128x16gemm_f16_f16_f32_f16_f16_128x128x64_2x1x1_0_nnn_align8_warpspecialized_pingpong_epi_tma,passed,success,universal,896,1024,4096,f16:column,f16:column,f16:column,f16:column,1,0,serial,4,1,heuristic,invalid,invalid,false,false,1,tensorop,f32,128,128,64,2,1,1,0,0,0,6,4,1,1,64,128,16,90,90,17563648,7518027776,428,0.0281309,581.476,267252
39,CUTLASS,gemm,cutlass3x_sm90_tensorop_s64x128x16gemm_f16_f16_f32_f16_f16_128x128x64_2x1x1_0_nnn_align8_warpspecialized_pingpong_epi_nosmem,passed,success,universal,896,1024,4096,f16:column,f16:column,f16:column,f16:column,1,0,serial,4,1,heuristic,invalid,invalid,false,false,1,tensorop,f32,128,128,64,2,1,1,0,0,0,7,4,1,1,64,128,16,90,90,17563648,7518027776,428,0.0295955,552.699,254026
39,CUTLASS,gemm,cutlass3x_sm90_tensorop_s64x128x16gemm_f16_f16_f32_f16_f16_128x128x64_2x1x1_0_nnn_align8_warpspecialized_cooperative_epi_nosmem,passed,success,universal,896,1024,4096,f16:column,f16:column,f16:column,f16:column,1,0,serial,4,1,heuristic,invalid,invalid,false,false,1,tensorop,f32,128,128,64,2,1,1,0,0,0,7,4,2,1,64,128,16,90,90,17563648,7518027776,428,0.0292045,560.1,257427
39,CUTLASS,gemm,cutlass3x_sm90_tensorop_s64x128x16gemm_f16_f16_f32_f16_f16_128x128x64_2x1x1_0_nnn_align8_warpspecialized_cooperative_epi_tma,passed,success,universal,896,1024,4096,f16:column,f16:column,f16:column,f16:column,1,0,serial,4,1,heuristic,invalid,invalid,false,false,1,tensorop,f32,128,128,64,2,1,1,0,0,0,6,4,2,1,64,128,16,90,90,17563648,7518027776,428,0.0272912,599.366,275474
39,CUTLASS,gemm,cutlass3x_sm90_tensorop_s64x128x16gemm_f16_f16_f32_f16_f16_128x128x64_2x1x1_0_nnn_align8_stream_k_warpspecialized_cooperative_epi_nosmem,passed,success,universal,896,1024,4096,f16:column,f16:column,f16:column,f16:column,1,0,serial,4,1,heuristic,invalid,invalid,false,false,1,tensorop,f32,128,128,64,2,1,1,0,0,0,7,4,2,1,64,128,16,90,90,17563648,7518027776,428,0.0308326,530.523,243833
39,CUTLASS,gemm,cutlass3x_sm90_tensorop_s64x128x16gemm_f16_f16_f32_f16_f16_128x128x64_2x1x1_0_nnn_align8_stream_k_warpspecialized_cooperative_epi_tma,passed,success,universal,896,1024,4096,f16:column,f16:column,f16:column,f16:column,1,0,serial,4,1,heuristic,invalid,invalid,false,false,1,tensorop,f32,128,128,64,2,1,1,0,0,0,6,4,2,1,64,128,16,90,90,17563648,7518027776,428,0.0301373,542.764,249459
40,CUTLASS,gemm,cutlass_tensorop_f16_s1688gemm_f16_256x128_32x2_nn_align8,passed,success,universal,1024,1024,4096,f16:column,f16:column,f16:column,f16:column,1,0,serial,4,1,heuristic,invalid,invalid,false,false,1,tensorop,f32,256,128,32,1,1,1,0,0,0,2,4,2,1,16,8,8,75,1024,18874368,8592031744,455,0.0581498,302.291,147757
40,CUTLASS,gemm,cutlass_tensorop_f16_s16816gemm_f16_256x128_32x3_nn_align8,passed,success,universal,1024,1024,4096,f16:column,f16:column,f16:column,f16:column,1,0,serial,4,1,heuristic,invalid,invalid,false,false,1,tensorop,f32,256,128,32,1,1,1,0,0,0,3,4,2,1,16,8,16,80,1024,18874368,8592031744,455,0.0365203,481.325,235267
40,CUTLASS,gemm,cutlass3x_sm90_tensorop_s64x128x16gemm_f16_f16_f32_f16_f16_128x128x64_1x2x1_0_nnn_align8,passed,success,universal,1024,1024,4096,f16:column,f16:column,f16:column,f16:column,1,0,serial,4,1,heuristic,invalid,invalid,false,false,1,tensorop,f32,128,128,64,1,2,1,0,0,0,7,4,2,1,64,128,16,90,90,18874368,8592031744,455,0.0257699,682.118,333413
40,CUTLASS,gemm,cutlass3x_sm90_tensorop_s64x128x16gemm_f16_f16_f32_f16_f16_128x128x64_1x2x1_0_nnn_align8_warpspecialized_epi_nosmem,passed,success,universal,1024,1024,4096,f16:column,f16:column,f16:column,f16:column,1,0,serial,4,1,heuristic,invalid,invalid,false,false,1,tensorop,f32,128,128,64,1,2,1,0,0,0,7,4,1,1,64,128,16,90,90,18874368,8592031744,455,0.025223,696.907,340642
40,CUTLASS,gemm,cutlass3x_sm90_tensorop_s64x128x16gemm_f16_f16_f32_f16_f16_128x128x64_1x2x1_0_nnn_align8_warpspecialized_pingpong_epi_tma,passed,success,universal,1024,1024,4096,f16:column,f16:column,f16:column,f16:column,1,0,serial,4,1,heuristic,invalid,invalid,false,false,1,tensorop,f32,128,128,64,1,2,1,0,0,0,6,4,1,1,64,128,16,90,90,18874368,8592031744,455,0.0256458,685.42,335027
40,CUTLASS,gemm,cutlass3x_sm90_tensorop_s64x128x16gemm_f16_f16_f32_f16_f16_128x128x64_1x2x1_0_nnn_align8_warpspecialized_pingpong_epi_nosmem,passed,success,universal,1024,1024,4096,f16:column,f16:column,f16:column,f16:column,1,0,serial,4,1,heuristic,invalid,invalid,false,false,1,tensorop,f32,128,128,64,1,2,1,0,0,0,7,4,1,1,64,128,16,90,90,18874368,8592031744,455,0.025641,685.549,335090
40,CUTLASS,gemm,cutlass3x_sm90_tensorop_s64x128x16gemm_f16_f16_f32_f16_f16_128x128x64_1x2x1_0_nnn_align8_warpspecialized_cooperative_epi_nosmem,passed,success,universal,1024,1024,4096,f16:column,f16:column,f16:column,f16:column,1,0,serial,4,1,heuristic,invalid,invalid,false,false,1,tensorop,f32,128,128,64,1,2,1,0,0,0,7,4,2,1,64,128,16,90,90,18874368,8592031744,455,0.0258512,679.973,332365
40,CUTLASS,gemm,cutlass3x_sm90_tensorop_s64x128x16gemm_f16_f16_f32_f16_f16_128x128x64_1x2x1_0_nnn_align8_warpspecialized_cooperative_epi_tma,passed,success,universal,1024,1024,4096,f16:column,f16:column,f16:column,f16:column,1,0,serial,4,1,heuristic,invalid,invalid,false,false,1,tensorop,f32,128,128,64,1,2,1,0,0,0,6,4,2,1,64,128,16,90,90,18874368,8592031744,455,0.024856,707.198,345672
40,CUTLASS,gemm,cutlass3x_sm90_tensorop_s64x128x16gemm_f16_f16_f32_f16_f16_128x128x64_1x2x1_0_nnn_align8_stream_k_warpspecialized_cooperative_epi_nosmem,passed,success,universal,1024,1024,4096,f16:column,f16:column,f16:column,f16:column,1,0,serial,4,1,heuristic,invalid,invalid,false,false,1,tensorop,f32,128,128,64,1,2,1,0,0,0,7,4,2,1,64,128,16,90,90,18874368,8592031744,455,0.0274406,640.587,313113
40,CUTLASS,gemm,cutlass3x_sm90_tensorop_s64x128x16gemm_f16_f16_f32_f16_f16_128x128x64_1x2x1_0_nnn_align8_stream_k_warpspecialized_cooperative_epi_tma,passed,success,universal,1024,1024,4096,f16:column,f16:column,f16:column,f16:column,1,0,serial,4,1,heuristic,invalid,invalid,false,false,1,tensorop,f32,128,128,64,1,2,1,0,0,0,6,4,2,1,64,128,16,90,90,18874368,8592031744,455,0.0271088,648.429,316946
40,CUTLASS,gemm,cutlass3x_sm90_tensorop_s64x128x16gemm_f16_f16_f32_f16_f16_128x128x64_2x1x1_0_nnn_align8,passed,success,universal,1024,1024,4096,f16:column,f16:column,f16:column,f16:column,1,0,serial,4,1,heuristic,invalid,invalid,false,false,1,tensorop,f32,128,128,64,2,1,1,0,0,0,7,4,2,1,64,128,16,90,90,18874368,8592031744,455,0.0258096,681.069,332901
40,CUTLASS,gemm,cutlass3x_sm90_tensorop_s64x128x16gemm_f16_f16_f32_f16_f16_128x128x64_2x1x1_0_nnn_align8_warpspecialized_epi_nosmem,passed,success,universal,1024,1024,4096,f16:column,f16:column,f16:column,f16:column,1,0,serial,4,1,heuristic,invalid,invalid,false,false,1,tensorop,f32,128,128,64,2,1,1,0,0,0,7,4,1,1,64,128,16,90,90,18874368,8592031744,455,0.0253504,693.406,338931
40,CUTLASS,gemm,cutlass3x_sm90_tensorop_s64x128x16gemm_f16_f16_f32_f16_f16_128x128x64_2x1x1_0_nnn_align8_warpspecialized_pingpong_epi_tma,passed,success,universal,1024,1024,4096,f16:column,f16:column,f16:column,f16:column,1,0,serial,4,1,heuristic,invalid,invalid,false,false,1,tensorop,f32,128,128,64,2,1,1,0,0,0,6,4,1,1,64,128,16,90,90,18874368,8592031744,455,0.0262016,670.88,327920
40,CUTLASS,gemm,cutlass3x_sm90_tensorop_s64x128x16gemm_f16_f16_f32_f16_f16_128x128x64_2x1x1_0_nnn_align8_warpspecialized_pingpong_epi_nosmem,passed,success,universal,1024,1024,4096,f16:column,f16:column,f16:column,f16:column,1,0,serial,4,1,heuristic,invalid,invalid,false,false,1,tensorop,f32,128,128,64,2,1,1,0,0,0,7,4,1,1,64,128,16,90,90,18874368,8592031744,455,0.0258909,678.931,331856
40,CUTLASS,gemm,cutlass3x_sm90_tensorop_s64x128x16gemm_f16_f16_f32_f16_f16_128x128x64_2x1x1_0_nnn_align8_warpspecialized_cooperative_epi_nosmem,passed,success,universal,1024,1024,4096,f16:column,f16:column,f16:column,f16:column,1,0,serial,4,1,heuristic,invalid,invalid,false,false,1,tensorop,f32,128,128,64,2,1,1,0,0,0,7,4,2,1,64,128,16,90,90,18874368,8592031744,455,0.0260112,675.791,330320
40,CUTLASS,gemm,cutlass3x_sm90_tensorop_s64x128x16gemm_f16_f16_f32_f16_f16_128x128x64_2x1x1_0_nnn_align8_warpspecialized_cooperative_epi_tma,passed,success,universal,1024,1024,4096,f16:column,f16:column,f16:column,f16:column,1,0,serial,4,1,heuristic,invalid,invalid,false,false,1,tensorop,f32,128,128,64,2,1,1,0,0,0,6,4,2,1,64,128,16,90,90,18874368,8592031744,455,0.0256368,685.66,335144
40,CUTLASS,gemm,cutlass3x_sm90_tensorop_s64x128x16gemm_f16_f16_f32_f16_f16_128x128x64_2x1x1_0_nnn_align8_stream_k_warpspecialized_cooperative_epi_nosmem,passed,success,universal,1024,1024,4096,f16:column,f16:column,f16:column,f16:column,1,0,serial,4,1,heuristic,invalid,invalid,false,false,1,tensorop,f32,128,128,64,2,1,1,0,0,0,7,4,2,1,64,128,16,90,90,18874368,8592031744,455,0.0283389,620.283,303189
40,CUTLASS,gemm,cutlass3x_sm90_tensorop_s64x128x16gemm_f16_f16_f32_f16_f16_128x128x64_2x1x1_0_nnn_align8_stream_k_warpspecialized_cooperative_epi_tma,passed,success,universal,1024,1024,4096,f16:column,f16:column,f16:column,f16:column,1,0,serial,4,1,heuristic,invalid,invalid,false,false,1,tensorop,f32,128,128,64,2,1,1,0,0,0,6,4,2,1,64,128,16,90,90,18874368,8592031744,455,0.0279254,629.466,307678
41,CUTLASS,gemm,cutlass_tensorop_f16_s1688gemm_f16_256x128_32x2_nn_align8,passed,success,universal,1152,1024,4096,f16:column,f16:column,f16:column,f16:column,1,0,serial,4,1,heuristic,invalid,invalid,false,false,1,tensorop,f32,256,128,32,1,1,1,0,0,0,2,4,2,1,16,8,8,75,1024,20185088,9666035712,478,0.0891914,210.77,108374
41,CUTLASS,gemm,cutlass_tensorop_f16_s16816gemm_f16_256x128_32x3_nn_align8,passed,success,universal,1152,1024,4096,f16:column,f16:column,f16:column,f16:column,1,0,serial,4,1,heuristic,invalid,invalid,false,false,1,tensorop,f32,256,128,32,1,1,1,0,0,0,3,4,2,1,16,8,16,80,1024,20185088,9666035712,478,0.0469552,400.357,205857
41,CUTLASS,gemm,cutlass3x_sm90_tensorop_s64x128x16gemm_f16_f16_f32_f16_f16_128x128x64_1x2x1_0_nnn_align8,passed,success,universal,1152,1024,4096,f16:column,f16:column,f16:column,f16:column,1,0,serial,4,1,heuristic,invalid,invalid,false,false,1,tensorop,f32,128,128,64,1,2,1,0,0,0,7,4,2,1,64,128,16,90,90,20185088,9666035712,478,0.0269395,697.816,358805
41,CUTLASS,gemm,cutlass3x_sm90_tensorop_s64x128x16gemm_f16_f16_f32_f16_f16_128x128x64_1x2x1_0_nnn_align8_warpspecialized_epi_nosmem,passed,success,universal,1152,1024,4096,f16:column,f16:column,f16:column,f16:column,1,0,serial,4,1,heuristic,invalid,invalid,false,false,1,tensorop,f32,128,128,64,1,2,1,0,0,0,7,4,1,1,64,128,16,90,90,20185088,9666035712,478,0.0260384,721.966,371222
41,CUTLASS,gemm,cutlass3x_sm90_tensorop_s64x128x16gemm_f16_f16_f32_f16_f16_128x128x64_1x2x1_0_nnn_align8_warpspecialized_pingpong_epi_tma,passed,success,universal,1152,1024,4096,f16:column,f16:column,f16:column,f16:column,1,0,serial,4,1,heuristic,invalid,invalid,false,false,1,tensorop,f32,128,128,64,1,2,1,0,0,0,6,4,1,1,64,128,16,90,90,20185088,9666035712,478,0.0259645,724.021,372279
41,CUTLASS,gemm,cutlass3x_sm90_tensorop_s64x128x16gemm_f16_f16_f32_f16_f16_128x128x64_1x2x1_0_nnn_align8_warpspecialized_pingpong_epi_nosmem,passed,success,universal,1152,1024,4096,f16:column,f16:column,f16:column,f16:column,1,0,serial,4,1,heuristic,invalid,invalid,false,false,1,tensorop,f32,128,128,64,1,2,1,0,0,0,7,4,1,1,64,128,16,90,90,20185088,9666035712,478,0.0269139,698.48,359146
41,CUTLASS,gemm,cutlass3x_sm90_tensorop_s64x128x16gemm_f16_f16_f32_f16_f16_128x128x64_1x2x1_0_nnn_align8_warpspecialized_cooperative_epi_nosmem,passed,success,universal,1152,1024,4096,f16:column,f16:column,f16:column,f16:column,1,0,serial,4,1,heuristic,invalid,invalid,false,false,1,tensorop,f32,128,128,64,1,2,1,0,0,0,7,4,2,1,64,128,16,90,90,20185088,9666035712,478,0.0269459,697.65,358720
41,CUTLASS,gemm,cutlass3x_sm90_tensorop_s64x128x16gemm_f16_f16_f32_f16_f16_128x128x64_1x2x1_0_nnn_align8_warpspecialized_cooperative_epi_tma,passed,success,universal,1152,1024,4096,f16:column,f16:column,f16:column,f16:column,1,0,serial,4,1,heuristic,invalid,invalid,false,false,1,tensorop,f32,128,128,64,1,2,1,0,0,0,6,4,2,1,64,128,16,90,90,20185088,9666035712,478,0.0253536,741.466,381249
41,CUTLASS,gemm,cutlass3x_sm90_tensorop_s64x128x16gemm_f16_f16_f32_f16_f16_128x128x64_1x2x1_0_nnn_align8_stream_k_warpspecialized_cooperative_epi_nosmem,passed,success,universal,1152,1024,4096,f16:column,f16:column,f16:column,f16:column,1,0,serial,4,1,heuristic,invalid,invalid,false,false,1,tensorop,f32,128,128,64,1,2,1,0,0,0,7,4,2,1,64,128,16,90,90,20185088,9666035712,478,0.0336067,559.377,287622
41,CUTLASS,gemm,cutlass3x_sm90_tensorop_s64x128x16gemm_f16_f16_f32_f16_f16_128x128x64_1x2x1_0_nnn_align8_stream_k_warpspecialized_cooperative_epi_tma,passed,success,universal,1152,1024,4096,f16:column,f16:column,f16:column,f16:column,1,0,serial,4,1,heuristic,invalid,invalid,false,false,1,tensorop,f32,128,128,64,1,2,1,0,0,0,6,4,2,1,64,128,16,90,90,20185088,9666035712,478,0.0331373,567.301,291697
41,CUTLASS,gemm,cutlass3x_sm90_tensorop_s64x128x16gemm_f16_f16_f32_f16_f16_128x128x64_2x1x1_0_nnn_align8,passed,success,universal,1152,1024,4096,f16:column,f16:column,f16:column,f16:column,1,0,serial,4,1,heuristic,invalid,invalid,false,false,1,tensorop,f32,128,128,64,2,1,1,0,0,0,7,4,2,1,64,128,16,90,90,20185088,9666035712,478,0.0279165,673.395,346248
41,CUTLASS,gemm,cutlass3x_sm90_tensorop_s64x128x16gemm_f16_f16_f32_f16_f16_128x128x64_2x1x1_0_nnn_align8_warpspecialized_epi_nosmem,passed,success,universal,1152,1024,4096,f16:column,f16:column,f16:column,f16:column,1,0,serial,4,1,heuristic,invalid,invalid,false,false,1,tensorop,f32,128,128,64,2,1,1,0,0,0,7,4,1,1,64,128,16,90,90,20185088,9666035712,478,0.0270432,695.141,357429
41,CUTLASS,gemm,cutlass3x_sm90_tensorop_s64x128x16gemm_f16_f16_f32_f16_f16_128x128x64_2x1x1_0_nnn_align8_warpspecialized_pingpong_epi_tma,passed,success,universal,1152,1024,4096,f16:column,f16:column,f16:column,f16:column,1,0,serial,4,1,heuristic,invalid,invalid,false,false,1,tensorop,f32,128,128,64,2,1,1,0,0,0,6,4,1,1,64,128,16,90,90,20185088,9666035712,478,0.0262902,715.05,367666
41,CUTLASS,gemm,cutlass3x_sm90_tensorop_s64x128x16gemm_f16_f16_f32_f16_f16_128x128x64_2x1x1_0_nnn_align8_warpspecialized_pingpong_epi_nosmem,passed,success,universal,1152,1024,4096,f16:column,f16:column,f16:column,f16:column,1,0,serial,4,1,heuristic,invalid,invalid,false,false,1,tensorop,f32,128,128,64,2,1,1,0,0,0,7,4,1,1,64,128,16,90,90,20185088,9666035712,478,0.028152,667.762,343352
41,CUTLASS,gemm,cutlass3x_sm90_tensorop_s64x128x16gemm_f16_f16_f32_f16_f16_128x128x64_2x1x1_0_nnn_align8_warpspecialized_cooperative_epi_nosmem,passed,success,universal,1152,1024,4096,f16:column,f16:column,f16:column,f16:column,1,0,serial,4,1,heuristic,invalid,invalid,false,false,1,tensorop,f32,128,128,64,2,1,1,0,0,0,7,4,2,1,64,128,16,90,90,20185088,9666035712,478,0.0282486,665.477,342177
41,CUTLASS,gemm,cutlass3x_sm90_tensorop_s64x128x16gemm_f16_f16_f32_f16_f16_128x128x64_2x1x1_0_nnn_align8_warpspecialized_cooperative_epi_tma,passed,success,universal,1152,1024,4096,f16:column,f16:column,f16:column,f16:column,1,0,serial,4,1,heuristic,invalid,invalid,false,false,1,tensorop,f32,128,128,64,2,1,1,0,0,0,6,4,2,1,64,128,16,90,90,20185088,9666035712,478,0.0253776,740.765,380888
41,CUTLASS,gemm,cutlass3x_sm90_tensorop_s64x128x16gemm_f16_f16_f32_f16_f16_128x128x64_2x1x1_0_nnn_align8_stream_k_warpspecialized_cooperative_epi_nosmem,passed,success,universal,1152,1024,4096,f16:column,f16:column,f16:column,f16:column,1,0,serial,4,1,heuristic,invalid,invalid,false,false,1,tensorop,f32,128,128,64,2,1,1,0,0,0,7,4,2,1,64,128,16,90,90,20185088,9666035712,478,0.0362589,518.461,266584
41,CUTLASS,gemm,cutlass3x_sm90_tensorop_s64x128x16gemm_f16_f16_f32_f16_f16_128x128x64_2x1x1_0_nnn_align8_stream_k_warpspecialized_cooperative_epi_tma,passed,success,universal,1152,1024,4096,f16:column,f16:column,f16:column,f16:column,1,0,serial,4,1,heuristic,invalid,invalid,false,false,1,tensorop,f32,128,128,64,2,1,1,0,0,0,6,4,2,1,64,128,16,90,90,20185088,9666035712,478,0.0353888,531.208,273138
42,CUTLASS,gemm,cutlass_tensorop_f16_s1688gemm_f16_256x128_32x2_nn_align8,passed,success,universal,1280,1024,4096,f16:column,f16:column,f16:column,f16:column,1,0,serial,4,1,heuristic,invalid,invalid,false,false,1,tensorop,f32,256,128,32,1,1,1,0,0,0,2,4,2,1,16,8,8,75,1024,21495808,10740039680,499,0.0896598,223.283,119787
42,CUTLASS,gemm,cutlass_tensorop_f16_s16816gemm_f16_256x128_32x3_nn_align8,passed,success,universal,1280,1024,4096,f16:column,f16:column,f16:column,f16:column,1,0,serial,4,1,heuristic,invalid,invalid,false,false,1,tensorop,f32,256,128,32,1,1,1,0,0,0,3,4,2,1,16,8,16,80,1024,21495808,10740039680,499,0.0470557,425.443,228241
42,CUTLASS,gemm,cutlass3x_sm90_tensorop_s64x128x16gemm_f16_f16_f32_f16_f16_128x128x64_1x2x1_0_nnn_align8,passed,success,universal,1280,1024,4096,f16:column,f16:column,f16:column,f16:column,1,0,serial,4,1,heuristic,invalid,invalid,false,false,1,tensorop,f32,128,128,64,1,2,1,0,0,0,7,4,2,1,64,128,16,90,90,21495808,10740039680,499,0.0263878,758.665,407007
42,CUTLASS,gemm,cutlass3x_sm90_tensorop_s64x128x16gemm_f16_f16_f32_f16_f16_128x128x64_1x2x1_0_nnn_align8_warpspecialized_epi_nosmem,passed,success,universal,1280,1024,4096,f16:column,f16:column,f16:column,f16:column,1,0,serial,4,1,heuristic,invalid,invalid,false,false,1,tensorop,f32,128,128,64,1,2,1,0,0,0,7,4,1,1,64,128,16,90,90,21495808,10740039680,499,0.0260688,767.95,411988
42,CUTLASS,gemm,cutlass3x_sm90_tensorop_s64x128x16gemm_f16_f16_f32_f16_f16_128x128x64_1x2x1_0_nnn_align8_warpspecialized_pingpong_epi_tma,passed,success,universal,1280,1024,4096,f16:column,f16:column,f16:column,f16:column,1,0,serial,4,1,heuristic,invalid,invalid,false,false,1,tensorop,f32,128,128,64,1,2,1,0,0,0,6,4,1,1,64,128,16,90,90,21495808,10740039680,499,0.025929,772.092,414210
42,CUTLASS,gemm,cutlass3x_sm90_tensorop_s64x128x16gemm_f16_f16_f32_f16_f16_128x128x64_1x2x1_0_nnn_align8_warpspecialized_pingpong_epi_nosmem,passed,success,universal,1280,1024,4096,f16:column,f16:column,f16:column,f16:column,1,0,serial,4,1,heuristic,invalid,invalid,false,false,1,tensorop,f32,128,128,64,1,2,1,0,0,0,7,4,1,1,64,128,16,90,90,21495808,10740039680,499,0.0263008,761.176,408354
42,CUTLASS,gemm,cutlass3x_sm90_tensorop_s64x128x16gemm_f16_f16_f32_f16_f16_128x128x64_1x2x1_0_nnn_align8_warpspecialized_cooperative_epi_nosmem,passed,success,universal,1280,1024,4096,f16:column,f16:column,f16:column,f16:column,1,0,serial,4,1,heuristic,invalid,invalid,false,false,1,tensorop,f32,128,128,64,1,2,1,0,0,0,7,4,2,1,64,128,16,90,90,21495808,10740039680,499,0.026577,753.266,404111
42,CUTLASS,gemm,cutlass3x_sm90_tensorop_s64x128x16gemm_f16_f16_f32_f16_f16_128x128x64_1x2x1_0_nnn_align8_warpspecialized_cooperative_epi_tma,passed,success,universal,1280,1024,4096,f16:column,f16:column,f16:column,f16:column,1,0,serial,4,1,heuristic,invalid,invalid,false,false,1,tensorop,f32,128,128,64,1,2,1,0,0,0,6,4,2,1,64,128,16,90,90,21495808,10740039680,499,0.0251085,797.321,427746
42,CUTLASS,gemm,cutlass3x_sm90_tensorop_s64x128x16gemm_f16_f16_f32_f16_f16_128x128x64_1x2x1_0_nnn_align8_stream_k_warpspecialized_cooperative_epi_nosmem,passed,success,universal,1280,1024,4096,f16:column,f16:column,f16:column,f16:column,1,0,serial,4,1,heuristic,invalid,invalid,false,false,1,tensorop,f32,128,128,64,1,2,1,0,0,0,7,4,2,1,64,128,16,90,90,21495808,10740039680,499,0.0337843,592.569,317900
42,CUTLASS,gemm,cutlass3x_sm90_tensorop_s64x128x16gemm_f16_f16_f32_f16_f16_128x128x64_1x2x1_0_nnn_align8_stream_k_warpspecialized_cooperative_epi_tma,passed,success,universal,1280,1024,4096,f16:column,f16:column,f16:column,f16:column,1,0,serial,4,1,heuristic,invalid,invalid,false,false,1,tensorop,f32,128,128,64,1,2,1,0,0,0,6,4,2,1,64,128,16,90,90,21495808,10740039680,499,0.0336845,594.325,318842
42,CUTLASS,gemm,cutlass3x_sm90_tensorop_s64x128x16gemm_f16_f16_f32_f16_f16_128x128x64_2x1x1_0_nnn_align8,passed,success,universal,1280,1024,4096,f16:column,f16:column,f16:column,f16:column,1,0,serial,4,1,heuristic,invalid,invalid,false,false,1,tensorop,f32,128,128,64,2,1,1,0,0,0,7,4,2,1,64,128,16,90,90,21495808,10740039680,499,0.027128,737.966,395902
42,CUTLASS,gemm,cutlass3x_sm90_tensorop_s64x128x16gemm_f16_f16_f32_f16_f16_128x128x64_2x1x1_0_nnn_align8_warpspecialized_epi_nosmem,passed,success,universal,1280,1024,4096,f16:column,f16:column,f16:column,f16:column,1,0,serial,4,1,heuristic,invalid,invalid,false,false,1,tensorop,f32,128,128,64,2,1,1,0,0,0,7,4,1,1,64,128,16,90,90,21495808,10740039680,499,0.0260589,768.242,412145
42,CUTLASS,gemm,cutlass3x_sm90_tensorop_s64x128x16gemm_f16_f16_f32_f16_f16_128x128x64_2x1x1_0_nnn_align8_warpspecialized_pingpong_epi_tma,passed,success,universal,1280,1024,4096,f16:column,f16:column,f16:column,f16:column,1,0,serial,4,1,heuristic,invalid,invalid,false,false,1,tensorop,f32,128,128,64,2,1,1,0,0,0,6,4,1,1,64,128,16,90,90,21495808,10740039680,499,0.0258778,773.619,415030
42,CUTLASS,gemm,cutlass3x_sm90_tensorop_s64x128x16gemm_f16_f16_f32_f16_f16_128x128x64_2x1x1_0_nnn_align8_warpspecialized_pingpong_epi_nosmem,passed,success,universal,1280,1024,4096,f16:column,f16:column,f16:column,f16:column,1,0,serial,4,1,heuristic,invalid,invalid,false,false,1,tensorop,f32,128,128,64,2,1,1,0,0,0,7,4,1,1,64,128,16,90,90,21495808,10740039680,499,0.0271629,737.018,395394
42,CUTLASS,gemm,cutlass3x_sm90_tensorop_s64x128x16gemm_f16_f16_f32_f16_f16_128x128x64_2x1x1_0_nnn_align8_warpspecialized_cooperative_epi_nosmem,passed,success,universal,1280,1024,4096,f16:column,f16:column,f16:column,f16:column,1,0,serial,4,1,heuristic,invalid,invalid,false,false,1,tensorop,f32,128,128,64,2,1,1,0,0,0,7,4,2,1,64,128,16,90,90,21495808,10740039680,499,0.0272285,735.242,394441
42,CUTLASS,gemm,cutlass3x_sm90_tensorop_s64x128x16gemm_f16_f16_f32_f16_f16_128x128x64_2x1x1_0_nnn_align8_warpspecialized_cooperative_epi_tma,passed,success,universal,1280,1024,4096,f16:column,f16:column,f16:column,f16:column,1,0,serial,4,1,heuristic,invalid,invalid,false,false,1,tensorop,f32,128,128,64,2,1,1,0,0,0,6,4,2,1,64,128,16,90,90,21495808,10740039680,499,0.0251261,796.763,427446
42,CUTLASS,gemm,cutlass3x_sm90_tensorop_s64x128x16gemm_f16_f16_f32_f16_f16_128x128x64_2x1x1_0_nnn_align8_stream_k_warpspecialized_cooperative_epi_nosmem,passed,success,universal,1280,1024,4096,f16:column,f16:column,f16:column,f16:column,1,0,serial,4,1,heuristic,invalid,invalid,false,false,1,tensorop,f32,128,128,64,2,1,1,0,0,0,7,4,2,1,64,128,16,90,90,21495808,10740039680,499,0.0346877,577.137,309621
42,CUTLASS,gemm,cutlass3x_sm90_tensorop_s64x128x16gemm_f16_f16_f32_f16_f16_128x128x64_2x1x1_0_nnn_align8_stream_k_warpspecialized_cooperative_epi_tma,passed,success,universal,1280,1024,4096,f16:column,f16:column,f16:column,f16:column,1,0,serial,4,1,heuristic,invalid,invalid,false,false,1,tensorop,f32,128,128,64,2,1,1,0,0,0,6,4,2,1,64,128,16,90,90,21495808,10740039680,499,0.0343462,582.874,312699
43,CUTLASS,gemm,cutlass_tensorop_f16_s1688gemm_f16_256x128_32x2_nn_align8,passed,success,universal,1408,1024,4096,f16:column,f16:column,f16:column,f16:column,1,0,serial,4,1,heuristic,invalid,invalid,false,false,1,tensorop,f32,256,128,32,1,1,1,0,0,0,2,4,2,1,16,8,8,75,1024,22806528,11814043648,518,0.0901197,235.689,131093
43,CUTLASS,gemm,cutlass_tensorop_f16_s16816gemm_f16_256x128_32x3_nn_align8,passed,success,universal,1408,1024,4096,f16:column,f16:column,f16:column,f16:column,1,0,serial,4,1,heuristic,invalid,invalid,false,false,1,tensorop,f32,256,128,32,1,1,1,0,0,0,3,4,2,1,16,8,16,80,1024,22806528,11814043648,518,0.0473309,448.761,249605
43,CUTLASS,gemm,cutlass3x_sm90_tensorop_s64x128x16gemm_f16_f16_f32_f16_f16_128x128x64_1x2x1_0_nnn_align8,passed,success,universal,1408,1024,4096,f16:column,f16:column,f16:column,f16:column,1,0,serial,4,1,heuristic,invalid,invalid,false,false,1,tensorop,f32,128,128,64,1,2,1,0,0,0,7,4,2,1,64,128,16,90,90,22806528,11814043648,518,0.0268595,790.79,439846
43,CUTLASS,gemm,cutlass3x_sm90_tensorop_s64x128x16gemm_f16_f16_f32_f16_f16_128x128x64_1x2x1_0_nnn_align8_warpspecialized_epi_nosmem,passed,success,universal,1408,1024,4096,f16:column,f16:column,f16:column,f16:column,1,0,serial,4,1,heuristic,invalid,invalid,false,false,1,tensorop,f32,128,128,64,1,2,1,0,0,0,7,4,1,1,64,128,16,90,90,22806528,11814043648,518,0.0272486,779.497,433565
43,CUTLASS,gemm,cutlass3x_sm90_tensorop_s64x128x16gemm_f16_f16_f32_f16_f16_128x128x64_1x2x1_0_nnn_align8_warpspecialized_pingpong_epi_tma,passed,success,universal,1408,1024,4096,f16:column,f16:column,f16:column,f16:column,1,0,serial,4,1,heuristic,invalid,invalid,false,false,1,tensorop,f32,128,128,64,1,2,1,0,0,0,6,4,1,1,64,128,16,90,90,22806528,11814043648,518,0.0258237,822.51,457489
43,CUTLASS,gemm,cutlass3x_sm90_tensorop_s64x128x16gemm_f16_f16_f32_f16_f16_128x128x64_1x2x1_0_nnn_align8_warpspecialized_pingpong_epi_nosmem,passed,success,universal,1408,1024,4096,f16:column,f16:column,f16:column,f16:column,1,0,serial,4,1,heuristic,invalid,invalid,false,false,1,tensorop,f32,128,128,64,1,2,1,0,0,0,7,4,1,1,64,128,16,90,90,22806528,11814043648,518,0.026841,791.337,440150
43,CUTLASS,gemm,cutlass3x_sm90_tensorop_s64x128x16gemm_f16_f16_f32_f16_f16_128x128x64_1x2x1_0_nnn_align8_warpspecialized_cooperative_epi_nosmem,passed,success,universal,1408,1024,4096,f16:column,f16:column,f16:column,f16:column,1,0,serial,4,1,heuristic,invalid,invalid,false,false,1,tensorop,f32,128,128,64,1,2,1,0,0,0,7,4,2,1,64,128,16,90,90,22806528,11814043648,518,0.02672,794.919,442142
43,CUTLASS,gemm,cutlass3x_sm90_tensorop_s64x128x16gemm_f16_f16_f32_f16_f16_128x128x64_1x2x1_0_nnn_align8_warpspecialized_cooperative_epi_tma,passed,success,universal,1408,1024,4096,f16:column,f16:column,f16:column,f16:column,1,0,serial,4,1,heuristic,invalid,invalid,false,false,1,tensorop,f32,128,128,64,1,2,1,0,0,0,6,4,2,1,64,128,16,90,90,22806528,11814043648,518,0.0252355,841.68,468151
43,CUTLASS,gemm,cutlass3x_sm90_tensorop_s64x128x16gemm_f16_f16_f32_f16_f16_128x128x64_1x2x1_0_nnn_align8_stream_k_warpspecialized_cooperative_epi_nosmem,passed,success,universal,1408,1024,4096,f16:column,f16:column,f16:column,f16:column,1,0,serial,4,1,heuristic,invalid,invalid,false,false,1,tensorop,f32,128,128,64,1,2,1,0,0,0,7,4,2,1,64,128,16,90,90,22806528,11814043648,518,0.0354723,598.783,333050
43,CUTLASS,gemm,cutlass3x_sm90_tensorop_s64x128x16gemm_f16_f16_f32_f16_f16_128x128x64_1x2x1_0_nnn_align8_stream_k_warpspecialized_cooperative_epi_tma,passed,success,universal,1408,1024,4096,f16:column,f16:column,f16:column,f16:column,1,0,serial,4,1,heuristic,invalid,invalid,false,false,1,tensorop,f32,128,128,64,1,2,1,0,0,0,6,4,2,1,64,128,16,90,90,22806528,11814043648,518,0.0347754,610.784,339725
43,CUTLASS,gemm,cutlass3x_sm90_tensorop_s64x128x16gemm_f16_f16_f32_f16_f16_128x128x64_2x1x1_0_nnn_align8,passed,success,universal,1408,1024,4096,f16:column,f16:column,f16:column,f16:column,1,0,serial,4,1,heuristic,invalid,invalid,false,false,1,tensorop,f32,128,128,64,2,1,1,0,0,0,7,4,2,1,64,128,16,90,90,22806528,11814043648,518,0.0305632,694.961,386545
43,CUTLASS,gemm,cutlass3x_sm90_tensorop_s64x128x16gemm_f16_f16_f32_f16_f16_128x128x64_2x1x1_0_nnn_align8_warpspecialized_epi_nosmem,passed,success,universal,1408,1024,4096,f16:column,f16:column,f16:column,f16:column,1,0,serial,4,1,heuristic,invalid,invalid,false,false,1,tensorop,f32,128,128,64,2,1,1,0,0,0,7,4,1,1,64,128,16,90,90,22806528,11814043648,518,0.0334051,635.838,353660
43,CUTLASS,gemm,cutlass3x_sm90_tensorop_s64x128x16gemm_f16_f16_f32_f16_f16_128x128x64_2x1x1_0_nnn_align8_warpspecialized_pingpong_epi_tma,passed,success,universal,1408,1024,4096,f16:column,f16:column,f16:column,f16:column,1,0,serial,4,1,heuristic,invalid,invalid,false,false,1,tensorop,f32,128,128,64,2,1,1,0,0,0,6,4,1,1,64,128,16,90,90,22806528,11814043648,518,0.0297734,713.395,396798
43,CUTLASS,gemm,cutlass3x_sm90_tensorop_s64x128x16gemm_f16_f16_f32_f16_f16_128x128x64_2x1x1_0_nnn_align8_warpspecialized_pingpong_epi_nosmem,passed,success,universal,1408,1024,4096,f16:column,f16:column,f16:column,f16:column,1,0,serial,4,1,heuristic,invalid,invalid,false,false,1,tensorop,f32,128,128,64,2,1,1,0,0,0,7,4,1,1,64,128,16,90,90,22806528,11814043648,518,0.0315741,672.711,374169
43,CUTLASS,gemm,cutlass3x_sm90_tensorop_s64x128x16gemm_f16_f16_f32_f16_f16_128x128x64_2x1x1_0_nnn_align8_warpspecialized_cooperative_epi_nosmem,passed,success,universal,1408,1024,4096,f16:column,f16:column,f16:column,f16:column,1,0,serial,4,1,heuristic,invalid,invalid,false,false,1,tensorop,f32,128,128,64,2,1,1,0,0,0,7,4,2,1,64,128,16,90,90,22806528,11814043648,518,0.0305942,694.256,386153
43,CUTLASS,gemm,cutlass3x_sm90_tensorop_s64x128x16gemm_f16_f16_f32_f16_f16_128x128x64_2x1x1_0_nnn_align8_warpspecialized_cooperative_epi_tma,passed,success,universal,1408,1024,4096,f16:column,f16:column,f16:column,f16:column,1,0,serial,4,1,heuristic,invalid,invalid,false,false,1,tensorop,f32,128,128,64,2,1,1,0,0,0,6,4,2,1,64,128,16,90,90,22806528,11814043648,518,0.0288083,737.295,410091
43,CUTLASS,gemm,cutlass3x_sm90_tensorop_s64x128x16gemm_f16_f16_f32_f16_f16_128x128x64_2x1x1_0_nnn_align8_stream_k_warpspecialized_cooperative_epi_nosmem,passed,success,universal,1408,1024,4096,f16:column,f16:column,f16:column,f16:column,1,0,serial,4,1,heuristic,invalid,invalid,false,false,1,tensorop,f32,128,128,64,2,1,1,0,0,0,7,4,2,1,64,128,16,90,90,22806528,11814043648,518,0.0406138,522.981,290888
43,CUTLASS,gemm,cutlass3x_sm90_tensorop_s64x128x16gemm_f16_f16_f32_f16_f16_128x128x64_2x1x1_0_nnn_align8_stream_k_warpspecialized_cooperative_epi_tma,passed,success,universal,1408,1024,4096,f16:column,f16:column,f16:column,f16:column,1,0,serial,4,1,heuristic,invalid,invalid,false,false,1,tensorop,f32,128,128,64,2,1,1,0,0,0,6,4,2,1,64,128,16,90,90,22806528,11814043648,518,0.0398355,533.198,296571
44,CUTLASS,gemm,cutlass_tensorop_f16_s1688gemm_f16_256x128_32x2_nn_align8,passed,success,universal,1536,1024,4096,f16:column,f16:column,f16:column,f16:column,1,0,serial,4,1,heuristic,invalid,invalid,false,false,1,tensorop,f32,256,128,32,1,1,1,0,0,0,2,4,2,1,16,8,8,75,1024,24117248,12888047616,534,0.0908867,247.131,141803
44,CUTLASS,gemm,cutlass_tensorop_f16_s16816gemm_f16_256x128_32x3_nn_align8,passed,success,universal,1536,1024,4096,f16:column,f16:column,f16:column,f16:column,1,0,serial,4,1,heuristic,invalid,invalid,false,false,1,tensorop,f32,256,128,32,1,1,1,0,0,0,3,4,2,1,16,8,16,80,1024,24117248,12888047616,534,0.0499053,450.071,258250
44,CUTLASS,gemm,cutlass3x_sm90_tensorop_s64x128x16gemm_f16_f16_f32_f16_f16_128x128x64_1x2x1_0_nnn_align8,passed,success,universal,1536,1024,4096,f16:column,f16:column,f16:column,f16:column,1,0,serial,4,1,heuristic,invalid,invalid,false,false,1,tensorop,f32,128,128,64,1,2,1,0,0,0,7,4,2,1,64,128,16,90,90,24117248,12888047616,534,0.0271002,828.812,475571
44,CUTLASS,gemm,cutlass3x_sm90_tensorop_s64x128x16gemm_f16_f16_f32_f16_f16_128x128x64_1x2x1_0_nnn_align8_warpspecialized_epi_nosmem,passed,success,universal,1536,1024,4096,f16:column,f16:column,f16:column,f16:column,1,0,serial,4,1,heuristic,invalid,invalid,false,false,1,tensorop,f32,128,128,64,1,2,1,0,0,0,7,4,1,1,64,128,16,90,90,24117248,12888047616,534,0.0265309,846.596,485775
44,CUTLASS,gemm,cutlass3x_sm90_tensorop_s64x128x16gemm_f16_f16_f32_f16_f16_128x128x64_1x2x1_0_nnn_align8_warpspecialized_pingpong_epi_tma,passed,success,universal,1536,1024,4096,f16:column,f16:column,f16:column,f16:column,1,0,serial,4,1,heuristic,invalid,invalid,false,false,1,tensorop,f32,128,128,64,1,2,1,0,0,0,6,4,1,1,64,128,16,90,90,24117248,12888047616,534,0.0261005,860.556,493786
44,CUTLASS,gemm,cutlass3x_sm90_tensorop_s64x128x16gemm_f16_f16_f32_f16_f16_128x128x64_1x2x1_0_nnn_align8_warpspecialized_pingpong_epi_nosmem,passed,success,universal,1536,1024,4096,f16:column,f16:column,f16:column,f16:column,1,0,serial,4,1,heuristic,invalid,invalid,false,false,1,tensorop,f32,128,128,64,1,2,1,0,0,0,7,4,1,1,64,128,16,90,90,24117248,12888047616,534,0.0273578,821.008,471093
44,CUTLASS,gemm,cutlass3x_sm90_tensorop_s64x128x16gemm_f16_f16_f32_f16_f16_128x128x64_1x2x1_0_nnn_align8_warpspecialized_cooperative_epi_nosmem,passed,success,universal,1536,1024,4096,f16:column,f16:column,f16:column,f16:column,1,0,serial,4,1,heuristic,invalid,invalid,false,false,1,tensorop,f32,128,128,64,1,2,1,0,0,0,7,4,2,1,64,128,16,90,90,24117248,12888047616,534,0.0273152,822.287,471827
44,CUTLASS,gemm,cutlass3x_sm90_tensorop_s64x128x16gemm_f16_f16_f32_f16_f16_128x128x64_1x2x1_0_nnn_align8_warpspecialized_cooperative_epi_tma,passed,success,universal,1536,1024,4096,f16:column,f16:column,f16:column,f16:column,1,0,serial,4,1,heuristic,invalid,invalid,false,false,1,tensorop,f32,128,128,64,1,2,1,0,0,0,6,4,2,1,64,128,16,90,90,24117248,12888047616,534,0.0255696,878.423,504038
44,CUTLASS,gemm,cutlass3x_sm90_tensorop_s64x128x16gemm_f16_f16_f32_f16_f16_128x128x64_1x2x1_0_nnn_align8_stream_k_warpspecialized_cooperative_epi_nosmem,passed,success,universal,1536,1024,4096,f16:column,f16:column,f16:column,f16:column,1,0,serial,4,1,heuristic,invalid,invalid,false,false,1,tensorop,f32,128,128,64,1,2,1,0,0,0,7,4,2,1,64,128,16,90,90,24117248,12888047616,534,0.0379264,592.224,339817
44,CUTLASS,gemm,cutlass3x_sm90_tensorop_s64x128x16gemm_f16_f16_f32_f16_f16_128x128x64_1x2x1_0_nnn_align8_stream_k_warpspecialized_cooperative_epi_tma,passed,success,universal,1536,1024,4096,f16:column,f16:column,f16:column,f16:column,1,0,serial,4,1,heuristic,invalid,invalid,false,false,1,tensorop,f32,128,128,64,1,2,1,0,0,0,6,4,2,1,64,128,16,90,90,24117248,12888047616,534,0.0374387,599.939,344244
44,CUTLASS,gemm,cutlass3x_sm90_tensorop_s64x128x16gemm_f16_f16_f32_f16_f16_128x128x64_2x1x1_0_nnn_align8,passed,success,universal,1536,1024,4096,f16:column,f16:column,f16:column,f16:column,1,0,serial,4,1,heuristic,invalid,invalid,false,false,1,tensorop,f32,128,128,64,2,1,1,0,0,0,7,4,2,1,64,128,16,90,90,24117248,12888047616,534,0.030248,742.559,426079
44,CUTLASS,gemm,cutlass3x_sm90_tensorop_s64x128x16gemm_f16_f16_f32_f16_f16_128x128x64_2x1x1_0_nnn_align8_warpspecialized_epi_nosmem,passed,success,universal,1536,1024,4096,f16:column,f16:column,f16:column,f16:column,1,0,serial,4,1,heuristic,invalid,invalid,false,false,1,tensorop,f32,128,128,64,2,1,1,0,0,0,7,4,1,1,64,128,16,90,90,24117248,12888047616,534,0.0275667,814.785,467522
44,CUTLASS,gemm,cutlass3x_sm90_tensorop_s64x128x16gemm_f16_f16_f32_f16_f16_128x128x64_2x1x1_0_nnn_align8_warpspecialized_pingpong_epi_tma,passed,success,universal,1536,1024,4096,f16:column,f16:column,f16:column,f16:column,1,0,serial,4,1,heuristic,invalid,invalid,false,false,1,tensorop,f32,128,128,64,2,1,1,0,0,0,6,4,1,1,64,128,16,90,90,24117248,12888047616,534,0.0272045,825.634,473747
44,CUTLASS,gemm,cutlass3x_sm90_tensorop_s64x128x16gemm_f16_f16_f32_f16_f16_128x128x64_2x1x1_0_nnn_align8_warpspecialized_pingpong_epi_nosmem,passed,success,universal,1536,1024,4096,f16:column,f16:column,f16:column,f16:column,1,0,serial,4,1,heuristic,invalid,invalid,false,false,1,tensorop,f32,128,128,64,2,1,1,0,0,0,7,4,1,1,64,128,16,90,90,24117248,12888047616,534,0.0298534,752.374,431711
44,CUTLASS,gemm,cutlass3x_sm90_tensorop_s64x128x16gemm_f16_f16_f32_f16_f16_128x128x64_2x1x1_0_nnn_align8_warpspecialized_cooperative_epi_nosmem,passed,success,universal,1536,1024,4096,f16:column,f16:column,f16:column,f16:column,1,0,serial,4,1,heuristic,invalid,invalid,false,false,1,tensorop,f32,128,128,64,2,1,1,0,0,0,7,4,2,1,64,128,16,90,90,24117248,12888047616,534,0.029831,752.938,432035
44,CUTLASS,gemm,cutlass3x_sm90_tensorop_s64x128x16gemm_f16_f16_f32_f16_f16_128x128x64_2x1x1_0_nnn_align8_warpspecialized_cooperative_epi_tma,passed,success,universal,1536,1024,4096,f16:column,f16:column,f16:column,f16:column,1,0,serial,4,1,heuristic,invalid,invalid,false,false,1,tensorop,f32,128,128,64,2,1,1,0,0,0,6,4,2,1,64,128,16,90,90,24117248,12888047616,534,0.0262438,855.856,491088
44,CUTLASS,gemm,cutlass3x_sm90_tensorop_s64x128x16gemm_f16_f16_f32_f16_f16_128x128x64_2x1x1_0_nnn_align8_stream_k_warpspecialized_cooperative_epi_nosmem,passed,success,universal,1536,1024,4096,f16:column,f16:column,f16:column,f16:column,1,0,serial,4,1,heuristic,invalid,invalid,false,false,1,tensorop,f32,128,128,64,2,1,1,0,0,0,7,4,2,1,64,128,16,90,90,24117248,12888047616,534,0.038999,575.936,330471
44,CUTLASS,gemm,cutlass3x_sm90_tensorop_s64x128x16gemm_f16_f16_f32_f16_f16_128x128x64_2x1x1_0_nnn_align8_stream_k_warpspecialized_cooperative_epi_tma,passed,success,universal,1536,1024,4096,f16:column,f16:column,f16:column,f16:column,1,0,serial,4,1,heuristic,invalid,invalid,false,false,1,tensorop,f32,128,128,64,2,1,1,0,0,0,6,4,2,1,64,128,16,90,90,24117248,12888047616,534,0.038096,589.588,338304
45,CUTLASS,gemm,cutlass_tensorop_f16_s1688gemm_f16_256x128_32x2_nn_align8,passed,success,universal,1664,1024,4096,f16:column,f16:column,f16:column,f16:column,1,0,serial,4,1,heuristic,invalid,invalid,false,false,1,tensorop,f32,256,128,32,1,1,1,0,0,0,2,4,2,1,16,8,8,75,1024,25427968,13962051584,549,0.0944563,250.715,147815
45,CUTLASS,gemm,cutlass_tensorop_f16_s16816gemm_f16_256x128_32x3_nn_align8,passed,success,universal,1664,1024,4096,f16:column,f16:column,f16:column,f16:column,1,0,serial,4,1,heuristic,invalid,invalid,false,false,1,tensorop,f32,256,128,32,1,1,1,0,0,0,3,4,2,1,16,8,16,80,1024,25427968,13962051584,549,0.0511693,462.81,272860
45,CUTLASS,gemm,cutlass3x_sm90_tensorop_s64x128x16gemm_f16_f16_f32_f16_f16_128x128x64_1x2x1_0_nnn_align8,passed,success,universal,1664,1024,4096,f16:column,f16:column,f16:column,f16:column,1,0,serial,4,1,heuristic,invalid,invalid,false,false,1,tensorop,f32,128,128,64,1,2,1,0,0,0,7,4,2,1,64,128,16,90,90,25427968,13962051584,549,0.0287872,822.645,485009
45,CUTLASS,gemm,cutlass3x_sm90_tensorop_s64x128x16gemm_f16_f16_f32_f16_f16_128x128x64_1x2x1_0_nnn_align8_warpspecialized_epi_nosmem,passed,success,universal,1664,1024,4096,f16:column,f16:column,f16:column,f16:column,1,0,serial,4,1,heuristic,invalid,invalid,false,false,1,tensorop,f32,128,128,64,1,2,1,0,0,0,7,4,1,1,64,128,16,90,90,25427968,13962051584,549,0.0275162,860.645,507413
45,CUTLASS,gemm,cutlass3x_sm90_tensorop_s64x128x16gemm_f16_f16_f32_f16_f16_128x128x64_1x2x1_0_nnn_align8_warpspecialized_pingpong_epi_tma,passed,success,universal,1664,1024,4096,f16:column,f16:column,f16:column,f16:column,1,0,serial,4,1,heuristic,invalid,invalid,false,false,1,tensorop,f32,128,128,64,1,2,1,0,0,0,6,4,1,1,64,128,16,90,90,25427968,13962051584,549,0.0265667,891.402,525547
45,CUTLASS,gemm,cutlass3x_sm90_tensorop_s64x128x16gemm_f16_f16_f32_f16_f16_128x128x64_1x2x1_0_nnn_align8_warpspecialized_pingpong_epi_nosmem,passed,success,universal,1664,1024,4096,f16:column,f16:column,f16:column,f16:column,1,0,serial,4,1,heuristic,invalid,invalid,false,false,1,tensorop,f32,128,128,64,1,2,1,0,0,0,7,4,1,1,64,128,16,90,90,25427968,13962051584,549,0.0285648,829.05,488785
45,CUTLASS,gemm,cutlass3x_sm90_tensorop_s64x128x16gemm_f16_f16_f32_f16_f16_128x128x64_1x2x1_0_nnn_align8_warpspecialized_cooperative_epi_nosmem,passed,success,universal,1664,1024,4096,f16:column,f16:column,f16:column,f16:column,1,0,serial,4,1,heuristic,invalid,invalid,false,false,1,tensorop,f32,128,128,64,1,2,1,0,0,0,7,4,2,1,64,128,16,90,90,25427968,13962051584,549,0.0285613,829.152,488845
45,CUTLASS,gemm,cutlass3x_sm90_tensorop_s64x128x16gemm_f16_f16_f32_f16_f16_128x128x64_1x2x1_0_nnn_align8_warpspecialized_cooperative_epi_tma,passed,success,universal,1664,1024,4096,f16:column,f16:column,f16:column,f16:column,1,0,serial,4,1,heuristic,invalid,invalid,false,false,1,tensorop,f32,128,128,64,1,2,1,0,0,0,6,4,2,1,64,128,16,90,90,25427968,13962051584,549,0.0258822,914.976,539445
45,CUTLASS,gemm,cutlass3x_sm90_tensorop_s64x128x16gemm_f16_f16_f32_f16_f16_128x128x64_1x2x1_0_nnn_align8_stream_k_warpspecialized_cooperative_epi_nosmem,passed,success,universal,1664,1024,4096,f16:column,f16:column,f16:column,f16:column,1,0,serial,4,1,heuristic,invalid,invalid,false,false,1,tensorop,f32,128,128,64,1,2,1,0,0,0,7,4,2,1,64,128,16,90,90,25427968,13962051584,549,0.0443107,534.445,315094
45,CUTLASS,gemm,cutlass3x_sm90_tensorop_s64x128x16gemm_f16_f16_f32_f16_f16_128x128x64_1x2x1_0_nnn_align8_stream_k_warpspecialized_cooperative_epi_tma,passed,success,universal,1664,1024,4096,f16:column,f16:column,f16:column,f16:column,1,0,serial,4,1,heuristic,invalid,invalid,false,false,1,tensorop,f32,128,128,64,1,2,1,0,0,0,6,4,2,1,64,128,16,90,90,25427968,13962051584,549,0.0434413,545.141,321401
45,CUTLASS,gemm,cutlass3x_sm90_tensorop_s64x128x16gemm_f16_f16_f32_f16_f16_128x128x64_2x1x1_0_nnn_align8,passed,success,universal,1664,1024,4096,f16:column,f16:column,f16:column,f16:column,1,0,serial,4,1,heuristic,invalid,invalid,false,false,1,tensorop,f32,128,128,64,2,1,1,0,0,0,7,4,2,1,64,128,16,90,90,25427968,13962051584,549,0.0355434,666.275,392817
45,CUTLASS,gemm,cutlass3x_sm90_tensorop_s64x128x16gemm_f16_f16_f32_f16_f16_128x128x64_2x1x1_0_nnn_align8_warpspecialized_epi_nosmem,passed,success,universal,1664,1024,4096,f16:column,f16:column,f16:column,f16:column,1,0,serial,4,1,heuristic,invalid,invalid,false,false,1,tensorop,f32,128,128,64,2,1,1,0,0,0,7,4,1,1,64,128,16,90,90,25427968,13962051584,549,0.0366374,646.378,381087
45,CUTLASS,gemm,cutlass3x_sm90_tensorop_s64x128x16gemm_f16_f16_f32_f16_f16_128x128x64_2x1x1_0_nnn_align8_warpspecialized_pingpong_epi_tma,passed,success,universal,1664,1024,4096,f16:column,f16:column,f16:column,f16:column,1,0,serial,4,1,heuristic,invalid,invalid,false,false,1,tensorop,f32,128,128,64,2,1,1,0,0,0,6,4,1,1,64,128,16,90,90,25427968,13962051584,549,0.0342544,691.346,407599
45,CUTLASS,gemm,cutlass3x_sm90_tensorop_s64x128x16gemm_f16_f16_f32_f16_f16_128x128x64_2x1x1_0_nnn_align8_warpspecialized_pingpong_epi_nosmem,passed,success,universal,1664,1024,4096,f16:column,f16:column,f16:column,f16:column,1,0,serial,4,1,heuristic,invalid,invalid,false,false,1,tensorop,f32,128,128,64,2,1,1,0,0,0,7,4,1,1,64,128,16,90,90,25427968,13962051584,549,0.0354637,667.772,393700
45,CUTLASS,gemm,cutlass3x_sm90_tensorop_s64x128x16gemm_f16_f16_f32_f16_f16_128x128x64_2x1x1_0_nnn_align8_warpspecialized_cooperative_epi_nosmem,passed,success,universal,1664,1024,4096,f16:column,f16:column,f16:column,f16:column,1,0,serial,4,1,heuristic,invalid,invalid,false,false,1,tensorop,f32,128,128,64,2,1,1,0,0,0,7,4,2,1,64,128,16,90,90,25427968,13962051584,549,0.0355462,666.221,392786
45,CUTLASS,gemm,cutlass3x_sm90_tensorop_s64x128x16gemm_f16_f16_f32_f16_f16_128x128x64_2x1x1_0_nnn_align8_warpspecialized_cooperative_epi_tma,passed,success,universal,1664,1024,4096,f16:column,f16:column,f16:column,f16:column,1,0,serial,4,1,heuristic,invalid,invalid,false,false,1,tensorop,f32,128,128,64,2,1,1,0,0,0,6,4,2,1,64,128,16,90,90,25427968,13962051584,549,0.033751,701.657,413678
45,CUTLASS,gemm,cutlass3x_sm90_tensorop_s64x128x16gemm_f16_f16_f32_f16_f16_128x128x64_2x1x1_0_nnn_align8_stream_k_warpspecialized_cooperative_epi_nosmem,passed,success,universal,1664,1024,4096,f16:column,f16:column,f16:column,f16:column,1,0,serial,4,1,heuristic,invalid,invalid,false,false,1,tensorop,f32,128,128,64,2,1,1,0,0,0,7,4,2,1,64,128,16,90,90,25427968,13962051584,549,0.0467299,506.777,298782
45,CUTLASS,gemm,cutlass3x_sm90_tensorop_s64x128x16gemm_f16_f16_f32_f16_f16_128x128x64_2x1x1_0_nnn_align8_stream_k_warpspecialized_cooperative_epi_tma,passed,success,universal,1664,1024,4096,f16:column,f16:column,f16:column,f16:column,1,0,serial,4,1,heuristic,invalid,invalid,false,false,1,tensorop,f32,128,128,64,2,1,1,0,0,0,6,4,2,1,64,128,16,90,90,25427968,13962051584,549,0.0460214,514.578,303381
46,CUTLASS,gemm,cutlass_tensorop_f16_s1688gemm_f16_256x128_32x2_nn_align8,passed,success,universal,1792,1024,4096,f16:column,f16:column,f16:column,f16:column,1,0,serial,4,1,heuristic,invalid,invalid,false,false,1,tensorop,f32,256,128,32,1,1,1,0,0,0,2,4,2,1,16,8,8,75,1024,26738688,15036055552,562,0.0943686,263.884,159333
46,CUTLASS,gemm,cutlass_tensorop_f16_s16816gemm_f16_256x128_32x3_nn_align8,passed,success,universal,1792,1024,4096,f16:column,f16:column,f16:column,f16:column,1,0,serial,4,1,heuristic,invalid,invalid,false,false,1,tensorop,f32,256,128,32,1,1,1,0,0,0,3,4,2,1,16,8,16,80,1024,26738688,15036055552,562,0.0513411,485.037,292866
46,CUTLASS,gemm,cutlass3x_sm90_tensorop_s64x128x16gemm_f16_f16_f32_f16_f16_128x128x64_1x2x1_0_nnn_align8,passed,success,universal,1792,1024,4096,f16:column,f16:column,f16:column,f16:column,1,0,serial,4,1,heuristic,invalid,invalid,false,false,1,tensorop,f32,128,128,64,1,2,1,0,0,0,7,4,2,1,64,128,16,90,90,26738688,15036055552,562,0.0288659,862.69,520893
46,CUTLASS,gemm,cutlass3x_sm90_tensorop_s64x128x16gemm_f16_f16_f32_f16_f16_128x128x64_1x2x1_0_nnn_align8_warpspecialized_epi_nosmem,passed,success,universal,1792,1024,4096,f16:column,f16:column,f16:column,f16:column,1,0,serial,4,1,heuristic,invalid,invalid,false,false,1,tensorop,f32,128,128,64,1,2,1,0,0,0,7,4,1,1,64,128,16,90,90,26738688,15036055552,562,0.0300957,827.439,499608
46,CUTLASS,gemm,cutlass3x_sm90_tensorop_s64x128x16gemm_f16_f16_f32_f16_f16_128x128x64_1x2x1_0_nnn_align8_warpspecialized_pingpong_epi_tma,passed,success,universal,1792,1024,4096,f16:column,f16:column,f16:column,f16:column,1,0,serial,4,1,heuristic,invalid,invalid,false,false,1,tensorop,f32,128,128,64,1,2,1,0,0,0,6,4,1,1,64,128,16,90,90,26738688,15036055552,562,0.0263008,946.828,571696
46,CUTLASS,gemm,cutlass3x_sm90_tensorop_s64x128x16gemm_f16_f16_f32_f16_f16_128x128x64_1x2x1_0_nnn_align8_warpspecialized_pingpong_epi_nosmem,passed,success,universal,1792,1024,4096,f16:column,f16:column,f16:column,f16:column,1,0,serial,4,1,heuristic,invalid,invalid,false,false,1,tensorop,f32,128,128,64,1,2,1,0,0,0,7,4,1,1,64,128,16,90,90,26738688,15036055552,562,0.0294989,844.179,509716
46,CUTLASS,gemm,cutlass3x_sm90_tensorop_s64x128x16gemm_f16_f16_f32_f16_f16_128x128x64_1x2x1_0_nnn_align8_warpspecialized_cooperative_epi_nosmem,passed,success,universal,1792,1024,4096,f16:column,f16:column,f16:column,f16:column,1,0,serial,4,1,heuristic,invalid,invalid,false,false,1,tensorop,f32,128,128,64,1,2,1,0,0,0,7,4,2,1,64,128,16,90,90,26738688,15036055552,562,0.0292125,852.456,514713
46,CUTLASS,gemm,cutlass3x_sm90_tensorop_s64x128x16gemm_f16_f16_f32_f16_f16_128x128x64_1x2x1_0_nnn_align8_warpspecialized_cooperative_epi_tma,passed,success,universal,1792,1024,4096,f16:column,f16:column,f16:column,f16:column,1,0,serial,4,1,heuristic,invalid,invalid,false,false,1,tensorop,f32,128,128,64,1,2,1,0,0,0,6,4,2,1,64,128,16,90,90,26738688,15036055552,562,0.0255984,972.809,587383
46,CUTLASS,gemm,cutlass3x_sm90_tensorop_s64x128x16gemm_f16_f16_f32_f16_f16_128x128x64_1x2x1_0_nnn_align8_stream_k_warpspecialized_cooperative_epi_nosmem,passed,success,universal,1792,1024,4096,f16:column,f16:column,f16:column,f16:column,1,0,serial,4,1,heuristic,invalid,invalid,false,false,1,tensorop,f32,128,128,64,1,2,1,0,0,0,7,4,2,1,64,128,16,90,90,26738688,15036055552,562,0.0451155,551.968,333279
46,CUTLASS,gemm,cutlass3x_sm90_tensorop_s64x128x16gemm_f16_f16_f32_f16_f16_128x128x64_1x2x1_0_nnn_align8_stream_k_warpspecialized_cooperative_epi_tma,passed,success,universal,1792,1024,4096,f16:column,f16:column,f16:column,f16:column,1,0,serial,4,1,heuristic,invalid,invalid,false,false,1,tensorop,f32,128,128,64,1,2,1,0,0,0,6,4,2,1,64,128,16,90,90,26738688,15036055552,562,0.044175,563.72,340374
46,CUTLASS,gemm,cutlass3x_sm90_tensorop_s64x128x16gemm_f16_f16_f32_f16_f16_128x128x64_2x1x1_0_nnn_align8,passed,success,universal,1792,1024,4096,f16:column,f16:column,f16:column,f16:column,1,0,serial,4,1,heuristic,invalid,invalid,false,false,1,tensorop,f32,128,128,64,2,1,1,0,0,0,7,4,2,1,64,128,16,90,90,26738688,15036055552,562,0.0324048,768.477,464007
46,CUTLASS,gemm,cutlass3x_sm90_tensorop_s64x128x16gemm_f16_f16_f32_f16_f16_128x128x64_2x1x1_0_nnn_align8_warpspecialized_epi_nosmem,passed,success,universal,1792,1024,4096,f16:column,f16:column,f16:column,f16:column,1,0,serial,4,1,heuristic,invalid,invalid,false,false,1,tensorop,f32,128,128,64,2,1,1,0,0,0,7,4,1,1,64,128,16,90,90,26738688,15036055552,562,0.0310829,801.159,483741
46,CUTLASS,gemm,cutlass3x_sm90_tensorop_s64x128x16gemm_f16_f16_f32_f16_f16_128x128x64_2x1x1_0_nnn_align8_warpspecialized_pingpong_epi_tma,passed,success,universal,1792,1024,4096,f16:column,f16:column,f16:column,f16:column,1,0,serial,4,1,heuristic,invalid,invalid,false,false,1,tensorop,f32,128,128,64,2,1,1,0,0,0,6,4,1,1,64,128,16,90,90,26738688,15036055552,562,0.0306678,812.002,490287
46,CUTLASS,gemm,cutlass3x_sm90_tensorop_s64x128x16gemm_f16_f16_f32_f16_f16_128x128x64_2x1x1_0_nnn_align8_warpspecialized_pingpong_epi_nosmem,passed,success,universal,1792,1024,4096,f16:column,f16:column,f16:column,f16:column,1,0,serial,4,1,heuristic,invalid,invalid,false,false,1,tensorop,f32,128,128,64,2,1,1,0,0,0,7,4,1,1,64,128,16,90,90,26738688,15036055552,562,0.0330899,752.566,454400
46,CUTLASS,gemm,cutlass3x_sm90_tensorop_s64x128x16gemm_f16_f16_f32_f16_f16_128x128x64_2x1x1_0_nnn_align8_warpspecialized_cooperative_epi_nosmem,passed,success,universal,1792,1024,4096,f16:column,f16:column,f16:column,f16:column,1,0,serial,4,1,heuristic,invalid,invalid,false,false,1,tensorop,f32,128,128,64,2,1,1,0,0,0,7,4,2,1,64,128,16,90,90,26738688,15036055552,562,0.0330266,754.01,455272
46,CUTLASS,gemm,cutlass3x_sm90_tensorop_s64x128x16gemm_f16_f16_f32_f16_f16_128x128x64_2x1x1_0_nnn_align8_warpspecialized_cooperative_epi_tma,passed,success,universal,1792,1024,4096,f16:column,f16:column,f16:column,f16:column,1,0,serial,4,1,heuristic,invalid,invalid,false,false,1,tensorop,f32,128,128,64,2,1,1,0,0,0,6,4,2,1,64,128,16,90,90,26738688,15036055552,562,0.0299194,832.315,502553
46,CUTLASS,gemm,cutlass3x_sm90_tensorop_s64x128x16gemm_f16_f16_f32_f16_f16_128x128x64_2x1x1_0_nnn_align8_stream_k_warpspecialized_cooperative_epi_nosmem,passed,success,universal,1792,1024,4096,f16:column,f16:column,f16:column,f16:column,1,0,serial,4,1,heuristic,invalid,invalid,false,false,1,tensorop,f32,128,128,64,2,1,1,0,0,0,7,4,2,1,64,128,16,90,90,26738688,15036055552,562,0.0464563,536.038,323660
46,CUTLASS,gemm,cutlass3x_sm90_tensorop_s64x128x16gemm_f16_f16_f32_f16_f16_128x128x64_2x1x1_0_nnn_align8_stream_k_warpspecialized_cooperative_epi_tma,passed,success,universal,1792,1024,4096,f16:column,f16:column,f16:column,f16:column,1,0,serial,4,1,heuristic,invalid,invalid,false,false,1,tensorop,f32,128,128,64,2,1,1,0,0,0,6,4,2,1,64,128,16,90,90,26738688,15036055552,562,0.0455082,547.206,330404
47,CUTLASS,gemm,cutlass_tensorop_f16_s1688gemm_f16_256x128_32x2_nn_align8,passed,success,universal,1920,1024,4096,f16:column,f16:column,f16:column,f16:column,1,0,serial,4,1,heuristic,invalid,invalid,false,false,1,tensorop,f32,256,128,32,1,1,1,0,0,0,2,4,2,1,16,8,8,75,1024,28049408,16110059520,574,0.0951674,274.496,169281
47,CUTLASS,gemm,cutlass_tensorop_f16_s16816gemm_f16_256x128_32x3_nn_align8,passed,success,universal,1920,1024,4096,f16:column,f16:column,f16:column,f16:column,1,0,serial,4,1,heuristic,invalid,invalid,false,false,1,tensorop,f32,256,128,32,1,1,1,0,0,0,3,4,2,1,16,8,16,80,1024,28049408,16110059520,574,0.0517939,504.365,311042
47,CUTLASS,gemm,cutlass3x_sm90_tensorop_s64x128x16gemm_f16_f16_f32_f16_f16_128x128x64_1x2x1_0_nnn_align8,passed,success,universal,1920,1024,4096,f16:column,f16:column,f16:column,f16:column,1,0,serial,4,1,heuristic,invalid,invalid,false,false,1,tensorop,f32,128,128,64,1,2,1,0,0,0,7,4,2,1,64,128,16,90,90,28049408,16110059520,574,0.0294704,886.416,546652
47,CUTLASS,gemm,cutlass3x_sm90_tensorop_s64x128x16gemm_f16_f16_f32_f16_f16_128x128x64_1x2x1_0_nnn_align8_warpspecialized_epi_nosmem,passed,success,universal,1920,1024,4096,f16:column,f16:column,f16:column,f16:column,1,0,serial,4,1,heuristic,invalid,invalid,false,false,1,tensorop,f32,128,128,64,1,2,1,0,0,0,7,4,1,1,64,128,16,90,90,28049408,16110059520,574,0.0306746,851.619,525193
47,CUTLASS,gemm,cutlass3x_sm90_tensorop_s64x128x16gemm_f16_f16_f32_f16_f16_128x128x64_1x2x1_0_nnn_align8_warpspecialized_pingpong_epi_tma,passed,success,universal,1920,1024,4096,f16:column,f16:column,f16:column,f16:column,1,0,serial,4,1,heuristic,invalid,invalid,false,false,1,tensorop,f32,128,128,64,1,2,1,0,0,0,6,4,1,1,64,128,16,90,90,28049408,16110059520,574,0.0272749,957.769,590656
47,CUTLASS,gemm,cutlass3x_sm90_tensorop_s64x128x16gemm_f16_f16_f32_f16_f16_128x128x64_1x2x1_0_nnn_align8_warpspecialized_pingpong_epi_nosmem,passed,success,universal,1920,1024,4096,f16:column,f16:column,f16:column,f16:column,1,0,serial,4,1,heuristic,invalid,invalid,false,false,1,tensorop,f32,128,128,64,1,2,1,0,0,0,7,4,1,1,64,128,16,90,90,28049408,16110059520,574,0.029239,893.43,550978
47,CUTLASS,gemm,cutlass3x_sm90_tensorop_s64x128x16gemm_f16_f16_f32_f16_f16_128x128x64_1x2x1_0_nnn_align8_warpspecialized_cooperative_epi_nosmem,passed,success,universal,1920,1024,4096,f16:column,f16:column,f16:column,f16:column,1,0,serial,4,1,heuristic,invalid,invalid,false,false,1,tensorop,f32,128,128,64,1,2,1,0,0,0,7,4,2,1,64,128,16,90,90,28049408,16110059520,574,0.0291968,894.723,551775
47,CUTLASS,gemm,cutlass3x_sm90_tensorop_s64x128x16gemm_f16_f16_f32_f16_f16_128x128x64_1x2x1_0_nnn_align8_warpspecialized_cooperative_epi_tma,passed,success,universal,1920,1024,4096,f16:column,f16:column,f16:column,f16:column,1,0,serial,4,1,heuristic,invalid,invalid,false,false,1,tensorop,f32,128,128,64,1,2,1,0,0,0,6,4,2,1,64,128,16,90,90,28049408,16110059520,574,0.0269328,969.934,598158
47,CUTLASS,gemm,cutlass3x_sm90_tensorop_s64x128x16gemm_f16_f16_f32_f16_f16_128x128x64_1x2x1_0_nnn_align8_stream_k_warpspecialized_cooperative_epi_nosmem,passed,success,universal,1920,1024,4096,f16:column,f16:column,f16:column,f16:column,1,0,serial,4,1,heuristic,invalid,invalid,false,false,1,tensorop,f32,128,128,64,1,2,1,0,0,0,7,4,2,1,64,128,16,90,90,28049408,16110059520,574,0.0462598,564.702,348252
47,CUTLASS,gemm,cutlass3x_sm90_tensorop_s64x128x16gemm_f16_f16_f32_f16_f16_128x128x64_1x2x1_0_nnn_align8_stream_k_warpspecialized_cooperative_epi_tma,passed,success,universal,1920,1024,4096,f16:column,f16:column,f16:column,f16:column,1,0,serial,4,1,heuristic,invalid,invalid,false,false,1,tensorop,f32,128,128,64,1,2,1,0,0,0,6,4,2,1,64,128,16,90,90,28049408,16110059520,574,0.0456397,572.376,352984
47,CUTLASS,gemm,cutlass3x_sm90_tensorop_s64x128x16gemm_f16_f16_f32_f16_f16_128x128x64_2x1x1_0_nnn_align8,passed,success,universal,1920,1024,4096,f16:column,f16:column,f16:column,f16:column,1,0,serial,4,1,heuristic,invalid,invalid,false,false,1,tensorop,f32,128,128,64,2,1,1,0,0,0,7,4,2,1,64,128,16,90,90,28049408,16110059520,574,0.0384515,679.376,418971
47,CUTLASS,gemm,cutlass3x_sm90_tensorop_s64x128x16gemm_f16_f16_f32_f16_f16_128x128x64_2x1x1_0_nnn_align8_warpspecialized_epi_nosmem,passed,success,universal,1920,1024,4096,f16:column,f16:column,f16:column,f16:column,1,0,serial,4,1,heuristic,invalid,invalid,false,false,1,tensorop,f32,128,128,64,2,1,1,0,0,0,7,4,1,1,64,128,16,90,90,28049408,16110059520,574,0.0373354,699.686,431496
47,CUTLASS,gemm,cutlass3x_sm90_tensorop_s64x128x16gemm_f16_f16_f32_f16_f16_128x128x64_2x1x1_0_nnn_align8_warpspecialized_pingpong_epi_tma,passed,success,universal,1920,1024,4096,f16:column,f16:column,f16:column,f16:column,1,0,serial,4,1,heuristic,invalid,invalid,false,false,1,tensorop,f32,128,128,64,2,1,1,0,0,0,6,4,1,1,64,128,16,90,90,28049408,16110059520,574,0.0372867,700.599,432059
47,CUTLASS,gemm,cutlass3x_sm90_tensorop_s64x128x16gemm_f16_f16_f32_f16_f16_128x128x64_2x1x1_0_nnn_align8_warpspecialized_pingpong_epi_nosmem,passed,success,universal,1920,1024,4096,f16:column,f16:column,f16:column,f16:column,1,0,serial,4,1,heuristic,invalid,invalid,false,false,1,tensorop,f32,128,128,64,2,1,1,0,0,0,7,4,1,1,64,128,16,90,90,28049408,16110059520,574,0.038529,678.011,418129
47,CUTLASS,gemm,cutlass3x_sm90_tensorop_s64x128x16gemm_f16_f16_f32_f16_f16_128x128x64_2x1x1_0_nnn_align8_warpspecialized_cooperative_epi_nosmem,passed,success,universal,1920,1024,4096,f16:column,f16:column,f16:column,f16:column,1,0,serial,4,1,heuristic,invalid,invalid,false,false,1,tensorop,f32,128,128,64,2,1,1,0,0,0,7,4,2,1,64,128,16,90,90,28049408,16110059520,574,0.0387302,674.487,415956
47,CUTLASS,gemm,cutlass3x_sm90_tensorop_s64x128x16gemm_f16_f16_f32_f16_f16_128x128x64_2x1x1_0_nnn_align8_warpspecialized_cooperative_epi_tma,passed,success,universal,1920,1024,4096,f16:column,f16:column,f16:column,f16:column,1,0,serial,4,1,heuristic,invalid,invalid,false,false,1,tensorop,f32,128,128,64,2,1,1,0,0,0,6,4,2,1,64,128,16,90,90,28049408,16110059520,574,0.0365421,714.876,440863
47,CUTLASS,gemm,cutlass3x_sm90_tensorop_s64x128x16gemm_f16_f16_f32_f16_f16_128x128x64_2x1x1_0_nnn_align8_stream_k_warpspecialized_cooperative_epi_nosmem,passed,success,universal,1920,1024,4096,f16:column,f16:column,f16:column,f16:column,1,0,serial,4,1,heuristic,invalid,invalid,false,false,1,tensorop,f32,128,128,64,2,1,1,0,0,0,7,4,2,1,64,128,16,90,90,28049408,16110059520,574,0.0495802,526.885,324930
47,CUTLASS,gemm,cutlass3x_sm90_tensorop_s64x128x16gemm_f16_f16_f32_f16_f16_128x128x64_2x1x1_0_nnn_align8_stream_k_warpspecialized_cooperative_epi_tma,passed,success,universal,1920,1024,4096,f16:column,f16:column,f16:column,f16:column,1,0,serial,4,1,heuristic,invalid,invalid,false,false,1,tensorop,f32,128,128,64,2,1,1,0,0,0,6,4,2,1,64,128,16,90,90,28049408,16110059520,574,0.0487834,535.491,330237
48,CUTLASS,gemm,cutlass_tensorop_f16_s1688gemm_f16_256x128_32x2_nn_align8,passed,success,universal,2048,1024,4096,f16:column,f16:column,f16:column,f16:column,1,0,serial,4,1,heuristic,invalid,invalid,false,false,1,tensorop,f32,256,128,32,1,1,1,0,0,0,2,4,2,1,16,8,8,75,1024,29360128,17184063488,585,0.094703,288.732,181452
48,CUTLASS,gemm,cutlass_tensorop_f16_s16816gemm_f16_256x128_32x3_nn_align8,passed,success,universal,2048,1024,4096,f16:column,f16:column,f16:column,f16:column,1,0,serial,4,1,heuristic,invalid,invalid,false,false,1,tensorop,f32,256,128,32,1,1,1,0,0,0,3,4,2,1,16,8,16,80,1024,29360128,17184063488,585,0.0519862,525.981,330550
48,CUTLASS,gemm,cutlass3x_sm90_tensorop_s64x128x16gemm_f16_f16_f32_f16_f16_128x128x64_1x2x1_0_nnn_align8,passed,success,universal,2048,1024,4096,f16:column,f16:column,f16:column,f16:column,1,0,serial,4,1,heuristic,invalid,invalid,false,false,1,tensorop,f32,128,128,64,1,2,1,0,0,0,7,4,2,1,64,128,16,90,90,29360128,17184063488,585,0.0296467,922.32,579628
48,CUTLASS,gemm,cutlass3x_sm90_tensorop_s64x128x16gemm_f16_f16_f32_f16_f16_128x128x64_1x2x1_0_nnn_align8_warpspecialized_epi_nosmem,passed,success,universal,2048,1024,4096,f16:column,f16:column,f16:column,f16:column,1,0,serial,4,1,heuristic,invalid,invalid,false,false,1,tensorop,f32,128,128,64,1,2,1,0,0,0,7,4,1,1,64,128,16,90,90,29360128,17184063488,585,0.0304627,897.614,564101
48,CUTLASS,gemm,cutlass3x_sm90_tensorop_s64x128x16gemm_f16_f16_f32_f16_f16_128x128x64_1x2x1_0_nnn_align8_warpspecialized_pingpong_epi_tma,passed,success,universal,2048,1024,4096,f16:column,f16:column,f16:column,f16:column,1,0,serial,4,1,heuristic,invalid,invalid,false,false,1,tensorop,f32,128,128,64,1,2,1,0,0,0,6,4,1,1,64,128,16,90,90,29360128,17184063488,585,0.0291565,937.828,589374
48,CUTLASS,gemm,cutlass3x_sm90_tensorop_s64x128x16gemm_f16_f16_f32_f16_f16_128x128x64_1x2x1_0_nnn_align8_warpspecialized_pingpong_epi_nosmem,passed,success,universal,2048,1024,4096,f16:column,f16:column,f16:column,f16:column,1,0,serial,4,1,heuristic,invalid,invalid,false,false,1,tensorop,f32,128,128,64,1,2,1,0,0,0,7,4,1,1,64,128,16,90,90,29360128,17184063488,585,0.0292746,934.045,586996
48,CUTLASS,gemm,cutlass3x_sm90_tensorop_s64x128x16gemm_f16_f16_f32_f16_f16_128x128x64_1x2x1_0_nnn_align8_warpspecialized_cooperative_epi_nosmem,passed,success,universal,2048,1024,4096,f16:column,f16:column,f16:column,f16:column,1,0,serial,4,1,heuristic,invalid,invalid,false,false,1,tensorop,f32,128,128,64,1,2,1,0,0,0,7,4,2,1,64,128,16,90,90,29360128,17184063488,585,0.0292954,933.382,586580
48,CUTLASS,gemm,cutlass3x_sm90_tensorop_s64x128x16gemm_f16_f16_f32_f16_f16_128x128x64_1x2x1_0_nnn_align8_warpspecialized_cooperative_epi_tma,passed,success,universal,2048,1024,4096,f16:column,f16:column,f16:column,f16:column,1,0,serial,4,1,heuristic,invalid,invalid,false,false,1,tensorop,f32,128,128,64,1,2,1,0,0,0,6,4,2,1,64,128,16,90,90,29360128,17184063488,585,0.0279309,978.979,615235
48,CUTLASS,gemm,cutlass3x_sm90_tensorop_s64x128x16gemm_f16_f16_f32_f16_f16_128x128x64_1x2x1_0_nnn_align8_stream_k_warpspecialized_cooperative_epi_nosmem,passed,success,universal,2048,1024,4096,f16:column,f16:column,f16:column,f16:column,1,0,serial,4,1,heuristic,invalid,invalid,false,false,1,tensorop,f32,128,128,64,1,2,1,0,0,0,7,4,2,1,64,128,16,90,90,29360128,17184063488,585,0.0474006,576.865,362528
48,CUTLASS,gemm,cutlass3x_sm90_tensorop_s64x128x16gemm_f16_f16_f32_f16_f16_128x128x64_1x2x1_0_nnn_align8_stream_k_warpspecialized_cooperative_epi_tma,passed,success,universal,2048,1024,4096,f16:column,f16:column,f16:column,f16:column,1,0,serial,4,1,heuristic,invalid,invalid,false,false,1,tensorop,f32,128,128,64,1,2,1,0,0,0,6,4,2,1,64,128,16,90,90,29360128,17184063488,585,0.0473488,577.496,362925
48,CUTLASS,gemm,cutlass3x_sm90_tensorop_s64x128x16gemm_f16_f16_f32_f16_f16_128x128x64_2x1x1_0_nnn_align8,passed,success,universal,2048,1024,4096,f16:column,f16:column,f16:column,f16:column,1,0,serial,4,1,heuristic,invalid,invalid,false,false,1,tensorop,f32,128,128,64,2,1,1,0,0,0,7,4,2,1,64,128,16,90,90,29360128,17184063488,585,0.0329619,829.556,521331
48,CUTLASS,gemm,cutlass3x_sm90_tensorop_s64x128x16gemm_f16_f16_f32_f16_f16_128x128x64_2x1x1_0_nnn_align8_warpspecialized_epi_nosmem,passed,success,universal,2048,1024,4096,f16:column,f16:column,f16:column,f16:column,1,0,serial,4,1,heuristic,invalid,invalid,false,false,1,tensorop,f32,128,128,64,2,1,1,0,0,0,7,4,1,1,64,128,16,90,90,29360128,17184063488,585,0.0310112,881.738,554124
48,CUTLASS,gemm,cutlass3x_sm90_tensorop_s64x128x16gemm_f16_f16_f32_f16_f16_128x128x64_2x1x1_0_nnn_align8_warpspecialized_pingpong_epi_tma,passed,success,universal,2048,1024,4096,f16:column,f16:column,f16:column,f16:column,1,0,serial,4,1,heuristic,invalid,invalid,false,false,1,tensorop,f32,128,128,64,2,1,1,0,0,0,6,4,1,1,64,128,16,90,90,29360128,17184063488,585,0.0327011,836.172,525489
48,CUTLASS,gemm,cutlass3x_sm90_tensorop_s64x128x16gemm_f16_f16_f32_f16_f16_128x128x64_2x1x1_0_nnn_align8_warpspecialized_pingpong_epi_nosmem,passed,success,universal,2048,1024,4096,f16:column,f16:column,f16:column,f16:column,1,0,serial,4,1,heuristic,invalid,invalid,false,false,1,tensorop,f32,128,128,64,2,1,1,0,0,0,7,4,1,1,64,128,16,90,90,29360128,17184063488,585,0.0329062,830.959,522213
48,CUTLASS,gemm,cutlass3x_sm90_tensorop_s64x128x16gemm_f16_f16_f32_f16_f16_128x128x64_2x1x1_0_nnn_align8_warpspecialized_cooperative_epi_nosmem,passed,success,universal,2048,1024,4096,f16:column,f16:column,f16:column,f16:column,1,0,serial,4,1,heuristic,invalid,invalid,false,false,1,tensorop,f32,128,128,64,2,1,1,0,0,0,7,4,2,1,64,128,16,90,90,29360128,17184063488,585,0.0328195,833.155,523593
48,CUTLASS,gemm,cutlass3x_sm90_tensorop_s64x128x16gemm_f16_f16_f32_f16_f16_128x128x64_2x1x1_0_nnn_align8_warpspecialized_cooperative_epi_tma,passed,success,universal,2048,1024,4096,f16:column,f16:column,f16:column,f16:column,1,0,serial,4,1,heuristic,invalid,invalid,false,false,1,tensorop,f32,128,128,64,2,1,1,0,0,0,6,4,2,1,64,128,16,90,90,29360128,17184063488,585,0.0319008,857.149,538672
48,CUTLASS,gemm,cutlass3x_sm90_tensorop_s64x128x16gemm_f16_f16_f32_f16_f16_128x128x64_2x1x1_0_nnn_align8_stream_k_warpspecialized_cooperative_epi_nosmem,passed,success,universal,2048,1024,4096,f16:column,f16:column,f16:column,f16:column,1,0,serial,4,1,heuristic,invalid,invalid,false,false,1,tensorop,f32,128,128,64,2,1,1,0,0,0,7,4,2,1,64,128,16,90,90,29360128,17184063488,585,0.0496314,550.937,346234
48,CUTLASS,gemm,cutlass3x_sm90_tensorop_s64x128x16gemm_f16_f16_f32_f16_f16_128x128x64_2x1x1_0_nnn_align8_stream_k_warpspecialized_cooperative_epi_tma,passed,success,universal,2048,1024,4096,f16:column,f16:column,f16:column,f16:column,1,0,serial,4,1,heuristic,invalid,invalid,false,false,1,tensorop,f32,128,128,64,2,1,1,0,0,0,6,4,2,1,64,128,16,90,90,29360128,17184063488,585,0.0488845,559.354,351524
49,CUTLASS,gemm,cutlass_tensorop_f16_s1688gemm_f16_256x128_32x2_nn_align8,passed,success,universal,128,1024,4096,f16:column,f16:column,f16:column,f16:column,1,0,serial,8,1,heuristic,invalid,invalid,false,false,1,tensorop,f32,256,128,32,1,1,1,0,0,0,2,4,2,1,16,8,8,75,1024,9699328,1074003968,110,0.0497939,181.412,21569
49,CUTLASS,gemm,cutlass_tensorop_f16_s16816gemm_f16_256x128_32x3_nn_align8,passed,success,universal,128,1024,4096,f16:column,f16:column,f16:column,f16:column,1,0,serial,8,1,heuristic,invalid,invalid,false,false,1,tensorop,f32,256,128,32,1,1,1,0,0,0,3,4,2,1,16,8,16,80,1024,9699328,1074003968,110,0.039625,227.967,27104.2
49,CUTLASS,gemm,cutlass3x_sm90_tensorop_s64x128x16gemm_f16_f16_f32_f16_f16_128x128x64_1x2x1_0_nnn_align8,passed,success,universal,128,1024,4096,f16:column,f16:column,f16:column,f16:column,1,0,serial,8,1,heuristic,invalid,invalid,false,false,1,tensorop,f32,128,128,64,1,2,1,0,0,0,7,4,2,1,64,128,16,90,90,9699328,1074003968,110,0.0255171,354.006,42089.5
49,CUTLASS,gemm,cutlass3x_sm90_tensorop_s64x128x16gemm_f16_f16_f32_f16_f16_128x128x64_1x2x1_0_nnn_align8_warpspecialized_epi_nosmem,passed,success,universal,128,1024,4096,f16:column,f16:column,f16:column,f16:column,1,0,serial,8,1,heuristic,invalid,invalid,false,false,1,tensorop,f32,128,128,64,1,2,1,0,0,0,7,4,1,1,64,128,16,90,90,9699328,1074003968,110,0.0250877,360.065,42810
49,CUTLASS,gemm,cutlass3x_sm90_tensorop_s64x128x16gemm_f16_f16_f32_f16_f16_128x128x64_1x2x1_0_nnn_align8_warpspecialized_pingpong_epi_tma,passed,success,universal,128,1024,4096,f16:column,f16:column,f16:column,f16:column,1,0,serial,8,1,heuristic,invalid,invalid,false,false,1,tensorop,f32,128,128,64,1,2,1,0,0,0,6,4,1,1,64,128,16,90,90,9699328,1074003968,110,0.0254922,354.352,42130.8
49,CUTLASS,gemm,cutlass3x_sm90_tensorop_s64x128x16gemm_f16_f16_f32_f16_f16_128x128x64_1x2x1_0_nnn_align8_warpspecialized_pingpong_epi_nosmem,passed,success,universal,128,1024,4096,f16:column,f16:column,f16:column,f16:column,1,0,serial,8,1,heuristic,invalid,invalid,false,false,1,tensorop,f32,128,128,64,1,2,1,0,0,0,7,4,1,1,64,128,16,90,90,9699328,1074003968,110,0.0252544,357.688,42527.4
49,CUTLASS,gemm,cutlass3x_sm90_tensorop_s64x128x16gemm_f16_f16_f32_f16_f16_128x128x64_1x2x1_0_nnn_align8_warpspecialized_cooperative_epi_nosmem,passed,success,universal,128,1024,4096,f16:column,f16:column,f16:column,f16:column,1,0,serial,8,1,heuristic,invalid,invalid,false,false,1,tensorop,f32,128,128,64,1,2,1,0,0,0,7,4,2,1,64,128,16,90,90,9699328,1074003968,110,0.0255917,352.974,41966.9
49,CUTLASS,gemm,cutlass3x_sm90_tensorop_s64x128x16gemm_f16_f16_f32_f16_f16_128x128x64_1x2x1_0_nnn_align8_warpspecialized_cooperative_epi_tma,passed,success,universal,128,1024,4096,f16:column,f16:column,f16:column,f16:column,1,0,serial,8,1,heuristic,invalid,invalid,false,false,1,tensorop,f32,128,128,64,1,2,1,0,0,0,6,4,2,1,64,128,16,90,90,9699328,1074003968,110,0.0249104,362.628,43114.7
49,CUTLASS,gemm,cutlass3x_sm90_tensorop_s64x128x16gemm_f16_f16_f32_f16_f16_128x128x64_1x2x1_0_nnn_align8_stream_k_warpspecialized_cooperative_epi_nosmem,passed,success,universal,128,1024,4096,f16:column,f16:column,f16:column,f16:column,1,0,serial,8,1,heuristic,invalid,invalid,false,false,1,tensorop,f32,128,128,64,1,2,1,0,0,0,7,4,2,1,64,128,16,90,90,9699328,1074003968,110,0.02784,324.469,38577.7
49,CUTLASS,gemm,cutlass3x_sm90_tensorop_s64x128x16gemm_f16_f16_f32_f16_f16_128x128x64_1x2x1_0_nnn_align8_stream_k_warpspecialized_cooperative_epi_tma,passed,success,universal,128,1024,4096,f16:column,f16:column,f16:column,f16:column,1,0,serial,8,1,heuristic,invalid,invalid,false,false,1,tensorop,f32,128,128,64,1,2,1,0,0,0,6,4,2,1,64,128,16,90,90,9699328,1074003968,110,0.0274448,329.141,39133.2
49,CUTLASS,gemm,cutlass3x_sm90_tensorop_s64x128x16gemm_f16_f16_f32_f16_f16_128x128x64_2x1x1_0_nnn_align8,passed,success,universal,128,1024,4096,f16:column,f16:column,f16:column,f16:column,1,0,serial,8,1,heuristic,invalid,invalid,false,false,1,tensorop,f32,128,128,64,2,1,1,0,0,0,7,4,2,1,64,128,16,90,90,9699328,1074003968,110,0.0256365,352.357,41893.6
49,CUTLASS,gemm,cutlass3x_sm90_tensorop_s64x128x16gemm_f16_f16_f32_f16_f16_128x128x64_2x1x1_0_nnn_align8_warpspecialized_epi_nosmem,passed,success,universal,128,1024,4096,f16:column,f16:column,f16:column,f16:column,1,0,serial,8,1,heuristic,invalid,invalid,false,false,1,tensorop,f32,128,128,64,2,1,1,0,0,0,7,4,1,1,64,128,16,90,90,9699328,1074003968,110,0.0251462,359.227,42710.3
49,CUTLASS,gemm,cutlass3x_sm90_tensorop_s64x128x16gemm_f16_f16_f32_f16_f16_128x128x64_2x1x1_0_nnn_align8_warpspecialized_pingpong_epi_tma,passed,success,universal,128,1024,4096,f16:column,f16:column,f16:column,f16:column,1,0,serial,8,1,heuristic,invalid,invalid,false,false,1,tensorop,f32,128,128,64,2,1,1,0,0,0,6,4,1,1,64,128,16,90,90,9699328,1074003968,110,0.0256502,352.168,41871.1
49,CUTLASS,gemm,cutlass3x_sm90_tensorop_s64x128x16gemm_f16_f16_f32_f16_f16_128x128x64_2x1x1_0_nnn_align8_warpspecialized_pingpong_epi_nosmem,passed,success,universal,128,1024,4096,f16:column,f16:column,f16:column,f16:column,1,0,serial,8,1,heuristic,invalid,invalid,false,false,1,tensorop,f32,128,128,64,2,1,1,0,0,0,7,4,1,1,64,128,16,90,90,9699328,1074003968,110,0.0254547,354.873,42192.7
49,CUTLASS,gemm,cutlass3x_sm90_tensorop_s64x128x16gemm_f16_f16_f32_f16_f16_128x128x64_2x1x1_0_nnn_align8_warpspecialized_cooperative_epi_nosmem,passed,success,universal,128,1024,4096,f16:column,f16:column,f16:column,f16:column,1,0,serial,8,1,heuristic,invalid,invalid,false,false,1,tensorop,f32,128,128,64,2,1,1,0,0,0,7,4,2,1,64,128,16,90,90,9699328,1074003968,110,0.0256918,351.598,41803.3
49,CUTLASS,gemm,cutlass3x_sm90_tensorop_s64x128x16gemm_f16_f16_f32_f16_f16_128x128x64_2x1x1_0_nnn_align8_warpspecialized_cooperative_epi_tma,passed,success,universal,128,1024,4096,f16:column,f16:column,f16:column,f16:column,1,0,serial,8,1,heuristic,invalid,invalid,false,false,1,tensorop,f32,128,128,64,2,1,1,0,0,0,6,4,2,1,64,128,16,90,90,9699328,1074003968,110,0.0249613,361.889,43026.8
49,CUTLASS,gemm,cutlass3x_sm90_tensorop_s64x128x16gemm_f16_f16_f32_f16_f16_128x128x64_2x1x1_0_nnn_align8_stream_k_warpspecialized_cooperative_epi_nosmem,passed,success,universal,128,1024,4096,f16:column,f16:column,f16:column,f16:column,1,0,serial,8,1,heuristic,invalid,invalid,false,false,1,tensorop,f32,128,128,64,2,1,1,0,0,0,7,4,2,1,64,128,16,90,90,9699328,1074003968,110,0.0277885,325.07,38649.3
49,CUTLASS,gemm,cutlass3x_sm90_tensorop_s64x128x16gemm_f16_f16_f32_f16_f16_128x128x64_2x1x1_0_nnn_align8_stream_k_warpspecialized_cooperative_epi_tma,passed,success,universal,128,1024,4096,f16:column,f16:column,f16:column,f16:column,1,0,serial,8,1,heuristic,invalid,invalid,false,false,1,tensorop,f32,128,128,64,2,1,1,0,0,0,6,4,2,1,64,128,16,90,90,9699328,1074003968,110,0.0278186,324.719,38607.5
50,CUTLASS,gemm,cutlass_tensorop_f16_s1688gemm_f16_256x128_32x2_nn_align8,passed,success,universal,256,1024,4096,f16:column,f16:column,f16:column,f16:column,1,0,serial,8,1,heuristic,invalid,invalid,false,false,1,tensorop,f32,256,128,32,1,1,1,0,0,0,2,4,2,1,16,8,8,75,1024,11010048,2148007936,195,0.0506525,202.436,42406.8
50,CUTLASS,gemm,cutlass_tensorop_f16_s16816gemm_f16_256x128_32x3_nn_align8,passed,success,universal,256,1024,4096,f16:column,f16:column,f16:column,f16:column,1,0,serial,8,1,heuristic,invalid,invalid,false,false,1,tensorop,f32,256,128,32,1,1,1,0,0,0,3,4,2,1,16,8,16,80,1024,11010048,2148007936,195,0.0400957,255.736,53572.1
50,CUTLASS,gemm,cutlass3x_sm90_tensorop_s64x128x16gemm_f16_f16_f32_f16_f16_128x128x64_1x2x1_0_nnn_align8,passed,success,universal,256,1024,4096,f16:column,f16:column,f16:column,f16:column,1,0,serial,8,1,heuristic,invalid,invalid,false,false,1,tensorop,f32,128,128,64,1,2,1,0,0,0,7,4,2,1,64,128,16,90,90,11010048,2148007936,195,0.0256291,400.088,83811.2
50,CUTLASS,gemm,cutlass3x_sm90_tensorop_s64x128x16gemm_f16_f16_f32_f16_f16_128x128x64_1x2x1_0_nnn_align8_warpspecialized_epi_nosmem,passed,success,universal,256,1024,4096,f16:column,f16:column,f16:column,f16:column,1,0,serial,8,1,heuristic,invalid,invalid,false,false,1,tensorop,f32,128,128,64,1,2,1,0,0,0,7,4,1,1,64,128,16,90,90,11010048,2148007936,195,0.0251446,407.797,85426.1
50,CUTLASS,gemm,cutlass3x_sm90_tensorop_s64x128x16gemm_f16_f16_f32_f16_f16_128x128x64_1x2x1_0_nnn_align8_warpspecialized_pingpong_epi_tma,passed,success,universal,256,1024,4096,f16:column,f16:column,f16:column,f16:column,1,0,serial,8,1,heuristic,invalid,invalid,false,false,1,tensorop,f32,128,128,64,1,2,1,0,0,0,6,4,1,1,64,128,16,90,90,11010048,2148007936,195,0.0254838,402.369,84289
50,CUTLASS,gemm,cutlass3x_sm90_tensorop_s64x128x16gemm_f16_f16_f32_f16_f16_128x128x64_1x2x1_0_nnn_align8_warpspecialized_pingpong_epi_nosmem,passed,success,universal,256,1024,4096,f16:column,f16:column,f16:column,f16:column,1,0,serial,8,1,heuristic,invalid,invalid,false,false,1,tensorop,f32,128,128,64,1,2,1,0,0,0,7,4,1,1,64,128,16,90,90,11010048,2148007936,195,0.0252016,406.875,85233
50,CUTLASS,gemm,cutlass3x_sm90_tensorop_s64x128x16gemm_f16_f16_f32_f16_f16_128x128x64_1x2x1_0_nnn_align8_warpspecialized_cooperative_epi_nosmem,passed,success,universal,256,1024,4096,f16:column,f16:column,f16:column,f16:column,1,0,serial,8,1,heuristic,invalid,invalid,false,false,1,tensorop,f32,128,128,64,1,2,1,0,0,0,7,4,2,1,64,128,16,90,90,11010048,2148007936,195,0.0254957,402.182,84249.9
50,CUTLASS,gemm,cutlass3x_sm90_tensorop_s64x128x16gemm_f16_f16_f32_f16_f16_128x128x64_1x2x1_0_nnn_align8_warpspecialized_cooperative_epi_tma,passed,success,universal,256,1024,4096,f16:column,f16:column,f16:column,f16:column,1,0,serial,8,1,heuristic,invalid,invalid,false,false,1,tensorop,f32,128,128,64,1,2,1,0,0,0,6,4,2,1,64,128,16,90,90,11010048,2148007936,195,0.0247962,413.528,86626.6
50,CUTLASS,gemm,cutlass3x_sm90_tensorop_s64x128x16gemm_f16_f16_f32_f16_f16_128x128x64_1x2x1_0_nnn_align8_stream_k_warpspecialized_cooperative_epi_nosmem,passed,success,universal,256,1024,4096,f16:column,f16:column,f16:column,f16:column,1,0,serial,8,1,heuristic,invalid,invalid,false,false,1,tensorop,f32,128,128,64,1,2,1,0,0,0,7,4,2,1,64,128,16,90,90,11010048,2148007936,195,0.0279834,366.429,76760.2
50,CUTLASS,gemm,cutlass3x_sm90_tensorop_s64x128x16gemm_f16_f16_f32_f16_f16_128x128x64_1x2x1_0_nnn_align8_stream_k_warpspecialized_cooperative_epi_tma,passed,success,universal,256,1024,4096,f16:column,f16:column,f16:column,f16:column,1,0,serial,8,1,heuristic,invalid,invalid,false,false,1,tensorop,f32,128,128,64,1,2,1,0,0,0,6,4,2,1,64,128,16,90,90,11010048,2148007936,195,0.0277066,370.089,77527
50,CUTLASS,gemm,cutlass3x_sm90_tensorop_s64x128x16gemm_f16_f16_f32_f16_f16_128x128x64_2x1x1_0_nnn_align8,passed,success,universal,256,1024,4096,f16:column,f16:column,f16:column,f16:column,1,0,serial,8,1,heuristic,invalid,invalid,false,false,1,tensorop,f32,128,128,64,2,1,1,0,0,0,7,4,2,1,64,128,16,90,90,11010048,2148007936,195,0.0256621,399.574,83703.6
50,CUTLASS,gemm,cutlass3x_sm90_tensorop_s64x128x16gemm_f16_f16_f32_f16_f16_128x128x64_2x1x1_0_nnn_align8_warpspecialized_epi_nosmem,passed,success,universal,256,1024,4096,f16:column,f16:column,f16:column,f16:column,1,0,serial,8,1,heuristic,invalid,invalid,false,false,1,tensorop,f32,128,128,64,2,1,1,0,0,0,7,4,1,1,64,128,16,90,90,11010048,2148007936,195,0.0249254,411.383,86177.3
50,CUTLASS,gemm,cutlass3x_sm90_tensorop_s64x128x16gemm_f16_f16_f32_f16_f16_128x128x64_2x1x1_0_nnn_align8_warpspecialized_pingpong_epi_tma,passed,success,universal,256,1024,4096,f16:column,f16:column,f16:column,f16:column,1,0,serial,8,1,heuristic,invalid,invalid,false,false,1,tensorop,f32,128,128,64,2,1,1,0,0,0,6,4,1,1,64,128,16,90,90,11010048,2148007936,195,0.0254528,402.86,84391.8
50,CUTLASS,gemm,cutlass3x_sm90_tensorop_s64x128x16gemm_f16_f16_f32_f16_f16_128x128x64_2x1x1_0_nnn_align8_warpspecialized_pingpong_epi_nosmem,passed,success,universal,256,1024,4096,f16:column,f16:column,f16:column,f16:column,1,0,serial,8,1,heuristic,invalid,invalid,false,false,1,tensorop,f32,128,128,64,2,1,1,0,0,0,7,4,1,1,64,128,16,90,90,11010048,2148007936,195,0.0252186,406.602,85175.7
50,CUTLASS,gemm,cutlass3x_sm90_tensorop_s64x128x16gemm_f16_f16_f32_f16_f16_128x128x64_2x1x1_0_nnn_align8_warpspecialized_cooperative_epi_nosmem,passed,success,universal,256,1024,4096,f16:column,f16:column,f16:column,f16:column,1,0,serial,8,1,heuristic,invalid,invalid,false,false,1,tensorop,f32,128,128,64,2,1,1,0,0,0,7,4,2,1,64,128,16,90,90,11010048,2148007936,195,0.0254355,403.133,84449.1
50,CUTLASS,gemm,cutlass3x_sm90_tensorop_s64x128x16gemm_f16_f16_f32_f16_f16_128x128x64_2x1x1_0_nnn_align8_warpspecialized_cooperative_epi_tma,passed,success,universal,256,1024,4096,f16:column,f16:column,f16:column,f16:column,1,0,serial,8,1,heuristic,invalid,invalid,false,false,1,tensorop,f32,128,128,64,2,1,1,0,0,0,6,4,2,1,64,128,16,90,90,11010048,2148007936,195,0.0247402,414.464,86822.7
50,CUTLASS,gemm,cutlass3x_sm90_tensorop_s64x128x16gemm_f16_f16_f32_f16_f16_128x128x64_2x1x1_0_nnn_align8_stream_k_warpspecialized_cooperative_epi_nosmem,passed,success,universal,256,1024,4096,f16:column,f16:column,f16:column,f16:column,1,0,serial,8,1,heuristic,invalid,invalid,false,false,1,tensorop,f32,128,128,64,2,1,1,0,0,0,7,4,2,1,64,128,16,90,90,11010048,2148007936,195,0.0276227,371.213,77762.4
50,CUTLASS,gemm,cutlass3x_sm90_tensorop_s64x128x16gemm_f16_f16_f32_f16_f16_128x128x64_2x1x1_0_nnn_align8_stream_k_warpspecialized_cooperative_epi_tma,passed,success,universal,256,1024,4096,f16:column,f16:column,f16:column,f16:column,1,0,serial,8,1,heuristic,invalid,invalid,false,false,1,tensorop,f32,128,128,64,2,1,1,0,0,0,6,4,2,1,64,128,16,90,90,11010048,2148007936,195,0.0274634,373.367,78213.6
51,CUTLASS,gemm,cutlass_tensorop_f16_s1688gemm_f16_256x128_32x2_nn_align8,passed,success,universal,384,1024,4096,f16:column,f16:column,f16:column,f16:column,1,0,serial,8,1,heuristic,invalid,invalid,false,false,1,tensorop,f32,256,128,32,1,1,1,0,0,0,2,4,2,1,16,8,8,75,1024,12320768,3222011904,261,0.0516787,222.037,62347
51,CUTLASS,gemm,cutlass_tensorop_f16_s16816gemm_f16_256x128_32x3_nn_align8,passed,success,universal,384,1024,4096,f16:column,f16:column,f16:column,f16:column,1,0,serial,8,1,heuristic,invalid,invalid,false,false,1,tensorop,f32,256,128,32,1,1,1,0,0,0,3,4,2,1,16,8,16,80,1024,12320768,3222011904,261,0.0407789,281.386,79011.8
51,CUTLASS,gemm,cutlass3x_sm90_tensorop_s64x128x16gemm_f16_f16_f32_f16_f16_128x128x64_1x2x1_0_nnn_align8,passed,success,universal,384,1024,4096,f16:column,f16:column,f16:column,f16:column,1,0,serial,8,1,heuristic,invalid,invalid,false,false,1,tensorop,f32,128,128,64,1,2,1,0,0,0,7,4,2,1,64,128,16,90,90,12320768,3222011904,261,0.0260374,440.697,123745
51,CUTLASS,gemm,cutlass3x_sm90_tensorop_s64x128x16gemm_f16_f16_f32_f16_f16_128x128x64_1x2x1_0_nnn_align8_warpspecialized_epi_nosmem,passed,success,universal,384,1024,4096,f16:column,f16:column,f16:column,f16:column,1,0,serial,8,1,heuristic,invalid,invalid,false,false,1,tensorop,f32,128,128,64,1,2,1,0,0,0,7,4,1,1,64,128,16,90,90,12320768,3222011904,261,0.0254195,451.409,126753
51,CUTLASS,gemm,cutlass3x_sm90_tensorop_s64x128x16gemm_f16_f16_f32_f16_f16_128x128x64_1x2x1_0_nnn_align8_warpspecialized_pingpong_epi_tma,passed,success,universal,384,1024,4096,f16:column,f16:column,f16:column,f16:column,1,0,serial,8,1,heuristic,invalid,invalid,false,false,1,tensorop,f32,128,128,64,1,2,1,0,0,0,6,4,1,1,64,128,16,90,90,12320768,3222011904,261,0.0255616,448.9,126049
51,CUTLASS,gemm,cutlass3x_sm90_tensorop_s64x128x16gemm_f16_f16_f32_f16_f16_128x128x64_1x2x1_0_nnn_align8_warpspecialized_pingpong_epi_nosmem,passed,success,universal,384,1024,4096,f16:column,f16:column,f16:column,f16:column,1,0,serial,8,1,heuristic,invalid,invalid,false,false,1,tensorop,f32,128,128,64,1,2,1,0,0,0,7,4,1,1,64,128,16,90,90,12320768,3222011904,261,0.0261181,439.336,123363
51,CUTLASS,gemm,cutlass3x_sm90_tensorop_s64x128x16gemm_f16_f16_f32_f16_f16_128x128x64_1x2x1_0_nnn_align8_warpspecialized_cooperative_epi_nosmem,passed,success,universal,384,1024,4096,f16:column,f16:column,f16:column,f16:column,1,0,serial,8,1,heuristic,invalid,invalid,false,false,1,tensorop,f32,128,128,64,1,2,1,0,0,0,7,4,2,1,64,128,16,90,90,12320768,3222011904,261,0.026151,438.782,123208
51,CUTLASS,gemm,cutlass3x_sm90_tensorop_s64x128x16gemm_f16_f16_f32_f16_f16_128x128x64_1x2x1_0_nnn_align8_warpspecialized_cooperative_epi_tma,passed,success,universal,384,1024,4096,f16:column,f16:column,f16:column,f16:column,1,0,serial,8,1,heuristic,invalid,invalid,false,false,1,tensorop,f32,128,128,64,1,2,1,0,0,0,6,4,2,1,64,128,16,90,90,12320768,3222011904,261,0.024856,461.643,129627
51,CUTLASS,gemm,cutlass3x_sm90_tensorop_s64x128x16gemm_f16_f16_f32_f16_f16_128x128x64_1x2x1_0_nnn_align8_stream_k_warpspecialized_cooperative_epi_nosmem,passed,success,universal,384,1024,4096,f16:column,f16:column,f16:column,f16:column,1,0,serial,8,1,heuristic,invalid,invalid,false,false,1,tensorop,f32,128,128,64,1,2,1,0,0,0,7,4,2,1,64,128,16,90,90,12320768,3222011904,261,0.0295888,387.802,108893
51,CUTLASS,gemm,cutlass3x_sm90_tensorop_s64x128x16gemm_f16_f16_f32_f16_f16_128x128x64_1x2x1_0_nnn_align8_stream_k_warpspecialized_cooperative_epi_tma,passed,success,universal,384,1024,4096,f16:column,f16:column,f16:column,f16:column,1,0,serial,8,1,heuristic,invalid,invalid,false,false,1,tensorop,f32,128,128,64,1,2,1,0,0,0,6,4,2,1,64,128,16,90,90,12320768,3222011904,261,0.0287382,399.28,112116
51,CUTLASS,gemm,cutlass3x_sm90_tensorop_s64x128x16gemm_f16_f16_f32_f16_f16_128x128x64_2x1x1_0_nnn_align8,passed,success,universal,384,1024,4096,f16:column,f16:column,f16:column,f16:column,1,0,serial,8,1,heuristic,invalid,invalid,false,false,1,tensorop,f32,128,128,64,2,1,1,0,0,0,7,4,2,1,64,128,16,90,90,12320768,3222011904,261,0.0263226,435.923,122405
51,CUTLASS,gemm,cutlass3x_sm90_tensorop_s64x128x16gemm_f16_f16_f32_f16_f16_128x128x64_2x1x1_0_nnn_align8_warpspecialized_epi_nosmem,passed,success,universal,384,1024,4096,f16:column,f16:column,f16:column,f16:column,1,0,serial,8,1,heuristic,invalid,invalid,false,false,1,tensorop,f32,128,128,64,2,1,1,0,0,0,7,4,1,1,64,128,16,90,90,12320768,3222011904,261,0.0258547,443.811,124620
51,CUTLASS,gemm,cutlass3x_sm90_tensorop_s64x128x16gemm_f16_f16_f32_f16_f16_128x128x64_2x1x1_0_nnn_align8_warpspecialized_pingpong_epi_tma,passed,success,universal,384,1024,4096,f16:column,f16:column,f16:column,f16:column,1,0,serial,8,1,heuristic,invalid,invalid,false,false,1,tensorop,f32,128,128,64,2,1,1,0,0,0,6,4,1,1,64,128,16,90,90,12320768,3222011904,261,0.0257562,445.509,125097
51,CUTLASS,gemm,cutlass3x_sm90_tensorop_s64x128x16gemm_f16_f16_f32_f16_f16_128x128x64_2x1x1_0_nnn_align8_warpspecialized_pingpong_epi_nosmem,passed,success,universal,384,1024,4096,f16:column,f16:column,f16:column,f16:column,1,0,serial,8,1,heuristic,invalid,invalid,false,false,1,tensorop,f32,128,128,64,2,1,1,0,0,0,7,4,1,1,64,128,16,90,90,12320768,3222011904,261,0.0265581,432.057,121319
51,CUTLASS,gemm,cutlass3x_sm90_tensorop_s64x128x16gemm_f16_f16_f32_f16_f16_128x128x64_2x1x1_0_nnn_align8_warpspecialized_cooperative_epi_nosmem,passed,success,universal,384,1024,4096,f16:column,f16:column,f16:column,f16:column,1,0,serial,8,1,heuristic,invalid,invalid,false,false,1,tensorop,f32,128,128,64,2,1,1,0,0,0,7,4,2,1,64,128,16,90,90,12320768,3222011904,261,0.0263213,435.944,122411
51,CUTLASS,gemm,cutlass3x_sm90_tensorop_s64x128x16gemm_f16_f16_f32_f16_f16_128x128x64_2x1x1_0_nnn_align8_warpspecialized_cooperative_epi_tma,passed,success,universal,384,1024,4096,f16:column,f16:column,f16:column,f16:column,1,0,serial,8,1,heuristic,invalid,invalid,false,false,1,tensorop,f32,128,128,64,2,1,1,0,0,0,6,4,2,1,64,128,16,90,90,12320768,3222011904,261,0.0250086,458.826,128836
51,CUTLASS,gemm,cutlass3x_sm90_tensorop_s64x128x16gemm_f16_f16_f32_f16_f16_128x128x64_2x1x1_0_nnn_align8_stream_k_warpspecialized_cooperative_epi_nosmem,passed,success,universal,384,1024,4096,f16:column,f16:column,f16:column,f16:column,1,0,serial,8,1,heuristic,invalid,invalid,false,false,1,tensorop,f32,128,128,64,2,1,1,0,0,0,7,4,2,1,64,128,16,90,90,12320768,3222011904,261,0.0305379,375.75,105509
51,CUTLASS,gemm,cutlass3x_sm90_tensorop_s64x128x16gemm_f16_f16_f32_f16_f16_128x128x64_2x1x1_0_nnn_align8_stream_k_warpspecialized_cooperative_epi_tma,passed,success,universal,384,1024,4096,f16:column,f16:column,f16:column,f16:column,1,0,serial,8,1,heuristic,invalid,invalid,false,false,1,tensorop,f32,128,128,64,2,1,1,0,0,0,6,4,2,1,64,128,16,90,90,12320768,3222011904,261,0.0296784,386.632,108564
52,CUTLASS,gemm,cutlass_tensorop_f16_s1688gemm_f16_256x128_32x2_nn_align8,passed,success,universal,512,1024,4096,f16:column,f16:column,f16:column,f16:column,1,0,serial,8,1,heuristic,invalid,invalid,false,false,1,tensorop,f32,256,128,32,1,1,1,0,0,0,2,4,2,1,16,8,8,75,1024,13631488,4296015872,315,0.0520077,244.105,82603.5
52,CUTLASS,gemm,cutlass_tensorop_f16_s16816gemm_f16_256x128_32x3_nn_align8,passed,success,universal,512,1024,4096,f16:column,f16:column,f16:column,f16:column,1,0,serial,8,1,heuristic,invalid,invalid,false,false,1,tensorop,f32,256,128,32,1,1,1,0,0,0,3,4,2,1,16,8,16,80,1024,13631488,4296015872,315,0.0412227,307.969,104215
52,CUTLASS,gemm,cutlass3x_sm90_tensorop_s64x128x16gemm_f16_f16_f32_f16_f16_128x128x64_1x2x1_0_nnn_align8,passed,success,universal,512,1024,4096,f16:column,f16:column,f16:column,f16:column,1,0,serial,8,1,heuristic,invalid,invalid,false,false,1,tensorop,f32,128,128,64,1,2,1,0,0,0,7,4,2,1,64,128,16,90,90,13631488,4296015872,315,0.0257376,493.259,166916
52,CUTLASS,gemm,cutlass3x_sm90_tensorop_s64x128x16gemm_f16_f16_f32_f16_f16_128x128x64_1x2x1_0_nnn_align8_warpspecialized_epi_nosmem,passed,success,universal,512,1024,4096,f16:column,f16:column,f16:column,f16:column,1,0,serial,8,1,heuristic,invalid,invalid,false,false,1,tensorop,f32,128,128,64,1,2,1,0,0,0,7,4,1,1,64,128,16,90,90,13631488,4296015872,315,0.0253373,501.053,169553
52,CUTLASS,gemm,cutlass3x_sm90_tensorop_s64x128x16gemm_f16_f16_f32_f16_f16_128x128x64_1x2x1_0_nnn_align8_warpspecialized_pingpong_epi_tma,passed,success,universal,512,1024,4096,f16:column,f16:column,f16:column,f16:column,1,0,serial,8,1,heuristic,invalid,invalid,false,false,1,tensorop,f32,128,128,64,1,2,1,0,0,0,6,4,1,1,64,128,16,90,90,13631488,4296015872,315,0.0256624,494.705,167405
52,CUTLASS,gemm,cutlass3x_sm90_tensorop_s64x128x16gemm_f16_f16_f32_f16_f16_128x128x64_1x2x1_0_nnn_align8_warpspecialized_pingpong_epi_nosmem,passed,success,universal,512,1024,4096,f16:column,f16:column,f16:column,f16:column,1,0,serial,8,1,heuristic,invalid,invalid,false,false,1,tensorop,f32,128,128,64,1,2,1,0,0,0,7,4,1,1,64,128,16,90,90,13631488,4296015872,315,0.0254192,499.438,169007
52,CUTLASS,gemm,cutlass3x_sm90_tensorop_s64x128x16gemm_f16_f16_f32_f16_f16_128x128x64_1x2x1_0_nnn_align8_warpspecialized_cooperative_epi_nosmem,passed,success,universal,512,1024,4096,f16:column,f16:column,f16:column,f16:column,1,0,serial,8,1,heuristic,invalid,invalid,false,false,1,tensorop,f32,128,128,64,1,2,1,0,0,0,7,4,2,1,64,128,16,90,90,13631488,4296015872,315,0.0257648,492.739,166740
52,CUTLASS,gemm,cutlass3x_sm90_tensorop_s64x128x16gemm_f16_f16_f32_f16_f16_128x128x64_1x2x1_0_nnn_align8_warpspecialized_cooperative_epi_tma,passed,success,universal,512,1024,4096,f16:column,f16:column,f16:column,f16:column,1,0,serial,8,1,heuristic,invalid,invalid,false,false,1,tensorop,f32,128,128,64,1,2,1,0,0,0,6,4,2,1,64,128,16,90,90,13631488,4296015872,315,0.025032,507.163,171621
52,CUTLASS,gemm,cutlass3x_sm90_tensorop_s64x128x16gemm_f16_f16_f32_f16_f16_128x128x64_1x2x1_0_nnn_align8_stream_k_warpspecialized_cooperative_epi_nosmem,passed,success,universal,512,1024,4096,f16:column,f16:column,f16:column,f16:column,1,0,serial,8,1,heuristic,invalid,invalid,false,false,1,tensorop,f32,128,128,64,1,2,1,0,0,0,7,4,2,1,64,128,16,90,90,13631488,4296015872,315,0.0298989,424.608,143685
52,CUTLASS,gemm,cutlass3x_sm90_tensorop_s64x128x16gemm_f16_f16_f32_f16_f16_128x128x64_1x2x1_0_nnn_align8_stream_k_warpspecialized_cooperative_epi_tma,passed,success,universal,512,1024,4096,f16:column,f16:column,f16:column,f16:column,1,0,serial,8,1,heuristic,invalid,invalid,false,false,1,tensorop,f32,128,128,64,1,2,1,0,0,0,6,4,2,1,64,128,16,90,90,13631488,4296015872,315,0.0292592,433.891,146826
52,CUTLASS,gemm,cutlass3x_sm90_tensorop_s64x128x16gemm_f16_f16_f32_f16_f16_128x128x64_2x1x1_0_nnn_align8,passed,success,universal,512,1024,4096,f16:column,f16:column,f16:column,f16:column,1,0,serial,8,1,heuristic,invalid,invalid,false,false,1,tensorop,f32,128,128,64,2,1,1,0,0,0,7,4,2,1,64,128,16,90,90,13631488,4296015872,315,0.0261085,486.252,164545
52,CUTLASS,gemm,cutlass3x_sm90_tensorop_s64x128x16gemm_f16_f16_f32_f16_f16_128x128x64_2x1x1_0_nnn_align8_warpspecialized_epi_nosmem,passed,success,universal,512,1024,4096,f16:column,f16:column,f16:column,f16:column,1,0,serial,8,1,heuristic,invalid,invalid,false,false,1,tensorop,f32,128,128,64,2,1,1,0,0,0,7,4,1,1,64,128,16,90,90,13631488,4296015872,315,0.025368,500.446,169348
52,CUTLASS,gemm,cutlass3x_sm90_tensorop_s64x128x16gemm_f16_f16_f32_f16_f16_128x128x64_2x1x1_0_nnn_align8_warpspecialized_pingpong_epi_tma,passed,success,universal,512,1024,4096,f16:column,f16:column,f16:column,f16:column,1,0,serial,8,1,heuristic,invalid,invalid,false,false,1,tensorop,f32,128,128,64,2,1,1,0,0,0,6,4,1,1,64,128,16,90,90,13631488,4296015872,315,0.0257219,493.56,167018
52,CUTLASS,gemm,cutlass3x_sm90_tensorop_s64x128x16gemm_f16_f16_f32_f16_f16_128x128x64_2x1x1_0_nnn_align8_warpspecialized_pingpong_epi_nosmem,passed,success,universal,512,1024,4096,f16:column,f16:column,f16:column,f16:column,1,0,serial,8,1,heuristic,invalid,invalid,false,false,1,tensorop,f32,128,128,64,2,1,1,0,0,0,7,4,1,1,64,128,16,90,90,13631488,4296015872,315,0.0256115,495.688,167738
52,CUTLASS,gemm,cutlass3x_sm90_tensorop_s64x128x16gemm_f16_f16_f32_f16_f16_128x128x64_2x1x1_0_nnn_align8_warpspecialized_cooperative_epi_nosmem,passed,success,universal,512,1024,4096,f16:column,f16:column,f16:column,f16:column,1,0,serial,8,1,heuristic,invalid,invalid,false,false,1,tensorop,f32,128,128,64,2,1,1,0,0,0,7,4,2,1,64,128,16,90,90,13631488,4296015872,315,0.0260963,486.479,164622
52,CUTLASS,gemm,cutlass3x_sm90_tensorop_s64x128x16gemm_f16_f16_f32_f16_f16_128x128x64_2x1x1_0_nnn_align8_warpspecialized_cooperative_epi_tma,passed,success,universal,512,1024,4096,f16:column,f16:column,f16:column,f16:column,1,0,serial,8,1,heuristic,invalid,invalid,false,false,1,tensorop,f32,128,128,64,2,1,1,0,0,0,6,4,2,1,64,128,16,90,90,13631488,4296015872,315,0.025064,506.516,171402
52,CUTLASS,gemm,cutlass3x_sm90_tensorop_s64x128x16gemm_f16_f16_f32_f16_f16_128x128x64_2x1x1_0_nnn_align8_stream_k_warpspecialized_cooperative_epi_nosmem,passed,success,universal,512,1024,4096,f16:column,f16:column,f16:column,f16:column,1,0,serial,8,1,heuristic,invalid,invalid,false,false,1,tensorop,f32,128,128,64,2,1,1,0,0,0,7,4,2,1,64,128,16,90,90,13631488,4296015872,315,0.0293709,432.241,146268
52,CUTLASS,gemm,cutlass3x_sm90_tensorop_s64x128x16gemm_f16_f16_f32_f16_f16_128x128x64_2x1x1_0_nnn_align8_stream_k_warpspecialized_cooperative_epi_tma,passed,success,universal,512,1024,4096,f16:column,f16:column,f16:column,f16:column,1,0,serial,8,1,heuristic,invalid,invalid,false,false,1,tensorop,f32,128,128,64,2,1,1,0,0,0,6,4,2,1,64,128,16,90,90,13631488,4296015872,315,0.028863,439.847,148841
53,CUTLASS,gemm,cutlass_tensorop_f16_s1688gemm_f16_256x128_32x2_nn_align8,passed,success,universal,640,1024,4096,f16:column,f16:column,f16:column,f16:column,1,0,serial,8,1,heuristic,invalid,invalid,false,false,1,tensorop,f32,256,128,32,1,1,1,0,0,0,2,4,2,1,16,8,8,75,1024,14942208,5370019840,359,0.0546246,254.757,98307.6
53,CUTLASS,gemm,cutlass_tensorop_f16_s16816gemm_f16_256x128_32x3_nn_align8,passed,success,universal,640,1024,4096,f16:column,f16:column,f16:column,f16:column,1,0,serial,8,1,heuristic,invalid,invalid,false,false,1,tensorop,f32,256,128,32,1,1,1,0,0,0,3,4,2,1,16,8,16,80,1024,14942208,5370019840,359,0.0425926,326.723,126079
53,CUTLASS,gemm,cutlass3x_sm90_tensorop_s64x128x16gemm_f16_f16_f32_f16_f16_128x128x64_1x2x1_0_nnn_align8,passed,success,universal,640,1024,4096,f16:column,f16:column,f16:column,f16:column,1,0,serial,8,1,heuristic,invalid,invalid,false,false,1,tensorop,f32,128,128,64,1,2,1,0,0,0,7,4,2,1,64,128,16,90,90,14942208,5370019840,359,0.0264045,527.032,203375
53,CUTLASS,gemm,cutlass3x_sm90_tensorop_s64x128x16gemm_f16_f16_f32_f16_f16_128x128x64_1x2x1_0_nnn_align8_warpspecialized_epi_nosmem,passed,success,universal,640,1024,4096,f16:column,f16:column,f16:column,f16:column,1,0,serial,8,1,heuristic,invalid,invalid,false,false,1,tensorop,f32,128,128,64,1,2,1,0,0,0,7,4,1,1,64,128,16,90,90,14942208,5370019840,359,0.0260189,534.843,206389
53,CUTLASS,gemm,cutlass3x_sm90_tensorop_s64x128x16gemm_f16_f16_f32_f16_f16_128x128x64_1x2x1_0_nnn_align8_warpspecialized_pingpong_epi_tma,passed,success,universal,640,1024,4096,f16:column,f16:column,f16:column,f16:column,1,0,serial,8,1,heuristic,invalid,invalid,false,false,1,tensorop,f32,128,128,64,1,2,1,0,0,0,6,4,1,1,64,128,16,90,90,14942208,5370019840,359,0.0257955,539.474,208176
53,CUTLASS,gemm,cutlass3x_sm90_tensorop_s64x128x16gemm_f16_f16_f32_f16_f16_128x128x64_1x2x1_0_nnn_align8_warpspecialized_pingpong_epi_nosmem,passed,success,universal,640,1024,4096,f16:column,f16:column,f16:column,f16:column,1,0,serial,8,1,heuristic,invalid,invalid,false,false,1,tensorop,f32,128,128,64,1,2,1,0,0,0,7,4,1,1,64,128,16,90,90,14942208,5370019840,359,0.0267802,519.639,200522
53,CUTLASS,gemm,cutlass3x_sm90_tensorop_s64x128x16gemm_f16_f16_f32_f16_f16_128x128x64_1x2x1_0_nnn_align8_warpspecialized_cooperative_epi_nosmem,passed,success,universal,640,1024,4096,f16:column,f16:column,f16:column,f16:column,1,0,serial,8,1,heuristic,invalid,invalid,false,false,1,tensorop,f32,128,128,64,1,2,1,0,0,0,7,4,2,1,64,128,16,90,90,14942208,5370019840,359,0.0264346,526.433,203144
53,CUTLASS,gemm,cutlass3x_sm90_tensorop_s64x128x16gemm_f16_f16_f32_f16_f16_128x128x64_1x2x1_0_nnn_align8_warpspecialized_cooperative_epi_tma,passed,success,universal,640,1024,4096,f16:column,f16:column,f16:column,f16:column,1,0,serial,8,1,heuristic,invalid,invalid,false,false,1,tensorop,f32,128,128,64,1,2,1,0,0,0,6,4,2,1,64,128,16,90,90,14942208,5370019840,359,0.0250442,555.659,214422
53,CUTLASS,gemm,cutlass3x_sm90_tensorop_s64x128x16gemm_f16_f16_f32_f16_f16_128x128x64_1x2x1_0_nnn_align8_stream_k_warpspecialized_cooperative_epi_nosmem,passed,success,universal,640,1024,4096,f16:column,f16:column,f16:column,f16:column,1,0,serial,8,1,heuristic,invalid,invalid,false,false,1,tensorop,f32,128,128,64,1,2,1,0,0,0,7,4,2,1,64,128,16,90,90,14942208,5370019840,359,0.0320816,433.769,167386
53,CUTLASS,gemm,cutlass3x_sm90_tensorop_s64x128x16gemm_f16_f16_f32_f16_f16_128x128x64_1x2x1_0_nnn_align8_stream_k_warpspecialized_cooperative_epi_tma,passed,success,universal,640,1024,4096,f16:column,f16:column,f16:column,f16:column,1,0,serial,8,1,heuristic,invalid,invalid,false,false,1,tensorop,f32,128,128,64,1,2,1,0,0,0,6,4,2,1,64,128,16,90,90,14942208,5370019840,359,0.0310742,447.831,172813
53,CUTLASS,gemm,cutlass3x_sm90_tensorop_s64x128x16gemm_f16_f16_f32_f16_f16_128x128x64_2x1x1_0_nnn_align8,passed,success,universal,640,1024,4096,f16:column,f16:column,f16:column,f16:column,1,0,serial,8,1,heuristic,invalid,invalid,false,false,1,tensorop,f32,128,128,64,2,1,1,0,0,0,7,4,2,1,64,128,16,90,90,14942208,5370019840,359,0.0265491,524.161,202267
53,CUTLASS,gemm,cutlass3x_sm90_tensorop_s64x128x16gemm_f16_f16_f32_f16_f16_128x128x64_2x1x1_0_nnn_align8_warpspecialized_epi_nosmem,passed,success,universal,640,1024,4096,f16:column,f16:column,f16:column,f16:column,1,0,serial,8,1,heuristic,invalid,invalid,false,false,1,tensorop,f32,128,128,64,2,1,1,0,0,0,7,4,1,1,64,128,16,90,90,14942208,5370019840,359,0.0263504,528.114,203793
53,CUTLASS,gemm,cutlass3x_sm90_tensorop_s64x128x16gemm_f16_f16_f32_f16_f16_128x128x64_2x1x1_0_nnn_align8_warpspecialized_pingpong_epi_tma,passed,success,universal,640,1024,4096,f16:column,f16:column,f16:column,f16:column,1,0,serial,8,1,heuristic,invalid,invalid,false,false,1,tensorop,f32,128,128,64,2,1,1,0,0,0,6,4,1,1,64,128,16,90,90,14942208,5370019840,359,0.0262544,530.045,204538
53,CUTLASS,gemm,cutlass3x_sm90_tensorop_s64x128x16gemm_f16_f16_f32_f16_f16_128x128x64_2x1x1_0_nnn_align8_warpspecialized_pingpong_epi_nosmem,passed,success,universal,640,1024,4096,f16:column,f16:column,f16:column,f16:column,1,0,serial,8,1,heuristic,invalid,invalid,false,false,1,tensorop,f32,128,128,64,2,1,1,0,0,0,7,4,1,1,64,128,16,90,90,14942208,5370019840,359,0.026687,521.452,201222
53,CUTLASS,gemm,cutlass3x_sm90_tensorop_s64x128x16gemm_f16_f16_f32_f16_f16_128x128x64_2x1x1_0_nnn_align8_warpspecialized_cooperative_epi_nosmem,passed,success,universal,640,1024,4096,f16:column,f16:column,f16:column,f16:column,1,0,serial,8,1,heuristic,invalid,invalid,false,false,1,tensorop,f32,128,128,64,2,1,1,0,0,0,7,4,2,1,64,128,16,90,90,14942208,5370019840,359,0.0266733,521.721,201326
53,CUTLASS,gemm,cutlass3x_sm90_tensorop_s64x128x16gemm_f16_f16_f32_f16_f16_128x128x64_2x1x1_0_nnn_align8_warpspecialized_cooperative_epi_tma,passed,success,universal,640,1024,4096,f16:column,f16:column,f16:column,f16:column,1,0,serial,8,1,heuristic,invalid,invalid,false,false,1,tensorop,f32,128,128,64,2,1,1,0,0,0,6,4,2,1,64,128,16,90,90,14942208,5370019840,359,0.0254422,546.965,211067
53,CUTLASS,gemm,cutlass3x_sm90_tensorop_s64x128x16gemm_f16_f16_f32_f16_f16_128x128x64_2x1x1_0_nnn_align8_stream_k_warpspecialized_cooperative_epi_nosmem,passed,success,universal,640,1024,4096,f16:column,f16:column,f16:column,f16:column,1,0,serial,8,1,heuristic,invalid,invalid,false,false,1,tensorop,f32,128,128,64,2,1,1,0,0,0,7,4,2,1,64,128,16,90,90,14942208,5370019840,359,0.0340394,408.821,157759
53,CUTLASS,gemm,cutlass3x_sm90_tensorop_s64x128x16gemm_f16_f16_f32_f16_f16_128x128x64_2x1x1_0_nnn_align8_stream_k_warpspecialized_cooperative_epi_tma,passed,success,universal,640,1024,4096,f16:column,f16:column,f16:column,f16:column,1,0,serial,8,1,heuristic,invalid,invalid,false,false,1,tensorop,f32,128,128,64,2,1,1,0,0,0,6,4,2,1,64,128,16,90,90,14942208,5370019840,359,0.0333498,417.275,161021
54,CUTLASS,gemm,cutlass_tensorop_f16_s1688gemm_f16_256x128_32x2_nn_align8,passed,success,universal,768,1024,4096,f16:column,f16:column,f16:column,f16:column,1,0,serial,8,1,heuristic,invalid,invalid,false,false,1,tensorop,f32,256,128,32,1,1,1,0,0,0,2,4,2,1,16,8,8,75,1024,16252928,6444023808,396,0.0570954,265.113,112864
54,CUTLASS,gemm,cutlass_tensorop_f16_s16816gemm_f16_256x128_32x3_nn_align8,passed,success,universal,768,1024,4096,f16:column,f16:column,f16:column,f16:column,1,0,serial,8,1,heuristic,invalid,invalid,false,false,1,tensorop,f32,256,128,32,1,1,1,0,0,0,3,4,2,1,16,8,16,80,1024,16252928,6444023808,396,0.0429053,352.794,150192
54,CUTLASS,gemm,cutlass3x_sm90_tensorop_s64x128x16gemm_f16_f16_f32_f16_f16_128x128x64_1x2x1_0_nnn_align8,passed,success,universal,768,1024,4096,f16:column,f16:column,f16:column,f16:column,1,0,serial,8,1,heuristic,invalid,invalid,false,false,1,tensorop,f32,128,128,64,1,2,1,0,0,0,7,4,2,1,64,128,16,90,90,16252928,6444023808,396,0.0261235,579.429,246675
54,CUTLASS,gemm,cutlass3x_sm90_tensorop_s64x128x16gemm_f16_f16_f32_f16_f16_128x128x64_1x2x1_0_nnn_align8_warpspecialized_epi_nosmem,passed,success,universal,768,1024,4096,f16:column,f16:column,f16:column,f16:column,1,0,serial,8,1,heuristic,invalid,invalid,false,false,1,tensorop,f32,128,128,64,1,2,1,0,0,0,7,4,1,1,64,128,16,90,90,16252928,6444023808,396,0.0256298,590.592,251427
54,CUTLASS,gemm,cutlass3x_sm90_tensorop_s64x128x16gemm_f16_f16_f32_f16_f16_128x128x64_1x2x1_0_nnn_align8_warpspecialized_pingpong_epi_tma,passed,success,universal,768,1024,4096,f16:column,f16:column,f16:column,f16:column,1,0,serial,8,1,heuristic,invalid,invalid,false,false,1,tensorop,f32,128,128,64,1,2,1,0,0,0,6,4,1,1,64,128,16,90,90,16252928,6444023808,396,0.025511,593.34,252597
54,CUTLASS,gemm,cutlass3x_sm90_tensorop_s64x128x16gemm_f16_f16_f32_f16_f16_128x128x64_1x2x1_0_nnn_align8_warpspecialized_pingpong_epi_nosmem,passed,success,universal,768,1024,4096,f16:column,f16:column,f16:column,f16:column,1,0,serial,8,1,heuristic,invalid,invalid,false,false,1,tensorop,f32,128,128,64,1,2,1,0,0,0,7,4,1,1,64,128,16,90,90,16252928,6444023808,396,0.0262662,576.28,245335
54,CUTLASS,gemm,cutlass3x_sm90_tensorop_s64x128x16gemm_f16_f16_f32_f16_f16_128x128x64_1x2x1_0_nnn_align8_warpspecialized_cooperative_epi_nosmem,passed,success,universal,768,1024,4096,f16:column,f16:column,f16:column,f16:column,1,0,serial,8,1,heuristic,invalid,invalid,false,false,1,tensorop,f32,128,128,64,1,2,1,0,0,0,7,4,2,1,64,128,16,90,90,16252928,6444023808,396,0.0261904,577.949,246045
54,CUTLASS,gemm,cutlass3x_sm90_tensorop_s64x128x16gemm_f16_f16_f32_f16_f16_128x128x64_1x2x1_0_nnn_align8_warpspecialized_cooperative_epi_tma,passed,success,universal,768,1024,4096,f16:column,f16:column,f16:column,f16:column,1,0,serial,8,1,heuristic,invalid,invalid,false,false,1,tensorop,f32,128,128,64,1,2,1,0,0,0,6,4,2,1,64,128,16,90,90,16252928,6444023808,396,0.024793,610.525,259913
54,CUTLASS,gemm,cutlass3x_sm90_tensorop_s64x128x16gemm_f16_f16_f32_f16_f16_128x128x64_1x2x1_0_nnn_align8_stream_k_warpspecialized_cooperative_epi_nosmem,passed,success,universal,768,1024,4096,f16:column,f16:column,f16:column,f16:column,1,0,serial,8,1,heuristic,invalid,invalid,false,false,1,tensorop,f32,128,128,64,1,2,1,0,0,0,7,4,2,1,64,128,16,90,90,16252928,6444023808,396,0.0333997,453.2,192937
54,CUTLASS,gemm,cutlass3x_sm90_tensorop_s64x128x16gemm_f16_f16_f32_f16_f16_128x128x64_1x2x1_0_nnn_align8_stream_k_warpspecialized_cooperative_epi_tma,passed,success,universal,768,1024,4096,f16:column,f16:column,f16:column,f16:column,1,0,serial,8,1,heuristic,invalid,invalid,false,false,1,tensorop,f32,128,128,64,1,2,1,0,0,0,6,4,2,1,64,128,16,90,90,16252928,6444023808,396,0.0326733,463.275,197226
54,CUTLASS,gemm,cutlass3x_sm90_tensorop_s64x128x16gemm_f16_f16_f32_f16_f16_128x128x64_2x1x1_0_nnn_align8,passed,success,universal,768,1024,4096,f16:column,f16:column,f16:column,f16:column,1,0,serial,8,1,heuristic,invalid,invalid,false,false,1,tensorop,f32,128,128,64,2,1,1,0,0,0,7,4,2,1,64,128,16,90,90,16252928,6444023808,396,0.0263741,573.924,244332
54,CUTLASS,gemm,cutlass3x_sm90_tensorop_s64x128x16gemm_f16_f16_f32_f16_f16_128x128x64_2x1x1_0_nnn_align8_warpspecialized_epi_nosmem,passed,success,universal,768,1024,4096,f16:column,f16:column,f16:column,f16:column,1,0,serial,8,1,heuristic,invalid,invalid,false,false,1,tensorop,f32,128,128,64,2,1,1,0,0,0,7,4,1,1,64,128,16,90,90,16252928,6444023808,396,0.0258131,586.396,249641
54,CUTLASS,gemm,cutlass3x_sm90_tensorop_s64x128x16gemm_f16_f16_f32_f16_f16_128x128x64_2x1x1_0_nnn_align8_warpspecialized_pingpong_epi_tma,passed,success,universal,768,1024,4096,f16:column,f16:column,f16:column,f16:column,1,0,serial,8,1,heuristic,invalid,invalid,false,false,1,tensorop,f32,128,128,64,2,1,1,0,0,0,6,4,1,1,64,128,16,90,90,16252928,6444023808,396,0.0257488,587.861,250265
54,CUTLASS,gemm,cutlass3x_sm90_tensorop_s64x128x16gemm_f16_f16_f32_f16_f16_128x128x64_2x1x1_0_nnn_align8_warpspecialized_pingpong_epi_nosmem,passed,success,universal,768,1024,4096,f16:column,f16:column,f16:column,f16:column,1,0,serial,8,1,heuristic,invalid,invalid,false,false,1,tensorop,f32,128,128,64,2,1,1,0,0,0,7,4,1,1,64,128,16,90,90,16252928,6444023808,396,0.0264144,573.048,243959
54,CUTLASS,gemm,cutlass3x_sm90_tensorop_s64x128x16gemm_f16_f16_f32_f16_f16_128x128x64_2x1x1_0_nnn_align8_warpspecialized_cooperative_epi_nosmem,passed,success,universal,768,1024,4096,f16:column,f16:column,f16:column,f16:column,1,0,serial,8,1,heuristic,invalid,invalid,false,false,1,tensorop,f32,128,128,64,2,1,1,0,0,0,7,4,2,1,64,128,16,90,90,16252928,6444023808,396,0.0264061,573.229,244036
54,CUTLASS,gemm,cutlass3x_sm90_tensorop_s64x128x16gemm_f16_f16_f32_f16_f16_128x128x64_2x1x1_0_nnn_align8_warpspecialized_cooperative_epi_tma,passed,success,universal,768,1024,4096,f16:column,f16:column,f16:column,f16:column,1,0,serial,8,1,heuristic,invalid,invalid,false,false,1,tensorop,f32,128,128,64,2,1,1,0,0,0,6,4,2,1,64,128,16,90,90,16252928,6444023808,396,0.0250189,605.012,257566
54,CUTLASS,gemm,cutlass3x_sm90_tensorop_s64x128x16gemm_f16_f16_f32_f16_f16_128x128x64_2x1x1_0_nnn_align8_stream_k_warpspecialized_cooperative_epi_nosmem,passed,success,universal,768,1024,4096,f16:column,f16:column,f16:column,f16:column,1,0,serial,8,1,heuristic,invalid,invalid,false,false,1,tensorop,f32,128,128,64,2,1,1,0,0,0,7,4,2,1,64,128,16,90,90,16252928,6444023808,396,0.0334115,453.039,192868
54,CUTLASS,gemm,cutlass3x_sm90_tensorop_s64x128x16gemm_f16_f16_f32_f16_f16_128x128x64_2x1x1_0_nnn_align8_stream_k_warpspecialized_cooperative_epi_tma,passed,success,universal,768,1024,4096,f16:column,f16:column,f16:column,f16:column,1,0,serial,8,1,heuristic,invalid,invalid,false,false,1,tensorop,f32,128,128,64,2,1,1,0,0,0,6,4,2,1,64,128,16,90,90,16252928,6444023808,396,0.0325139,465.546,198193
55,CUTLASS,gemm,cutlass_tensorop_f16_s1688gemm_f16_256x128_32x2_nn_align8,passed,success,universal,896,1024,4096,f16:column,f16:column,f16:column,f16:column,1,0,serial,8,1,heuristic,invalid,invalid,false,false,1,tensorop,f32,256,128,32,1,1,1,0,0,0,2,4,2,1,16,8,8,75,1024,17563648,7518027776,428,0.0610342,268.004,123177
55,CUTLASS,gemm,cutlass_tensorop_f16_s16816gemm_f16_256x128_32x3_nn_align8,passed,success,universal,896,1024,4096,f16:column,f16:column,f16:column,f16:column,1,0,serial,8,1,heuristic,invalid,invalid,false,false,1,tensorop,f32,256,128,32,1,1,1,0,0,0,3,4,2,1,16,8,16,80,1024,17563648,7518027776,428,0.0437302,374.053,171918
55,CUTLASS,gemm,cutlass3x_sm90_tensorop_s64x128x16gemm_f16_f16_f32_f16_f16_128x128x64_1x2x1_0_nnn_align8,passed,success,universal,896,1024,4096,f16:column,f16:column,f16:column,f16:column,1,0,serial,8,1,heuristic,invalid,invalid,false,false,1,tensorop,f32,128,128,64,1,2,1,0,0,0,7,4,2,1,64,128,16,90,90,17563648,7518027776,428,0.0266112,614.682,282514
55,CUTLASS,gemm,cutlass3x_sm90_tensorop_s64x128x16gemm_f16_f16_f32_f16_f16_128x128x64_1x2x1_0_nnn_align8_warpspecialized_epi_nosmem,passed,success,universal,896,1024,4096,f16:column,f16:column,f16:column,f16:column,1,0,serial,8,1,heuristic,invalid,invalid,false,false,1,tensorop,f32,128,128,64,1,2,1,0,0,0,7,4,1,1,64,128,16,90,90,17563648,7518027776,428,0.0262358,623.476,286556
55,CUTLASS,gemm,cutlass3x_sm90_tensorop_s64x128x16gemm_f16_f16_f32_f16_f16_128x128x64_1x2x1_0_nnn_align8_warpspecialized_pingpong_epi_tma,passed,success,universal,896,1024,4096,f16:column,f16:column,f16:column,f16:column,1,0,serial,8,1,heuristic,invalid,invalid,false,false,1,tensorop,f32,128,128,64,1,2,1,0,0,0,6,4,1,1,64,128,16,90,90,17563648,7518027776,428,0.0256448,637.846,293160
55,CUTLASS,gemm,cutlass3x_sm90_tensorop_s64x128x16gemm_f16_f16_f32_f16_f16_128x128x64_1x2x1_0_nnn_align8_warpspecialized_pingpong_epi_nosmem,passed,success,universal,896,1024,4096,f16:column,f16:column,f16:column,f16:column,1,0,serial,8,1,heuristic,invalid,invalid,false,false,1,tensorop,f32,128,128,64,1,2,1,0,0,0,7,4,1,1,64,128,16,90,90,17563648,7518027776,428,0.026905,607.971,279429
55,CUTLASS,gemm,cutlass3x_sm90_tensorop_s64x128x16gemm_f16_f16_f32_f16_f16_128x128x64_1x2x1_0_nnn_align8_warpspecialized_cooperative_epi_nosmem,passed,success,universal,896,1024,4096,f16:column,f16:column,f16:column,f16:column,1,0,serial,8,1,heuristic,invalid,invalid,false,false,1,tensorop,f32,128,128,64,1,2,1,0,0,0,7,4,2,1,64,128,16,90,90,17563648,7518027776,428,0.026641,613.995,282198
55,CUTLASS,gemm,cutlass3x_sm90_tensorop_s64x128x16gemm_f16_f16_f32_f16_f16_128x128x64_1x2x1_0_nnn_align8_warpspecialized_cooperative_epi_tma,passed,success,universal,896,1024,4096,f16:column,f16:column,f16:column,f16:column,1,0,serial,8,1,heuristic,invalid,invalid,false,false,1,tensorop,f32,128,128,64,1,2,1,0,0,0,6,4,2,1,64,128,16,90,90,17563648,7518027776,428,0.0250042,654.188,300671
55,CUTLASS,gemm,cutlass3x_sm90_tensorop_s64x128x16gemm_f16_f16_f32_f16_f16_128x128x64_1x2x1_0_nnn_align8_stream_k_warpspecialized_cooperative_epi_nosmem,passed,success,universal,896,1024,4096,f16:column,f16:column,f16:column,f16:column,1,0,serial,8,1,heuristic,invalid,invalid,false,false,1,tensorop,f32,128,128,64,1,2,1,0,0,0,7,4,2,1,64,128,16,90,90,17563648,7518027776,428,0.0361034,453.072,208236
55,CUTLASS,gemm,cutlass3x_sm90_tensorop_s64x128x16gemm_f16_f16_f32_f16_f16_128x128x64_1x2x1_0_nnn_align8_stream_k_warpspecialized_cooperative_epi_tma,passed,success,universal,896,1024,4096,f16:column,f16:column,f16:column,f16:column,1,0,serial,8,1,heuristic,invalid,invalid,false,false,1,tensorop,f32,128,128,64,1,2,1,0,0,0,6,4,2,1,64,128,16,90,90,17563648,7518027776,428,0.0347725,470.413,216206
55,CUTLASS,gemm,cutlass3x_sm90_tensorop_s64x128x16gemm_f16_f16_f32_f16_f16_128x128x64_2x1x1_0_nnn_align8,passed,success,universal,896,1024,4096,f16:column,f16:column,f16:column,f16:column,1,0,serial,8,1,heuristic,invalid,invalid,false,false,1,tensorop,f32,128,128,64,2,1,1,0,0,0,7,4,2,1,64,128,16,90,90,17563648,7518027776,428,0.0296349,551.965,253688
55,CUTLASS,gemm,cutlass3x_sm90_tensorop_s64x128x16gemm_f16_f16_f32_f16_f16_128x128x64_2x1x1_0_nnn_align8_warpspecialized_epi_nosmem,passed,success,universal,896,1024,4096,f16:column,f16:column,f16:column,f16:column,1,0,serial,8,1,heuristic,invalid,invalid,false,false,1,tensorop,f32,128,128,64,2,1,1,0,0,0,7,4,1,1,64,128,16,90,90,17563648,7518027776,428,0.0277389,589.693,271029
55,CUTLASS,gemm,cutlass3x_sm90_tensorop_s64x128x16gemm_f16_f16_f32_f16_f16_128x128x64_2x1x1_0_nnn_align8_warpspecialized_pingpong_epi_tma,passed,success,universal,896,1024,4096,f16:column,f16:column,f16:column,f16:column,1,0,serial,8,1,heuristic,invalid,invalid,false,false,1,tensorop,f32,128,128,64,2,1,1,0,0,0,6,4,1,1,64,128,16,90,90,17563648,7518027776,428,0.0282429,579.17,266192
55,CUTLASS,gemm,cutlass3x_sm90_tensorop_s64x128x16gemm_f16_f16_f32_f16_f16_128x128x64_2x1x1_0_nnn_align8_warpspecialized_pingpong_epi_nosmem,passed,success,universal,896,1024,4096,f16:column,f16:column,f16:column,f16:column,1,0,serial,8,1,heuristic,invalid,invalid,false,false,1,tensorop,f32,128,128,64,2,1,1,0,0,0,7,4,1,1,64,128,16,90,90,17563648,7518027776,428,0.0301715,542.148,249176
55,CUTLASS,gemm,cutlass3x_sm90_tensorop_s64x128x16gemm_f16_f16_f32_f16_f16_128x128x64_2x1x1_0_nnn_align8_warpspecialized_cooperative_epi_nosmem,passed,success,universal,896,1024,4096,f16:column,f16:column,f16:column,f16:column,1,0,serial,8,1,heuristic,invalid,invalid,false,false,1,tensorop,f32,128,128,64,2,1,1,0,0,0,7,4,2,1,64,128,16,90,90,17563648,7518027776,428,0.0295411,553.717,254494
55,CUTLASS,gemm,cutlass3x_sm90_tensorop_s64x128x16gemm_f16_f16_f32_f16_f16_128x128x64_2x1x1_0_nnn_align8_warpspecialized_cooperative_epi_tma,passed,success,universal,896,1024,4096,f16:column,f16:column,f16:column,f16:column,1,0,serial,8,1,heuristic,invalid,invalid,false,false,1,tensorop,f32,128,128,64,2,1,1,0,0,0,6,4,2,1,64,128,16,90,90,17563648,7518027776,428,0.0274797,595.255,273585
55,CUTLASS,gemm,cutlass3x_sm90_tensorop_s64x128x16gemm_f16_f16_f32_f16_f16_128x128x64_2x1x1_0_nnn_align8_stream_k_warpspecialized_cooperative_epi_nosmem,passed,success,universal,896,1024,4096,f16:column,f16:column,f16:column,f16:column,1,0,serial,8,1,heuristic,invalid,invalid,false,false,1,tensorop,f32,128,128,64,2,1,1,0,0,0,7,4,2,1,64,128,16,90,90,17563648,7518027776,428,0.038951,419.948,193012
55,CUTLASS,gemm,cutlass3x_sm90_tensorop_s64x128x16gemm_f16_f16_f32_f16_f16_128x128x64_2x1x1_0_nnn_align8_stream_k_warpspecialized_cooperative_epi_tma,passed,success,universal,896,1024,4096,f16:column,f16:column,f16:column,f16:column,1,0,serial,8,1,heuristic,invalid,invalid,false,false,1,tensorop,f32,128,128,64,2,1,1,0,0,0,6,4,2,1,64,128,16,90,90,17563648,7518027776,428,0.0375571,435.535,200176
56,CUTLASS,gemm,cutlass_tensorop_f16_s1688gemm_f16_256x128_32x2_nn_align8,passed,success,universal,1024,1024,4096,f16:column,f16:column,f16:column,f16:column,1,0,serial,8,1,heuristic,invalid,invalid,false,false,1,tensorop,f32,256,128,32,1,1,1,0,0,0,2,4,2,1,16,8,8,75,1024,18874368,8592031744,455,0.062465,281.408,137550
56,CUTLASS,gemm,cutlass_tensorop_f16_s16816gemm_f16_256x128_32x3_nn_align8,passed,success,universal,1024,1024,4096,f16:column,f16:column,f16:column,f16:column,1,0,serial,8,1,heuristic,invalid,invalid,false,false,1,tensorop,f32,256,128,32,1,1,1,0,0,0,3,4,2,1,16,8,16,80,1024,18874368,8592031744,455,0.0434586,404.48,197706
56,CUTLASS,gemm,cutlass3x_sm90_tensorop_s64x128x16gemm_f16_f16_f32_f16_f16_128x128x64_1x2x1_0_nnn_align8,passed,success,universal,1024,1024,4096,f16:column,f16:column,f16:column,f16:column,1,0,serial,8,1,heuristic,invalid,invalid,false,false,1,tensorop,f32,128,128,64,1,2,1,0,0,0,7,4,2,1,64,128,16,90,90,18874368,8592031744,455,0.0259814,676.565,330699
56,CUTLASS,gemm,cutlass3x_sm90_tensorop_s64x128x16gemm_f16_f16_f32_f16_f16_128x128x64_1x2x1_0_nnn_align8_warpspecialized_epi_nosmem,passed,success,universal,1024,1024,4096,f16:column,f16:column,f16:column,f16:column,1,0,serial,8,1,heuristic,invalid,invalid,false,false,1,tensorop,f32,128,128,64,1,2,1,0,0,0,7,4,1,1,64,128,16,90,90,18874368,8592031744,455,0.025199,697.571,340967
56,CUTLASS,gemm,cutlass3x_sm90_tensorop_s64x128x16gemm_f16_f16_f32_f16_f16_128x128x64_1x2x1_0_nnn_align8_warpspecialized_pingpong_epi_tma,passed,success,universal,1024,1024,4096,f16:column,f16:column,f16:column,f16:column,1,0,serial,8,1,heuristic,invalid,invalid,false,false,1,tensorop,f32,128,128,64,1,2,1,0,0,0,6,4,1,1,64,128,16,90,90,18874368,8592031744,455,0.0257818,681.805,333260
56,CUTLASS,gemm,cutlass3x_sm90_tensorop_s64x128x16gemm_f16_f16_f32_f16_f16_128x128x64_1x2x1_0_nnn_align8_warpspecialized_pingpong_epi_nosmem,passed,success,universal,1024,1024,4096,f16:column,f16:column,f16:column,f16:column,1,0,serial,8,1,heuristic,invalid,invalid,false,false,1,tensorop,f32,128,128,64,1,2,1,0,0,0,7,4,1,1,64,128,16,90,90,18874368,8592031744,455,0.0256442,685.463,335048
56,CUTLASS,gemm,cutlass3x_sm90_tensorop_s64x128x16gemm_f16_f16_f32_f16_f16_128x128x64_1x2x1_0_nnn_align8_warpspecialized_cooperative_epi_nosmem,passed,success,universal,1024,1024,4096,f16:column,f16:column,f16:column,f16:column,1,0,serial,8,1,heuristic,invalid,invalid,false,false,1,tensorop,f32,128,128,64,1,2,1,0,0,0,7,4,2,1,64,128,16,90,90,18874368,8592031744,455,0.0258608,679.721,332242
56,CUTLASS,gemm,cutlass3x_sm90_tensorop_s64x128x16gemm_f16_f16_f32_f16_f16_128x128x64_1x2x1_0_nnn_align8_warpspecialized_cooperative_epi_tma,passed,success,universal,1024,1024,4096,f16:column,f16:column,f16:column,f16:column,1,0,serial,8,1,heuristic,invalid,invalid,false,false,1,tensorop,f32,128,128,64,1,2,1,0,0,0,6,4,2,1,64,128,16,90,90,18874368,8592031744,455,0.0249891,703.431,343831
56,CUTLASS,gemm,cutlass3x_sm90_tensorop_s64x128x16gemm_f16_f16_f32_f16_f16_128x128x64_1x2x1_0_nnn_align8_stream_k_warpspecialized_cooperative_epi_nosmem,passed,success,universal,1024,1024,4096,f16:column,f16:column,f16:column,f16:column,1,0,serial,8,1,heuristic,invalid,invalid,false,false,1,tensorop,f32,128,128,64,1,2,1,0,0,0,7,4,2,1,64,128,16,90,90,18874368,8592031744,455,0.0367302,478.574,233923
56,CUTLASS,gemm,cutlass3x_sm90_tensorop_s64x128x16gemm_f16_f16_f32_f16_f16_128x128x64_1x2x1_0_nnn_align8_stream_k_warpspecialized_cooperative_epi_tma,passed,success,universal,1024,1024,4096,f16:column,f16:column,f16:column,f16:column,1,0,serial,8,1,heuristic,invalid,invalid,false,false,1,tensorop,f32,128,128,64,1,2,1,0,0,0,6,4,2,1,64,128,16,90,90,18874368,8592031744,455,0.0363507,483.57,236365
56,CUTLASS,gemm,cutlass3x_sm90_tensorop_s64x128x16gemm_f16_f16_f32_f16_f16_128x128x64_2x1x1_0_nnn_align8,passed,success,universal,1024,1024,4096,f16:column,f16:column,f16:column,f16:column,1,0,serial,8,1,heuristic,invalid,invalid,false,false,1,tensorop,f32,128,128,64,2,1,1,0,0,0,7,4,2,1,64,128,16,90,90,18874368,8592031744,455,0.0258582,679.788,332274
56,CUTLASS,gemm,cutlass3x_sm90_tensorop_s64x128x16gemm_f16_f16_f32_f16_f16_128x128x64_2x1x1_0_nnn_align8_warpspecialized_epi_nosmem,passed,success,universal,1024,1024,4096,f16:column,f16:column,f16:column,f16:column,1,0,serial,8,1,heuristic,invalid,invalid,false,false,1,tensorop,f32,128,128,64,2,1,1,0,0,0,7,4,1,1,64,128,16,90,90,18874368,8592031744,455,0.0254134,691.686,338090
56,CUTLASS,gemm,cutlass3x_sm90_tensorop_s64x128x16gemm_f16_f16_f32_f16_f16_128x128x64_2x1x1_0_nnn_align8_warpspecialized_pingpong_epi_tma,passed,success,universal,1024,1024,4096,f16:column,f16:column,f16:column,f16:column,1,0,serial,8,1,heuristic,invalid,invalid,false,false,1,tensorop,f32,128,128,64,2,1,1,0,0,0,6,4,1,1,64,128,16,90,90,18874368,8592031744,455,0.0261494,672.218,328574
56,CUTLASS,gemm,cutlass3x_sm90_tensorop_s64x128x16gemm_f16_f16_f32_f16_f16_128x128x64_2x1x1_0_nnn_align8_warpspecialized_pingpong_epi_nosmem,passed,success,universal,1024,1024,4096,f16:column,f16:column,f16:column,f16:column,1,0,serial,8,1,heuristic,invalid,invalid,false,false,1,tensorop,f32,128,128,64,2,1,1,0,0,0,7,4,1,1,64,128,16,90,90,18874368,8592031744,455,0.0259021,678.638,331712
56,CUTLASS,gemm,cutlass3x_sm90_tensorop_s64x128x16gemm_f16_f16_f32_f16_f16_128x128x64_2x1x1_0_nnn_align8_warpspecialized_cooperative_epi_nosmem,passed,success,universal,1024,1024,4096,f16:column,f16:column,f16:column,f16:column,1,0,serial,8,1,heuristic,invalid,invalid,false,false,1,tensorop,f32,128,128,64,2,1,1,0,0,0,7,4,2,1,64,128,16,90,90,18874368,8592031744,455,0.0258173,680.867,332802
56,CUTLASS,gemm,cutlass3x_sm90_tensorop_s64x128x16gemm_f16_f16_f32_f16_f16_128x128x64_2x1x1_0_nnn_align8_warpspecialized_cooperative_epi_tma,passed,success,universal,1024,1024,4096,f16:column,f16:column,f16:column,f16:column,1,0,serial,8,1,heuristic,invalid,invalid,false,false,1,tensorop,f32,128,128,64,2,1,1,0,0,0,6,4,2,1,64,128,16,90,90,18874368,8592031744,455,0.025328,694.019,339231
56,CUTLASS,gemm,cutlass3x_sm90_tensorop_s64x128x16gemm_f16_f16_f32_f16_f16_128x128x64_2x1x1_0_nnn_align8_stream_k_warpspecialized_cooperative_epi_nosmem,passed,success,universal,1024,1024,4096,f16:column,f16:column,f16:column,f16:column,1,0,serial,8,1,heuristic,invalid,invalid,false,false,1,tensorop,f32,128,128,64,2,1,1,0,0,0,7,4,2,1,64,128,16,90,90,18874368,8592031744,455,0.0372586,471.788,230606
56,CUTLASS,gemm,cutlass3x_sm90_tensorop_s64x128x16gemm_f16_f16_f32_f16_f16_128x128x64_2x1x1_0_nnn_align8_stream_k_warpspecialized_cooperative_epi_tma,passed,success,universal,1024,1024,4096,f16:column,f16:column,f16:column,f16:column,1,0,serial,8,1,heuristic,invalid,invalid,false,false,1,tensorop,f32,128,128,64,2,1,1,0,0,0,6,4,2,1,64,128,16,90,90,18874368,8592031744,455,0.0365718,480.646,234936
57,CUTLASS,gemm,cutlass_tensorop_f16_s1688gemm_f16_256x128_32x2_nn_align8,passed,success,universal,1152,1024,4096,f16:column,f16:column,f16:column,f16:column,1,0,serial,8,1,heuristic,invalid,invalid,false,false,1,tensorop,f32,256,128,32,1,1,1,0,0,0,2,4,2,1,16,8,8,75,1024,20185088,9666035712,478,0.0749194,250.921,129019
57,CUTLASS,gemm,cutlass_tensorop_f16_s16816gemm_f16_256x128_32x3_nn_align8,passed,success,universal,1152,1024,4096,f16:column,f16:column,f16:column,f16:column,1,0,serial,8,1,heuristic,invalid,invalid,false,false,1,tensorop,f32,256,128,32,1,1,1,0,0,0,3,4,2,1,16,8,16,80,1024,20185088,9666035712,478,0.0456496,411.807,211744
57,CUTLASS,gemm,cutlass3x_sm90_tensorop_s64x128x16gemm_f16_f16_f32_f16_f16_128x128x64_1x2x1_0_nnn_align8,passed,success,universal,1152,1024,4096,f16:column,f16:column,f16:column,f16:column,1,0,serial,8,1,heuristic,invalid,invalid,false,false,1,tensorop,f32,128,128,64,1,2,1,0,0,0,7,4,2,1,64,128,16,90,90,20185088,9666035712,478,0.0268122,701.131,360509
57,CUTLASS,gemm,cutlass3x_sm90_tensorop_s64x128x16gemm_f16_f16_f32_f16_f16_128x128x64_1x2x1_0_nnn_align8_warpspecialized_epi_nosmem,passed,success,universal,1152,1024,4096,f16:column,f16:column,f16:column,f16:column,1,0,serial,8,1,heuristic,invalid,invalid,false,false,1,tensorop,f32,128,128,64,1,2,1,0,0,0,7,4,1,1,64,128,16,90,90,20185088,9666035712,478,0.0263859,712.457,366333
57,CUTLASS,gemm,cutlass3x_sm90_tensorop_s64x128x16gemm_f16_f16_f32_f16_f16_128x128x64_1x2x1_0_nnn_align8_warpspecialized_pingpong_epi_tma,passed,success,universal,1152,1024,4096,f16:column,f16:column,f16:column,f16:column,1,0,serial,8,1,heuristic,invalid,invalid,false,false,1,tensorop,f32,128,128,64,1,2,1,0,0,0,6,4,1,1,64,128,16,90,90,20185088,9666035712,478,0.0258704,726.654,373633
57,CUTLASS,gemm,cutlass3x_sm90_tensorop_s64x128x16gemm_f16_f16_f32_f16_f16_128x128x64_1x2x1_0_nnn_align8_warpspecialized_pingpong_epi_nosmem,passed,success,universal,1152,1024,4096,f16:column,f16:column,f16:column,f16:column,1,0,serial,8,1,heuristic,invalid,invalid,false,false,1,tensorop,f32,128,128,64,1,2,1,0,0,0,7,4,1,1,64,128,16,90,90,20185088,9666035712,478,0.0268739,699.519,359681
57,CUTLASS,gemm,cutlass3x_sm90_tensorop_s64x128x16gemm_f16_f16_f32_f16_f16_128x128x64_1x2x1_0_nnn_align8_warpspecialized_cooperative_epi_nosmem,passed,success,universal,1152,1024,4096,f16:column,f16:column,f16:column,f16:column,1,0,serial,8,1,heuristic,invalid,invalid,false,false,1,tensorop,f32,128,128,64,1,2,1,0,0,0,7,4,2,1,64,128,16,90,90,20185088,9666035712,478,0.0268346,700.545,360208
57,CUTLASS,gemm,cutlass3x_sm90_tensorop_s64x128x16gemm_f16_f16_f32_f16_f16_128x128x64_1x2x1_0_nnn_align8_warpspecialized_cooperative_epi_tma,passed,success,universal,1152,1024,4096,f16:column,f16:column,f16:column,f16:column,1,0,serial,8,1,heuristic,invalid,invalid,false,false,1,tensorop,f32,128,128,64,1,2,1,0,0,0,6,4,2,1,64,128,16,90,90,20185088,9666035712,478,0.0253126,742.666,381866
57,CUTLASS,gemm,cutlass3x_sm90_tensorop_s64x128x16gemm_f16_f16_f32_f16_f16_128x128x64_1x2x1_0_nnn_align8_stream_k_warpspecialized_cooperative_epi_nosmem,passed,success,universal,1152,1024,4096,f16:column,f16:column,f16:column,f16:column,1,0,serial,8,1,heuristic,invalid,invalid,false,false,1,tensorop,f32,128,128,64,1,2,1,0,0,0,7,4,2,1,64,128,16,90,90,20185088,9666035712,478,0.0418166,449.554,231153
57,CUTLASS,gemm,cutlass3x_sm90_tensorop_s64x128x16gemm_f16_f16_f32_f16_f16_128x128x64_1x2x1_0_nnn_align8_stream_k_warpspecialized_cooperative_epi_tma,passed,success,universal,1152,1024,4096,f16:column,f16:column,f16:column,f16:column,1,0,serial,8,1,heuristic,invalid,invalid,false,false,1,tensorop,f32,128,128,64,1,2,1,0,0,0,6,4,2,1,64,128,16,90,90,20185088,9666035712,478,0.0414618,453.402,233131
57,CUTLASS,gemm,cutlass3x_sm90_tensorop_s64x128x16gemm_f16_f16_f32_f16_f16_128x128x64_2x1x1_0_nnn_align8,passed,success,universal,1152,1024,4096,f16:column,f16:column,f16:column,f16:column,1,0,serial,8,1,heuristic,invalid,invalid,false,false,1,tensorop,f32,128,128,64,2,1,1,0,0,0,7,4,2,1,64,128,16,90,90,20185088,9666035712,478,0.0282003,666.618,342763
57,CUTLASS,gemm,cutlass3x_sm90_tensorop_s64x128x16gemm_f16_f16_f32_f16_f16_128x128x64_2x1x1_0_nnn_align8_warpspecialized_epi_nosmem,passed,success,universal,1152,1024,4096,f16:column,f16:column,f16:column,f16:column,1,0,serial,8,1,heuristic,invalid,invalid,false,false,1,tensorop,f32,128,128,64,2,1,1,0,0,0,7,4,1,1,64,128,16,90,90,20185088,9666035712,478,0.0271725,691.833,355729
57,CUTLASS,gemm,cutlass3x_sm90_tensorop_s64x128x16gemm_f16_f16_f32_f16_f16_128x128x64_2x1x1_0_nnn_align8_warpspecialized_pingpong_epi_tma,passed,success,universal,1152,1024,4096,f16:column,f16:column,f16:column,f16:column,1,0,serial,8,1,heuristic,invalid,invalid,false,false,1,tensorop,f32,128,128,64,2,1,1,0,0,0,6,4,1,1,64,128,16,90,90,20185088,9666035712,478,0.0263322,713.911,367081
57,CUTLASS,gemm,cutlass3x_sm90_tensorop_s64x128x16gemm_f16_f16_f32_f16_f16_128x128x64_2x1x1_0_nnn_align8_warpspecialized_pingpong_epi_nosmem,passed,success,universal,1152,1024,4096,f16:column,f16:column,f16:column,f16:column,1,0,serial,8,1,heuristic,invalid,invalid,false,false,1,tensorop,f32,128,128,64,2,1,1,0,0,0,7,4,1,1,64,128,16,90,90,20185088,9666035712,478,0.0284323,661.178,339966
57,CUTLASS,gemm,cutlass3x_sm90_tensorop_s64x128x16gemm_f16_f16_f32_f16_f16_128x128x64_2x1x1_0_nnn_align8_warpspecialized_cooperative_epi_nosmem,passed,success,universal,1152,1024,4096,f16:column,f16:column,f16:column,f16:column,1,0,serial,8,1,heuristic,invalid,invalid,false,false,1,tensorop,f32,128,128,64,2,1,1,0,0,0,7,4,2,1,64,128,16,90,90,20185088,9666035712,478,0.028023,670.835,344932
57,CUTLASS,gemm,cutlass3x_sm90_tensorop_s64x128x16gemm_f16_f16_f32_f16_f16_128x128x64_2x1x1_0_nnn_align8_warpspecialized_cooperative_epi_tma,passed,success,universal,1152,1024,4096,f16:column,f16:column,f16:column,f16:column,1,0,serial,8,1,heuristic,invalid,invalid,false,false,1,tensorop,f32,128,128,64,2,1,1,0,0,0,6,4,2,1,64,128,16,90,90,20185088,9666035712,478,0.0254758,737.908,379420
57,CUTLASS,gemm,cutlass3x_sm90_tensorop_s64x128x16gemm_f16_f16_f32_f16_f16_128x128x64_2x1x1_0_nnn_align8_stream_k_warpspecialized_cooperative_epi_nosmem,passed,success,universal,1152,1024,4096,f16:column,f16:column,f16:column,f16:column,1,0,serial,8,1,heuristic,invalid,invalid,false,false,1,tensorop,f32,128,128,64,2,1,1,0,0,0,7,4,2,1,64,128,16,90,90,20185088,9666035712,478,0.0466198,403.237,207337
57,CUTLASS,gemm,cutlass3x_sm90_tensorop_s64x128x16gemm_f16_f16_f32_f16_f16_128x128x64_2x1x1_0_nnn_align8_stream_k_warpspecialized_cooperative_epi_tma,passed,success,universal,1152,1024,4096,f16:column,f16:column,f16:column,f16:column,1,0,serial,8,1,heuristic,invalid,invalid,false,false,1,tensorop,f32,128,128,64,2,1,1,0,0,0,6,4,2,1,64,128,16,90,90,20185088,9666035712,478,0.0455376,412.82,212265
58,CUTLASS,gemm,cutlass_tensorop_f16_s1688gemm_f16_256x128_32x2_nn_align8,passed,success,universal,1280,1024,4096,f16:column,f16:column,f16:column,f16:column,1,0,serial,8,1,heuristic,invalid,invalid,false,false,1,tensorop,f32,256,128,32,1,1,1,0,0,0,2,4,2,1,16,8,8,75,1024,21495808,10740039680,499,0.0773568,258.795,138838
58,CUTLASS,gemm,cutlass_tensorop_f16_s16816gemm_f16_256x128_32x3_nn_align8,passed,success,universal,1280,1024,4096,f16:column,f16:column,f16:column,f16:column,1,0,serial,8,1,heuristic,invalid,invalid,false,false,1,tensorop,f32,256,128,32,1,1,1,0,0,0,3,4,2,1,16,8,16,80,1024,21495808,10740039680,499,0.0476032,420.55,225616
58,CUTLASS,gemm,cutlass3x_sm90_tensorop_s64x128x16gemm_f16_f16_f32_f16_f16_128x128x64_1x2x1_0_nnn_align8,passed,success,universal,1280,1024,4096,f16:column,f16:column,f16:column,f16:column,1,0,serial,8,1,heuristic,invalid,invalid,false,false,1,tensorop,f32,128,128,64,1,2,1,0,0,0,7,4,2,1,64,128,16,90,90,21495808,10740039680,499,0.0266336,751.664,403252
58,CUTLASS,gemm,cutlass3x_sm90_tensorop_s64x128x16gemm_f16_f16_f32_f16_f16_128x128x64_1x2x1_0_nnn_align8_warpspecialized_epi_nosmem,passed,success,universal,1280,1024,4096,f16:column,f16:column,f16:column,f16:column,1,0,serial,8,1,heuristic,invalid,invalid,false,false,1,tensorop,f32,128,128,64,1,2,1,0,0,0,7,4,1,1,64,128,16,90,90,21495808,10740039680,499,0.0265754,753.312,404135
58,CUTLASS,gemm,cutlass3x_sm90_tensorop_s64x128x16gemm_f16_f16_f32_f16_f16_128x128x64_1x2x1_0_nnn_align8_warpspecialized_pingpong_epi_tma,passed,success,universal,1280,1024,4096,f16:column,f16:column,f16:column,f16:column,1,0,serial,8,1,heuristic,invalid,invalid,false,false,1,tensorop,f32,128,128,64,1,2,1,0,0,0,6,4,1,1,64,128,16,90,90,21495808,10740039680,499,0.0260083,769.736,412946
58,CUTLASS,gemm,cutlass3x_sm90_tensorop_s64x128x16gemm_f16_f16_f32_f16_f16_128x128x64_1x2x1_0_nnn_align8_warpspecialized_pingpong_epi_nosmem,passed,success,universal,1280,1024,4096,f16:column,f16:column,f16:column,f16:column,1,0,serial,8,1,heuristic,invalid,invalid,false,false,1,tensorop,f32,128,128,64,1,2,1,0,0,0,7,4,1,1,64,128,16,90,90,21495808,10740039680,499,0.0263779,758.95,407160
58,CUTLASS,gemm,cutlass3x_sm90_tensorop_s64x128x16gemm_f16_f16_f32_f16_f16_128x128x64_1x2x1_0_nnn_align8_warpspecialized_cooperative_epi_nosmem,passed,success,universal,1280,1024,4096,f16:column,f16:column,f16:column,f16:column,1,0,serial,8,1,heuristic,invalid,invalid,false,false,1,tensorop,f32,128,128,64,1,2,1,0,0,0,7,4,2,1,64,128,16,90,90,21495808,10740039680,499,0.0267904,747.265,400891
58,CUTLASS,gemm,cutlass3x_sm90_tensorop_s64x128x16gemm_f16_f16_f32_f16_f16_128x128x64_1x2x1_0_nnn_align8_warpspecialized_cooperative_epi_tma,passed,success,universal,1280,1024,4096,f16:column,f16:column,f16:column,f16:column,1,0,serial,8,1,heuristic,invalid,invalid,false,false,1,tensorop,f32,128,128,64,1,2,1,0,0,0,6,4,2,1,64,128,16,90,90,21495808,10740039680,499,0.0252218,793.74,425824
58,CUTLASS,gemm,cutlass3x_sm90_tensorop_s64x128x16gemm_f16_f16_f32_f16_f16_128x128x64_1x2x1_0_nnn_align8_stream_k_warpspecialized_cooperative_epi_nosmem,passed,success,universal,1280,1024,4096,f16:column,f16:column,f16:column,f16:column,1,0,serial,8,1,heuristic,invalid,invalid,false,false,1,tensorop,f32,128,128,64,1,2,1,0,0,0,7,4,2,1,64,128,16,90,90,21495808,10740039680,499,0.0451853,443.054,237689
58,CUTLASS,gemm,cutlass3x_sm90_tensorop_s64x128x16gemm_f16_f16_f32_f16_f16_128x128x64_1x2x1_0_nnn_align8_stream_k_warpspecialized_cooperative_epi_tma,passed,success,universal,1280,1024,4096,f16:column,f16:column,f16:column,f16:column,1,0,serial,8,1,heuristic,invalid,invalid,false,false,1,tensorop,f32,128,128,64,1,2,1,0,0,0,6,4,2,1,64,128,16,90,90,21495808,10740039680,499,0.0451002,443.89,238138
58,CUTLASS,gemm,cutlass3x_sm90_tensorop_s64x128x16gemm_f16_f16_f32_f16_f16_128x128x64_2x1x1_0_nnn_align8,passed,success,universal,1280,1024,4096,f16:column,f16:column,f16:column,f16:column,1,0,serial,8,1,heuristic,invalid,invalid,false,false,1,tensorop,f32,128,128,64,2,1,1,0,0,0,7,4,2,1,64,128,16,90,90,21495808,10740039680,499,0.0272352,735.061,394344
58,CUTLASS,gemm,cutlass3x_sm90_tensorop_s64x128x16gemm_f16_f16_f32_f16_f16_128x128x64_2x1x1_0_nnn_align8_warpspecialized_epi_nosmem,passed,success,universal,1280,1024,4096,f16:column,f16:column,f16:column,f16:column,1,0,serial,8,1,heuristic,invalid,invalid,false,false,1,tensorop,f32,128,128,64,2,1,1,0,0,0,7,4,1,1,64,128,16,90,90,21495808,10740039680,499,0.0261389,765.891,410884
58,CUTLASS,gemm,cutlass3x_sm90_tensorop_s64x128x16gemm_f16_f16_f32_f16_f16_128x128x64_2x1x1_0_nnn_align8_warpspecialized_pingpong_epi_tma,passed,success,universal,1280,1024,4096,f16:column,f16:column,f16:column,f16:column,1,0,serial,8,1,heuristic,invalid,invalid,false,false,1,tensorop,f32,128,128,64,2,1,1,0,0,0,6,4,1,1,64,128,16,90,90,21495808,10740039680,499,0.0259539,771.349,413812
58,CUTLASS,gemm,cutlass3x_sm90_tensorop_s64x128x16gemm_f16_f16_f32_f16_f16_128x128x64_2x1x1_0_nnn_align8_warpspecialized_pingpong_epi_nosmem,passed,success,universal,1280,1024,4096,f16:column,f16:column,f16:column,f16:column,1,0,serial,8,1,heuristic,invalid,invalid,false,false,1,tensorop,f32,128,128,64,2,1,1,0,0,0,7,4,1,1,64,128,16,90,90,21495808,10740039680,499,0.0269821,741.957,398043
58,CUTLASS,gemm,cutlass3x_sm90_tensorop_s64x128x16gemm_f16_f16_f32_f16_f16_128x128x64_2x1x1_0_nnn_align8_warpspecialized_cooperative_epi_nosmem,passed,success,universal,1280,1024,4096,f16:column,f16:column,f16:column,f16:column,1,0,serial,8,1,heuristic,invalid,invalid,false,false,1,tensorop,f32,128,128,64,2,1,1,0,0,0,7,4,2,1,64,128,16,90,90,21495808,10740039680,499,0.027097,738.811,396356
58,CUTLASS,gemm,cutlass3x_sm90_tensorop_s64x128x16gemm_f16_f16_f32_f16_f16_128x128x64_2x1x1_0_nnn_align8_warpspecialized_cooperative_epi_tma,passed,success,universal,1280,1024,4096,f16:column,f16:column,f16:column,f16:column,1,0,serial,8,1,heuristic,invalid,invalid,false,false,1,tensorop,f32,128,128,64,2,1,1,0,0,0,6,4,2,1,64,128,16,90,90,21495808,10740039680,499,0.0252579,792.604,425215
58,CUTLASS,gemm,cutlass3x_sm90_tensorop_s64x128x16gemm_f16_f16_f32_f16_f16_128x128x64_2x1x1_0_nnn_align8_stream_k_warpspecialized_cooperative_epi_nosmem,passed,success,universal,1280,1024,4096,f16:column,f16:column,f16:column,f16:column,1,0,serial,8,1,heuristic,invalid,invalid,false,false,1,tensorop,f32,128,128,64,2,1,1,0,0,0,7,4,2,1,64,128,16,90,90,21495808,10740039680,499,0.0452982,441.949,237096
58,CUTLASS,gemm,cutlass3x_sm90_tensorop_s64x128x16gemm_f16_f16_f32_f16_f16_128x128x64_2x1x1_0_nnn_align8_stream_k_warpspecialized_cooperative_epi_tma,passed,success,universal,1280,1024,4096,f16:column,f16:column,f16:column,f16:column,1,0,serial,8,1,heuristic,invalid,invalid,false,false,1,tensorop,f32,128,128,64,2,1,1,0,0,0,6,4,2,1,64,128,16,90,90,21495808,10740039680,499,0.0448163,446.702,239646
59,CUTLASS,gemm,cutlass_tensorop_f16_s1688gemm_f16_256x128_32x2_nn_align8,passed,success,universal,1408,1024,4096,f16:column,f16:column,f16:column,f16:column,1,0,serial,8,1,heuristic,invalid,invalid,false,false,1,tensorop,f32,256,128,32,1,1,1,0,0,0,2,4,2,1,16,8,8,75,1024,22806528,11814043648,518,0.0796701,266.602,148287
59,CUTLASS,gemm,cutlass_tensorop_f16_s16816gemm_f16_256x128_32x3_nn_align8,passed,success,universal,1408,1024,4096,f16:column,f16:column,f16:column,f16:column,1,0,serial,8,1,heuristic,invalid,invalid,false,false,1,tensorop,f32,256,128,32,1,1,1,0,0,0,3,4,2,1,16,8,16,80,1024,22806528,11814043648,518,0.0488525,434.783,241831
59,CUTLASS,gemm,cutlass3x_sm90_tensorop_s64x128x16gemm_f16_f16_f32_f16_f16_128x128x64_1x2x1_0_nnn_align8,passed,success,universal,1408,1024,4096,f16:column,f16:column,f16:column,f16:column,1,0,serial,8,1,heuristic,invalid,invalid,false,false,1,tensorop,f32,128,128,64,1,2,1,0,0,0,7,4,2,1,64,128,16,90,90,22806528,11814043648,518,0.0269024,789.529,439145
59,CUTLASS,gemm,cutlass3x_sm90_tensorop_s64x128x16gemm_f16_f16_f32_f16_f16_128x128x64_1x2x1_0_nnn_align8_warpspecialized_epi_nosmem,passed,success,universal,1408,1024,4096,f16:column,f16:column,f16:column,f16:column,1,0,serial,8,1,heuristic,invalid,invalid,false,false,1,tensorop,f32,128,128,64,1,2,1,0,0,0,7,4,1,1,64,128,16,90,90,22806528,11814043648,518,0.027104,783.657,435878
59,CUTLASS,gemm,cutlass3x_sm90_tensorop_s64x128x16gemm_f16_f16_f32_f16_f16_128x128x64_1x2x1_0_nnn_align8_warpspecialized_pingpong_epi_tma,passed,success,universal,1408,1024,4096,f16:column,f16:column,f16:column,f16:column,1,0,serial,8,1,heuristic,invalid,invalid,false,false,1,tensorop,f32,128,128,64,1,2,1,0,0,0,6,4,1,1,64,128,16,90,90,22806528,11814043648,518,0.025873,820.943,456617
59,CUTLASS,gemm,cutlass3x_sm90_tensorop_s64x128x16gemm_f16_f16_f32_f16_f16_128x128x64_1x2x1_0_nnn_align8_warpspecialized_pingpong_epi_nosmem,passed,success,universal,1408,1024,4096,f16:column,f16:column,f16:column,f16:column,1,0,serial,8,1,heuristic,invalid,invalid,false,false,1,tensorop,f32,128,128,64,1,2,1,0,0,0,7,4,1,1,64,128,16,90,90,22806528,11814043648,518,0.0269834,787.161,437827
59,CUTLASS,gemm,cutlass3x_sm90_tensorop_s64x128x16gemm_f16_f16_f32_f16_f16_128x128x64_1x2x1_0_nnn_align8_warpspecialized_cooperative_epi_nosmem,passed,success,universal,1408,1024,4096,f16:column,f16:column,f16:column,f16:column,1,0,serial,8,1,heuristic,invalid,invalid,false,false,1,tensorop,f32,128,128,64,1,2,1,0,0,0,7,4,2,1,64,128,16,90,90,22806528,11814043648,518,0.0268774,790.263,439552
59,CUTLASS,gemm,cutlass3x_sm90_tensorop_s64x128x16gemm_f16_f16_f32_f16_f16_128x128x64_1x2x1_0_nnn_align8_warpspecialized_cooperative_epi_tma,passed,success,universal,1408,1024,4096,f16:column,f16:column,f16:column,f16:column,1,0,serial,8,1,heuristic,invalid,invalid,false,false,1,tensorop,f32,128,128,64,1,2,1,0,0,0,6,4,2,1,64,128,16,90,90,22806528,11814043648,518,0.0251728,843.777,469318
59,CUTLASS,gemm,cutlass3x_sm90_tensorop_s64x128x16gemm_f16_f16_f32_f16_f16_128x128x64_1x2x1_0_nnn_align8_stream_k_warpspecialized_cooperative_epi_nosmem,passed,success,universal,1408,1024,4096,f16:column,f16:column,f16:column,f16:column,1,0,serial,8,1,heuristic,invalid,invalid,false,false,1,tensorop,f32,128,128,64,1,2,1,0,0,0,7,4,2,1,64,128,16,90,90,22806528,11814043648,518,0.0493578,430.332,239355
59,CUTLASS,gemm,cutlass3x_sm90_tensorop_s64x128x16gemm_f16_f16_f32_f16_f16_128x128x64_1x2x1_0_nnn_align8_stream_k_warpspecialized_cooperative_epi_tma,passed,success,universal,1408,1024,4096,f16:column,f16:column,f16:column,f16:column,1,0,serial,8,1,heuristic,invalid,invalid,false,false,1,tensorop,f32,128,128,64,1,2,1,0,0,0,6,4,2,1,64,128,16,90,90,22806528,11814043648,518,0.0491123,432.483,240552
59,CUTLASS,gemm,cutlass3x_sm90_tensorop_s64x128x16gemm_f16_f16_f32_f16_f16_128x128x64_2x1x1_0_nnn_align8,passed,success,universal,1408,1024,4096,f16:column,f16:column,f16:column,f16:column,1,0,serial,8,1,heuristic,invalid,invalid,false,false,1,tensorop,f32,128,128,64,2,1,1,0,0,0,7,4,2,1,64,128,16,90,90,22806528,11814043648,518,0.0303814,699.119,388857
59,CUTLASS,gemm,cutlass3x_sm90_tensorop_s64x128x16gemm_f16_f16_f32_f16_f16_128x128x64_2x1x1_0_nnn_align8_warpspecialized_epi_nosmem,passed,success,universal,1408,1024,4096,f16:column,f16:column,f16:column,f16:column,1,0,serial,8,1,heuristic,invalid,invalid,false,false,1,tensorop,f32,128,128,64,2,1,1,0,0,0,7,4,1,1,64,128,16,90,90,22806528,11814043648,518,0.0335632,632.843,351994
59,CUTLASS,gemm,cutlass3x_sm90_tensorop_s64x128x16gemm_f16_f16_f32_f16_f16_128x128x64_2x1x1_0_nnn_align8_warpspecialized_pingpong_epi_tma,passed,success,universal,1408,1024,4096,f16:column,f16:column,f16:column,f16:column,1,0,serial,8,1,heuristic,invalid,invalid,false,false,1,tensorop,f32,128,128,64,2,1,1,0,0,0,6,4,1,1,64,128,16,90,90,22806528,11814043648,518,0.0289104,734.692,408643
59,CUTLASS,gemm,cutlass3x_sm90_tensorop_s64x128x16gemm_f16_f16_f32_f16_f16_128x128x64_2x1x1_0_nnn_align8_warpspecialized_pingpong_epi_nosmem,passed,success,universal,1408,1024,4096,f16:column,f16:column,f16:column,f16:column,1,0,serial,8,1,heuristic,invalid,invalid,false,false,1,tensorop,f32,128,128,64,2,1,1,0,0,0,7,4,1,1,64,128,16,90,90,22806528,11814043648,518,0.0317242,669.529,372399
59,CUTLASS,gemm,cutlass3x_sm90_tensorop_s64x128x16gemm_f16_f16_f32_f16_f16_128x128x64_2x1x1_0_nnn_align8_warpspecialized_cooperative_epi_nosmem,passed,success,universal,1408,1024,4096,f16:column,f16:column,f16:column,f16:column,1,0,serial,8,1,heuristic,invalid,invalid,false,false,1,tensorop,f32,128,128,64,2,1,1,0,0,0,7,4,2,1,64,128,16,90,90,22806528,11814043648,518,0.0306474,693.053,385483
59,CUTLASS,gemm,cutlass3x_sm90_tensorop_s64x128x16gemm_f16_f16_f32_f16_f16_128x128x64_2x1x1_0_nnn_align8_warpspecialized_cooperative_epi_tma,passed,success,universal,1408,1024,4096,f16:column,f16:column,f16:column,f16:column,1,0,serial,8,1,heuristic,invalid,invalid,false,false,1,tensorop,f32,128,128,64,2,1,1,0,0,0,6,4,2,1,64,128,16,90,90,22806528,11814043648,518,0.0285715,743.406,413490
59,CUTLASS,gemm,cutlass3x_sm90_tensorop_s64x128x16gemm_f16_f16_f32_f16_f16_128x128x64_2x1x1_0_nnn_align8_stream_k_warpspecialized_cooperative_epi_nosmem,passed,success,universal,1408,1024,4096,f16:column,f16:column,f16:column,f16:column,1,0,serial,8,1,heuristic,invalid,invalid,false,false,1,tensorop,f32,128,128,64,2,1,1,0,0,0,7,4,2,1,64,128,16,90,90,22806528,11814043648,518,0.0555062,382.664,212842
59,CUTLASS,gemm,cutlass3x_sm90_tensorop_s64x128x16gemm_f16_f16_f32_f16_f16_128x128x64_2x1x1_0_nnn_align8_stream_k_warpspecialized_cooperative_epi_tma,passed,success,universal,1408,1024,4096,f16:column,f16:column,f16:column,f16:column,1,0,serial,8,1,heuristic,invalid,invalid,false,false,1,tensorop,f32,128,128,64,2,1,1,0,0,0,6,4,2,1,64,128,16,90,90,22806528,11814043648,518,0.0543197,391.023,217491
60,CUTLASS,gemm,cutlass_tensorop_f16_s1688gemm_f16_256x128_32x2_nn_align8,passed,success,universal,1536,1024,4096,f16:column,f16:column,f16:column,f16:column,1,0,serial,8,1,heuristic,invalid,invalid,false,false,1,tensorop,f32,256,128,32,1,1,1,0,0,0,2,4,2,1,16,8,8,75,1024,24117248,12888047616,534,0.0812333,276.499,158655
60,CUTLASS,gemm,cutlass_tensorop_f16_s16816gemm_f16_256x128_32x3_nn_align8,passed,success,universal,1536,1024,4096,f16:column,f16:column,f16:column,f16:column,1,0,serial,8,1,heuristic,invalid,invalid,false,false,1,tensorop,f32,256,128,32,1,1,1,0,0,0,3,4,2,1,16,8,16,80,1024,24117248,12888047616,534,0.0518986,432.785,248332
60,CUTLASS,gemm,cutlass3x_sm90_tensorop_s64x128x16gemm_f16_f16_f32_f16_f16_128x128x64_1x2x1_0_nnn_align8,passed,success,universal,1536,1024,4096,f16:column,f16:column,f16:column,f16:column,1,0,serial,8,1,heuristic,invalid,invalid,false,false,1,tensorop,f32,128,128,64,1,2,1,0,0,0,7,4,2,1,64,128,16,90,90,24117248,12888047616,534,0.027399,819.771,470383
60,CUTLASS,gemm,cutlass3x_sm90_tensorop_s64x128x16gemm_f16_f16_f32_f16_f16_128x128x64_1x2x1_0_nnn_align8_warpspecialized_epi_nosmem,passed,success,universal,1536,1024,4096,f16:column,f16:column,f16:column,f16:column,1,0,serial,8,1,heuristic,invalid,invalid,false,false,1,tensorop,f32,128,128,64,1,2,1,0,0,0,7,4,1,1,64,128,16,90,90,24117248,12888047616,534,0.0271616,826.937,474495
60,CUTLASS,gemm,cutlass3x_sm90_tensorop_s64x128x16gemm_f16_f16_f32_f16_f16_128x128x64_1x2x1_0_nnn_align8_warpspecialized_pingpong_epi_tma,passed,success,universal,1536,1024,4096,f16:column,f16:column,f16:column,f16:column,1,0,serial,8,1,heuristic,invalid,invalid,false,false,1,tensorop,f32,128,128,64,1,2,1,0,0,0,6,4,1,1,64,128,16,90,90,24117248,12888047616,534,0.0262701,855.001,490598
60,CUTLASS,gemm,cutlass3x_sm90_tensorop_s64x128x16gemm_f16_f16_f32_f16_f16_128x128x64_1x2x1_0_nnn_align8_warpspecialized_pingpong_epi_nosmem,passed,success,universal,1536,1024,4096,f16:column,f16:column,f16:column,f16:column,1,0,serial,8,1,heuristic,invalid,invalid,false,false,1,tensorop,f32,128,128,64,1,2,1,0,0,0,7,4,1,1,64,128,16,90,90,24117248,12888047616,534,0.0274416,818.5,469654
60,CUTLASS,gemm,cutlass3x_sm90_tensorop_s64x128x16gemm_f16_f16_f32_f16_f16_128x128x64_1x2x1_0_nnn_align8_warpspecialized_cooperative_epi_nosmem,passed,success,universal,1536,1024,4096,f16:column,f16:column,f16:column,f16:column,1,0,serial,8,1,heuristic,invalid,invalid,false,false,1,tensorop,f32,128,128,64,1,2,1,0,0,0,7,4,2,1,64,128,16,90,90,24117248,12888047616,534,0.0274205,819.13,470015
60,CUTLASS,gemm,cutlass3x_sm90_tensorop_s64x128x16gemm_f16_f16_f32_f16_f16_128x128x64_1x2x1_0_nnn_align8_warpspecialized_cooperative_epi_tma,passed,success,universal,1536,1024,4096,f16:column,f16:column,f16:column,f16:column,1,0,serial,8,1,heuristic,invalid,invalid,false,false,1,tensorop,f32,128,128,64,1,2,1,0,0,0,6,4,2,1,64,128,16,90,90,24117248,12888047616,534,0.0255462,879.227,504499
60,CUTLASS,gemm,cutlass3x_sm90_tensorop_s64x128x16gemm_f16_f16_f32_f16_f16_128x128x64_1x2x1_0_nnn_align8_stream_k_warpspecialized_cooperative_epi_nosmem,passed,success,universal,1536,1024,4096,f16:column,f16:column,f16:column,f16:column,1,0,serial,8,1,heuristic,invalid,invalid,false,false,1,tensorop,f32,128,128,64,1,2,1,0,0,0,7,4,2,1,64,128,16,90,90,24117248,12888047616,534,0.0531725,422.417,242382
60,CUTLASS,gemm,cutlass3x_sm90_tensorop_s64x128x16gemm_f16_f16_f32_f16_f16_128x128x64_1x2x1_0_nnn_align8_stream_k_warpspecialized_cooperative_epi_tma,passed,success,universal,1536,1024,4096,f16:column,f16:column,f16:column,f16:column,1,0,serial,8,1,heuristic,invalid,invalid,false,false,1,tensorop,f32,128,128,64,1,2,1,0,0,0,6,4,2,1,64,128,16,90,90,24117248,12888047616,534,0.0533021,421.39,241793
60,CUTLASS,gemm,cutlass3x_sm90_tensorop_s64x128x16gemm_f16_f16_f32_f16_f16_128x128x64_2x1x1_0_nnn_align8,passed,success,universal,1536,1024,4096,f16:column,f16:column,f16:column,f16:column,1,0,serial,8,1,heuristic,invalid,invalid,false,false,1,tensorop,f32,128,128,64,2,1,1,0,0,0,7,4,2,1,64,128,16,90,90,24117248,12888047616,534,0.029849,752.486,431775
60,CUTLASS,gemm,cutlass3x_sm90_tensorop_s64x128x16gemm_f16_f16_f32_f16_f16_128x128x64_2x1x1_0_nnn_align8_warpspecialized_epi_nosmem,passed,success,universal,1536,1024,4096,f16:column,f16:column,f16:column,f16:column,1,0,serial,8,1,heuristic,invalid,invalid,false,false,1,tensorop,f32,128,128,64,2,1,1,0,0,0,7,4,1,1,64,128,16,90,90,24117248,12888047616,534,0.0289686,775.354,444897
60,CUTLASS,gemm,cutlass3x_sm90_tensorop_s64x128x16gemm_f16_f16_f32_f16_f16_128x128x64_2x1x1_0_nnn_align8_warpspecialized_pingpong_epi_tma,passed,success,universal,1536,1024,4096,f16:column,f16:column,f16:column,f16:column,1,0,serial,8,1,heuristic,invalid,invalid,false,false,1,tensorop,f32,128,128,64,2,1,1,0,0,0,6,4,1,1,64,128,16,90,90,24117248,12888047616,534,0.0271894,826.09,474009
60,CUTLASS,gemm,cutlass3x_sm90_tensorop_s64x128x16gemm_f16_f16_f32_f16_f16_128x128x64_2x1x1_0_nnn_align8_warpspecialized_pingpong_epi_nosmem,passed,success,universal,1536,1024,4096,f16:column,f16:column,f16:column,f16:column,1,0,serial,8,1,heuristic,invalid,invalid,false,false,1,tensorop,f32,128,128,64,2,1,1,0,0,0,7,4,1,1,64,128,16,90,90,24117248,12888047616,534,0.0293232,765.978,439517
60,CUTLASS,gemm,cutlass3x_sm90_tensorop_s64x128x16gemm_f16_f16_f32_f16_f16_128x128x64_2x1x1_0_nnn_align8_warpspecialized_cooperative_epi_nosmem,passed,success,universal,1536,1024,4096,f16:column,f16:column,f16:column,f16:column,1,0,serial,8,1,heuristic,invalid,invalid,false,false,1,tensorop,f32,128,128,64,2,1,1,0,0,0,7,4,2,1,64,128,16,90,90,24117248,12888047616,534,0.0303258,740.655,424987
60,CUTLASS,gemm,cutlass3x_sm90_tensorop_s64x128x16gemm_f16_f16_f32_f16_f16_128x128x64_2x1x1_0_nnn_align8_warpspecialized_cooperative_epi_tma,passed,success,universal,1536,1024,4096,f16:column,f16:column,f16:column,f16:column,1,0,serial,8,1,heuristic,invalid,invalid,false,false,1,tensorop,f32,128,128,64,2,1,1,0,0,0,6,4,2,1,64,128,16,90,90,24117248,12888047616,534,0.0265712,845.311,485038
60,CUTLASS,gemm,cutlass3x_sm90_tensorop_s64x128x16gemm_f16_f16_f32_f16_f16_128x128x64_2x1x1_0_nnn_align8_stream_k_warpspecialized_cooperative_epi_nosmem,passed,success,universal,1536,1024,4096,f16:column,f16:column,f16:column,f16:column,1,0,serial,8,1,heuristic,invalid,invalid,false,false,1,tensorop,f32,128,128,64,2,1,1,0,0,0,7,4,2,1,64,128,16,90,90,24117248,12888047616,534,0.0542387,414.113,237617
60,CUTLASS,gemm,cutlass3x_sm90_tensorop_s64x128x16gemm_f16_f16_f32_f16_f16_128x128x64_2x1x1_0_nnn_align8_stream_k_warpspecialized_cooperative_epi_tma,passed,success,universal,1536,1024,4096,f16:column,f16:column,f16:column,f16:column,1,0,serial,8,1,heuristic,invalid,invalid,false,false,1,tensorop,f32,128,128,64,2,1,1,0,0,0,6,4,2,1,64,128,16,90,90,24117248,12888047616,534,0.0536342,418.78,240295
61,CUTLASS,gemm,cutlass_tensorop_f16_s1688gemm_f16_256x128_32x2_nn_align8,passed,success,universal,1664,1024,4096,f16:column,f16:column,f16:column,f16:column,1,0,serial,8,1,heuristic,invalid,invalid,false,false,1,tensorop,f32,256,128,32,1,1,1,0,0,0,2,4,2,1,16,8,8,75,1024,25427968,13962051584,549,0.0961523,246.293,145208
61,CUTLASS,gemm,cutlass_tensorop_f16_s16816gemm_f16_256x128_32x3_nn_align8,passed,success,universal,1664,1024,4096,f16:column,f16:column,f16:column,f16:column,1,0,serial,8,1,heuristic,invalid,invalid,false,false,1,tensorop,f32,256,128,32,1,1,1,0,0,0,3,4,2,1,16,8,16,80,1024,25427968,13962051584,549,0.0570298,415.251,244820
61,CUTLASS,gemm,cutlass3x_sm90_tensorop_s64x128x16gemm_f16_f16_f32_f16_f16_128x128x64_1x2x1_0_nnn_align8,passed,success,universal,1664,1024,4096,f16:column,f16:column,f16:column,f16:column,1,0,serial,8,1,heuristic,invalid,invalid,false,false,1,tensorop,f32,128,128,64,1,2,1,0,0,0,7,4,2,1,64,128,16,90,90,25427968,13962051584,549,0.0280579,844.027,497615
61,CUTLASS,gemm,cutlass3x_sm90_tensorop_s64x128x16gemm_f16_f16_f32_f16_f16_128x128x64_1x2x1_0_nnn_align8_warpspecialized_epi_nosmem,passed,success,universal,1664,1024,4096,f16:column,f16:column,f16:column,f16:column,1,0,serial,8,1,heuristic,invalid,invalid,false,false,1,tensorop,f32,128,128,64,1,2,1,0,0,0,7,4,1,1,64,128,16,90,90,25427968,13962051584,549,0.0268653,881.496,519706
61,CUTLASS,gemm,cutlass3x_sm90_tensorop_s64x128x16gemm_f16_f16_f32_f16_f16_128x128x64_1x2x1_0_nnn_align8_warpspecialized_pingpong_epi_tma,passed,success,universal,1664,1024,4096,f16:column,f16:column,f16:column,f16:column,1,0,serial,8,1,heuristic,invalid,invalid,false,false,1,tensorop,f32,128,128,64,1,2,1,0,0,0,6,4,1,1,64,128,16,90,90,25427968,13962051584,549,0.0262365,902.623,532162
61,CUTLASS,gemm,cutlass3x_sm90_tensorop_s64x128x16gemm_f16_f16_f32_f16_f16_128x128x64_1x2x1_0_nnn_align8_warpspecialized_pingpong_epi_nosmem,passed,success,universal,1664,1024,4096,f16:column,f16:column,f16:column,f16:column,1,0,serial,8,1,heuristic,invalid,invalid,false,false,1,tensorop,f32,128,128,64,1,2,1,0,0,0,7,4,1,1,64,128,16,90,90,25427968,13962051584,549,0.0283715,834.698,492115
61,CUTLASS,gemm,cutlass3x_sm90_tensorop_s64x128x16gemm_f16_f16_f32_f16_f16_128x128x64_1x2x1_0_nnn_align8_warpspecialized_cooperative_epi_nosmem,passed,success,universal,1664,1024,4096,f16:column,f16:column,f16:column,f16:column,1,0,serial,8,1,heuristic,invalid,invalid,false,false,1,tensorop,f32,128,128,64,1,2,1,0,0,0,7,4,2,1,64,128,16,90,90,25427968,13962051584,549,0.0287248,824.432,486063
61,CUTLASS,gemm,cutlass3x_sm90_tensorop_s64x128x16gemm_f16_f16_f32_f16_f16_128x128x64_1x2x1_0_nnn_align8_warpspecialized_cooperative_epi_tma,passed,success,universal,1664,1024,4096,f16:column,f16:column,f16:column,f16:column,1,0,serial,8,1,heuristic,invalid,invalid,false,false,1,tensorop,f32,128,128,64,1,2,1,0,0,0,6,4,2,1,64,128,16,90,90,25427968,13962051584,549,0.0257914,918.201,541346
61,CUTLASS,gemm,cutlass3x_sm90_tensorop_s64x128x16gemm_f16_f16_f32_f16_f16_128x128x64_1x2x1_0_nnn_align8_stream_k_warpspecialized_cooperative_epi_nosmem,passed,success,universal,1664,1024,4096,f16:column,f16:column,f16:column,f16:column,1,0,serial,8,1,heuristic,invalid,invalid,false,false,1,tensorop,f32,128,128,64,1,2,1,0,0,0,7,4,2,1,64,128,16,90,90,25427968,13962051584,549,0.0585786,404.271,238347
61,CUTLASS,gemm,cutlass3x_sm90_tensorop_s64x128x16gemm_f16_f16_f32_f16_f16_128x128x64_1x2x1_0_nnn_align8_stream_k_warpspecialized_cooperative_epi_tma,passed,success,universal,1664,1024,4096,f16:column,f16:column,f16:column,f16:column,1,0,serial,8,1,heuristic,invalid,invalid,false,false,1,tensorop,f32,128,128,64,1,2,1,0,0,0,6,4,2,1,64,128,16,90,90,25427968,13962051584,549,0.0580707,407.807,240432
61,CUTLASS,gemm,cutlass3x_sm90_tensorop_s64x128x16gemm_f16_f16_f32_f16_f16_128x128x64_2x1x1_0_nnn_align8,passed,success,universal,1664,1024,4096,f16:column,f16:column,f16:column,f16:column,1,0,serial,8,1,heuristic,invalid,invalid,false,false,1,tensorop,f32,128,128,64,2,1,1,0,0,0,7,4,2,1,64,128,16,90,90,25427968,13962051584,549,0.0360288,657.298,387525
61,CUTLASS,gemm,cutlass3x_sm90_tensorop_s64x128x16gemm_f16_f16_f32_f16_f16_128x128x64_2x1x1_0_nnn_align8_warpspecialized_epi_nosmem,passed,success,universal,1664,1024,4096,f16:column,f16:column,f16:column,f16:column,1,0,serial,8,1,heuristic,invalid,invalid,false,false,1,tensorop,f32,128,128,64,2,1,1,0,0,0,7,4,1,1,64,128,16,90,90,25427968,13962051584,549,0.0354381,668.254,393984
61,CUTLASS,gemm,cutlass3x_sm90_tensorop_s64x128x16gemm_f16_f16_f32_f16_f16_128x128x64_2x1x1_0_nnn_align8_warpspecialized_pingpong_epi_tma,passed,success,universal,1664,1024,4096,f16:column,f16:column,f16:column,f16:column,1,0,serial,8,1,heuristic,invalid,invalid,false,false,1,tensorop,f32,128,128,64,2,1,1,0,0,0,6,4,1,1,64,128,16,90,90,25427968,13962051584,549,0.0343021,690.385,407032
61,CUTLASS,gemm,cutlass3x_sm90_tensorop_s64x128x16gemm_f16_f16_f32_f16_f16_128x128x64_2x1x1_0_nnn_align8_warpspecialized_pingpong_epi_nosmem,passed,success,universal,1664,1024,4096,f16:column,f16:column,f16:column,f16:column,1,0,serial,8,1,heuristic,invalid,invalid,false,false,1,tensorop,f32,128,128,64,2,1,1,0,0,0,7,4,1,1,64,128,16,90,90,25427968,13962051584,549,0.035553,666.095,392711
61,CUTLASS,gemm,cutlass3x_sm90_tensorop_s64x128x16gemm_f16_f16_f32_f16_f16_128x128x64_2x1x1_0_nnn_align8_warpspecialized_cooperative_epi_nosmem,passed,success,universal,1664,1024,4096,f16:column,f16:column,f16:column,f16:column,1,0,serial,8,1,heuristic,invalid,invalid,false,false,1,tensorop,f32,128,128,64,2,1,1,0,0,0,7,4,2,1,64,128,16,90,90,25427968,13962051584,549,0.035488,667.314,393430
61,CUTLASS,gemm,cutlass3x_sm90_tensorop_s64x128x16gemm_f16_f16_f32_f16_f16_128x128x64_2x1x1_0_nnn_align8_warpspecialized_cooperative_epi_tma,passed,success,universal,1664,1024,4096,f16:column,f16:column,f16:column,f16:column,1,0,serial,8,1,heuristic,invalid,invalid,false,false,1,tensorop,f32,128,128,64,2,1,1,0,0,0,6,4,2,1,64,128,16,90,90,25427968,13962051584,549,0.0333213,710.706,419013
61,CUTLASS,gemm,cutlass3x_sm90_tensorop_s64x128x16gemm_f16_f16_f32_f16_f16_128x128x64_2x1x1_0_nnn_align8_stream_k_warpspecialized_cooperative_epi_nosmem,passed,success,universal,1664,1024,4096,f16:column,f16:column,f16:column,f16:column,1,0,serial,8,1,heuristic,invalid,invalid,false,false,1,tensorop,f32,128,128,64,2,1,1,0,0,0,7,4,2,1,64,128,16,90,90,25427968,13962051584,549,0.0630438,375.638,221466
61,CUTLASS,gemm,cutlass3x_sm90_tensorop_s64x128x16gemm_f16_f16_f32_f16_f16_128x128x64_2x1x1_0_nnn_align8_stream_k_warpspecialized_cooperative_epi_tma,passed,success,universal,1664,1024,4096,f16:column,f16:column,f16:column,f16:column,1,0,serial,8,1,heuristic,invalid,invalid,false,false,1,tensorop,f32,128,128,64,2,1,1,0,0,0,6,4,2,1,64,128,16,90,90,25427968,13962051584,549,0.061376,385.845,227484
62,CUTLASS,gemm,cutlass_tensorop_f16_s1688gemm_f16_256x128_32x2_nn_align8,passed,success,universal,1792,1024,4096,f16:column,f16:column,f16:column,f16:column,1,0,serial,8,1,heuristic,invalid,invalid,false,false,1,tensorop,f32,256,128,32,1,1,1,0,0,0,2,4,2,1,16,8,8,75,1024,26738688,15036055552,562,0.0994211,250.473,151236
62,CUTLASS,gemm,cutlass_tensorop_f16_s16816gemm_f16_256x128_32x3_nn_align8,passed,success,universal,1792,1024,4096,f16:column,f16:column,f16:column,f16:column,1,0,serial,8,1,heuristic,invalid,invalid,false,false,1,tensorop,f32,256,128,32,1,1,1,0,0,0,3,4,2,1,16,8,16,80,1024,26738688,15036055552,562,0.0583315,426.911,257769
62,CUTLASS,gemm,cutlass3x_sm90_tensorop_s64x128x16gemm_f16_f16_f32_f16_f16_128x128x64_1x2x1_0_nnn_align8,passed,success,universal,1792,1024,4096,f16:column,f16:column,f16:column,f16:column,1,0,serial,8,1,heuristic,invalid,invalid,false,false,1,tensorop,f32,128,128,64,1,2,1,0,0,0,7,4,2,1,64,128,16,90,90,26738688,15036055552,562,0.0292291,851.97,514420
62,CUTLASS,gemm,cutlass3x_sm90_tensorop_s64x128x16gemm_f16_f16_f32_f16_f16_128x128x64_1x2x1_0_nnn_align8_warpspecialized_epi_nosmem,passed,success,universal,1792,1024,4096,f16:column,f16:column,f16:column,f16:column,1,0,serial,8,1,heuristic,invalid,invalid,false,false,1,tensorop,f32,128,128,64,1,2,1,0,0,0,7,4,1,1,64,128,16,90,90,26738688,15036055552,562,0.0305747,814.475,491781
62,CUTLASS,gemm,cutlass3x_sm90_tensorop_s64x128x16gemm_f16_f16_f32_f16_f16_128x128x64_1x2x1_0_nnn_align8_warpspecialized_pingpong_epi_tma,passed,success,universal,1792,1024,4096,f16:column,f16:column,f16:column,f16:column,1,0,serial,8,1,heuristic,invalid,invalid,false,false,1,tensorop,f32,128,128,64,1,2,1,0,0,0,6,4,1,1,64,128,16,90,90,26738688,15036055552,562,0.0263558,944.851,570502
62,CUTLASS,gemm,cutlass3x_sm90_tensorop_s64x128x16gemm_f16_f16_f32_f16_f16_128x128x64_1x2x1_0_nnn_align8_warpspecialized_pingpong_epi_nosmem,passed,success,universal,1792,1024,4096,f16:column,f16:column,f16:column,f16:column,1,0,serial,8,1,heuristic,invalid,invalid,false,false,1,tensorop,f32,128,128,64,1,2,1,0,0,0,7,4,1,1,64,128,16,90,90,26738688,15036055552,562,0.0290707,856.613,517223
62,CUTLASS,gemm,cutlass3x_sm90_tensorop_s64x128x16gemm_f16_f16_f32_f16_f16_128x128x64_1x2x1_0_nnn_align8_warpspecialized_cooperative_epi_nosmem,passed,success,universal,1792,1024,4096,f16:column,f16:column,f16:column,f16:column,1,0,serial,8,1,heuristic,invalid,invalid,false,false,1,tensorop,f32,128,128,64,1,2,1,0,0,0,7,4,2,1,64,128,16,90,90,26738688,15036055552,562,0.0291485,854.327,515844
62,CUTLASS,gemm,cutlass3x_sm90_tensorop_s64x128x16gemm_f16_f16_f32_f16_f16_128x128x64_1x2x1_0_nnn_align8_warpspecialized_cooperative_epi_tma,passed,success,universal,1792,1024,4096,f16:column,f16:column,f16:column,f16:column,1,0,serial,8,1,heuristic,invalid,invalid,false,false,1,tensorop,f32,128,128,64,1,2,1,0,0,0,6,4,2,1,64,128,16,90,90,26738688,15036055552,562,0.0256666,970.225,585823
62,CUTLASS,gemm,cutlass3x_sm90_tensorop_s64x128x16gemm_f16_f16_f32_f16_f16_128x128x64_1x2x1_0_nnn_align8_stream_k_warpspecialized_cooperative_epi_nosmem,passed,success,universal,1792,1024,4096,f16:column,f16:column,f16:column,f16:column,1,0,serial,8,1,heuristic,invalid,invalid,false,false,1,tensorop,f32,128,128,64,1,2,1,0,0,0,7,4,2,1,64,128,16,90,90,26738688,15036055552,562,0.0602678,413.195,249487
62,CUTLASS,gemm,cutlass3x_sm90_tensorop_s64x128x16gemm_f16_f16_f32_f16_f16_128x128x64_1x2x1_0_nnn_align8_stream_k_warpspecialized_cooperative_epi_tma,passed,success,universal,1792,1024,4096,f16:column,f16:column,f16:column,f16:column,1,0,serial,8,1,heuristic,invalid,invalid,false,false,1,tensorop,f32,128,128,64,1,2,1,0,0,0,6,4,2,1,64,128,16,90,90,26738688,15036055552,562,0.0599808,415.172,250681
62,CUTLASS,gemm,cutlass3x_sm90_tensorop_s64x128x16gemm_f16_f16_f32_f16_f16_128x128x64_2x1x1_0_nnn_align8,passed,success,universal,1792,1024,4096,f16:column,f16:column,f16:column,f16:column,1,0,serial,8,1,heuristic,invalid,invalid,false,false,1,tensorop,f32,128,128,64,2,1,1,0,0,0,7,4,2,1,64,128,16,90,90,26738688,15036055552,562,0.0325315,765.484,462200
62,CUTLASS,gemm,cutlass3x_sm90_tensorop_s64x128x16gemm_f16_f16_f32_f16_f16_128x128x64_2x1x1_0_nnn_align8_warpspecialized_epi_nosmem,passed,success,universal,1792,1024,4096,f16:column,f16:column,f16:column,f16:column,1,0,serial,8,1,heuristic,invalid,invalid,false,false,1,tensorop,f32,128,128,64,2,1,1,0,0,0,7,4,1,1,64,128,16,90,90,26738688,15036055552,562,0.0311107,800.443,483308
62,CUTLASS,gemm,cutlass3x_sm90_tensorop_s64x128x16gemm_f16_f16_f32_f16_f16_128x128x64_2x1x1_0_nnn_align8_warpspecialized_pingpong_epi_tma,passed,success,universal,1792,1024,4096,f16:column,f16:column,f16:column,f16:column,1,0,serial,8,1,heuristic,invalid,invalid,false,false,1,tensorop,f32,128,128,64,2,1,1,0,0,0,6,4,1,1,64,128,16,90,90,26738688,15036055552,562,0.0302832,822.315,496515
62,CUTLASS,gemm,cutlass3x_sm90_tensorop_s64x128x16gemm_f16_f16_f32_f16_f16_128x128x64_2x1x1_0_nnn_align8_warpspecialized_pingpong_epi_nosmem,passed,success,universal,1792,1024,4096,f16:column,f16:column,f16:column,f16:column,1,0,serial,8,1,heuristic,invalid,invalid,false,false,1,tensorop,f32,128,128,64,2,1,1,0,0,0,7,4,1,1,64,128,16,90,90,26738688,15036055552,562,0.0327421,760.561,459227
62,CUTLASS,gemm,cutlass3x_sm90_tensorop_s64x128x16gemm_f16_f16_f32_f16_f16_128x128x64_2x1x1_0_nnn_align8_warpspecialized_cooperative_epi_nosmem,passed,success,universal,1792,1024,4096,f16:column,f16:column,f16:column,f16:column,1,0,serial,8,1,heuristic,invalid,invalid,false,false,1,tensorop,f32,128,128,64,2,1,1,0,0,0,7,4,2,1,64,128,16,90,90,26738688,15036055552,562,0.0326006,763.861,461220
62,CUTLASS,gemm,cutlass3x_sm90_tensorop_s64x128x16gemm_f16_f16_f32_f16_f16_128x128x64_2x1x1_0_nnn_align8_warpspecialized_cooperative_epi_tma,passed,success,universal,1792,1024,4096,f16:column,f16:column,f16:column,f16:column,1,0,serial,8,1,heuristic,invalid,invalid,false,false,1,tensorop,f32,128,128,64,2,1,1,0,0,0,6,4,2,1,64,128,16,90,90,26738688,15036055552,562,0.0293293,849.061,512664
62,CUTLASS,gemm,cutlass3x_sm90_tensorop_s64x128x16gemm_f16_f16_f32_f16_f16_128x128x64_2x1x1_0_nnn_align8_stream_k_warpspecialized_cooperative_epi_nosmem,passed,success,universal,1792,1024,4096,f16:column,f16:column,f16:column,f16:column,1,0,serial,8,1,heuristic,invalid,invalid,false,false,1,tensorop,f32,128,128,64,2,1,1,0,0,0,7,4,2,1,64,128,16,90,90,26738688,15036055552,562,0.0616022,404.244,244083
62,CUTLASS,gemm,cutlass3x_sm90_tensorop_s64x128x16gemm_f16_f16_f32_f16_f16_128x128x64_2x1x1_0_nnn_align8_stream_k_warpspecialized_cooperative_epi_tma,passed,success,universal,1792,1024,4096,f16:column,f16:column,f16:column,f16:column,1,0,serial,8,1,heuristic,invalid,invalid,false,false,1,tensorop,f32,128,128,64,2,1,1,0,0,0,6,4,2,1,64,128,16,90,90,26738688,15036055552,562,0.0615158,404.812,244426
63,CUTLASS,gemm,cutlass_tensorop_f16_s1688gemm_f16_256x128_32x2_nn_align8,passed,success,universal,1920,1024,4096,f16:column,f16:column,f16:column,f16:column,1,0,serial,8,1,heuristic,invalid,invalid,false,false,1,tensorop,f32,256,128,32,1,1,1,0,0,0,2,4,2,1,16,8,8,75,1024,28049408,16110059520,574,0.100187,260.744,160801
63,CUTLASS,gemm,cutlass_tensorop_f16_s16816gemm_f16_256x128_32x3_nn_align8,passed,success,universal,1920,1024,4096,f16:column,f16:column,f16:column,f16:column,1,0,serial,8,1,heuristic,invalid,invalid,false,false,1,tensorop,f32,256,128,32,1,1,1,0,0,0,3,4,2,1,16,8,16,80,1024,28049408,16110059520,574,0.0611571,427.146,263421
63,CUTLASS,gemm,cutlass3x_sm90_tensorop_s64x128x16gemm_f16_f16_f32_f16_f16_128x128x64_1x2x1_0_nnn_align8,passed,success,universal,1920,1024,4096,f16:column,f16:column,f16:column,f16:column,1,0,serial,8,1,heuristic,invalid,invalid,false,false,1,tensorop,f32,128,128,64,1,2,1,0,0,0,7,4,2,1,64,128,16,90,90,28049408,16110059520,574,0.0290141,900.358,555250
63,CUTLASS,gemm,cutlass3x_sm90_tensorop_s64x128x16gemm_f16_f16_f32_f16_f16_128x128x64_1x2x1_0_nnn_align8_warpspecialized_epi_nosmem,passed,success,universal,1920,1024,4096,f16:column,f16:column,f16:column,f16:column,1,0,serial,8,1,heuristic,invalid,invalid,false,false,1,tensorop,f32,128,128,64,1,2,1,0,0,0,7,4,1,1,64,128,16,90,90,28049408,16110059520,574,0.0308298,847.332,522549
63,CUTLASS,gemm,cutlass3x_sm90_tensorop_s64x128x16gemm_f16_f16_f32_f16_f16_128x128x64_1x2x1_0_nnn_align8_warpspecialized_pingpong_epi_tma,passed,success,universal,1920,1024,4096,f16:column,f16:column,f16:column,f16:column,1,0,serial,8,1,heuristic,invalid,invalid,false,false,1,tensorop,f32,128,128,64,1,2,1,0,0,0,6,4,1,1,64,128,16,90,90,28049408,16110059520,574,0.0276256,945.61,583157
63,CUTLASS,gemm,cutlass3x_sm90_tensorop_s64x128x16gemm_f16_f16_f32_f16_f16_128x128x64_1x2x1_0_nnn_align8_warpspecialized_pingpong_epi_nosmem,passed,success,universal,1920,1024,4096,f16:column,f16:column,f16:column,f16:column,1,0,serial,8,1,heuristic,invalid,invalid,false,false,1,tensorop,f32,128,128,64,1,2,1,0,0,0,7,4,1,1,64,128,16,90,90,28049408,16110059520,574,0.0288701,904.848,558019
63,CUTLASS,gemm,cutlass3x_sm90_tensorop_s64x128x16gemm_f16_f16_f32_f16_f16_128x128x64_1x2x1_0_nnn_align8_warpspecialized_cooperative_epi_nosmem,passed,success,universal,1920,1024,4096,f16:column,f16:column,f16:column,f16:column,1,0,serial,8,1,heuristic,invalid,invalid,false,false,1,tensorop,f32,128,128,64,1,2,1,0,0,0,7,4,2,1,64,128,16,90,90,28049408,16110059520,574,0.0291642,895.724,552392
63,CUTLASS,gemm,cutlass3x_sm90_tensorop_s64x128x16gemm_f16_f16_f32_f16_f16_128x128x64_1x2x1_0_nnn_align8_warpspecialized_cooperative_epi_tma,passed,success,universal,1920,1024,4096,f16:column,f16:column,f16:column,f16:column,1,0,serial,8,1,heuristic,invalid,invalid,false,false,1,tensorop,f32,128,128,64,1,2,1,0,0,0,6,4,2,1,64,128,16,90,90,28049408,16110059520,574,0.0264858,986.305,608254
63,CUTLASS,gemm,cutlass3x_sm90_tensorop_s64x128x16gemm_f16_f16_f32_f16_f16_128x128x64_1x2x1_0_nnn_align8_stream_k_warpspecialized_cooperative_epi_nosmem,passed,success,universal,1920,1024,4096,f16:column,f16:column,f16:column,f16:column,1,0,serial,8,1,heuristic,invalid,invalid,false,false,1,tensorop,f32,128,128,64,1,2,1,0,0,0,7,4,2,1,64,128,16,90,90,28049408,16110059520,574,0.0683626,382.125,235656
63,CUTLASS,gemm,cutlass3x_sm90_tensorop_s64x128x16gemm_f16_f16_f32_f16_f16_128x128x64_1x2x1_0_nnn_align8_stream_k_warpspecialized_cooperative_epi_tma,passed,success,universal,1920,1024,4096,f16:column,f16:column,f16:column,f16:column,1,0,serial,8,1,heuristic,invalid,invalid,false,false,1,tensorop,f32,128,128,64,1,2,1,0,0,0,6,4,2,1,64,128,16,90,90,28049408,16110059520,574,0.0678717,384.889,237361
63,CUTLASS,gemm,cutlass3x_sm90_tensorop_s64x128x16gemm_f16_f16_f32_f16_f16_128x128x64_2x1x1_0_nnn_align8,passed,success,universal,1920,1024,4096,f16:column,f16:column,f16:column,f16:column,1,0,serial,8,1,heuristic,invalid,invalid,false,false,1,tensorop,f32,128,128,64,2,1,1,0,0,0,7,4,2,1,64,128,16,90,90,28049408,16110059520,574,0.0388742,671.989,414415
63,CUTLASS,gemm,cutlass3x_sm90_tensorop_s64x128x16gemm_f16_f16_f32_f16_f16_128x128x64_2x1x1_0_nnn_align8_warpspecialized_epi_nosmem,passed,success,universal,1920,1024,4096,f16:column,f16:column,f16:column,f16:column,1,0,serial,8,1,heuristic,invalid,invalid,false,false,1,tensorop,f32,128,128,64,2,1,1,0,0,0,7,4,1,1,64,128,16,90,90,28049408,16110059520,574,0.0376179,694.431,428255
63,CUTLASS,gemm,cutlass3x_sm90_tensorop_s64x128x16gemm_f16_f16_f32_f16_f16_128x128x64_2x1x1_0_nnn_align8_warpspecialized_pingpong_epi_tma,passed,success,universal,1920,1024,4096,f16:column,f16:column,f16:column,f16:column,1,0,serial,8,1,heuristic,invalid,invalid,false,false,1,tensorop,f32,128,128,64,2,1,1,0,0,0,6,4,1,1,64,128,16,90,90,28049408,16110059520,574,0.0375376,695.917,429171
63,CUTLASS,gemm,cutlass3x_sm90_tensorop_s64x128x16gemm_f16_f16_f32_f16_f16_128x128x64_2x1x1_0_nnn_align8_warpspecialized_pingpong_epi_nosmem,passed,success,universal,1920,1024,4096,f16:column,f16:column,f16:column,f16:column,1,0,serial,8,1,heuristic,invalid,invalid,false,false,1,tensorop,f32,128,128,64,2,1,1,0,0,0,7,4,1,1,64,128,16,90,90,28049408,16110059520,574,0.0389568,670.565,413537
63,CUTLASS,gemm,cutlass3x_sm90_tensorop_s64x128x16gemm_f16_f16_f32_f16_f16_128x128x64_2x1x1_0_nnn_align8_warpspecialized_cooperative_epi_nosmem,passed,success,universal,1920,1024,4096,f16:column,f16:column,f16:column,f16:column,1,0,serial,8,1,heuristic,invalid,invalid,false,false,1,tensorop,f32,128,128,64,2,1,1,0,0,0,7,4,2,1,64,128,16,90,90,28049408,16110059520,574,0.0387104,674.833,416169
63,CUTLASS,gemm,cutlass3x_sm90_tensorop_s64x128x16gemm_f16_f16_f32_f16_f16_128x128x64_2x1x1_0_nnn_align8_warpspecialized_cooperative_epi_tma,passed,success,universal,1920,1024,4096,f16:column,f16:column,f16:column,f16:column,1,0,serial,8,1,heuristic,invalid,invalid,false,false,1,tensorop,f32,128,128,64,2,1,1,0,0,0,6,4,2,1,64,128,16,90,90,28049408,16110059520,574,0.036639,712.984,439697
63,CUTLASS,gemm,cutlass3x_sm90_tensorop_s64x128x16gemm_f16_f16_f32_f16_f16_128x128x64_2x1x1_0_nnn_align8_stream_k_warpspecialized_cooperative_epi_nosmem,passed,success,universal,1920,1024,4096,f16:column,f16:column,f16:column,f16:column,1,0,serial,8,1,heuristic,invalid,invalid,false,false,1,tensorop,f32,128,128,64,2,1,1,0,0,0,7,4,2,1,64,128,16,90,90,28049408,16110059520,574,0.0708515,368.701,227378
63,CUTLASS,gemm,cutlass3x_sm90_tensorop_s64x128x16gemm_f16_f16_f32_f16_f16_128x128x64_2x1x1_0_nnn_align8_stream_k_warpspecialized_cooperative_epi_tma,passed,success,universal,1920,1024,4096,f16:column,f16:column,f16:column,f16:column,1,0,serial,8,1,heuristic,invalid,invalid,false,false,1,tensorop,f32,128,128,64,2,1,1,0,0,0,6,4,2,1,64,128,16,90,90,28049408,16110059520,574,0.0718774,363.439,224132
64,CUTLASS,gemm,cutlass_tensorop_f16_s1688gemm_f16_256x128_32x2_nn_align8,passed,success,universal,2048,1024,4096,f16:column,f16:column,f16:column,f16:column,1,0,serial,8,1,heuristic,invalid,invalid,false,false,1,tensorop,f32,256,128,32,1,1,1,0,0,0,2,4,2,1,16,8,8,75,1024,29360128,17184063488,585,0.10282,265.937,167127
64,CUTLASS,gemm,cutlass_tensorop_f16_s16816gemm_f16_256x128_32x3_nn_align8,passed,success,universal,2048,1024,4096,f16:column,f16:column,f16:column,f16:column,1,0,serial,8,1,heuristic,invalid,invalid,false,false,1,tensorop,f32,256,128,32,1,1,1,0,0,0,3,4,2,1,16,8,16,80,1024,29360128,17184063488,585,0.062576,436.969,274611
64,CUTLASS,gemm,cutlass3x_sm90_tensorop_s64x128x16gemm_f16_f16_f32_f16_f16_128x128x64_1x2x1_0_nnn_align8,passed,success,universal,2048,1024,4096,f16:column,f16:column,f16:column,f16:column,1,0,serial,8,1,heuristic,invalid,invalid,false,false,1,tensorop,f32,128,128,64,1,2,1,0,0,0,7,4,2,1,64,128,16,90,90,29360128,17184063488,585,0.0295859,924.215,580819
64,CUTLASS,gemm,cutlass3x_sm90_tensorop_s64x128x16gemm_f16_f16_f32_f16_f16_128x128x64_1x2x1_0_nnn_align8_warpspecialized_epi_nosmem,passed,success,universal,2048,1024,4096,f16:column,f16:column,f16:column,f16:column,1,0,serial,8,1,heuristic,invalid,invalid,false,false,1,tensorop,f32,128,128,64,1,2,1,0,0,0,7,4,1,1,64,128,16,90,90,29360128,17184063488,585,0.0302384,904.272,568286
64,CUTLASS,gemm,cutlass3x_sm90_tensorop_s64x128x16gemm_f16_f16_f32_f16_f16_128x128x64_1x2x1_0_nnn_align8_warpspecialized_pingpong_epi_tma,passed,success,universal,2048,1024,4096,f16:column,f16:column,f16:column,f16:column,1,0,serial,8,1,heuristic,invalid,invalid,false,false,1,tensorop,f32,128,128,64,1,2,1,0,0,0,6,4,1,1,64,128,16,90,90,29360128,17184063488,585,0.0294902,927.214,582703
64,CUTLASS,gemm,cutlass3x_sm90_tensorop_s64x128x16gemm_f16_f16_f32_f16_f16_128x128x64_1x2x1_0_nnn_align8_warpspecialized_pingpong_epi_nosmem,passed,success,universal,2048,1024,4096,f16:column,f16:column,f16:column,f16:column,1,0,serial,8,1,heuristic,invalid,invalid,false,false,1,tensorop,f32,128,128,64,1,2,1,0,0,0,7,4,1,1,64,128,16,90,90,29360128,17184063488,585,0.0296486,922.26,579590
64,CUTLASS,gemm,cutlass3x_sm90_tensorop_s64x128x16gemm_f16_f16_f32_f16_f16_128x128x64_1x2x1_0_nnn_align8_warpspecialized_cooperative_epi_nosmem,passed,success,universal,2048,1024,4096,f16:column,f16:column,f16:column,f16:column,1,0,serial,8,1,heuristic,invalid,invalid,false,false,1,tensorop,f32,128,128,64,1,2,1,0,0,0,7,4,2,1,64,128,16,90,90,29360128,17184063488,585,0.0298077,917.339,576498
64,CUTLASS,gemm,cutlass3x_sm90_tensorop_s64x128x16gemm_f16_f16_f32_f16_f16_128x128x64_1x2x1_0_nnn_align8_warpspecialized_cooperative_epi_tma,passed,success,universal,2048,1024,4096,f16:column,f16:column,f16:column,f16:column,1,0,serial,8,1,heuristic,invalid,invalid,false,false,1,tensorop,f32,128,128,64,1,2,1,0,0,0,6,4,2,1,64,128,16,90,90,29360128,17184063488,585,0.0285021,959.36,602906
64,CUTLASS,gemm,cutlass3x_sm90_tensorop_s64x128x16gemm_f16_f16_f32_f16_f16_128x128x64_1x2x1_0_nnn_align8_stream_k_warpspecialized_cooperative_epi_nosmem,passed,success,universal,2048,1024,4096,f16:column,f16:column,f16:column,f16:column,1,0,serial,8,1,heuristic,invalid,invalid,false,false,1,tensorop,f32,128,128,64,1,2,1,0,0,0,7,4,2,1,64,128,16,90,90,29360128,17184063488,585,0.0688272,397.281,249670
64,CUTLASS,gemm,cutlass3x_sm90_tensorop_s64x128x16gemm_f16_f16_f32_f16_f16_128x128x64_1x2x1_0_nnn_align8_stream_k_warpspecialized_cooperative_epi_tma,passed,success,universal,2048,1024,4096,f16:column,f16:column,f16:column,f16:column,1,0,serial,8,1,heuristic,invalid,invalid,false,false,1,tensorop,f32,128,128,64,1,2,1,0,0,0,6,4,2,1,64,128,16,90,90,29360128,17184063488,585,0.0696106,392.81,246860
64,CUTLASS,gemm,cutlass3x_sm90_tensorop_s64x128x16gemm_f16_f16_f32_f16_f16_128x128x64_2x1x1_0_nnn_align8,passed,success,universal,2048,1024,4096,f16:column,f16:column,f16:column,f16:column,1,0,serial,8,1,heuristic,invalid,invalid,false,false,1,tensorop,f32,128,128,64,2,1,1,0,0,0,7,4,2,1,64,128,16,90,90,29360128,17184063488,585,0.0331459,824.951,518437
64,CUTLASS,gemm,cutlass3x_sm90_tensorop_s64x128x16gemm_f16_f16_f32_f16_f16_128x128x64_2x1x1_0_nnn_align8_warpspecialized_epi_nosmem,passed,success,universal,2048,1024,4096,f16:column,f16:column,f16:column,f16:column,1,0,serial,8,1,heuristic,invalid,invalid,false,false,1,tensorop,f32,128,128,64,2,1,1,0,0,0,7,4,1,1,64,128,16,90,90,29360128,17184063488,585,0.0311917,876.636,550918
64,CUTLASS,gemm,cutlass3x_sm90_tensorop_s64x128x16gemm_f16_f16_f32_f16_f16_128x128x64_2x1x1_0_nnn_align8_warpspecialized_pingpong_epi_tma,passed,success,universal,2048,1024,4096,f16:column,f16:column,f16:column,f16:column,1,0,serial,8,1,heuristic,invalid,invalid,false,false,1,tensorop,f32,128,128,64,2,1,1,0,0,0,6,4,1,1,64,128,16,90,90,29360128,17184063488,585,0.0328685,831.914,522813
64,CUTLASS,gemm,cutlass3x_sm90_tensorop_s64x128x16gemm_f16_f16_f32_f16_f16_128x128x64_2x1x1_0_nnn_align8_warpspecialized_pingpong_epi_nosmem,passed,success,universal,2048,1024,4096,f16:column,f16:column,f16:column,f16:column,1,0,serial,8,1,heuristic,invalid,invalid,false,false,1,tensorop,f32,128,128,64,2,1,1,0,0,0,7,4,1,1,64,128,16,90,90,29360128,17184063488,585,0.0329056,830.976,522223
64,CUTLASS,gemm,cutlass3x_sm90_tensorop_s64x128x16gemm_f16_f16_f32_f16_f16_128x128x64_2x1x1_0_nnn_align8_warpspecialized_cooperative_epi_nosmem,passed,success,universal,2048,1024,4096,f16:column,f16:column,f16:column,f16:column,1,0,serial,8,1,heuristic,invalid,invalid,false,false,1,tensorop,f32,128,128,64,2,1,1,0,0,0,7,4,2,1,64,128,16,90,90,29360128,17184063488,585,0.0331162,825.692,518903
64,CUTLASS,gemm,cutlass3x_sm90_tensorop_s64x128x16gemm_f16_f16_f32_f16_f16_128x128x64_2x1x1_0_nnn_align8_warpspecialized_cooperative_epi_tma,passed,success,universal,2048,1024,4096,f16:column,f16:column,f16:column,f16:column,1,0,serial,8,1,heuristic,invalid,invalid,false,false,1,tensorop,f32,128,128,64,2,1,1,0,0,0,6,4,2,1,64,128,16,90,90,29360128,17184063488,585,0.0319824,854.962,537297
64,CUTLASS,gemm,cutlass3x_sm90_tensorop_s64x128x16gemm_f16_f16_f32_f16_f16_128x128x64_2x1x1_0_nnn_align8_stream_k_warpspecialized_cooperative_epi_nosmem,passed,success,universal,2048,1024,4096,f16:column,f16:column,f16:column,f16:column,1,0,serial,8,1,heuristic,invalid,invalid,false,false,1,tensorop,f32,128,128,64,2,1,1,0,0,0,7,4,2,1,64,128,16,90,90,29360128,17184063488,585,0.072063,379.442,238459
64,CUTLASS,gemm,cutlass3x_sm90_tensorop_s64x128x16gemm_f16_f16_f32_f16_f16_128x128x64_2x1x1_0_nnn_align8_stream_k_warpspecialized_cooperative_epi_tma,passed,success,universal,2048,1024,4096,f16:column,f16:column,f16:column,f16:column,1,0,serial,8,1,heuristic,invalid,invalid,false,false,1,tensorop,f32,128,128,64,2,1,1,0,0,0,6,4,2,1,64,128,16,90,90,29360128,17184063488,585,0.0722886,378.258,237715
