Problem,Provider,OperationKind,Operation,Disposition,Status,gemm_kind,m,n,k,A,B,C,D,alpha,beta,split_k_mode,split_k_slices,batch_count,raster_order,runtime_input_datatype_a,runtime_input_datatype_b,use_pdl,enable_sm90_mixed_dtype_shuffle_test,swizzle_size,op_class,accum,cta_m,cta_n,cta_k,cluster_m,cluster_n,cluster_k,cluster_m_fallback,cluster_n_fallback,cluster_k_fallback,stages,warps_m,warps_n,warps_k,inst_m,inst_n,inst_k,min_cc,max_cc,Bytes,Flops,Flops/Byte,Runtime,GB/s,GFLOPs
1,CUTLASS,gemm,cutlass_tensorop_f16_s1688gemm_f16_256x128_32x2_nn_align8,passed,success,universal,128,4096,1024,f16:column,f16:column,f16:column,f16:column,1,0,serial,1,1,heuristic,invalid,invalid,false,false,1,tensorop,f32,256,128,32,1,1,1,0,0,0,2,4,2,1,16,8,8,75,1024,9699328,1074790400,110,0.0470042,192.179,22865.9
1,CUTLASS,gemm,cutlass_tensorop_f16_s16816gemm_f16_256x128_32x3_nn_align8,passed,success,universal,128,4096,1024,f16:column,f16:column,f16:column,f16:column,1,0,serial,1,1,heuristic,invalid,invalid,false,false,1,tensorop,f32,256,128,32,1,1,1,0,0,0,3,4,2,1,16,8,16,80,1024,9699328,1074790400,110,0.0240202,376.068,44745.3
1,CUTLASS,gemm,cutlass3x_sm90_tensorop_s64x128x16gemm_f16_f16_f32_f16_f16_128x128x64_1x2x1_0_nnn_align8,passed,success,universal,128,4096,1024,f16:column,f16:column,f16:column,f16:column,1,0,serial,1,1,heuristic,invalid,invalid,false,false,1,tensorop,f32,128,128,64,1,2,1,0,0,0,7,4,2,1,64,128,16,90,90,9699328,1074790400,110,0.0124464,725.768,86353.5
1,CUTLASS,gemm,cutlass3x_sm90_tensorop_s64x128x16gemm_f16_f16_f32_f16_f16_128x128x64_1x2x1_0_nnn_align8_warpspecialized_epi_nosmem,passed,success,universal,128,4096,1024,f16:column,f16:column,f16:column,f16:column,1,0,serial,1,1,heuristic,invalid,invalid,false,false,1,tensorop,f32,128,128,64,1,2,1,0,0,0,7,4,1,1,64,128,16,90,90,9699328,1074790400,110,0.0119203,757.799,90164.6
1,CUTLASS,gemm,cutlass3x_sm90_tensorop_s64x128x16gemm_f16_f16_f32_f16_f16_128x128x64_1x2x1_0_nnn_align8_warpspecialized_pingpong_epi_tma,passed,success,universal,128,4096,1024,f16:column,f16:column,f16:column,f16:column,1,0,serial,1,1,heuristic,invalid,invalid,false,false,1,tensorop,f32,128,128,64,1,2,1,0,0,0,6,4,1,1,64,128,16,90,90,9699328,1074790400,110,0.0123456,731.694,87058.6
1,CUTLASS,gemm,cutlass3x_sm90_tensorop_s64x128x16gemm_f16_f16_f32_f16_f16_128x128x64_1x2x1_0_nnn_align8_warpspecialized_pingpong_epi_nosmem,passed,success,universal,128,4096,1024,f16:column,f16:column,f16:column,f16:column,1,0,serial,1,1,heuristic,invalid,invalid,false,false,1,tensorop,f32,128,128,64,1,2,1,0,0,0,7,4,1,1,64,128,16,90,90,9699328,1074790400,110,0.011983,753.832,89692.6
1,CUTLASS,gemm,cutlass3x_sm90_tensorop_s64x128x16gemm_f16_f16_f32_f16_f16_128x128x64_1x2x1_0_nnn_align8_warpspecialized_cooperative_epi_nosmem,passed,success,universal,128,4096,1024,f16:column,f16:column,f16:column,f16:column,1,0,serial,1,1,heuristic,invalid,invalid,false,false,1,tensorop,f32,128,128,64,1,2,1,0,0,0,7,4,2,1,64,128,16,90,90,9699328,1074790400,110,0.0124608,724.93,86253.7
1,CUTLASS,gemm,cutlass3x_sm90_tensorop_s64x128x16gemm_f16_f16_f32_f16_f16_128x128x64_1x2x1_0_nnn_align8_warpspecialized_cooperative_epi_tma,passed,success,universal,128,4096,1024,f16:column,f16:column,f16:column,f16:column,1,0,serial,1,1,heuristic,invalid,invalid,false,false,1,tensorop,f32,128,128,64,1,2,1,0,0,0,6,4,2,1,64,128,16,90,90,9699328,1074790400,110,0.0115667,780.965,92920.9
1,CUTLASS,gemm,cutlass3x_sm90_tensorop_s64x128x16gemm_f16_f16_f32_f16_f16_128x128x64_1x2x1_0_nnn_align8_stream_k_warpspecialized_cooperative_epi_nosmem,passed,success,universal,128,4096,1024,f16:column,f16:column,f16:column,f16:column,1,0,serial,1,1,heuristic,invalid,invalid,false,false,1,tensorop,f32,128,128,64,1,2,1,0,0,0,7,4,2,1,64,128,16,90,90,9699328,1074790400,110,0.0154179,585.89,69710.5
1,CUTLASS,gemm,cutlass3x_sm90_tensorop_s64x128x16gemm_f16_f16_f32_f16_f16_128x128x64_1x2x1_0_nnn_align8_stream_k_warpspecialized_cooperative_epi_tma,passed,success,universal,128,4096,1024,f16:column,f16:column,f16:column,f16:column,1,0,serial,1,1,heuristic,invalid,invalid,false,false,1,tensorop,f32,128,128,64,1,2,1,0,0,0,6,4,2,1,64,128,16,90,90,9699328,1074790400,110,0.0149053,606.04,72108
1,CUTLASS,gemm,cutlass3x_sm90_tensorop_s64x128x16gemm_f16_f16_f32_f16_f16_128x128x64_2x1x1_0_nnn_align8,passed,success,universal,128,4096,1024,f16:column,f16:column,f16:column,f16:column,1,0,serial,1,1,heuristic,invalid,invalid,false,false,1,tensorop,f32,128,128,64,2,1,1,0,0,0,7,4,2,1,64,128,16,90,90,9699328,1074790400,110,0.0123718,730.142,86873.9
1,CUTLASS,gemm,cutlass3x_sm90_tensorop_s64x128x16gemm_f16_f16_f32_f16_f16_128x128x64_2x1x1_0_nnn_align8_warpspecialized_epi_nosmem,passed,success,universal,128,4096,1024,f16:column,f16:column,f16:column,f16:column,1,0,serial,1,1,heuristic,invalid,invalid,false,false,1,tensorop,f32,128,128,64,2,1,1,0,0,0,7,4,1,1,64,128,16,90,90,9699328,1074790400,110,0.0117722,767.336,91299.3
1,CUTLASS,gemm,cutlass3x_sm90_tensorop_s64x128x16gemm_f16_f16_f32_f16_f16_128x128x64_2x1x1_0_nnn_align8_warpspecialized_pingpong_epi_tma,passed,success,universal,128,4096,1024,f16:column,f16:column,f16:column,f16:column,1,0,serial,1,1,heuristic,invalid,invalid,false,false,1,tensorop,f32,128,128,64,2,1,1,0,0,0,6,4,1,1,64,128,16,90,90,9699328,1074790400,110,0.012447,725.731,86349.1
1,CUTLASS,gemm,cutlass3x_sm90_tensorop_s64x128x16gemm_f16_f16_f32_f16_f16_128x128x64_2x1x1_0_nnn_align8_warpspecialized_pingpong_epi_nosmem,passed,success,universal,128,4096,1024,f16:column,f16:column,f16:column,f16:column,1,0,serial,1,1,heuristic,invalid,invalid,false,false,1,tensorop,f32,128,128,64,2,1,1,0,0,0,7,4,1,1,64,128,16,90,90,9699328,1074790400,110,0.0124592,725.023,86264.8
1,CUTLASS,gemm,cutlass3x_sm90_tensorop_s64x128x16gemm_f16_f16_f32_f16_f16_128x128x64_2x1x1_0_nnn_align8_warpspecialized_cooperative_epi_nosmem,passed,success,universal,128,4096,1024,f16:column,f16:column,f16:column,f16:column,1,0,serial,1,1,heuristic,invalid,invalid,false,false,1,tensorop,f32,128,128,64,2,1,1,0,0,0,7,4,2,1,64,128,16,90,90,9699328,1074790400,110,0.0124749,724.111,86156.4
1,CUTLASS,gemm,cutlass3x_sm90_tensorop_s64x128x16gemm_f16_f16_f32_f16_f16_128x128x64_2x1x1_0_nnn_align8_warpspecialized_cooperative_epi_tma,passed,success,universal,128,4096,1024,f16:column,f16:column,f16:column,f16:column,1,0,serial,1,1,heuristic,invalid,invalid,false,false,1,tensorop,f32,128,128,64,2,1,1,0,0,0,6,4,2,1,64,128,16,90,90,9699328,1074790400,110,0.0117882,766.295,91175.4
1,CUTLASS,gemm,cutlass3x_sm90_tensorop_s64x128x16gemm_f16_f16_f32_f16_f16_128x128x64_2x1x1_0_nnn_align8_stream_k_warpspecialized_cooperative_epi_nosmem,passed,success,universal,128,4096,1024,f16:column,f16:column,f16:column,f16:column,1,0,serial,1,1,heuristic,invalid,invalid,false,false,1,tensorop,f32,128,128,64,2,1,1,0,0,0,7,4,2,1,64,128,16,90,90,9699328,1074790400,110,0.0155504,580.898,69116.6
1,CUTLASS,gemm,cutlass3x_sm90_tensorop_s64x128x16gemm_f16_f16_f32_f16_f16_128x128x64_2x1x1_0_nnn_align8_stream_k_warpspecialized_cooperative_epi_tma,passed,success,universal,128,4096,1024,f16:column,f16:column,f16:column,f16:column,1,0,serial,1,1,heuristic,invalid,invalid,false,false,1,tensorop,f32,128,128,64,2,1,1,0,0,0,6,4,2,1,64,128,16,90,90,9699328,1074790400,110,0.0155658,580.325,69048.4
2,CUTLASS,gemm,cutlass_tensorop_f16_s1688gemm_f16_256x128_32x2_nn_align8,passed,success,universal,256,4096,1024,f16:column,f16:column,f16:column,f16:column,1,0,serial,1,1,heuristic,invalid,invalid,false,false,1,tensorop,f32,256,128,32,1,1,1,0,0,0,2,4,2,1,16,8,8,75,1024,11010048,2149580800,195,0.046536,220.344,46191.8
2,CUTLASS,gemm,cutlass_tensorop_f16_s16816gemm_f16_256x128_32x3_nn_align8,passed,success,universal,256,4096,1024,f16:column,f16:column,f16:column,f16:column,1,0,serial,1,1,heuristic,invalid,invalid,false,false,1,tensorop,f32,256,128,32,1,1,1,0,0,0,3,4,2,1,16,8,16,80,1024,11010048,2149580800,195,0.0244662,419.104,87859.1
2,CUTLASS,gemm,cutlass3x_sm90_tensorop_s64x128x16gemm_f16_f16_f32_f16_f16_128x128x64_1x2x1_0_nnn_align8,passed,success,universal,256,4096,1024,f16:column,f16:column,f16:column,f16:column,1,0,serial,1,1,heuristic,invalid,invalid,false,false,1,tensorop,f32,128,128,64,1,2,1,0,0,0,7,4,2,1,64,128,16,90,90,11010048,2149580800,195,0.0129376,792.566,166150
2,CUTLASS,gemm,cutlass3x_sm90_tensorop_s64x128x16gemm_f16_f16_f32_f16_f16_128x128x64_1x2x1_0_nnn_align8_warpspecialized_epi_nosmem,passed,success,universal,256,4096,1024,f16:column,f16:column,f16:column,f16:column,1,0,serial,1,1,heuristic,invalid,invalid,false,false,1,tensorop,f32,128,128,64,1,2,1,0,0,0,7,4,1,1,64,128,16,90,90,11010048,2149580800,195,0.0123824,828.103,173600
2,CUTLASS,gemm,cutlass3x_sm90_tensorop_s64x128x16gemm_f16_f16_f32_f16_f16_128x128x64_1x2x1_0_nnn_align8_warpspecialized_pingpong_epi_tma,passed,success,universal,256,4096,1024,f16:column,f16:column,f16:column,f16:column,1,0,serial,1,1,heuristic,invalid,invalid,false,false,1,tensorop,f32,128,128,64,1,2,1,0,0,0,6,4,1,1,64,128,16,90,90,11010048,2149580800,195,0.0126115,813.059,170446
2,CUTLASS,gemm,cutlass3x_sm90_tensorop_s64x128x16gemm_f16_f16_f32_f16_f16_128x128x64_1x2x1_0_nnn_align8_warpspecialized_pingpong_epi_nosmem,passed,success,universal,256,4096,1024,f16:column,f16:column,f16:column,f16:column,1,0,serial,1,1,heuristic,invalid,invalid,false,false,1,tensorop,f32,128,128,64,1,2,1,0,0,0,7,4,1,1,64,128,16,90,90,11010048,2149580800,195,0.0124349,824.608,172867
2,CUTLASS,gemm,cutlass3x_sm90_tensorop_s64x128x16gemm_f16_f16_f32_f16_f16_128x128x64_1x2x1_0_nnn_align8_warpspecialized_cooperative_epi_nosmem,passed,success,universal,256,4096,1024,f16:column,f16:column,f16:column,f16:column,1,0,serial,1,1,heuristic,invalid,invalid,false,false,1,tensorop,f32,128,128,64,1,2,1,0,0,0,7,4,2,1,64,128,16,90,90,11010048,2149580800,195,0.0129043,794.61,166578
2,CUTLASS,gemm,cutlass3x_sm90_tensorop_s64x128x16gemm_f16_f16_f32_f16_f16_128x128x64_1x2x1_0_nnn_align8_warpspecialized_cooperative_epi_tma,passed,success,universal,256,4096,1024,f16:column,f16:column,f16:column,f16:column,1,0,serial,1,1,heuristic,invalid,invalid,false,false,1,tensorop,f32,128,128,64,1,2,1,0,0,0,6,4,2,1,64,128,16,90,90,11010048,2149580800,195,0.0119539,857.786,179822
2,CUTLASS,gemm,cutlass3x_sm90_tensorop_s64x128x16gemm_f16_f16_f32_f16_f16_128x128x64_1x2x1_0_nnn_align8_stream_k_warpspecialized_cooperative_epi_nosmem,passed,success,universal,256,4096,1024,f16:column,f16:column,f16:column,f16:column,1,0,serial,1,1,heuristic,invalid,invalid,false,false,1,tensorop,f32,128,128,64,1,2,1,0,0,0,7,4,2,1,64,128,16,90,90,11010048,2149580800,195,0.0156451,655.406,137396
2,CUTLASS,gemm,cutlass3x_sm90_tensorop_s64x128x16gemm_f16_f16_f32_f16_f16_128x128x64_1x2x1_0_nnn_align8_stream_k_warpspecialized_cooperative_epi_tma,passed,success,universal,256,4096,1024,f16:column,f16:column,f16:column,f16:column,1,0,serial,1,1,heuristic,invalid,invalid,false,false,1,tensorop,f32,128,128,64,1,2,1,0,0,0,6,4,2,1,64,128,16,90,90,11010048,2149580800,195,0.0155306,660.241,138410
2,CUTLASS,gemm,cutlass3x_sm90_tensorop_s64x128x16gemm_f16_f16_f32_f16_f16_128x128x64_2x1x1_0_nnn_align8,passed,success,universal,256,4096,1024,f16:column,f16:column,f16:column,f16:column,1,0,serial,1,1,heuristic,invalid,invalid,false,false,1,tensorop,f32,128,128,64,2,1,1,0,0,0,7,4,2,1,64,128,16,90,90,11010048,2149580800,195,0.0127626,803.436,168429
2,CUTLASS,gemm,cutlass3x_sm90_tensorop_s64x128x16gemm_f16_f16_f32_f16_f16_128x128x64_2x1x1_0_nnn_align8_warpspecialized_epi_nosmem,passed,success,universal,256,4096,1024,f16:column,f16:column,f16:column,f16:column,1,0,serial,1,1,heuristic,invalid,invalid,false,false,1,tensorop,f32,128,128,64,2,1,1,0,0,0,7,4,1,1,64,128,16,90,90,11010048,2149580800,195,0.0121494,843.982,176928
2,CUTLASS,gemm,cutlass3x_sm90_tensorop_s64x128x16gemm_f16_f16_f32_f16_f16_128x128x64_2x1x1_0_nnn_align8_warpspecialized_pingpong_epi_tma,passed,success,universal,256,4096,1024,f16:column,f16:column,f16:column,f16:column,1,0,serial,1,1,heuristic,invalid,invalid,false,false,1,tensorop,f32,128,128,64,2,1,1,0,0,0,6,4,1,1,64,128,16,90,90,11010048,2149580800,195,0.0125734,815.521,170962
2,CUTLASS,gemm,cutlass3x_sm90_tensorop_s64x128x16gemm_f16_f16_f32_f16_f16_128x128x64_2x1x1_0_nnn_align8_warpspecialized_pingpong_epi_nosmem,passed,success,universal,256,4096,1024,f16:column,f16:column,f16:column,f16:column,1,0,serial,1,1,heuristic,invalid,invalid,false,false,1,tensorop,f32,128,128,64,2,1,1,0,0,0,7,4,1,1,64,128,16,90,90,11010048,2149580800,195,0.0126272,812.049,170234
2,CUTLASS,gemm,cutlass3x_sm90_tensorop_s64x128x16gemm_f16_f16_f32_f16_f16_128x128x64_2x1x1_0_nnn_align8_warpspecialized_cooperative_epi_nosmem,passed,success,universal,256,4096,1024,f16:column,f16:column,f16:column,f16:column,1,0,serial,1,1,heuristic,invalid,invalid,false,false,1,tensorop,f32,128,128,64,2,1,1,0,0,0,7,4,2,1,64,128,16,90,90,11010048,2149580800,195,0.0127718,802.853,168306
2,CUTLASS,gemm,cutlass3x_sm90_tensorop_s64x128x16gemm_f16_f16_f32_f16_f16_128x128x64_2x1x1_0_nnn_align8_warpspecialized_cooperative_epi_tma,passed,success,universal,256,4096,1024,f16:column,f16:column,f16:column,f16:column,1,0,serial,1,1,heuristic,invalid,invalid,false,false,1,tensorop,f32,128,128,64,2,1,1,0,0,0,6,4,2,1,64,128,16,90,90,11010048,2149580800,195,0.011712,875.504,183537
2,CUTLASS,gemm,cutlass3x_sm90_tensorop_s64x128x16gemm_f16_f16_f32_f16_f16_128x128x64_2x1x1_0_nnn_align8_stream_k_warpspecialized_cooperative_epi_nosmem,passed,success,universal,256,4096,1024,f16:column,f16:column,f16:column,f16:column,1,0,serial,1,1,heuristic,invalid,invalid,false,false,1,tensorop,f32,128,128,64,2,1,1,0,0,0,7,4,2,1,64,128,16,90,90,11010048,2149580800,195,0.0154614,663.192,139028
2,CUTLASS,gemm,cutlass3x_sm90_tensorop_s64x128x16gemm_f16_f16_f32_f16_f16_128x128x64_2x1x1_0_nnn_align8_stream_k_warpspecialized_cooperative_epi_tma,passed,success,universal,256,4096,1024,f16:column,f16:column,f16:column,f16:column,1,0,serial,1,1,heuristic,invalid,invalid,false,false,1,tensorop,f32,128,128,64,2,1,1,0,0,0,6,4,2,1,64,128,16,90,90,11010048,2149580800,195,0.015385,666.489,139720
3,CUTLASS,gemm,cutlass_tensorop_f16_s1688gemm_f16_256x128_32x2_nn_align8,passed,success,universal,384,4096,1024,f16:column,f16:column,f16:column,f16:column,1,0,serial,1,1,heuristic,invalid,invalid,false,false,1,tensorop,f32,256,128,32,1,1,1,0,0,0,2,4,2,1,16,8,8,75,1024,12320768,3224371200,261,0.0466896,245.764,69059.7
3,CUTLASS,gemm,cutlass_tensorop_f16_s16816gemm_f16_256x128_32x3_nn_align8,passed,success,universal,384,4096,1024,f16:column,f16:column,f16:column,f16:column,1,0,serial,1,1,heuristic,invalid,invalid,false,false,1,tensorop,f32,256,128,32,1,1,1,0,0,0,3,4,2,1,16,8,16,80,1024,12320768,3224371200,261,0.0245645,467.122,131262
3,CUTLASS,gemm,cutlass3x_sm90_tensorop_s64x128x16gemm_f16_f16_f32_f16_f16_128x128x64_1x2x1_0_nnn_align8,passed,success,universal,384,4096,1024,f16:column,f16:column,f16:column,f16:column,1,0,serial,1,1,heuristic,invalid,invalid,false,false,1,tensorop,f32,128,128,64,1,2,1,0,0,0,7,4,2,1,64,128,16,90,90,12320768,3224371200,261,0.0140154,818.717,230060
3,CUTLASS,gemm,cutlass3x_sm90_tensorop_s64x128x16gemm_f16_f16_f32_f16_f16_128x128x64_1x2x1_0_nnn_align8_warpspecialized_epi_nosmem,passed,success,universal,384,4096,1024,f16:column,f16:column,f16:column,f16:column,1,0,serial,1,1,heuristic,invalid,invalid,false,false,1,tensorop,f32,128,128,64,1,2,1,0,0,0,7,4,1,1,64,128,16,90,90,12320768,3224371200,261,0.013393,856.764,240751
3,CUTLASS,gemm,cutlass3x_sm90_tensorop_s64x128x16gemm_f16_f16_f32_f16_f16_128x128x64_1x2x1_0_nnn_align8_warpspecialized_pingpong_epi_tma,passed,success,universal,384,4096,1024,f16:column,f16:column,f16:column,f16:column,1,0,serial,1,1,heuristic,invalid,invalid,false,false,1,tensorop,f32,128,128,64,1,2,1,0,0,0,6,4,1,1,64,128,16,90,90,12320768,3224371200,261,0.0125114,917.135,257715
3,CUTLASS,gemm,cutlass3x_sm90_tensorop_s64x128x16gemm_f16_f16_f32_f16_f16_128x128x64_1x2x1_0_nnn_align8_warpspecialized_pingpong_epi_nosmem,passed,success,universal,384,4096,1024,f16:column,f16:column,f16:column,f16:column,1,0,serial,1,1,heuristic,invalid,invalid,false,false,1,tensorop,f32,128,128,64,1,2,1,0,0,0,7,4,1,1,64,128,16,90,90,12320768,3224371200,261,0.0136035,843.503,237025
3,CUTLASS,gemm,cutlass3x_sm90_tensorop_s64x128x16gemm_f16_f16_f32_f16_f16_128x128x64_1x2x1_0_nnn_align8_warpspecialized_cooperative_epi_nosmem,passed,success,universal,384,4096,1024,f16:column,f16:column,f16:column,f16:column,1,0,serial,1,1,heuristic,invalid,invalid,false,false,1,tensorop,f32,128,128,64,1,2,1,0,0,0,7,4,2,1,64,128,16,90,90,12320768,3224371200,261,0.0141571,810.519,227756
3,CUTLASS,gemm,cutlass3x_sm90_tensorop_s64x128x16gemm_f16_f16_f32_f16_f16_128x128x64_1x2x1_0_nnn_align8_warpspecialized_cooperative_epi_tma,passed,success,universal,384,4096,1024,f16:column,f16:column,f16:column,f16:column,1,0,serial,1,1,heuristic,invalid,invalid,false,false,1,tensorop,f32,128,128,64,1,2,1,0,0,0,6,4,2,1,64,128,16,90,90,12320768,3224371200,261,0.0118902,965.044,271178
3,CUTLASS,gemm,cutlass3x_sm90_tensorop_s64x128x16gemm_f16_f16_f32_f16_f16_128x128x64_1x2x1_0_nnn_align8_stream_k_warpspecialized_cooperative_epi_nosmem,passed,success,universal,384,4096,1024,f16:column,f16:column,f16:column,f16:column,1,0,serial,1,1,heuristic,invalid,invalid,false,false,1,tensorop,f32,128,128,64,1,2,1,0,0,0,7,4,2,1,64,128,16,90,90,12320768,3224371200,261,0.0143277,800.87,225045
3,CUTLASS,gemm,cutlass3x_sm90_tensorop_s64x128x16gemm_f16_f16_f32_f16_f16_128x128x64_1x2x1_0_nnn_align8_stream_k_warpspecialized_cooperative_epi_tma,passed,success,universal,384,4096,1024,f16:column,f16:column,f16:column,f16:column,1,0,serial,1,1,heuristic,invalid,invalid,false,false,1,tensorop,f32,128,128,64,1,2,1,0,0,0,6,4,2,1,64,128,16,90,90,12320768,3224371200,261,0.0126042,910.383,255818
3,CUTLASS,gemm,cutlass3x_sm90_tensorop_s64x128x16gemm_f16_f16_f32_f16_f16_128x128x64_2x1x1_0_nnn_align8,passed,success,universal,384,4096,1024,f16:column,f16:column,f16:column,f16:column,1,0,serial,1,1,heuristic,invalid,invalid,false,false,1,tensorop,f32,128,128,64,2,1,1,0,0,0,7,4,2,1,64,128,16,90,90,12320768,3224371200,261,0.0143318,800.638,224980
3,CUTLASS,gemm,cutlass3x_sm90_tensorop_s64x128x16gemm_f16_f16_f32_f16_f16_128x128x64_2x1x1_0_nnn_align8_warpspecialized_epi_nosmem,passed,success,universal,384,4096,1024,f16:column,f16:column,f16:column,f16:column,1,0,serial,1,1,heuristic,invalid,invalid,false,false,1,tensorop,f32,128,128,64,2,1,1,0,0,0,7,4,1,1,64,128,16,90,90,12320768,3224371200,261,0.0139542,822.303,231067
3,CUTLASS,gemm,cutlass3x_sm90_tensorop_s64x128x16gemm_f16_f16_f32_f16_f16_128x128x64_2x1x1_0_nnn_align8_warpspecialized_pingpong_epi_tma,passed,success,universal,384,4096,1024,f16:column,f16:column,f16:column,f16:column,1,0,serial,1,1,heuristic,invalid,invalid,false,false,1,tensorop,f32,128,128,64,2,1,1,0,0,0,6,4,1,1,64,128,16,90,90,12320768,3224371200,261,0.0138816,826.606,232277
3,CUTLASS,gemm,cutlass3x_sm90_tensorop_s64x128x16gemm_f16_f16_f32_f16_f16_128x128x64_2x1x1_0_nnn_align8_warpspecialized_pingpong_epi_nosmem,passed,success,universal,384,4096,1024,f16:column,f16:column,f16:column,f16:column,1,0,serial,1,1,heuristic,invalid,invalid,false,false,1,tensorop,f32,128,128,64,2,1,1,0,0,0,7,4,1,1,64,128,16,90,90,12320768,3224371200,261,0.0145206,790.228,222054
3,CUTLASS,gemm,cutlass3x_sm90_tensorop_s64x128x16gemm_f16_f16_f32_f16_f16_128x128x64_2x1x1_0_nnn_align8_warpspecialized_cooperative_epi_nosmem,passed,success,universal,384,4096,1024,f16:column,f16:column,f16:column,f16:column,1,0,serial,1,1,heuristic,invalid,invalid,false,false,1,tensorop,f32,128,128,64,2,1,1,0,0,0,7,4,2,1,64,128,16,90,90,12320768,3224371200,261,0.0142813,803.472,225776
3,CUTLASS,gemm,cutlass3x_sm90_tensorop_s64x128x16gemm_f16_f16_f32_f16_f16_128x128x64_2x1x1_0_nnn_align8_warpspecialized_cooperative_epi_tma,passed,success,universal,384,4096,1024,f16:column,f16:column,f16:column,f16:column,1,0,serial,1,1,heuristic,invalid,invalid,false,false,1,tensorop,f32,128,128,64,2,1,1,0,0,0,6,4,2,1,64,128,16,90,90,12320768,3224371200,261,0.0131216,874.482,245730
3,CUTLASS,gemm,cutlass3x_sm90_tensorop_s64x128x16gemm_f16_f16_f32_f16_f16_128x128x64_2x1x1_0_nnn_align8_stream_k_warpspecialized_cooperative_epi_nosmem,passed,success,universal,384,4096,1024,f16:column,f16:column,f16:column,f16:column,1,0,serial,1,1,heuristic,invalid,invalid,false,false,1,tensorop,f32,128,128,64,2,1,1,0,0,0,7,4,2,1,64,128,16,90,90,12320768,3224371200,261,0.0147888,775.899,218028
3,CUTLASS,gemm,cutlass3x_sm90_tensorop_s64x128x16gemm_f16_f16_f32_f16_f16_128x128x64_2x1x1_0_nnn_align8_stream_k_warpspecialized_cooperative_epi_tma,passed,success,universal,384,4096,1024,f16:column,f16:column,f16:column,f16:column,1,0,serial,1,1,heuristic,invalid,invalid,false,false,1,tensorop,f32,128,128,64,2,1,1,0,0,0,6,4,2,1,64,128,16,90,90,12320768,3224371200,261,0.014097,813.978,228728
4,CUTLASS,gemm,cutlass_tensorop_f16_s1688gemm_f16_256x128_32x2_nn_align8,passed,success,universal,512,4096,1024,f16:column,f16:column,f16:column,f16:column,1,0,serial,1,1,heuristic,invalid,invalid,false,false,1,tensorop,f32,256,128,32,1,1,1,0,0,0,2,4,2,1,16,8,8,75,1024,13631488,4299161600,315,0.0467347,271.646,91990.7
4,CUTLASS,gemm,cutlass_tensorop_f16_s16816gemm_f16_256x128_32x3_nn_align8,passed,success,universal,512,4096,1024,f16:column,f16:column,f16:column,f16:column,1,0,serial,1,1,heuristic,invalid,invalid,false,false,1,tensorop,f32,256,128,32,1,1,1,0,0,0,3,4,2,1,16,8,16,80,1024,13631488,4299161600,315,0.0247514,512.914,173694
4,CUTLASS,gemm,cutlass3x_sm90_tensorop_s64x128x16gemm_f16_f16_f32_f16_f16_128x128x64_1x2x1_0_nnn_align8,passed,success,universal,512,4096,1024,f16:column,f16:column,f16:column,f16:column,1,0,serial,1,1,heuristic,invalid,invalid,false,false,1,tensorop,f32,128,128,64,1,2,1,0,0,0,7,4,2,1,64,128,16,90,90,13631488,4299161600,315,0.0144141,880.758,298261
4,CUTLASS,gemm,cutlass3x_sm90_tensorop_s64x128x16gemm_f16_f16_f32_f16_f16_128x128x64_1x2x1_0_nnn_align8_warpspecialized_epi_nosmem,passed,success,universal,512,4096,1024,f16:column,f16:column,f16:column,f16:column,1,0,serial,1,1,heuristic,invalid,invalid,false,false,1,tensorop,f32,128,128,64,1,2,1,0,0,0,7,4,1,1,64,128,16,90,90,13631488,4299161600,315,0.0134886,941.186,318725
4,CUTLASS,gemm,cutlass3x_sm90_tensorop_s64x128x16gemm_f16_f16_f32_f16_f16_128x128x64_1x2x1_0_nnn_align8_warpspecialized_pingpong_epi_tma,passed,success,universal,512,4096,1024,f16:column,f16:column,f16:column,f16:column,1,0,serial,1,1,heuristic,invalid,invalid,false,false,1,tensorop,f32,128,128,64,1,2,1,0,0,0,6,4,1,1,64,128,16,90,90,13631488,4299161600,315,0.0136694,928.737,314509
4,CUTLASS,gemm,cutlass3x_sm90_tensorop_s64x128x16gemm_f16_f16_f32_f16_f16_128x128x64_1x2x1_0_nnn_align8_warpspecialized_pingpong_epi_nosmem,passed,success,universal,512,4096,1024,f16:column,f16:column,f16:column,f16:column,1,0,serial,1,1,heuristic,invalid,invalid,false,false,1,tensorop,f32,128,128,64,1,2,1,0,0,0,7,4,1,1,64,128,16,90,90,13631488,4299161600,315,0.0137978,920.1,311584
4,CUTLASS,gemm,cutlass3x_sm90_tensorop_s64x128x16gemm_f16_f16_f32_f16_f16_128x128x64_1x2x1_0_nnn_align8_warpspecialized_cooperative_epi_nosmem,passed,success,universal,512,4096,1024,f16:column,f16:column,f16:column,f16:column,1,0,serial,1,1,heuristic,invalid,invalid,false,false,1,tensorop,f32,128,128,64,1,2,1,0,0,0,7,4,2,1,64,128,16,90,90,13631488,4299161600,315,0.0145642,871.682,295188
4,CUTLASS,gemm,cutlass3x_sm90_tensorop_s64x128x16gemm_f16_f16_f32_f16_f16_128x128x64_1x2x1_0_nnn_align8_warpspecialized_cooperative_epi_tma,passed,success,universal,512,4096,1024,f16:column,f16:column,f16:column,f16:column,1,0,serial,1,1,heuristic,invalid,invalid,false,false,1,tensorop,f32,128,128,64,1,2,1,0,0,0,6,4,2,1,64,128,16,90,90,13631488,4299161600,315,0.0131238,967.347,327584
4,CUTLASS,gemm,cutlass3x_sm90_tensorop_s64x128x16gemm_f16_f16_f32_f16_f16_128x128x64_1x2x1_0_nnn_align8_stream_k_warpspecialized_cooperative_epi_nosmem,passed,success,universal,512,4096,1024,f16:column,f16:column,f16:column,f16:column,1,0,serial,1,1,heuristic,invalid,invalid,false,false,1,tensorop,f32,128,128,64,1,2,1,0,0,0,7,4,2,1,64,128,16,90,90,13631488,4299161600,315,0.0152029,835.06,282786
4,CUTLASS,gemm,cutlass3x_sm90_tensorop_s64x128x16gemm_f16_f16_f32_f16_f16_128x128x64_1x2x1_0_nnn_align8_stream_k_warpspecialized_cooperative_epi_tma,passed,success,universal,512,4096,1024,f16:column,f16:column,f16:column,f16:column,1,0,serial,1,1,heuristic,invalid,invalid,false,false,1,tensorop,f32,128,128,64,1,2,1,0,0,0,6,4,2,1,64,128,16,90,90,13631488,4299161600,315,0.0138672,915.492,310024
4,CUTLASS,gemm,cutlass3x_sm90_tensorop_s64x128x16gemm_f16_f16_f32_f16_f16_128x128x64_2x1x1_0_nnn_align8,passed,success,universal,512,4096,1024,f16:column,f16:column,f16:column,f16:column,1,0,serial,1,1,heuristic,invalid,invalid,false,false,1,tensorop,f32,128,128,64,2,1,1,0,0,0,7,4,2,1,64,128,16,90,90,13631488,4299161600,315,0.0134278,945.447,320168
4,CUTLASS,gemm,cutlass3x_sm90_tensorop_s64x128x16gemm_f16_f16_f32_f16_f16_128x128x64_2x1x1_0_nnn_align8_warpspecialized_epi_nosmem,passed,success,universal,512,4096,1024,f16:column,f16:column,f16:column,f16:column,1,0,serial,1,1,heuristic,invalid,invalid,false,false,1,tensorop,f32,128,128,64,2,1,1,0,0,0,7,4,1,1,64,128,16,90,90,13631488,4299161600,315,0.0127293,997.332,337738
4,CUTLASS,gemm,cutlass3x_sm90_tensorop_s64x128x16gemm_f16_f16_f32_f16_f16_128x128x64_2x1x1_0_nnn_align8_warpspecialized_pingpong_epi_tma,passed,success,universal,512,4096,1024,f16:column,f16:column,f16:column,f16:column,1,0,serial,1,1,heuristic,invalid,invalid,false,false,1,tensorop,f32,128,128,64,2,1,1,0,0,0,6,4,1,1,64,128,16,90,90,13631488,4299161600,315,0.0129558,979.891,331832
4,CUTLASS,gemm,cutlass3x_sm90_tensorop_s64x128x16gemm_f16_f16_f32_f16_f16_128x128x64_2x1x1_0_nnn_align8_warpspecialized_pingpong_epi_nosmem,passed,success,universal,512,4096,1024,f16:column,f16:column,f16:column,f16:column,1,0,serial,1,1,heuristic,invalid,invalid,false,false,1,tensorop,f32,128,128,64,2,1,1,0,0,0,7,4,1,1,64,128,16,90,90,13631488,4299161600,315,0.0129338,981.564,332398
4,CUTLASS,gemm,cutlass3x_sm90_tensorop_s64x128x16gemm_f16_f16_f32_f16_f16_128x128x64_2x1x1_0_nnn_align8_warpspecialized_cooperative_epi_nosmem,passed,success,universal,512,4096,1024,f16:column,f16:column,f16:column,f16:column,1,0,serial,1,1,heuristic,invalid,invalid,false,false,1,tensorop,f32,128,128,64,2,1,1,0,0,0,7,4,2,1,64,128,16,90,90,13631488,4299161600,315,0.0134877,941.253,318747
4,CUTLASS,gemm,cutlass3x_sm90_tensorop_s64x128x16gemm_f16_f16_f32_f16_f16_128x128x64_2x1x1_0_nnn_align8_warpspecialized_cooperative_epi_tma,passed,success,universal,512,4096,1024,f16:column,f16:column,f16:column,f16:column,1,0,serial,1,1,heuristic,invalid,invalid,false,false,1,tensorop,f32,128,128,64,2,1,1,0,0,0,6,4,2,1,64,128,16,90,90,13631488,4299161600,315,0.0122288,1038.15,351560
4,CUTLASS,gemm,cutlass3x_sm90_tensorop_s64x128x16gemm_f16_f16_f32_f16_f16_128x128x64_2x1x1_0_nnn_align8_stream_k_warpspecialized_cooperative_epi_nosmem,passed,success,universal,512,4096,1024,f16:column,f16:column,f16:column,f16:column,1,0,serial,1,1,heuristic,invalid,invalid,false,false,1,tensorop,f32,128,128,64,2,1,1,0,0,0,7,4,2,1,64,128,16,90,90,13631488,4299161600,315,0.014335,885.614,299906
4,CUTLASS,gemm,cutlass3x_sm90_tensorop_s64x128x16gemm_f16_f16_f32_f16_f16_128x128x64_2x1x1_0_nnn_align8_stream_k_warpspecialized_cooperative_epi_tma,passed,success,universal,512,4096,1024,f16:column,f16:column,f16:column,f16:column,1,0,serial,1,1,heuristic,invalid,invalid,false,false,1,tensorop,f32,128,128,64,2,1,1,0,0,0,6,4,2,1,64,128,16,90,90,13631488,4299161600,315,0.0131018,968.978,328136
5,CUTLASS,gemm,cutlass_tensorop_f16_s1688gemm_f16_256x128_32x2_nn_align8,passed,success,universal,640,4096,1024,f16:column,f16:column,f16:column,f16:column,1,0,serial,1,1,heuristic,invalid,invalid,false,false,1,tensorop,f32,256,128,32,1,1,1,0,0,0,2,4,2,1,16,8,8,75,1024,14942208,5373952000,359,0.0468416,297.087,114726
5,CUTLASS,gemm,cutlass_tensorop_f16_s16816gemm_f16_256x128_32x3_nn_align8,passed,success,universal,640,4096,1024,f16:column,f16:column,f16:column,f16:column,1,0,serial,1,1,heuristic,invalid,invalid,false,false,1,tensorop,f32,256,128,32,1,1,1,0,0,0,3,4,2,1,16,8,16,80,1024,14942208,5373952000,359,0.0251507,553.305,213670
5,CUTLASS,gemm,cutlass3x_sm90_tensorop_s64x128x16gemm_f16_f16_f32_f16_f16_128x128x64_1x2x1_0_nnn_align8,passed,success,universal,640,4096,1024,f16:column,f16:column,f16:column,f16:column,1,0,serial,1,1,heuristic,invalid,invalid,false,false,1,tensorop,f32,128,128,64,1,2,1,0,0,0,7,4,2,1,64,128,16,90,90,14942208,5373952000,359,0.022584,616.189,237954
5,CUTLASS,gemm,cutlass3x_sm90_tensorop_s64x128x16gemm_f16_f16_f32_f16_f16_128x128x64_1x2x1_0_nnn_align8_warpspecialized_epi_nosmem,passed,success,universal,640,4096,1024,f16:column,f16:column,f16:column,f16:column,1,0,serial,1,1,heuristic,invalid,invalid,false,false,1,tensorop,f32,128,128,64,1,2,1,0,0,0,7,4,1,1,64,128,16,90,90,14942208,5373952000,359,0.0215341,646.232,249556
5,CUTLASS,gemm,cutlass3x_sm90_tensorop_s64x128x16gemm_f16_f16_f32_f16_f16_128x128x64_1x2x1_0_nnn_align8_warpspecialized_pingpong_epi_tma,passed,success,universal,640,4096,1024,f16:column,f16:column,f16:column,f16:column,1,0,serial,1,1,heuristic,invalid,invalid,false,false,1,tensorop,f32,128,128,64,1,2,1,0,0,0,6,4,1,1,64,128,16,90,90,14942208,5373952000,359,0.0185571,749.902,289590
5,CUTLASS,gemm,cutlass3x_sm90_tensorop_s64x128x16gemm_f16_f16_f32_f16_f16_128x128x64_1x2x1_0_nnn_align8_warpspecialized_pingpong_epi_nosmem,passed,success,universal,640,4096,1024,f16:column,f16:column,f16:column,f16:column,1,0,serial,1,1,heuristic,invalid,invalid,false,false,1,tensorop,f32,128,128,64,1,2,1,0,0,0,7,4,1,1,64,128,16,90,90,14942208,5373952000,359,0.0201264,691.431,267010
5,CUTLASS,gemm,cutlass3x_sm90_tensorop_s64x128x16gemm_f16_f16_f32_f16_f16_128x128x64_1x2x1_0_nnn_align8_warpspecialized_cooperative_epi_nosmem,passed,success,universal,640,4096,1024,f16:column,f16:column,f16:column,f16:column,1,0,serial,1,1,heuristic,invalid,invalid,false,false,1,tensorop,f32,128,128,64,1,2,1,0,0,0,7,4,2,1,64,128,16,90,90,14942208,5373952000,359,0.0226122,615.422,237658
5,CUTLASS,gemm,cutlass3x_sm90_tensorop_s64x128x16gemm_f16_f16_f32_f16_f16_128x128x64_1x2x1_0_nnn_align8_warpspecialized_cooperative_epi_tma,passed,success,universal,640,4096,1024,f16:column,f16:column,f16:column,f16:column,1,0,serial,1,1,heuristic,invalid,invalid,false,false,1,tensorop,f32,128,128,64,1,2,1,0,0,0,6,4,2,1,64,128,16,90,90,14942208,5373952000,359,0.0192586,722.589,279042
5,CUTLASS,gemm,cutlass3x_sm90_tensorop_s64x128x16gemm_f16_f16_f32_f16_f16_128x128x64_1x2x1_0_nnn_align8_stream_k_warpspecialized_cooperative_epi_nosmem,passed,success,universal,640,4096,1024,f16:column,f16:column,f16:column,f16:column,1,0,serial,1,1,heuristic,invalid,invalid,false,false,1,tensorop,f32,128,128,64,1,2,1,0,0,0,7,4,2,1,64,128,16,90,90,14942208,5373952000,359,0.0237757,585.305,226027
5,CUTLASS,gemm,cutlass3x_sm90_tensorop_s64x128x16gemm_f16_f16_f32_f16_f16_128x128x64_1x2x1_0_nnn_align8_stream_k_warpspecialized_cooperative_epi_tma,passed,success,universal,640,4096,1024,f16:column,f16:column,f16:column,f16:column,1,0,serial,1,1,heuristic,invalid,invalid,false,false,1,tensorop,f32,128,128,64,1,2,1,0,0,0,6,4,2,1,64,128,16,90,90,14942208,5373952000,359,0.0218634,636.499,245797
5,CUTLASS,gemm,cutlass3x_sm90_tensorop_s64x128x16gemm_f16_f16_f32_f16_f16_128x128x64_2x1x1_0_nnn_align8,passed,success,universal,640,4096,1024,f16:column,f16:column,f16:column,f16:column,1,0,serial,1,1,heuristic,invalid,invalid,false,false,1,tensorop,f32,128,128,64,2,1,1,0,0,0,7,4,2,1,64,128,16,90,90,14942208,5373952000,359,0.0226176,615.274,237600
5,CUTLASS,gemm,cutlass3x_sm90_tensorop_s64x128x16gemm_f16_f16_f32_f16_f16_128x128x64_2x1x1_0_nnn_align8_warpspecialized_epi_nosmem,passed,success,universal,640,4096,1024,f16:column,f16:column,f16:column,f16:column,1,0,serial,1,1,heuristic,invalid,invalid,false,false,1,tensorop,f32,128,128,64,2,1,1,0,0,0,7,4,1,1,64,128,16,90,90,14942208,5373952000,359,0.021568,645.216,249163
5,CUTLASS,gemm,cutlass3x_sm90_tensorop_s64x128x16gemm_f16_f16_f32_f16_f16_128x128x64_2x1x1_0_nnn_align8_warpspecialized_pingpong_epi_tma,passed,success,universal,640,4096,1024,f16:column,f16:column,f16:column,f16:column,1,0,serial,1,1,heuristic,invalid,invalid,false,false,1,tensorop,f32,128,128,64,2,1,1,0,0,0,6,4,1,1,64,128,16,90,90,14942208,5373952000,359,0.0199782,696.559,268990
5,CUTLASS,gemm,cutlass3x_sm90_tensorop_s64x128x16gemm_f16_f16_f32_f16_f16_128x128x64_2x1x1_0_nnn_align8_warpspecialized_pingpong_epi_nosmem,passed,success,universal,640,4096,1024,f16:column,f16:column,f16:column,f16:column,1,0,serial,1,1,heuristic,invalid,invalid,false,false,1,tensorop,f32,128,128,64,2,1,1,0,0,0,7,4,1,1,64,128,16,90,90,14942208,5373952000,359,0.0212352,655.328,253068
5,CUTLASS,gemm,cutlass3x_sm90_tensorop_s64x128x16gemm_f16_f16_f32_f16_f16_128x128x64_2x1x1_0_nnn_align8_warpspecialized_cooperative_epi_nosmem,passed,success,universal,640,4096,1024,f16:column,f16:column,f16:column,f16:column,1,0,serial,1,1,heuristic,invalid,invalid,false,false,1,tensorop,f32,128,128,64,2,1,1,0,0,0,7,4,2,1,64,128,16,90,90,14942208,5373952000,359,0.0225773,616.373,238025
5,CUTLASS,gemm,cutlass3x_sm90_tensorop_s64x128x16gemm_f16_f16_f32_f16_f16_128x128x64_2x1x1_0_nnn_align8_warpspecialized_cooperative_epi_tma,passed,success,universal,640,4096,1024,f16:column,f16:column,f16:column,f16:column,1,0,serial,1,1,heuristic,invalid,invalid,false,false,1,tensorop,f32,128,128,64,2,1,1,0,0,0,6,4,2,1,64,128,16,90,90,14942208,5373952000,359,0.0198486,701.107,270747
5,CUTLASS,gemm,cutlass3x_sm90_tensorop_s64x128x16gemm_f16_f16_f32_f16_f16_128x128x64_2x1x1_0_nnn_align8_stream_k_warpspecialized_cooperative_epi_nosmem,passed,success,universal,640,4096,1024,f16:column,f16:column,f16:column,f16:column,1,0,serial,1,1,heuristic,invalid,invalid,false,false,1,tensorop,f32,128,128,64,2,1,1,0,0,0,7,4,2,1,64,128,16,90,90,14942208,5373952000,359,0.0248934,559.023,215878
5,CUTLASS,gemm,cutlass3x_sm90_tensorop_s64x128x16gemm_f16_f16_f32_f16_f16_128x128x64_2x1x1_0_nnn_align8_stream_k_warpspecialized_cooperative_epi_tma,passed,success,universal,640,4096,1024,f16:column,f16:column,f16:column,f16:column,1,0,serial,1,1,heuristic,invalid,invalid,false,false,1,tensorop,f32,128,128,64,2,1,1,0,0,0,6,4,2,1,64,128,16,90,90,14942208,5373952000,359,0.0230826,602.88,232814
6,CUTLASS,gemm,cutlass_tensorop_f16_s1688gemm_f16_256x128_32x2_nn_align8,passed,success,universal,768,4096,1024,f16:column,f16:column,f16:column,f16:column,1,0,serial,1,1,heuristic,invalid,invalid,false,false,1,tensorop,f32,256,128,32,1,1,1,0,0,0,2,4,2,1,16,8,8,75,1024,16252928,6448742400,396,0.0471741,320.869,136701
6,CUTLASS,gemm,cutlass_tensorop_f16_s16816gemm_f16_256x128_32x3_nn_align8,passed,success,universal,768,4096,1024,f16:column,f16:column,f16:column,f16:column,1,0,serial,1,1,heuristic,invalid,invalid,false,false,1,tensorop,f32,256,128,32,1,1,1,0,0,0,3,4,2,1,16,8,16,80,1024,16252928,6448742400,396,0.0255654,592.077,252245
6,CUTLASS,gemm,cutlass3x_sm90_tensorop_s64x128x16gemm_f16_f16_f32_f16_f16_128x128x64_1x2x1_0_nnn_align8,passed,success,universal,768,4096,1024,f16:column,f16:column,f16:column,f16:column,1,0,serial,1,1,heuristic,invalid,invalid,false,false,1,tensorop,f32,128,128,64,1,2,1,0,0,0,7,4,2,1,64,128,16,90,90,16252928,6448742400,396,0.0230893,655.573,279296
6,CUTLASS,gemm,cutlass3x_sm90_tensorop_s64x128x16gemm_f16_f16_f32_f16_f16_128x128x64_1x2x1_0_nnn_align8_warpspecialized_epi_nosmem,passed,success,universal,768,4096,1024,f16:column,f16:column,f16:column,f16:column,1,0,serial,1,1,heuristic,invalid,invalid,false,false,1,tensorop,f32,128,128,64,1,2,1,0,0,0,7,4,1,1,64,128,16,90,90,16252928,6448742400,396,0.0227994,663.91,282848
6,CUTLASS,gemm,cutlass3x_sm90_tensorop_s64x128x16gemm_f16_f16_f32_f16_f16_128x128x64_1x2x1_0_nnn_align8_warpspecialized_pingpong_epi_tma,passed,success,universal,768,4096,1024,f16:column,f16:column,f16:column,f16:column,1,0,serial,1,1,heuristic,invalid,invalid,false,false,1,tensorop,f32,128,128,64,1,2,1,0,0,0,6,4,1,1,64,128,16,90,90,16252928,6448742400,396,0.0186614,811.123,345565
6,CUTLASS,gemm,cutlass3x_sm90_tensorop_s64x128x16gemm_f16_f16_f32_f16_f16_128x128x64_1x2x1_0_nnn_align8_warpspecialized_pingpong_epi_nosmem,passed,success,universal,768,4096,1024,f16:column,f16:column,f16:column,f16:column,1,0,serial,1,1,heuristic,invalid,invalid,false,false,1,tensorop,f32,128,128,64,1,2,1,0,0,0,7,4,1,1,64,128,16,90,90,16252928,6448742400,396,0.0205072,738.117,314462
6,CUTLASS,gemm,cutlass3x_sm90_tensorop_s64x128x16gemm_f16_f16_f32_f16_f16_128x128x64_1x2x1_0_nnn_align8_warpspecialized_cooperative_epi_nosmem,passed,success,universal,768,4096,1024,f16:column,f16:column,f16:column,f16:column,1,0,serial,1,1,heuristic,invalid,invalid,false,false,1,tensorop,f32,128,128,64,1,2,1,0,0,0,7,4,2,1,64,128,16,90,90,16252928,6448742400,396,0.0230387,657.012,279909
6,CUTLASS,gemm,cutlass3x_sm90_tensorop_s64x128x16gemm_f16_f16_f32_f16_f16_128x128x64_1x2x1_0_nnn_align8_warpspecialized_cooperative_epi_tma,passed,success,universal,768,4096,1024,f16:column,f16:column,f16:column,f16:column,1,0,serial,1,1,heuristic,invalid,invalid,false,false,1,tensorop,f32,128,128,64,1,2,1,0,0,0,6,4,2,1,64,128,16,90,90,16252928,6448742400,396,0.0192701,785.504,334651
6,CUTLASS,gemm,cutlass3x_sm90_tensorop_s64x128x16gemm_f16_f16_f32_f16_f16_128x128x64_1x2x1_0_nnn_align8_stream_k_warpspecialized_cooperative_epi_nosmem,passed,success,universal,768,4096,1024,f16:column,f16:column,f16:column,f16:column,1,0,serial,1,1,heuristic,invalid,invalid,false,false,1,tensorop,f32,128,128,64,1,2,1,0,0,0,7,4,2,1,64,128,16,90,90,16252928,6448742400,396,0.0243853,620.732,264452
6,CUTLASS,gemm,cutlass3x_sm90_tensorop_s64x128x16gemm_f16_f16_f32_f16_f16_128x128x64_1x2x1_0_nnn_align8_stream_k_warpspecialized_cooperative_epi_tma,passed,success,universal,768,4096,1024,f16:column,f16:column,f16:column,f16:column,1,0,serial,1,1,heuristic,invalid,invalid,false,false,1,tensorop,f32,128,128,64,1,2,1,0,0,0,6,4,2,1,64,128,16,90,90,16252928,6448742400,396,0.0221661,682.878,290928
6,CUTLASS,gemm,cutlass3x_sm90_tensorop_s64x128x16gemm_f16_f16_f32_f16_f16_128x128x64_2x1x1_0_nnn_align8,passed,success,universal,768,4096,1024,f16:column,f16:column,f16:column,f16:column,1,0,serial,1,1,heuristic,invalid,invalid,false,false,1,tensorop,f32,128,128,64,2,1,1,0,0,0,7,4,2,1,64,128,16,90,90,16252928,6448742400,396,0.0211366,716.136,305098
6,CUTLASS,gemm,cutlass3x_sm90_tensorop_s64x128x16gemm_f16_f16_f32_f16_f16_128x128x64_2x1x1_0_nnn_align8_warpspecialized_epi_nosmem,passed,success,universal,768,4096,1024,f16:column,f16:column,f16:column,f16:column,1,0,serial,1,1,heuristic,invalid,invalid,false,false,1,tensorop,f32,128,128,64,2,1,1,0,0,0,7,4,1,1,64,128,16,90,90,16252928,6448742400,396,0.0218573,692.525,295039
6,CUTLASS,gemm,cutlass3x_sm90_tensorop_s64x128x16gemm_f16_f16_f32_f16_f16_128x128x64_2x1x1_0_nnn_align8_warpspecialized_pingpong_epi_tma,passed,success,universal,768,4096,1024,f16:column,f16:column,f16:column,f16:column,1,0,serial,1,1,heuristic,invalid,invalid,false,false,1,tensorop,f32,128,128,64,2,1,1,0,0,0,6,4,1,1,64,128,16,90,90,16252928,6448742400,396,0.0174163,869.111,370270
6,CUTLASS,gemm,cutlass3x_sm90_tensorop_s64x128x16gemm_f16_f16_f32_f16_f16_128x128x64_2x1x1_0_nnn_align8_warpspecialized_pingpong_epi_nosmem,passed,success,universal,768,4096,1024,f16:column,f16:column,f16:column,f16:column,1,0,serial,1,1,heuristic,invalid,invalid,false,false,1,tensorop,f32,128,128,64,2,1,1,0,0,0,7,4,1,1,64,128,16,90,90,16252928,6448742400,396,0.0186538,811.457,345707
6,CUTLASS,gemm,cutlass3x_sm90_tensorop_s64x128x16gemm_f16_f16_f32_f16_f16_128x128x64_2x1x1_0_nnn_align8_warpspecialized_cooperative_epi_nosmem,passed,success,universal,768,4096,1024,f16:column,f16:column,f16:column,f16:column,1,0,serial,1,1,heuristic,invalid,invalid,false,false,1,tensorop,f32,128,128,64,2,1,1,0,0,0,7,4,2,1,64,128,16,90,90,16252928,6448742400,396,0.0211693,715.032,304627
6,CUTLASS,gemm,cutlass3x_sm90_tensorop_s64x128x16gemm_f16_f16_f32_f16_f16_128x128x64_2x1x1_0_nnn_align8_warpspecialized_cooperative_epi_tma,passed,success,universal,768,4096,1024,f16:column,f16:column,f16:column,f16:column,1,0,serial,1,1,heuristic,invalid,invalid,false,false,1,tensorop,f32,128,128,64,2,1,1,0,0,0,6,4,2,1,64,128,16,90,90,16252928,6448742400,396,0.0181046,836.068,356193
6,CUTLASS,gemm,cutlass3x_sm90_tensorop_s64x128x16gemm_f16_f16_f32_f16_f16_128x128x64_2x1x1_0_nnn_align8_stream_k_warpspecialized_cooperative_epi_nosmem,passed,success,universal,768,4096,1024,f16:column,f16:column,f16:column,f16:column,1,0,serial,1,1,heuristic,invalid,invalid,false,false,1,tensorop,f32,128,128,64,2,1,1,0,0,0,7,4,2,1,64,128,16,90,90,16252928,6448742400,396,0.0229702,658.971,280743
6,CUTLASS,gemm,cutlass3x_sm90_tensorop_s64x128x16gemm_f16_f16_f32_f16_f16_128x128x64_2x1x1_0_nnn_align8_stream_k_warpspecialized_cooperative_epi_tma,passed,success,universal,768,4096,1024,f16:column,f16:column,f16:column,f16:column,1,0,serial,1,1,heuristic,invalid,invalid,false,false,1,tensorop,f32,128,128,64,2,1,1,0,0,0,6,4,2,1,64,128,16,90,90,16252928,6448742400,396,0.0207827,728.332,310293
7,CUTLASS,gemm,cutlass_tensorop_f16_s1688gemm_f16_256x128_32x2_nn_align8,passed,success,universal,896,4096,1024,f16:column,f16:column,f16:column,f16:column,1,0,serial,1,1,heuristic,invalid,invalid,false,false,1,tensorop,f32,256,128,32,1,1,1,0,0,0,2,4,2,1,16,8,8,75,1024,17563648,7523532800,428,0.0470694,347.517,159839
7,CUTLASS,gemm,cutlass_tensorop_f16_s16816gemm_f16_256x128_32x3_nn_align8,passed,success,universal,896,4096,1024,f16:column,f16:column,f16:column,f16:column,1,0,serial,1,1,heuristic,invalid,invalid,false,false,1,tensorop,f32,256,128,32,1,1,1,0,0,0,3,4,2,1,16,8,16,80,1024,17563648,7523532800,428,0.025535,640.587,294636
7,CUTLASS,gemm,cutlass3x_sm90_tensorop_s64x128x16gemm_f16_f16_f32_f16_f16_128x128x64_1x2x1_0_nnn_align8,passed,success,universal,896,4096,1024,f16:column,f16:column,f16:column,f16:column,1,0,serial,1,1,heuristic,invalid,invalid,false,false,1,tensorop,f32,128,128,64,1,2,1,0,0,0,7,4,2,1,64,128,16,90,90,17563648,7523532800,428,0.0239283,683.601,314420
7,CUTLASS,gemm,cutlass3x_sm90_tensorop_s64x128x16gemm_f16_f16_f32_f16_f16_128x128x64_1x2x1_0_nnn_align8_warpspecialized_epi_nosmem,passed,success,universal,896,4096,1024,f16:column,f16:column,f16:column,f16:column,1,0,serial,1,1,heuristic,invalid,invalid,false,false,1,tensorop,f32,128,128,64,1,2,1,0,0,0,7,4,1,1,64,128,16,90,90,17563648,7523532800,428,0.0238592,685.581,315330
7,CUTLASS,gemm,cutlass3x_sm90_tensorop_s64x128x16gemm_f16_f16_f32_f16_f16_128x128x64_1x2x1_0_nnn_align8_warpspecialized_pingpong_epi_tma,passed,success,universal,896,4096,1024,f16:column,f16:column,f16:column,f16:column,1,0,serial,1,1,heuristic,invalid,invalid,false,false,1,tensorop,f32,128,128,64,1,2,1,0,0,0,6,4,1,1,64,128,16,90,90,17563648,7523532800,428,0.019032,859.469,395310
7,CUTLASS,gemm,cutlass3x_sm90_tensorop_s64x128x16gemm_f16_f16_f32_f16_f16_128x128x64_1x2x1_0_nnn_align8_warpspecialized_pingpong_epi_nosmem,passed,success,universal,896,4096,1024,f16:column,f16:column,f16:column,f16:column,1,0,serial,1,1,heuristic,invalid,invalid,false,false,1,tensorop,f32,128,128,64,1,2,1,0,0,0,7,4,1,1,64,128,16,90,90,17563648,7523532800,428,0.0213248,767.061,352807
7,CUTLASS,gemm,cutlass3x_sm90_tensorop_s64x128x16gemm_f16_f16_f32_f16_f16_128x128x64_1x2x1_0_nnn_align8_warpspecialized_cooperative_epi_nosmem,passed,success,universal,896,4096,1024,f16:column,f16:column,f16:column,f16:column,1,0,serial,1,1,heuristic,invalid,invalid,false,false,1,tensorop,f32,128,128,64,1,2,1,0,0,0,7,4,2,1,64,128,16,90,90,17563648,7523532800,428,0.0238851,684.837,314988
7,CUTLASS,gemm,cutlass3x_sm90_tensorop_s64x128x16gemm_f16_f16_f32_f16_f16_128x128x64_1x2x1_0_nnn_align8_warpspecialized_cooperative_epi_tma,passed,success,universal,896,4096,1024,f16:column,f16:column,f16:column,f16:column,1,0,serial,1,1,heuristic,invalid,invalid,false,false,1,tensorop,f32,128,128,64,1,2,1,0,0,0,6,4,2,1,64,128,16,90,90,17563648,7523532800,428,0.0198464,824.201,379088
7,CUTLASS,gemm,cutlass3x_sm90_tensorop_s64x128x16gemm_f16_f16_f32_f16_f16_128x128x64_1x2x1_0_nnn_align8_stream_k_warpspecialized_cooperative_epi_nosmem,passed,success,universal,896,4096,1024,f16:column,f16:column,f16:column,f16:column,1,0,serial,1,1,heuristic,invalid,invalid,false,false,1,tensorop,f32,128,128,64,1,2,1,0,0,0,7,4,2,1,64,128,16,90,90,17563648,7523532800,428,0.0242554,674.384,310180
7,CUTLASS,gemm,cutlass3x_sm90_tensorop_s64x128x16gemm_f16_f16_f32_f16_f16_128x128x64_1x2x1_0_nnn_align8_stream_k_warpspecialized_cooperative_epi_tma,passed,success,universal,896,4096,1024,f16:column,f16:column,f16:column,f16:column,1,0,serial,1,1,heuristic,invalid,invalid,false,false,1,tensorop,f32,128,128,64,1,2,1,0,0,0,6,4,2,1,64,128,16,90,90,17563648,7523532800,428,0.0213939,764.583,351667
7,CUTLASS,gemm,cutlass3x_sm90_tensorop_s64x128x16gemm_f16_f16_f32_f16_f16_128x128x64_2x1x1_0_nnn_align8,passed,success,universal,896,4096,1024,f16:column,f16:column,f16:column,f16:column,1,0,serial,1,1,heuristic,invalid,invalid,false,false,1,tensorop,f32,128,128,64,2,1,1,0,0,0,7,4,2,1,64,128,16,90,90,17563648,7523532800,428,0.0246195,664.409,305592
7,CUTLASS,gemm,cutlass3x_sm90_tensorop_s64x128x16gemm_f16_f16_f32_f16_f16_128x128x64_2x1x1_0_nnn_align8_warpspecialized_epi_nosmem,passed,success,universal,896,4096,1024,f16:column,f16:column,f16:column,f16:column,1,0,serial,1,1,heuristic,invalid,invalid,false,false,1,tensorop,f32,128,128,64,2,1,1,0,0,0,7,4,1,1,64,128,16,90,90,17563648,7523532800,428,0.0266973,612.7,281809
7,CUTLASS,gemm,cutlass3x_sm90_tensorop_s64x128x16gemm_f16_f16_f32_f16_f16_128x128x64_2x1x1_0_nnn_align8_warpspecialized_pingpong_epi_tma,passed,success,universal,896,4096,1024,f16:column,f16:column,f16:column,f16:column,1,0,serial,1,1,heuristic,invalid,invalid,false,false,1,tensorop,f32,128,128,64,2,1,1,0,0,0,6,4,1,1,64,128,16,90,90,17563648,7523532800,428,0.0214707,761.848,350409
7,CUTLASS,gemm,cutlass3x_sm90_tensorop_s64x128x16gemm_f16_f16_f32_f16_f16_128x128x64_2x1x1_0_nnn_align8_warpspecialized_pingpong_epi_nosmem,passed,success,universal,896,4096,1024,f16:column,f16:column,f16:column,f16:column,1,0,serial,1,1,heuristic,invalid,invalid,false,false,1,tensorop,f32,128,128,64,2,1,1,0,0,0,7,4,1,1,64,128,16,90,90,17563648,7523532800,428,0.024047,680.226,312867
7,CUTLASS,gemm,cutlass3x_sm90_tensorop_s64x128x16gemm_f16_f16_f32_f16_f16_128x128x64_2x1x1_0_nnn_align8_warpspecialized_cooperative_epi_nosmem,passed,success,universal,896,4096,1024,f16:column,f16:column,f16:column,f16:column,1,0,serial,1,1,heuristic,invalid,invalid,false,false,1,tensorop,f32,128,128,64,2,1,1,0,0,0,7,4,2,1,64,128,16,90,90,17563648,7523532800,428,0.0246256,664.245,305517
7,CUTLASS,gemm,cutlass3x_sm90_tensorop_s64x128x16gemm_f16_f16_f32_f16_f16_128x128x64_2x1x1_0_nnn_align8_warpspecialized_cooperative_epi_tma,passed,success,universal,896,4096,1024,f16:column,f16:column,f16:column,f16:column,1,0,serial,1,1,heuristic,invalid,invalid,false,false,1,tensorop,f32,128,128,64,2,1,1,0,0,0,6,4,2,1,64,128,16,90,90,17563648,7523532800,428,0.021136,773.913,355958
7,CUTLASS,gemm,cutlass3x_sm90_tensorop_s64x128x16gemm_f16_f16_f32_f16_f16_128x128x64_2x1x1_0_nnn_align8_stream_k_warpspecialized_cooperative_epi_nosmem,passed,success,universal,896,4096,1024,f16:column,f16:column,f16:column,f16:column,1,0,serial,1,1,heuristic,invalid,invalid,false,false,1,tensorop,f32,128,128,64,2,1,1,0,0,0,7,4,2,1,64,128,16,90,90,17563648,7523532800,428,0.0253149,646.158,297198
7,CUTLASS,gemm,cutlass3x_sm90_tensorop_s64x128x16gemm_f16_f16_f32_f16_f16_128x128x64_2x1x1_0_nnn_align8_stream_k_warpspecialized_cooperative_epi_tma,passed,success,universal,896,4096,1024,f16:column,f16:column,f16:column,f16:column,1,0,serial,1,1,heuristic,invalid,invalid,false,false,1,tensorop,f32,128,128,64,2,1,1,0,0,0,6,4,2,1,64,128,16,90,90,17563648,7523532800,428,0.0226835,721.115,331674
8,CUTLASS,gemm,cutlass_tensorop_f16_s1688gemm_f16_256x128_32x2_nn_align8,passed,success,universal,1024,4096,1024,f16:column,f16:column,f16:column,f16:column,1,0,serial,1,1,heuristic,invalid,invalid,false,false,1,tensorop,f32,256,128,32,1,1,1,0,0,0,2,4,2,1,16,8,8,75,1024,18874368,8598323200,455,0.0479824,366.345,179197
8,CUTLASS,gemm,cutlass_tensorop_f16_s16816gemm_f16_256x128_32x3_nn_align8,passed,success,universal,1024,4096,1024,f16:column,f16:column,f16:column,f16:column,1,0,serial,1,1,heuristic,invalid,invalid,false,false,1,tensorop,f32,256,128,32,1,1,1,0,0,0,3,4,2,1,16,8,16,80,1024,18874368,8598323200,455,0.0259693,676.882,331096
8,CUTLASS,gemm,cutlass3x_sm90_tensorop_s64x128x16gemm_f16_f16_f32_f16_f16_128x128x64_1x2x1_0_nnn_align8,passed,success,universal,1024,4096,1024,f16:column,f16:column,f16:column,f16:column,1,0,serial,1,1,heuristic,invalid,invalid,false,false,1,tensorop,f32,128,128,64,1,2,1,0,0,0,7,4,2,1,64,128,16,90,90,18874368,8598323200,455,0.0226314,776.715,379930
8,CUTLASS,gemm,cutlass3x_sm90_tensorop_s64x128x16gemm_f16_f16_f32_f16_f16_128x128x64_1x2x1_0_nnn_align8_warpspecialized_epi_nosmem,passed,success,universal,1024,4096,1024,f16:column,f16:column,f16:column,f16:column,1,0,serial,1,1,heuristic,invalid,invalid,false,false,1,tensorop,f32,128,128,64,1,2,1,0,0,0,7,4,1,1,64,128,16,90,90,18874368,8598323200,455,0.0227958,771.111,377188
8,CUTLASS,gemm,cutlass3x_sm90_tensorop_s64x128x16gemm_f16_f16_f32_f16_f16_128x128x64_1x2x1_0_nnn_align8_warpspecialized_pingpong_epi_tma,passed,success,universal,1024,4096,1024,f16:column,f16:column,f16:column,f16:column,1,0,serial,1,1,heuristic,invalid,invalid,false,false,1,tensorop,f32,128,128,64,1,2,1,0,0,0,6,4,1,1,64,128,16,90,90,18874368,8598323200,455,0.0197821,888.588,434652
8,CUTLASS,gemm,cutlass3x_sm90_tensorop_s64x128x16gemm_f16_f16_f32_f16_f16_128x128x64_1x2x1_0_nnn_align8_warpspecialized_pingpong_epi_nosmem,passed,success,universal,1024,4096,1024,f16:column,f16:column,f16:column,f16:column,1,0,serial,1,1,heuristic,invalid,invalid,false,false,1,tensorop,f32,128,128,64,1,2,1,0,0,0,7,4,1,1,64,128,16,90,90,18874368,8598323200,455,0.0209014,841.001,411375
8,CUTLASS,gemm,cutlass3x_sm90_tensorop_s64x128x16gemm_f16_f16_f32_f16_f16_128x128x64_1x2x1_0_nnn_align8_warpspecialized_cooperative_epi_nosmem,passed,success,universal,1024,4096,1024,f16:column,f16:column,f16:column,f16:column,1,0,serial,1,1,heuristic,invalid,invalid,false,false,1,tensorop,f32,128,128,64,1,2,1,0,0,0,7,4,2,1,64,128,16,90,90,18874368,8598323200,455,0.0226768,775.159,379168
8,CUTLASS,gemm,cutlass3x_sm90_tensorop_s64x128x16gemm_f16_f16_f32_f16_f16_128x128x64_1x2x1_0_nnn_align8_warpspecialized_cooperative_epi_tma,passed,success,universal,1024,4096,1024,f16:column,f16:column,f16:column,f16:column,1,0,serial,1,1,heuristic,invalid,invalid,false,false,1,tensorop,f32,128,128,64,1,2,1,0,0,0,6,4,2,1,64,128,16,90,90,18874368,8598323200,455,0.01964,895.017,437796
8,CUTLASS,gemm,cutlass3x_sm90_tensorop_s64x128x16gemm_f16_f16_f32_f16_f16_128x128x64_1x2x1_0_nnn_align8_stream_k_warpspecialized_cooperative_epi_nosmem,passed,success,universal,1024,4096,1024,f16:column,f16:column,f16:column,f16:column,1,0,serial,1,1,heuristic,invalid,invalid,false,false,1,tensorop,f32,128,128,64,1,2,1,0,0,0,7,4,2,1,64,128,16,90,90,18874368,8598323200,455,0.0233475,752.89,368276
8,CUTLASS,gemm,cutlass3x_sm90_tensorop_s64x128x16gemm_f16_f16_f32_f16_f16_128x128x64_1x2x1_0_nnn_align8_stream_k_warpspecialized_cooperative_epi_tma,passed,success,universal,1024,4096,1024,f16:column,f16:column,f16:column,f16:column,1,0,serial,1,1,heuristic,invalid,invalid,false,false,1,tensorop,f32,128,128,64,1,2,1,0,0,0,6,4,2,1,64,128,16,90,90,18874368,8598323200,455,0.0215216,816.767,399521
8,CUTLASS,gemm,cutlass3x_sm90_tensorop_s64x128x16gemm_f16_f16_f32_f16_f16_128x128x64_2x1x1_0_nnn_align8,passed,success,universal,1024,4096,1024,f16:column,f16:column,f16:column,f16:column,1,0,serial,1,1,heuristic,invalid,invalid,false,false,1,tensorop,f32,128,128,64,2,1,1,0,0,0,7,4,2,1,64,128,16,90,90,18874368,8598323200,455,0.0215283,816.512,399396
8,CUTLASS,gemm,cutlass3x_sm90_tensorop_s64x128x16gemm_f16_f16_f32_f16_f16_128x128x64_2x1x1_0_nnn_align8_warpspecialized_epi_nosmem,passed,success,universal,1024,4096,1024,f16:column,f16:column,f16:column,f16:column,1,0,serial,1,1,heuristic,invalid,invalid,false,false,1,tensorop,f32,128,128,64,2,1,1,0,0,0,7,4,1,1,64,128,16,90,90,18874368,8598323200,455,0.0225056,781.056,382053
8,CUTLASS,gemm,cutlass3x_sm90_tensorop_s64x128x16gemm_f16_f16_f32_f16_f16_128x128x64_2x1x1_0_nnn_align8_warpspecialized_pingpong_epi_tma,passed,success,universal,1024,4096,1024,f16:column,f16:column,f16:column,f16:column,1,0,serial,1,1,heuristic,invalid,invalid,false,false,1,tensorop,f32,128,128,64,2,1,1,0,0,0,6,4,1,1,64,128,16,90,90,18874368,8598323200,455,0.0176736,994.598,486507
8,CUTLASS,gemm,cutlass3x_sm90_tensorop_s64x128x16gemm_f16_f16_f32_f16_f16_128x128x64_2x1x1_0_nnn_align8_warpspecialized_pingpong_epi_nosmem,passed,success,universal,1024,4096,1024,f16:column,f16:column,f16:column,f16:column,1,0,serial,1,1,heuristic,invalid,invalid,false,false,1,tensorop,f32,128,128,64,2,1,1,0,0,0,7,4,1,1,64,128,16,90,90,18874368,8598323200,455,0.0191344,918.666,449365
8,CUTLASS,gemm,cutlass3x_sm90_tensorop_s64x128x16gemm_f16_f16_f32_f16_f16_128x128x64_2x1x1_0_nnn_align8_warpspecialized_cooperative_epi_nosmem,passed,success,universal,1024,4096,1024,f16:column,f16:column,f16:column,f16:column,1,0,serial,1,1,heuristic,invalid,invalid,false,false,1,tensorop,f32,128,128,64,2,1,1,0,0,0,7,4,2,1,64,128,16,90,90,18874368,8598323200,455,0.0213306,824.082,403099
8,CUTLASS,gemm,cutlass3x_sm90_tensorop_s64x128x16gemm_f16_f16_f32_f16_f16_128x128x64_2x1x1_0_nnn_align8_warpspecialized_cooperative_epi_tma,passed,success,universal,1024,4096,1024,f16:column,f16:column,f16:column,f16:column,1,0,serial,1,1,heuristic,invalid,invalid,false,false,1,tensorop,f32,128,128,64,2,1,1,0,0,0,6,4,2,1,64,128,16,90,90,18874368,8598323200,455,0.0180403,974.38,476617
8,CUTLASS,gemm,cutlass3x_sm90_tensorop_s64x128x16gemm_f16_f16_f32_f16_f16_128x128x64_2x1x1_0_nnn_align8_stream_k_warpspecialized_cooperative_epi_nosmem,passed,success,universal,1024,4096,1024,f16:column,f16:column,f16:column,f16:column,1,0,serial,1,1,heuristic,invalid,invalid,false,false,1,tensorop,f32,128,128,64,2,1,1,0,0,0,7,4,2,1,64,128,16,90,90,18874368,8598323200,455,0.0216938,810.285,396350
8,CUTLASS,gemm,cutlass3x_sm90_tensorop_s64x128x16gemm_f16_f16_f32_f16_f16_128x128x64_2x1x1_0_nnn_align8_stream_k_warpspecialized_cooperative_epi_tma,passed,success,universal,1024,4096,1024,f16:column,f16:column,f16:column,f16:column,1,0,serial,1,1,heuristic,invalid,invalid,false,false,1,tensorop,f32,128,128,64,2,1,1,0,0,0,6,4,2,1,64,128,16,90,90,18874368,8598323200,455,0.0198144,887.139,433943
9,CUTLASS,gemm,cutlass_tensorop_f16_s1688gemm_f16_256x128_32x2_nn_align8,passed,success,universal,1152,4096,1024,f16:column,f16:column,f16:column,f16:column,1,0,serial,1,1,heuristic,invalid,invalid,false,false,1,tensorop,f32,256,128,32,1,1,1,0,0,0,2,4,2,1,16,8,8,75,1024,20185088,9673113600,479,0.0833494,225.542,116055
9,CUTLASS,gemm,cutlass_tensorop_f16_s16816gemm_f16_256x128_32x3_nn_align8,passed,success,universal,1152,4096,1024,f16:column,f16:column,f16:column,f16:column,1,0,serial,1,1,heuristic,invalid,invalid,false,false,1,tensorop,f32,256,128,32,1,1,1,0,0,0,3,4,2,1,16,8,16,80,1024,20185088,9673113600,479,0.0447552,420.037,216134
9,CUTLASS,gemm,cutlass3x_sm90_tensorop_s64x128x16gemm_f16_f16_f32_f16_f16_128x128x64_1x2x1_0_nnn_align8,passed,success,universal,1152,4096,1024,f16:column,f16:column,f16:column,f16:column,1,0,serial,1,1,heuristic,invalid,invalid,false,false,1,tensorop,f32,128,128,64,1,2,1,0,0,0,7,4,2,1,64,128,16,90,90,20185088,9673113600,479,0.031111,604.249,310922
9,CUTLASS,gemm,cutlass3x_sm90_tensorop_s64x128x16gemm_f16_f16_f32_f16_f16_128x128x64_1x2x1_0_nnn_align8_warpspecialized_epi_nosmem,passed,success,universal,1152,4096,1024,f16:column,f16:column,f16:column,f16:column,1,0,serial,1,1,heuristic,invalid,invalid,false,false,1,tensorop,f32,128,128,64,1,2,1,0,0,0,7,4,1,1,64,128,16,90,90,20185088,9673113600,479,0.0302739,620.958,319520
9,CUTLASS,gemm,cutlass3x_sm90_tensorop_s64x128x16gemm_f16_f16_f32_f16_f16_128x128x64_1x2x1_0_nnn_align8_warpspecialized_pingpong_epi_tma,passed,success,universal,1152,4096,1024,f16:column,f16:column,f16:column,f16:column,1,0,serial,1,1,heuristic,invalid,invalid,false,false,1,tensorop,f32,128,128,64,1,2,1,0,0,0,6,4,1,1,64,128,16,90,90,20185088,9673113600,479,0.0242874,774.017,398278
9,CUTLASS,gemm,cutlass3x_sm90_tensorop_s64x128x16gemm_f16_f16_f32_f16_f16_128x128x64_1x2x1_0_nnn_align8_warpspecialized_pingpong_epi_nosmem,passed,success,universal,1152,4096,1024,f16:column,f16:column,f16:column,f16:column,1,0,serial,1,1,heuristic,invalid,invalid,false,false,1,tensorop,f32,128,128,64,1,2,1,0,0,0,7,4,1,1,64,128,16,90,90,20185088,9673113600,479,0.0267632,702.413,361433
9,CUTLASS,gemm,cutlass3x_sm90_tensorop_s64x128x16gemm_f16_f16_f32_f16_f16_128x128x64_1x2x1_0_nnn_align8_warpspecialized_cooperative_epi_nosmem,passed,success,universal,1152,4096,1024,f16:column,f16:column,f16:column,f16:column,1,0,serial,1,1,heuristic,invalid,invalid,false,false,1,tensorop,f32,128,128,64,1,2,1,0,0,0,7,4,2,1,64,128,16,90,90,20185088,9673113600,479,0.0310365,605.701,311669
9,CUTLASS,gemm,cutlass3x_sm90_tensorop_s64x128x16gemm_f16_f16_f32_f16_f16_128x128x64_1x2x1_0_nnn_align8_warpspecialized_cooperative_epi_tma,passed,success,universal,1152,4096,1024,f16:column,f16:column,f16:column,f16:column,1,0,serial,1,1,heuristic,invalid,invalid,false,false,1,tensorop,f32,128,128,64,1,2,1,0,0,0,6,4,2,1,64,128,16,90,90,20185088,9673113600,479,0.0256733,732.233,376777
9,CUTLASS,gemm,cutlass3x_sm90_tensorop_s64x128x16gemm_f16_f16_f32_f16_f16_128x128x64_1x2x1_0_nnn_align8_stream_k_warpspecialized_cooperative_epi_nosmem,passed,success,universal,1152,4096,1024,f16:column,f16:column,f16:column,f16:column,1,0,serial,1,1,heuristic,invalid,invalid,false,false,1,tensorop,f32,128,128,64,1,2,1,0,0,0,7,4,2,1,64,128,16,90,90,20185088,9673113600,479,0.0330858,568.185,292365
9,CUTLASS,gemm,cutlass3x_sm90_tensorop_s64x128x16gemm_f16_f16_f32_f16_f16_128x128x64_1x2x1_0_nnn_align8_stream_k_warpspecialized_cooperative_epi_tma,passed,success,universal,1152,4096,1024,f16:column,f16:column,f16:column,f16:column,1,0,serial,1,1,heuristic,invalid,invalid,false,false,1,tensorop,f32,128,128,64,1,2,1,0,0,0,6,4,2,1,64,128,16,90,90,20185088,9673113600,479,0.0293296,640.951,329807
9,CUTLASS,gemm,cutlass3x_sm90_tensorop_s64x128x16gemm_f16_f16_f32_f16_f16_128x128x64_2x1x1_0_nnn_align8,passed,success,universal,1152,4096,1024,f16:column,f16:column,f16:column,f16:column,1,0,serial,1,1,heuristic,invalid,invalid,false,false,1,tensorop,f32,128,128,64,2,1,1,0,0,0,7,4,2,1,64,128,16,90,90,20185088,9673113600,479,0.0325446,577.632,297226
9,CUTLASS,gemm,cutlass3x_sm90_tensorop_s64x128x16gemm_f16_f16_f32_f16_f16_128x128x64_2x1x1_0_nnn_align8_warpspecialized_epi_nosmem,passed,success,universal,1152,4096,1024,f16:column,f16:column,f16:column,f16:column,1,0,serial,1,1,heuristic,invalid,invalid,false,false,1,tensorop,f32,128,128,64,2,1,1,0,0,0,7,4,1,1,64,128,16,90,90,20185088,9673113600,479,0.0331389,567.274,291896
9,CUTLASS,gemm,cutlass3x_sm90_tensorop_s64x128x16gemm_f16_f16_f32_f16_f16_128x128x64_2x1x1_0_nnn_align8_warpspecialized_pingpong_epi_tma,passed,success,universal,1152,4096,1024,f16:column,f16:column,f16:column,f16:column,1,0,serial,1,1,heuristic,invalid,invalid,false,false,1,tensorop,f32,128,128,64,2,1,1,0,0,0,6,4,1,1,64,128,16,90,90,20185088,9673113600,479,0.0275674,681.923,350890
9,CUTLASS,gemm,cutlass3x_sm90_tensorop_s64x128x16gemm_f16_f16_f32_f16_f16_128x128x64_2x1x1_0_nnn_align8_warpspecialized_pingpong_epi_nosmem,passed,success,universal,1152,4096,1024,f16:column,f16:column,f16:column,f16:column,1,0,serial,1,1,heuristic,invalid,invalid,false,false,1,tensorop,f32,128,128,64,2,1,1,0,0,0,7,4,1,1,64,128,16,90,90,20185088,9673113600,479,0.0299322,628.048,323168
9,CUTLASS,gemm,cutlass3x_sm90_tensorop_s64x128x16gemm_f16_f16_f32_f16_f16_128x128x64_2x1x1_0_nnn_align8_warpspecialized_cooperative_epi_nosmem,passed,success,universal,1152,4096,1024,f16:column,f16:column,f16:column,f16:column,1,0,serial,1,1,heuristic,invalid,invalid,false,false,1,tensorop,f32,128,128,64,2,1,1,0,0,0,7,4,2,1,64,128,16,90,90,20185088,9673113600,479,0.0325248,577.984,297407
9,CUTLASS,gemm,cutlass3x_sm90_tensorop_s64x128x16gemm_f16_f16_f32_f16_f16_128x128x64_2x1x1_0_nnn_align8_warpspecialized_cooperative_epi_tma,passed,success,universal,1152,4096,1024,f16:column,f16:column,f16:column,f16:column,1,0,serial,1,1,heuristic,invalid,invalid,false,false,1,tensorop,f32,128,128,64,2,1,1,0,0,0,6,4,2,1,64,128,16,90,90,20185088,9673113600,479,0.0277894,676.474,348086
9,CUTLASS,gemm,cutlass3x_sm90_tensorop_s64x128x16gemm_f16_f16_f32_f16_f16_128x128x64_2x1x1_0_nnn_align8_stream_k_warpspecialized_cooperative_epi_nosmem,passed,success,universal,1152,4096,1024,f16:column,f16:column,f16:column,f16:column,1,0,serial,1,1,heuristic,invalid,invalid,false,false,1,tensorop,f32,128,128,64,2,1,1,0,0,0,7,4,2,1,64,128,16,90,90,20185088,9673113600,479,0.0336403,558.818,287545
9,CUTLASS,gemm,cutlass3x_sm90_tensorop_s64x128x16gemm_f16_f16_f32_f16_f16_128x128x64_2x1x1_0_nnn_align8_stream_k_warpspecialized_cooperative_epi_tma,passed,success,universal,1152,4096,1024,f16:column,f16:column,f16:column,f16:column,1,0,serial,1,1,heuristic,invalid,invalid,false,false,1,tensorop,f32,128,128,64,2,1,1,0,0,0,6,4,2,1,64,128,16,90,90,20185088,9673113600,479,0.030807,610.212,313990
10,CUTLASS,gemm,cutlass_tensorop_f16_s1688gemm_f16_256x128_32x2_nn_align8,passed,success,universal,1280,4096,1024,f16:column,f16:column,f16:column,f16:column,1,0,serial,1,1,heuristic,invalid,invalid,false,false,1,tensorop,f32,256,128,32,1,1,1,0,0,0,2,4,2,1,16,8,8,75,1024,21495808,10747904000,500,0.083527,239.677,128676
10,CUTLASS,gemm,cutlass_tensorop_f16_s16816gemm_f16_256x128_32x3_nn_align8,passed,success,universal,1280,4096,1024,f16:column,f16:column,f16:column,f16:column,1,0,serial,1,1,heuristic,invalid,invalid,false,false,1,tensorop,f32,256,128,32,1,1,1,0,0,0,3,4,2,1,16,8,16,80,1024,21495808,10747904000,500,0.0447686,447.178,240077
10,CUTLASS,gemm,cutlass3x_sm90_tensorop_s64x128x16gemm_f16_f16_f32_f16_f16_128x128x64_1x2x1_0_nnn_align8,passed,success,universal,1280,4096,1024,f16:column,f16:column,f16:column,f16:column,1,0,serial,1,1,heuristic,invalid,invalid,false,false,1,tensorop,f32,128,128,64,1,2,1,0,0,0,7,4,2,1,64,128,16,90,90,21495808,10747904000,500,0.0307258,651.555,349801
10,CUTLASS,gemm,cutlass3x_sm90_tensorop_s64x128x16gemm_f16_f16_f32_f16_f16_128x128x64_1x2x1_0_nnn_align8_warpspecialized_epi_nosmem,passed,success,universal,1280,4096,1024,f16:column,f16:column,f16:column,f16:column,1,0,serial,1,1,heuristic,invalid,invalid,false,false,1,tensorop,f32,128,128,64,1,2,1,0,0,0,7,4,1,1,64,128,16,90,90,21495808,10747904000,500,0.0307152,651.779,349921
10,CUTLASS,gemm,cutlass3x_sm90_tensorop_s64x128x16gemm_f16_f16_f32_f16_f16_128x128x64_1x2x1_0_nnn_align8_warpspecialized_pingpong_epi_tma,passed,success,universal,1280,4096,1024,f16:column,f16:column,f16:column,f16:column,1,0,serial,1,1,heuristic,invalid,invalid,false,false,1,tensorop,f32,128,128,64,1,2,1,0,0,0,6,4,1,1,64,128,16,90,90,21495808,10747904000,500,0.0244867,817.567,438928
10,CUTLASS,gemm,cutlass3x_sm90_tensorop_s64x128x16gemm_f16_f16_f32_f16_f16_128x128x64_1x2x1_0_nnn_align8_warpspecialized_pingpong_epi_nosmem,passed,success,universal,1280,4096,1024,f16:column,f16:column,f16:column,f16:column,1,0,serial,1,1,heuristic,invalid,invalid,false,false,1,tensorop,f32,128,128,64,1,2,1,0,0,0,7,4,1,1,64,128,16,90,90,21495808,10747904000,500,0.0262746,761.936,409061
10,CUTLASS,gemm,cutlass3x_sm90_tensorop_s64x128x16gemm_f16_f16_f32_f16_f16_128x128x64_1x2x1_0_nnn_align8_warpspecialized_cooperative_epi_nosmem,passed,success,universal,1280,4096,1024,f16:column,f16:column,f16:column,f16:column,1,0,serial,1,1,heuristic,invalid,invalid,false,false,1,tensorop,f32,128,128,64,1,2,1,0,0,0,7,4,2,1,64,128,16,90,90,21495808,10747904000,500,0.0307565,650.904,349452
10,CUTLASS,gemm,cutlass3x_sm90_tensorop_s64x128x16gemm_f16_f16_f32_f16_f16_128x128x64_1x2x1_0_nnn_align8_warpspecialized_cooperative_epi_tma,passed,success,universal,1280,4096,1024,f16:column,f16:column,f16:column,f16:column,1,0,serial,1,1,heuristic,invalid,invalid,false,false,1,tensorop,f32,128,128,64,1,2,1,0,0,0,6,4,2,1,64,128,16,90,90,21495808,10747904000,500,0.0258109,775.624,416410
10,CUTLASS,gemm,cutlass3x_sm90_tensorop_s64x128x16gemm_f16_f16_f32_f16_f16_128x128x64_1x2x1_0_nnn_align8_stream_k_warpspecialized_cooperative_epi_nosmem,passed,success,universal,1280,4096,1024,f16:column,f16:column,f16:column,f16:column,1,0,serial,1,1,heuristic,invalid,invalid,false,false,1,tensorop,f32,128,128,64,1,2,1,0,0,0,7,4,2,1,64,128,16,90,90,21495808,10747904000,500,0.0332106,602.806,323629
10,CUTLASS,gemm,cutlass3x_sm90_tensorop_s64x128x16gemm_f16_f16_f32_f16_f16_128x128x64_1x2x1_0_nnn_align8_stream_k_warpspecialized_cooperative_epi_tma,passed,success,universal,1280,4096,1024,f16:column,f16:column,f16:column,f16:column,1,0,serial,1,1,heuristic,invalid,invalid,false,false,1,tensorop,f32,128,128,64,1,2,1,0,0,0,6,4,2,1,64,128,16,90,90,21495808,10747904000,500,0.0299622,668.159,358715
10,CUTLASS,gemm,cutlass3x_sm90_tensorop_s64x128x16gemm_f16_f16_f32_f16_f16_128x128x64_2x1x1_0_nnn_align8,passed,success,universal,1280,4096,1024,f16:column,f16:column,f16:column,f16:column,1,0,serial,1,1,heuristic,invalid,invalid,false,false,1,tensorop,f32,128,128,64,2,1,1,0,0,0,7,4,2,1,64,128,16,90,90,21495808,10747904000,500,0.0304915,656.561,352488
10,CUTLASS,gemm,cutlass3x_sm90_tensorop_s64x128x16gemm_f16_f16_f32_f16_f16_128x128x64_2x1x1_0_nnn_align8_warpspecialized_epi_nosmem,passed,success,universal,1280,4096,1024,f16:column,f16:column,f16:column,f16:column,1,0,serial,1,1,heuristic,invalid,invalid,false,false,1,tensorop,f32,128,128,64,2,1,1,0,0,0,7,4,1,1,64,128,16,90,90,21495808,10747904000,500,0.031657,632.39,339512
10,CUTLASS,gemm,cutlass3x_sm90_tensorop_s64x128x16gemm_f16_f16_f32_f16_f16_128x128x64_2x1x1_0_nnn_align8_warpspecialized_pingpong_epi_tma,passed,success,universal,1280,4096,1024,f16:column,f16:column,f16:column,f16:column,1,0,serial,1,1,heuristic,invalid,invalid,false,false,1,tensorop,f32,128,128,64,2,1,1,0,0,0,6,4,1,1,64,128,16,90,90,21495808,10747904000,500,0.0237718,842.153,452128
10,CUTLASS,gemm,cutlass3x_sm90_tensorop_s64x128x16gemm_f16_f16_f32_f16_f16_128x128x64_2x1x1_0_nnn_align8_warpspecialized_pingpong_epi_nosmem,passed,success,universal,1280,4096,1024,f16:column,f16:column,f16:column,f16:column,1,0,serial,1,1,heuristic,invalid,invalid,false,false,1,tensorop,f32,128,128,64,2,1,1,0,0,0,7,4,1,1,64,128,16,90,90,21495808,10747904000,500,0.0258163,775.46,416322
10,CUTLASS,gemm,cutlass3x_sm90_tensorop_s64x128x16gemm_f16_f16_f32_f16_f16_128x128x64_2x1x1_0_nnn_align8_warpspecialized_cooperative_epi_nosmem,passed,success,universal,1280,4096,1024,f16:column,f16:column,f16:column,f16:column,1,0,serial,1,1,heuristic,invalid,invalid,false,false,1,tensorop,f32,128,128,64,2,1,1,0,0,0,7,4,2,1,64,128,16,90,90,21495808,10747904000,500,0.0305043,656.285,352340
10,CUTLASS,gemm,cutlass3x_sm90_tensorop_s64x128x16gemm_f16_f16_f32_f16_f16_128x128x64_2x1x1_0_nnn_align8_warpspecialized_cooperative_epi_tma,passed,success,universal,1280,4096,1024,f16:column,f16:column,f16:column,f16:column,1,0,serial,1,1,heuristic,invalid,invalid,false,false,1,tensorop,f32,128,128,64,2,1,1,0,0,0,6,4,2,1,64,128,16,90,90,21495808,10747904000,500,0.0251235,796.844,427802
10,CUTLASS,gemm,cutlass3x_sm90_tensorop_s64x128x16gemm_f16_f16_f32_f16_f16_128x128x64_2x1x1_0_nnn_align8_stream_k_warpspecialized_cooperative_epi_nosmem,passed,success,universal,1280,4096,1024,f16:column,f16:column,f16:column,f16:column,1,0,serial,1,1,heuristic,invalid,invalid,false,false,1,tensorop,f32,128,128,64,2,1,1,0,0,0,7,4,2,1,64,128,16,90,90,21495808,10747904000,500,0.0317098,631.337,338946
10,CUTLASS,gemm,cutlass3x_sm90_tensorop_s64x128x16gemm_f16_f16_f32_f16_f16_128x128x64_2x1x1_0_nnn_align8_stream_k_warpspecialized_cooperative_epi_tma,passed,success,universal,1280,4096,1024,f16:column,f16:column,f16:column,f16:column,1,0,serial,1,1,heuristic,invalid,invalid,false,false,1,tensorop,f32,128,128,64,2,1,1,0,0,0,6,4,2,1,64,128,16,90,90,21495808,10747904000,500,0.0286243,699.389,375482
11,CUTLASS,gemm,cutlass_tensorop_f16_s1688gemm_f16_256x128_32x2_nn_align8,passed,success,universal,1408,4096,1024,f16:column,f16:column,f16:column,f16:column,1,0,serial,1,1,heuristic,invalid,invalid,false,false,1,tensorop,f32,256,128,32,1,1,1,0,0,0,2,4,2,1,16,8,8,75,1024,22806528,11822694400,518,0.0834909,254.402,141605
11,CUTLASS,gemm,cutlass_tensorop_f16_s16816gemm_f16_256x128_32x3_nn_align8,passed,success,universal,1408,4096,1024,f16:column,f16:column,f16:column,f16:column,1,0,serial,1,1,heuristic,invalid,invalid,false,false,1,tensorop,f32,256,128,32,1,1,1,0,0,0,3,4,2,1,16,8,16,80,1024,22806528,11822694400,518,0.0448675,473.399,263502
11,CUTLASS,gemm,cutlass3x_sm90_tensorop_s64x128x16gemm_f16_f16_f32_f16_f16_128x128x64_1x2x1_0_nnn_align8,passed,success,universal,1408,4096,1024,f16:column,f16:column,f16:column,f16:column,1,0,serial,1,1,heuristic,invalid,invalid,false,false,1,tensorop,f32,128,128,64,1,2,1,0,0,0,7,4,2,1,64,128,16,90,90,22806528,11822694400,518,0.0308022,689.568,383826
11,CUTLASS,gemm,cutlass3x_sm90_tensorop_s64x128x16gemm_f16_f16_f32_f16_f16_128x128x64_1x2x1_0_nnn_align8_warpspecialized_epi_nosmem,passed,success,universal,1408,4096,1024,f16:column,f16:column,f16:column,f16:column,1,0,serial,1,1,heuristic,invalid,invalid,false,false,1,tensorop,f32,128,128,64,1,2,1,0,0,0,7,4,1,1,64,128,16,90,90,22806528,11822694400,518,0.031673,670.611,373274
11,CUTLASS,gemm,cutlass3x_sm90_tensorop_s64x128x16gemm_f16_f16_f32_f16_f16_128x128x64_1x2x1_0_nnn_align8_warpspecialized_pingpong_epi_tma,passed,success,universal,1408,4096,1024,f16:column,f16:column,f16:column,f16:column,1,0,serial,1,1,heuristic,invalid,invalid,false,false,1,tensorop,f32,128,128,64,1,2,1,0,0,0,6,4,1,1,64,128,16,90,90,22806528,11822694400,518,0.0243174,873.457,486182
11,CUTLASS,gemm,cutlass3x_sm90_tensorop_s64x128x16gemm_f16_f16_f32_f16_f16_128x128x64_1x2x1_0_nnn_align8_warpspecialized_pingpong_epi_nosmem,passed,success,universal,1408,4096,1024,f16:column,f16:column,f16:column,f16:column,1,0,serial,1,1,heuristic,invalid,invalid,false,false,1,tensorop,f32,128,128,64,1,2,1,0,0,0,7,4,1,1,64,128,16,90,90,22806528,11822694400,518,0.0267891,792.868,441324
11,CUTLASS,gemm,cutlass3x_sm90_tensorop_s64x128x16gemm_f16_f16_f32_f16_f16_128x128x64_1x2x1_0_nnn_align8_warpspecialized_cooperative_epi_nosmem,passed,success,universal,1408,4096,1024,f16:column,f16:column,f16:column,f16:column,1,0,serial,1,1,heuristic,invalid,invalid,false,false,1,tensorop,f32,128,128,64,1,2,1,0,0,0,7,4,2,1,64,128,16,90,90,22806528,11822694400,518,0.0308698,688.06,382986
11,CUTLASS,gemm,cutlass3x_sm90_tensorop_s64x128x16gemm_f16_f16_f32_f16_f16_128x128x64_1x2x1_0_nnn_align8_warpspecialized_cooperative_epi_tma,passed,success,universal,1408,4096,1024,f16:column,f16:column,f16:column,f16:column,1,0,serial,1,1,heuristic,invalid,invalid,false,false,1,tensorop,f32,128,128,64,1,2,1,0,0,0,6,4,2,1,64,128,16,90,90,22806528,11822694400,518,0.0255894,830.039,462015
11,CUTLASS,gemm,cutlass3x_sm90_tensorop_s64x128x16gemm_f16_f16_f32_f16_f16_128x128x64_1x2x1_0_nnn_align8_stream_k_warpspecialized_cooperative_epi_nosmem,passed,success,universal,1408,4096,1024,f16:column,f16:column,f16:column,f16:column,1,0,serial,1,1,heuristic,invalid,invalid,false,false,1,tensorop,f32,128,128,64,1,2,1,0,0,0,7,4,2,1,64,128,16,90,90,22806528,11822694400,518,0.0316342,671.432,373731
11,CUTLASS,gemm,cutlass3x_sm90_tensorop_s64x128x16gemm_f16_f16_f32_f16_f16_128x128x64_1x2x1_0_nnn_align8_stream_k_warpspecialized_cooperative_epi_tma,passed,success,universal,1408,4096,1024,f16:column,f16:column,f16:column,f16:column,1,0,serial,1,1,heuristic,invalid,invalid,false,false,1,tensorop,f32,128,128,64,1,2,1,0,0,0,6,4,2,1,64,128,16,90,90,22806528,11822694400,518,0.0277946,764.187,425360
11,CUTLASS,gemm,cutlass3x_sm90_tensorop_s64x128x16gemm_f16_f16_f32_f16_f16_128x128x64_2x1x1_0_nnn_align8,passed,success,universal,1408,4096,1024,f16:column,f16:column,f16:column,f16:column,1,0,serial,1,1,heuristic,invalid,invalid,false,false,1,tensorop,f32,128,128,64,2,1,1,0,0,0,7,4,2,1,64,128,16,90,90,22806528,11822694400,518,0.0330797,642.093,357401
11,CUTLASS,gemm,cutlass3x_sm90_tensorop_s64x128x16gemm_f16_f16_f32_f16_f16_128x128x64_2x1x1_0_nnn_align8_warpspecialized_epi_nosmem,passed,success,universal,1408,4096,1024,f16:column,f16:column,f16:column,f16:column,1,0,serial,1,1,heuristic,invalid,invalid,false,false,1,tensorop,f32,128,128,64,2,1,1,0,0,0,7,4,1,1,64,128,16,90,90,22806528,11822694400,518,0.0355027,598.271,333008
11,CUTLASS,gemm,cutlass3x_sm90_tensorop_s64x128x16gemm_f16_f16_f32_f16_f16_128x128x64_2x1x1_0_nnn_align8_warpspecialized_pingpong_epi_tma,passed,success,universal,1408,4096,1024,f16:column,f16:column,f16:column,f16:column,1,0,serial,1,1,heuristic,invalid,invalid,false,false,1,tensorop,f32,128,128,64,2,1,1,0,0,0,6,4,1,1,64,128,16,90,90,22806528,11822694400,518,0.0302563,702.01,390751
11,CUTLASS,gemm,cutlass3x_sm90_tensorop_s64x128x16gemm_f16_f16_f32_f16_f16_128x128x64_2x1x1_0_nnn_align8_warpspecialized_pingpong_epi_nosmem,passed,success,universal,1408,4096,1024,f16:column,f16:column,f16:column,f16:column,1,0,serial,1,1,heuristic,invalid,invalid,false,false,1,tensorop,f32,128,128,64,2,1,1,0,0,0,7,4,1,1,64,128,16,90,90,22806528,11822694400,518,0.0317261,669.488,372649
11,CUTLASS,gemm,cutlass3x_sm90_tensorop_s64x128x16gemm_f16_f16_f32_f16_f16_128x128x64_2x1x1_0_nnn_align8_warpspecialized_cooperative_epi_nosmem,passed,success,universal,1408,4096,1024,f16:column,f16:column,f16:column,f16:column,1,0,serial,1,1,heuristic,invalid,invalid,false,false,1,tensorop,f32,128,128,64,2,1,1,0,0,0,7,4,2,1,64,128,16,90,90,22806528,11822694400,518,0.0327872,647.821,360589
11,CUTLASS,gemm,cutlass3x_sm90_tensorop_s64x128x16gemm_f16_f16_f32_f16_f16_128x128x64_2x1x1_0_nnn_align8_warpspecialized_cooperative_epi_tma,passed,success,universal,1408,4096,1024,f16:column,f16:column,f16:column,f16:column,1,0,serial,1,1,heuristic,invalid,invalid,false,false,1,tensorop,f32,128,128,64,2,1,1,0,0,0,6,4,2,1,64,128,16,90,90,22806528,11822694400,518,0.0291184,729.444,406021
11,CUTLASS,gemm,cutlass3x_sm90_tensorop_s64x128x16gemm_f16_f16_f32_f16_f16_128x128x64_2x1x1_0_nnn_align8_stream_k_warpspecialized_cooperative_epi_nosmem,passed,success,universal,1408,4096,1024,f16:column,f16:column,f16:column,f16:column,1,0,serial,1,1,heuristic,invalid,invalid,false,false,1,tensorop,f32,128,128,64,2,1,1,0,0,0,7,4,2,1,64,128,16,90,90,22806528,11822694400,518,0.0338957,626.635,348796
11,CUTLASS,gemm,cutlass3x_sm90_tensorop_s64x128x16gemm_f16_f16_f32_f16_f16_128x128x64_2x1x1_0_nnn_align8_stream_k_warpspecialized_cooperative_epi_tma,passed,success,universal,1408,4096,1024,f16:column,f16:column,f16:column,f16:column,1,0,serial,1,1,heuristic,invalid,invalid,false,false,1,tensorop,f32,128,128,64,2,1,1,0,0,0,6,4,2,1,64,128,16,90,90,22806528,11822694400,518,0.0312294,680.135,378575
12,CUTLASS,gemm,cutlass_tensorop_f16_s1688gemm_f16_256x128_32x2_nn_align8,passed,success,universal,1536,4096,1024,f16:column,f16:column,f16:column,f16:column,1,0,serial,1,1,heuristic,invalid,invalid,false,false,1,tensorop,f32,256,128,32,1,1,1,0,0,0,2,4,2,1,16,8,8,75,1024,24117248,12897484800,534,0.0839501,267.551,153633
12,CUTLASS,gemm,cutlass_tensorop_f16_s16816gemm_f16_256x128_32x3_nn_align8,passed,success,universal,1536,4096,1024,f16:column,f16:column,f16:column,f16:column,1,0,serial,1,1,heuristic,invalid,invalid,false,false,1,tensorop,f32,256,128,32,1,1,1,0,0,0,3,4,2,1,16,8,16,80,1024,24117248,12897484800,534,0.0451062,497.956,285936
12,CUTLASS,gemm,cutlass3x_sm90_tensorop_s64x128x16gemm_f16_f16_f32_f16_f16_128x128x64_1x2x1_0_nnn_align8,passed,success,universal,1536,4096,1024,f16:column,f16:column,f16:column,f16:column,1,0,serial,1,1,heuristic,invalid,invalid,false,false,1,tensorop,f32,128,128,64,1,2,1,0,0,0,7,4,2,1,64,128,16,90,90,24117248,12897484800,534,0.0313187,717.173,411814
12,CUTLASS,gemm,cutlass3x_sm90_tensorop_s64x128x16gemm_f16_f16_f32_f16_f16_128x128x64_1x2x1_0_nnn_align8_warpspecialized_epi_nosmem,passed,success,universal,1536,4096,1024,f16:column,f16:column,f16:column,f16:column,1,0,serial,1,1,heuristic,invalid,invalid,false,false,1,tensorop,f32,128,128,64,1,2,1,0,0,0,7,4,1,1,64,128,16,90,90,24117248,12897484800,534,0.0334918,670.639,385093
12,CUTLASS,gemm,cutlass3x_sm90_tensorop_s64x128x16gemm_f16_f16_f32_f16_f16_128x128x64_1x2x1_0_nnn_align8_warpspecialized_pingpong_epi_tma,passed,success,universal,1536,4096,1024,f16:column,f16:column,f16:column,f16:column,1,0,serial,1,1,heuristic,invalid,invalid,false,false,1,tensorop,f32,128,128,64,1,2,1,0,0,0,6,4,1,1,64,128,16,90,90,24117248,12897484800,534,0.0247114,908.932,521925
12,CUTLASS,gemm,cutlass3x_sm90_tensorop_s64x128x16gemm_f16_f16_f32_f16_f16_128x128x64_1x2x1_0_nnn_align8_warpspecialized_pingpong_epi_nosmem,passed,success,universal,1536,4096,1024,f16:column,f16:column,f16:column,f16:column,1,0,serial,1,1,heuristic,invalid,invalid,false,false,1,tensorop,f32,128,128,64,1,2,1,0,0,0,7,4,1,1,64,128,16,90,90,24117248,12897484800,534,0.0273674,820.72,471273
12,CUTLASS,gemm,cutlass3x_sm90_tensorop_s64x128x16gemm_f16_f16_f32_f16_f16_128x128x64_1x2x1_0_nnn_align8_warpspecialized_cooperative_epi_nosmem,passed,success,universal,1536,4096,1024,f16:column,f16:column,f16:column,f16:column,1,0,serial,1,1,heuristic,invalid,invalid,false,false,1,tensorop,f32,128,128,64,1,2,1,0,0,0,7,4,2,1,64,128,16,90,90,24117248,12897484800,534,0.0313958,715.411,410802
12,CUTLASS,gemm,cutlass3x_sm90_tensorop_s64x128x16gemm_f16_f16_f32_f16_f16_128x128x64_1x2x1_0_nnn_align8_warpspecialized_cooperative_epi_tma,passed,success,universal,1536,4096,1024,f16:column,f16:column,f16:column,f16:column,1,0,serial,1,1,heuristic,invalid,invalid,false,false,1,tensorop,f32,128,128,64,1,2,1,0,0,0,6,4,2,1,64,128,16,90,90,24117248,12897484800,534,0.0255786,878.116,504230
12,CUTLASS,gemm,cutlass3x_sm90_tensorop_s64x128x16gemm_f16_f16_f32_f16_f16_128x128x64_1x2x1_0_nnn_align8_stream_k_warpspecialized_cooperative_epi_nosmem,passed,success,universal,1536,4096,1024,f16:column,f16:column,f16:column,f16:column,1,0,serial,1,1,heuristic,invalid,invalid,false,false,1,tensorop,f32,128,128,64,1,2,1,0,0,0,7,4,2,1,64,128,16,90,90,24117248,12897484800,534,0.0321859,697.85,400718
12,CUTLASS,gemm,cutlass3x_sm90_tensorop_s64x128x16gemm_f16_f16_f32_f16_f16_128x128x64_1x2x1_0_nnn_align8_stream_k_warpspecialized_cooperative_epi_tma,passed,success,universal,1536,4096,1024,f16:column,f16:column,f16:column,f16:column,1,0,serial,1,1,heuristic,invalid,invalid,false,false,1,tensorop,f32,128,128,64,1,2,1,0,0,0,6,4,2,1,64,128,16,90,90,24117248,12897484800,534,0.0278915,805.296,462416
12,CUTLASS,gemm,cutlass3x_sm90_tensorop_s64x128x16gemm_f16_f16_f32_f16_f16_128x128x64_2x1x1_0_nnn_align8,passed,success,universal,1536,4096,1024,f16:column,f16:column,f16:column,f16:column,1,0,serial,1,1,heuristic,invalid,invalid,false,false,1,tensorop,f32,128,128,64,2,1,1,0,0,0,7,4,2,1,64,128,16,90,90,24117248,12897484800,534,0.0313987,715.346,410765
12,CUTLASS,gemm,cutlass3x_sm90_tensorop_s64x128x16gemm_f16_f16_f32_f16_f16_128x128x64_2x1x1_0_nnn_align8_warpspecialized_epi_nosmem,passed,success,universal,1536,4096,1024,f16:column,f16:column,f16:column,f16:column,1,0,serial,1,1,heuristic,invalid,invalid,false,false,1,tensorop,f32,128,128,64,2,1,1,0,0,0,7,4,1,1,64,128,16,90,90,24117248,12897484800,534,0.0346794,647.675,371907
12,CUTLASS,gemm,cutlass3x_sm90_tensorop_s64x128x16gemm_f16_f16_f32_f16_f16_128x128x64_2x1x1_0_nnn_align8_warpspecialized_pingpong_epi_tma,passed,success,universal,1536,4096,1024,f16:column,f16:column,f16:column,f16:column,1,0,serial,1,1,heuristic,invalid,invalid,false,false,1,tensorop,f32,128,128,64,2,1,1,0,0,0,6,4,1,1,64,128,16,90,90,24117248,12897484800,534,0.0244816,917.462,526824
12,CUTLASS,gemm,cutlass3x_sm90_tensorop_s64x128x16gemm_f16_f16_f32_f16_f16_128x128x64_2x1x1_0_nnn_align8_warpspecialized_pingpong_epi_nosmem,passed,success,universal,1536,4096,1024,f16:column,f16:column,f16:column,f16:column,1,0,serial,1,1,heuristic,invalid,invalid,false,false,1,tensorop,f32,128,128,64,2,1,1,0,0,0,7,4,1,1,64,128,16,90,90,24117248,12897484800,534,0.026864,836.098,480103
12,CUTLASS,gemm,cutlass3x_sm90_tensorop_s64x128x16gemm_f16_f16_f32_f16_f16_128x128x64_2x1x1_0_nnn_align8_warpspecialized_cooperative_epi_nosmem,passed,success,universal,1536,4096,1024,f16:column,f16:column,f16:column,f16:column,1,0,serial,1,1,heuristic,invalid,invalid,false,false,1,tensorop,f32,128,128,64,2,1,1,0,0,0,7,4,2,1,64,128,16,90,90,24117248,12897484800,534,0.031199,719.924,413394
12,CUTLASS,gemm,cutlass3x_sm90_tensorop_s64x128x16gemm_f16_f16_f32_f16_f16_128x128x64_2x1x1_0_nnn_align8_warpspecialized_cooperative_epi_tma,passed,success,universal,1536,4096,1024,f16:column,f16:column,f16:column,f16:column,1,0,serial,1,1,heuristic,invalid,invalid,false,false,1,tensorop,f32,128,128,64,2,1,1,0,0,0,6,4,2,1,64,128,16,90,90,24117248,12897484800,534,0.0252442,889.748,510910
12,CUTLASS,gemm,cutlass3x_sm90_tensorop_s64x128x16gemm_f16_f16_f32_f16_f16_128x128x64_2x1x1_0_nnn_align8_stream_k_warpspecialized_cooperative_epi_nosmem,passed,success,universal,1536,4096,1024,f16:column,f16:column,f16:column,f16:column,1,0,serial,1,1,heuristic,invalid,invalid,false,false,1,tensorop,f32,128,128,64,2,1,1,0,0,0,7,4,2,1,64,128,16,90,90,24117248,12897484800,534,0.0324048,693.136,398012
12,CUTLASS,gemm,cutlass3x_sm90_tensorop_s64x128x16gemm_f16_f16_f32_f16_f16_128x128x64_2x1x1_0_nnn_align8_stream_k_warpspecialized_cooperative_epi_tma,passed,success,universal,1536,4096,1024,f16:column,f16:column,f16:column,f16:column,1,0,serial,1,1,heuristic,invalid,invalid,false,false,1,tensorop,f32,128,128,64,2,1,1,0,0,0,6,4,2,1,64,128,16,90,90,24117248,12897484800,534,0.0277478,809.466,464810
13,CUTLASS,gemm,cutlass_tensorop_f16_s1688gemm_f16_256x128_32x2_nn_align8,passed,success,universal,1664,4096,1024,f16:column,f16:column,f16:column,f16:column,1,0,serial,1,1,heuristic,invalid,invalid,false,false,1,tensorop,f32,256,128,32,1,1,1,0,0,0,2,4,2,1,16,8,8,75,1024,25427968,13972275200,549,0.0892874,265.229,156487
13,CUTLASS,gemm,cutlass_tensorop_f16_s16816gemm_f16_256x128_32x3_nn_align8,passed,success,universal,1664,4096,1024,f16:column,f16:column,f16:column,f16:column,1,0,serial,1,1,heuristic,invalid,invalid,false,false,1,tensorop,f32,256,128,32,1,1,1,0,0,0,3,4,2,1,16,8,16,80,1024,25427968,13972275200,549,0.0458285,516.745,304882
13,CUTLASS,gemm,cutlass3x_sm90_tensorop_s64x128x16gemm_f16_f16_f32_f16_f16_128x128x64_1x2x1_0_nnn_align8,passed,success,universal,1664,4096,1024,f16:column,f16:column,f16:column,f16:column,1,0,serial,1,1,heuristic,invalid,invalid,false,false,1,tensorop,f32,128,128,64,1,2,1,0,0,0,7,4,2,1,64,128,16,90,90,25427968,13972275200,549,0.039057,606.336,357741
13,CUTLASS,gemm,cutlass3x_sm90_tensorop_s64x128x16gemm_f16_f16_f32_f16_f16_128x128x64_1x2x1_0_nnn_align8_warpspecialized_epi_nosmem,passed,success,universal,1664,4096,1024,f16:column,f16:column,f16:column,f16:column,1,0,serial,1,1,heuristic,invalid,invalid,false,false,1,tensorop,f32,128,128,64,1,2,1,0,0,0,7,4,1,1,64,128,16,90,90,25427968,13972275200,549,0.0375402,630.835,372195
13,CUTLASS,gemm,cutlass3x_sm90_tensorop_s64x128x16gemm_f16_f16_f32_f16_f16_128x128x64_1x2x1_0_nnn_align8_warpspecialized_pingpong_epi_tma,passed,success,universal,1664,4096,1024,f16:column,f16:column,f16:column,f16:column,1,0,serial,1,1,heuristic,invalid,invalid,false,false,1,tensorop,f32,128,128,64,1,2,1,0,0,0,6,4,1,1,64,128,16,90,90,25427968,13972275200,549,0.0297584,795.797,469524
13,CUTLASS,gemm,cutlass3x_sm90_tensorop_s64x128x16gemm_f16_f16_f32_f16_f16_128x128x64_1x2x1_0_nnn_align8_warpspecialized_pingpong_epi_nosmem,passed,success,universal,1664,4096,1024,f16:column,f16:column,f16:column,f16:column,1,0,serial,1,1,heuristic,invalid,invalid,false,false,1,tensorop,f32,128,128,64,1,2,1,0,0,0,7,4,1,1,64,128,16,90,90,25427968,13972275200,549,0.0329424,718.88,424143
13,CUTLASS,gemm,cutlass3x_sm90_tensorop_s64x128x16gemm_f16_f16_f32_f16_f16_128x128x64_1x2x1_0_nnn_align8_warpspecialized_cooperative_epi_nosmem,passed,success,universal,1664,4096,1024,f16:column,f16:column,f16:column,f16:column,1,0,serial,1,1,heuristic,invalid,invalid,false,false,1,tensorop,f32,128,128,64,1,2,1,0,0,0,7,4,2,1,64,128,16,90,90,25427968,13972275200,549,0.038919,608.485,359009
13,CUTLASS,gemm,cutlass3x_sm90_tensorop_s64x128x16gemm_f16_f16_f32_f16_f16_128x128x64_1x2x1_0_nnn_align8_warpspecialized_cooperative_epi_tma,passed,success,universal,1664,4096,1024,f16:column,f16:column,f16:column,f16:column,1,0,serial,1,1,heuristic,invalid,invalid,false,false,1,tensorop,f32,128,128,64,1,2,1,0,0,0,6,4,2,1,64,128,16,90,90,25427968,13972275200,549,0.0313866,754.515,445167
13,CUTLASS,gemm,cutlass3x_sm90_tensorop_s64x128x16gemm_f16_f16_f32_f16_f16_128x128x64_1x2x1_0_nnn_align8_stream_k_warpspecialized_cooperative_epi_nosmem,passed,success,universal,1664,4096,1024,f16:column,f16:column,f16:column,f16:column,1,0,serial,1,1,heuristic,invalid,invalid,false,false,1,tensorop,f32,128,128,64,1,2,1,0,0,0,7,4,2,1,64,128,16,90,90,25427968,13972275200,549,0.0412675,573.857,338578
13,CUTLASS,gemm,cutlass3x_sm90_tensorop_s64x128x16gemm_f16_f16_f32_f16_f16_128x128x64_1x2x1_0_nnn_align8_stream_k_warpspecialized_cooperative_epi_tma,passed,success,universal,1664,4096,1024,f16:column,f16:column,f16:column,f16:column,1,0,serial,1,1,heuristic,invalid,invalid,false,false,1,tensorop,f32,128,128,64,1,2,1,0,0,0,6,4,2,1,64,128,16,90,90,25427968,13972275200,549,0.0370995,638.327,376616
13,CUTLASS,gemm,cutlass3x_sm90_tensorop_s64x128x16gemm_f16_f16_f32_f16_f16_128x128x64_2x1x1_0_nnn_align8,passed,success,universal,1664,4096,1024,f16:column,f16:column,f16:column,f16:column,1,0,serial,1,1,heuristic,invalid,invalid,false,false,1,tensorop,f32,128,128,64,2,1,1,0,0,0,7,4,2,1,64,128,16,90,90,25427968,13972275200,549,0.0400541,591.242,348835
13,CUTLASS,gemm,cutlass3x_sm90_tensorop_s64x128x16gemm_f16_f16_f32_f16_f16_128x128x64_2x1x1_0_nnn_align8_warpspecialized_epi_nosmem,passed,success,universal,1664,4096,1024,f16:column,f16:column,f16:column,f16:column,1,0,serial,1,1,heuristic,invalid,invalid,false,false,1,tensorop,f32,128,128,64,2,1,1,0,0,0,7,4,1,1,64,128,16,90,90,25427968,13972275200,549,0.0419517,564.498,333056
13,CUTLASS,gemm,cutlass3x_sm90_tensorop_s64x128x16gemm_f16_f16_f32_f16_f16_128x128x64_2x1x1_0_nnn_align8_warpspecialized_pingpong_epi_tma,passed,success,universal,1664,4096,1024,f16:column,f16:column,f16:column,f16:column,1,0,serial,1,1,heuristic,invalid,invalid,false,false,1,tensorop,f32,128,128,64,2,1,1,0,0,0,6,4,1,1,64,128,16,90,90,25427968,13972275200,549,0.0332394,712.458,420353
13,CUTLASS,gemm,cutlass3x_sm90_tensorop_s64x128x16gemm_f16_f16_f32_f16_f16_128x128x64_2x1x1_0_nnn_align8_warpspecialized_pingpong_epi_nosmem,passed,success,universal,1664,4096,1024,f16:column,f16:column,f16:column,f16:column,1,0,serial,1,1,heuristic,invalid,invalid,false,false,1,tensorop,f32,128,128,64,2,1,1,0,0,0,7,4,1,1,64,128,16,90,90,25427968,13972275200,549,0.0350701,675.266,398410
13,CUTLASS,gemm,cutlass3x_sm90_tensorop_s64x128x16gemm_f16_f16_f32_f16_f16_128x128x64_2x1x1_0_nnn_align8_warpspecialized_cooperative_epi_nosmem,passed,success,universal,1664,4096,1024,f16:column,f16:column,f16:column,f16:column,1,0,serial,1,1,heuristic,invalid,invalid,false,false,1,tensorop,f32,128,128,64,2,1,1,0,0,0,7,4,2,1,64,128,16,90,90,25427968,13972275200,549,0.0402256,588.721,347348
13,CUTLASS,gemm,cutlass3x_sm90_tensorop_s64x128x16gemm_f16_f16_f32_f16_f16_128x128x64_2x1x1_0_nnn_align8_warpspecialized_cooperative_epi_tma,passed,success,universal,1664,4096,1024,f16:column,f16:column,f16:column,f16:column,1,0,serial,1,1,heuristic,invalid,invalid,false,false,1,tensorop,f32,128,128,64,2,1,1,0,0,0,6,4,2,1,64,128,16,90,90,25427968,13972275200,549,0.0340806,694.871,409977
13,CUTLASS,gemm,cutlass3x_sm90_tensorop_s64x128x16gemm_f16_f16_f32_f16_f16_128x128x64_2x1x1_0_nnn_align8_stream_k_warpspecialized_cooperative_epi_nosmem,passed,success,universal,1664,4096,1024,f16:column,f16:column,f16:column,f16:column,1,0,serial,1,1,heuristic,invalid,invalid,false,false,1,tensorop,f32,128,128,64,2,1,1,0,0,0,7,4,2,1,64,128,16,90,90,25427968,13972275200,549,0.0414282,571.631,337265
13,CUTLASS,gemm,cutlass3x_sm90_tensorop_s64x128x16gemm_f16_f16_f32_f16_f16_128x128x64_2x1x1_0_nnn_align8_stream_k_warpspecialized_cooperative_epi_tma,passed,success,universal,1664,4096,1024,f16:column,f16:column,f16:column,f16:column,1,0,serial,1,1,heuristic,invalid,invalid,false,false,1,tensorop,f32,128,128,64,2,1,1,0,0,0,6,4,2,1,64,128,16,90,90,25427968,13972275200,549,0.0387322,611.421,360741
14,CUTLASS,gemm,cutlass_tensorop_f16_s1688gemm_f16_256x128_32x2_nn_align8,passed,success,universal,1792,4096,1024,f16:column,f16:column,f16:column,f16:column,1,0,serial,1,1,heuristic,invalid,invalid,false,false,1,tensorop,f32,256,128,32,1,1,1,0,0,0,2,4,2,1,16,8,8,75,1024,26738688,15047065600,562,0.0900333,276.59,167128
14,CUTLASS,gemm,cutlass_tensorop_f16_s16816gemm_f16_256x128_32x3_nn_align8,passed,success,universal,1792,4096,1024,f16:column,f16:column,f16:column,f16:column,1,0,serial,1,1,heuristic,invalid,invalid,false,false,1,tensorop,f32,256,128,32,1,1,1,0,0,0,3,4,2,1,16,8,16,80,1024,26738688,15047065600,562,0.0464573,536.027,323890
14,CUTLASS,gemm,cutlass3x_sm90_tensorop_s64x128x16gemm_f16_f16_f32_f16_f16_128x128x64_1x2x1_0_nnn_align8,passed,success,universal,1792,4096,1024,f16:column,f16:column,f16:column,f16:column,1,0,serial,1,1,heuristic,invalid,invalid,false,false,1,tensorop,f32,128,128,64,1,2,1,0,0,0,7,4,2,1,64,128,16,90,90,26738688,15047065600,562,0.0401933,619.565,374368
14,CUTLASS,gemm,cutlass3x_sm90_tensorop_s64x128x16gemm_f16_f16_f32_f16_f16_128x128x64_1x2x1_0_nnn_align8_warpspecialized_epi_nosmem,passed,success,universal,1792,4096,1024,f16:column,f16:column,f16:column,f16:column,1,0,serial,1,1,heuristic,invalid,invalid,false,false,1,tensorop,f32,128,128,64,1,2,1,0,0,0,7,4,1,1,64,128,16,90,90,26738688,15047065600,562,0.0418797,594.616,359293
14,CUTLASS,gemm,cutlass3x_sm90_tensorop_s64x128x16gemm_f16_f16_f32_f16_f16_128x128x64_1x2x1_0_nnn_align8_warpspecialized_pingpong_epi_tma,passed,success,universal,1792,4096,1024,f16:column,f16:column,f16:column,f16:column,1,0,serial,1,1,heuristic,invalid,invalid,false,false,1,tensorop,f32,128,128,64,1,2,1,0,0,0,6,4,1,1,64,128,16,90,90,26738688,15047065600,562,0.0297286,837.655,506147
14,CUTLASS,gemm,cutlass3x_sm90_tensorop_s64x128x16gemm_f16_f16_f32_f16_f16_128x128x64_1x2x1_0_nnn_align8_warpspecialized_pingpong_epi_nosmem,passed,success,universal,1792,4096,1024,f16:column,f16:column,f16:column,f16:column,1,0,serial,1,1,heuristic,invalid,invalid,false,false,1,tensorop,f32,128,128,64,1,2,1,0,0,0,7,4,1,1,64,128,16,90,90,26738688,15047065600,562,0.033848,735.711,444548
14,CUTLASS,gemm,cutlass3x_sm90_tensorop_s64x128x16gemm_f16_f16_f32_f16_f16_128x128x64_1x2x1_0_nnn_align8_warpspecialized_cooperative_epi_nosmem,passed,success,universal,1792,4096,1024,f16:column,f16:column,f16:column,f16:column,1,0,serial,1,1,heuristic,invalid,invalid,false,false,1,tensorop,f32,128,128,64,1,2,1,0,0,0,7,4,2,1,64,128,16,90,90,26738688,15047065600,562,0.0401155,620.766,375093
14,CUTLASS,gemm,cutlass3x_sm90_tensorop_s64x128x16gemm_f16_f16_f32_f16_f16_128x128x64_1x2x1_0_nnn_align8_warpspecialized_cooperative_epi_tma,passed,success,universal,1792,4096,1024,f16:column,f16:column,f16:column,f16:column,1,0,serial,1,1,heuristic,invalid,invalid,false,false,1,tensorop,f32,128,128,64,1,2,1,0,0,0,6,4,2,1,64,128,16,90,90,26738688,15047065600,562,0.0314954,790.667,477755
14,CUTLASS,gemm,cutlass3x_sm90_tensorop_s64x128x16gemm_f16_f16_f32_f16_f16_128x128x64_1x2x1_0_nnn_align8_stream_k_warpspecialized_cooperative_epi_nosmem,passed,success,universal,1792,4096,1024,f16:column,f16:column,f16:column,f16:column,1,0,serial,1,1,heuristic,invalid,invalid,false,false,1,tensorop,f32,128,128,64,1,2,1,0,0,0,7,4,2,1,64,128,16,90,90,26738688,15047065600,562,0.0423222,588.399,355536
14,CUTLASS,gemm,cutlass3x_sm90_tensorop_s64x128x16gemm_f16_f16_f32_f16_f16_128x128x64_1x2x1_0_nnn_align8_stream_k_warpspecialized_cooperative_epi_tma,passed,success,universal,1792,4096,1024,f16:column,f16:column,f16:column,f16:column,1,0,serial,1,1,heuristic,invalid,invalid,false,false,1,tensorop,f32,128,128,64,1,2,1,0,0,0,6,4,2,1,64,128,16,90,90,26738688,15047065600,562,0.037384,666.123,402500
14,CUTLASS,gemm,cutlass3x_sm90_tensorop_s64x128x16gemm_f16_f16_f32_f16_f16_128x128x64_2x1x1_0_nnn_align8,passed,success,universal,1792,4096,1024,f16:column,f16:column,f16:column,f16:column,1,0,serial,1,1,heuristic,invalid,invalid,false,false,1,tensorop,f32,128,128,64,2,1,1,0,0,0,7,4,2,1,64,128,16,90,90,26738688,15047065600,562,0.0398912,624.257,377203
14,CUTLASS,gemm,cutlass3x_sm90_tensorop_s64x128x16gemm_f16_f16_f32_f16_f16_128x128x64_2x1x1_0_nnn_align8_warpspecialized_epi_nosmem,passed,success,universal,1792,4096,1024,f16:column,f16:column,f16:column,f16:column,1,0,serial,1,1,heuristic,invalid,invalid,false,false,1,tensorop,f32,128,128,64,2,1,1,0,0,0,7,4,1,1,64,128,16,90,90,26738688,15047065600,562,0.0434275,573.423,346487
14,CUTLASS,gemm,cutlass3x_sm90_tensorop_s64x128x16gemm_f16_f16_f32_f16_f16_128x128x64_2x1x1_0_nnn_align8_warpspecialized_pingpong_epi_tma,passed,success,universal,1792,4096,1024,f16:column,f16:column,f16:column,f16:column,1,0,serial,1,1,heuristic,invalid,invalid,false,false,1,tensorop,f32,128,128,64,2,1,1,0,0,0,6,4,1,1,64,128,16,90,90,26738688,15047065600,562,0.030008,829.857,501435
14,CUTLASS,gemm,cutlass3x_sm90_tensorop_s64x128x16gemm_f16_f16_f32_f16_f16_128x128x64_2x1x1_0_nnn_align8_warpspecialized_pingpong_epi_nosmem,passed,success,universal,1792,4096,1024,f16:column,f16:column,f16:column,f16:column,1,0,serial,1,1,heuristic,invalid,invalid,false,false,1,tensorop,f32,128,128,64,2,1,1,0,0,0,7,4,1,1,64,128,16,90,90,26738688,15047065600,562,0.0337856,737.07,445369
14,CUTLASS,gemm,cutlass3x_sm90_tensorop_s64x128x16gemm_f16_f16_f32_f16_f16_128x128x64_2x1x1_0_nnn_align8_warpspecialized_cooperative_epi_nosmem,passed,success,universal,1792,4096,1024,f16:column,f16:column,f16:column,f16:column,1,0,serial,1,1,heuristic,invalid,invalid,false,false,1,tensorop,f32,128,128,64,2,1,1,0,0,0,7,4,2,1,64,128,16,90,90,26738688,15047065600,562,0.0401034,620.954,375207
14,CUTLASS,gemm,cutlass3x_sm90_tensorop_s64x128x16gemm_f16_f16_f32_f16_f16_128x128x64_2x1x1_0_nnn_align8_warpspecialized_cooperative_epi_tma,passed,success,universal,1792,4096,1024,f16:column,f16:column,f16:column,f16:column,1,0,serial,1,1,heuristic,invalid,invalid,false,false,1,tensorop,f32,128,128,64,2,1,1,0,0,0,6,4,2,1,64,128,16,90,90,26738688,15047065600,562,0.03168,786.059,474971
14,CUTLASS,gemm,cutlass3x_sm90_tensorop_s64x128x16gemm_f16_f16_f32_f16_f16_128x128x64_2x1x1_0_nnn_align8_stream_k_warpspecialized_cooperative_epi_nosmem,passed,success,universal,1792,4096,1024,f16:column,f16:column,f16:column,f16:column,1,0,serial,1,1,heuristic,invalid,invalid,false,false,1,tensorop,f32,128,128,64,2,1,1,0,0,0,7,4,2,1,64,128,16,90,90,26738688,15047065600,562,0.0418006,595.741,359972
14,CUTLASS,gemm,cutlass3x_sm90_tensorop_s64x128x16gemm_f16_f16_f32_f16_f16_128x128x64_2x1x1_0_nnn_align8_stream_k_warpspecialized_cooperative_epi_tma,passed,success,universal,1792,4096,1024,f16:column,f16:column,f16:column,f16:column,1,0,serial,1,1,heuristic,invalid,invalid,false,false,1,tensorop,f32,128,128,64,2,1,1,0,0,0,6,4,2,1,64,128,16,90,90,26738688,15047065600,562,0.0371152,670.947,405415
15,CUTLASS,gemm,cutlass_tensorop_f16_s1688gemm_f16_256x128_32x2_nn_align8,passed,success,universal,1920,4096,1024,f16:column,f16:column,f16:column,f16:column,1,0,serial,1,1,heuristic,invalid,invalid,false,false,1,tensorop,f32,256,128,32,1,1,1,0,0,0,2,4,2,1,16,8,8,75,1024,28049408,16121856000,574,0.0910794,286.816,177009
15,CUTLASS,gemm,cutlass_tensorop_f16_s16816gemm_f16_256x128_32x3_nn_align8,passed,success,universal,1920,4096,1024,f16:column,f16:column,f16:column,f16:column,1,0,serial,1,1,heuristic,invalid,invalid,false,false,1,tensorop,f32,256,128,32,1,1,1,0,0,0,3,4,2,1,16,8,16,80,1024,28049408,16121856000,574,0.0470934,554.707,342338
15,CUTLASS,gemm,cutlass3x_sm90_tensorop_s64x128x16gemm_f16_f16_f32_f16_f16_128x128x64_1x2x1_0_nnn_align8,passed,success,universal,1920,4096,1024,f16:column,f16:column,f16:column,f16:column,1,0,serial,1,1,heuristic,invalid,invalid,false,false,1,tensorop,f32,128,128,64,1,2,1,0,0,0,7,4,2,1,64,128,16,90,90,28049408,16121856000,574,0.0382096,683.678,421932
15,CUTLASS,gemm,cutlass3x_sm90_tensorop_s64x128x16gemm_f16_f16_f32_f16_f16_128x128x64_1x2x1_0_nnn_align8_warpspecialized_epi_nosmem,passed,success,universal,1920,4096,1024,f16:column,f16:column,f16:column,f16:column,1,0,serial,1,1,heuristic,invalid,invalid,false,false,1,tensorop,f32,128,128,64,1,2,1,0,0,0,7,4,1,1,64,128,16,90,90,28049408,16121856000,574,0.0400045,653.003,403001
15,CUTLASS,gemm,cutlass3x_sm90_tensorop_s64x128x16gemm_f16_f16_f32_f16_f16_128x128x64_1x2x1_0_nnn_align8_warpspecialized_pingpong_epi_tma,passed,success,universal,1920,4096,1024,f16:column,f16:column,f16:column,f16:column,1,0,serial,1,1,heuristic,invalid,invalid,false,false,1,tensorop,f32,128,128,64,1,2,1,0,0,0,6,4,1,1,64,128,16,90,90,28049408,16121856000,574,0.0291728,895.459,552633
15,CUTLASS,gemm,cutlass3x_sm90_tensorop_s64x128x16gemm_f16_f16_f32_f16_f16_128x128x64_1x2x1_0_nnn_align8_warpspecialized_pingpong_epi_nosmem,passed,success,universal,1920,4096,1024,f16:column,f16:column,f16:column,f16:column,1,0,serial,1,1,heuristic,invalid,invalid,false,false,1,tensorop,f32,128,128,64,1,2,1,0,0,0,7,4,1,1,64,128,16,90,90,28049408,16121856000,574,0.0325126,803.474,495864
15,CUTLASS,gemm,cutlass3x_sm90_tensorop_s64x128x16gemm_f16_f16_f32_f16_f16_128x128x64_1x2x1_0_nnn_align8_warpspecialized_cooperative_epi_nosmem,passed,success,universal,1920,4096,1024,f16:column,f16:column,f16:column,f16:column,1,0,serial,1,1,heuristic,invalid,invalid,false,false,1,tensorop,f32,128,128,64,1,2,1,0,0,0,7,4,2,1,64,128,16,90,90,28049408,16121856000,574,0.0381677,684.428,422396
15,CUTLASS,gemm,cutlass3x_sm90_tensorop_s64x128x16gemm_f16_f16_f32_f16_f16_128x128x64_1x2x1_0_nnn_align8_warpspecialized_cooperative_epi_tma,passed,success,universal,1920,4096,1024,f16:column,f16:column,f16:column,f16:column,1,0,serial,1,1,heuristic,invalid,invalid,false,false,1,tensorop,f32,128,128,64,1,2,1,0,0,0,6,4,2,1,64,128,16,90,90,28049408,16121856000,574,0.0312294,836.488,516239
15,CUTLASS,gemm,cutlass3x_sm90_tensorop_s64x128x16gemm_f16_f16_f32_f16_f16_128x128x64_1x2x1_0_nnn_align8_stream_k_warpspecialized_cooperative_epi_nosmem,passed,success,universal,1920,4096,1024,f16:column,f16:column,f16:column,f16:column,1,0,serial,1,1,heuristic,invalid,invalid,false,false,1,tensorop,f32,128,128,64,1,2,1,0,0,0,7,4,2,1,64,128,16,90,90,28049408,16121856000,574,0.039753,657.135,405551
15,CUTLASS,gemm,cutlass3x_sm90_tensorop_s64x128x16gemm_f16_f16_f32_f16_f16_128x128x64_1x2x1_0_nnn_align8_stream_k_warpspecialized_cooperative_epi_tma,passed,success,universal,1920,4096,1024,f16:column,f16:column,f16:column,f16:column,1,0,serial,1,1,heuristic,invalid,invalid,false,false,1,tensorop,f32,128,128,64,1,2,1,0,0,0,6,4,2,1,64,128,16,90,90,28049408,16121856000,574,0.0338806,771.032,475843
15,CUTLASS,gemm,cutlass3x_sm90_tensorop_s64x128x16gemm_f16_f16_f32_f16_f16_128x128x64_2x1x1_0_nnn_align8,passed,success,universal,1920,4096,1024,f16:column,f16:column,f16:column,f16:column,1,0,serial,1,1,heuristic,invalid,invalid,false,false,1,tensorop,f32,128,128,64,2,1,1,0,0,0,7,4,2,1,64,128,16,90,90,28049408,16121856000,574,0.0400125,652.872,402921
15,CUTLASS,gemm,cutlass3x_sm90_tensorop_s64x128x16gemm_f16_f16_f32_f16_f16_128x128x64_2x1x1_0_nnn_align8_warpspecialized_epi_nosmem,passed,success,universal,1920,4096,1024,f16:column,f16:column,f16:column,f16:column,1,0,serial,1,1,heuristic,invalid,invalid,false,false,1,tensorop,f32,128,128,64,2,1,1,0,0,0,7,4,1,1,64,128,16,90,90,28049408,16121856000,574,0.0451565,578.501,357022
15,CUTLASS,gemm,cutlass3x_sm90_tensorop_s64x128x16gemm_f16_f16_f32_f16_f16_128x128x64_2x1x1_0_nnn_align8_warpspecialized_pingpong_epi_tma,passed,success,universal,1920,4096,1024,f16:column,f16:column,f16:column,f16:column,1,0,serial,1,1,heuristic,invalid,invalid,false,false,1,tensorop,f32,128,128,64,2,1,1,0,0,0,6,4,1,1,64,128,16,90,90,28049408,16121856000,574,0.0348307,750,462863
15,CUTLASS,gemm,cutlass3x_sm90_tensorop_s64x128x16gemm_f16_f16_f32_f16_f16_128x128x64_2x1x1_0_nnn_align8_warpspecialized_pingpong_epi_nosmem,passed,success,universal,1920,4096,1024,f16:column,f16:column,f16:column,f16:column,1,0,serial,1,1,heuristic,invalid,invalid,false,false,1,tensorop,f32,128,128,64,2,1,1,0,0,0,7,4,1,1,64,128,16,90,90,28049408,16121856000,574,0.0358877,727.911,449231
15,CUTLASS,gemm,cutlass3x_sm90_tensorop_s64x128x16gemm_f16_f16_f32_f16_f16_128x128x64_2x1x1_0_nnn_align8_warpspecialized_cooperative_epi_nosmem,passed,success,universal,1920,4096,1024,f16:column,f16:column,f16:column,f16:column,1,0,serial,1,1,heuristic,invalid,invalid,false,false,1,tensorop,f32,128,128,64,2,1,1,0,0,0,7,4,2,1,64,128,16,90,90,28049408,16121856000,574,0.0400291,652.601,402753
15,CUTLASS,gemm,cutlass3x_sm90_tensorop_s64x128x16gemm_f16_f16_f32_f16_f16_128x128x64_2x1x1_0_nnn_align8_warpspecialized_cooperative_epi_tma,passed,success,universal,1920,4096,1024,f16:column,f16:column,f16:column,f16:column,1,0,serial,1,1,heuristic,invalid,invalid,false,false,1,tensorop,f32,128,128,64,2,1,1,0,0,0,6,4,2,1,64,128,16,90,90,28049408,16121856000,574,0.0346755,753.357,464935
15,CUTLASS,gemm,cutlass3x_sm90_tensorop_s64x128x16gemm_f16_f16_f32_f16_f16_128x128x64_2x1x1_0_nnn_align8_stream_k_warpspecialized_cooperative_epi_nosmem,passed,success,universal,1920,4096,1024,f16:column,f16:column,f16:column,f16:column,1,0,serial,1,1,heuristic,invalid,invalid,false,false,1,tensorop,f32,128,128,64,2,1,1,0,0,0,7,4,2,1,64,128,16,90,90,28049408,16121856000,574,0.0422989,617.582,381141
15,CUTLASS,gemm,cutlass3x_sm90_tensorop_s64x128x16gemm_f16_f16_f32_f16_f16_128x128x64_2x1x1_0_nnn_align8_stream_k_warpspecialized_cooperative_epi_tma,passed,success,universal,1920,4096,1024,f16:column,f16:column,f16:column,f16:column,1,0,serial,1,1,heuristic,invalid,invalid,false,false,1,tensorop,f32,128,128,64,2,1,1,0,0,0,6,4,2,1,64,128,16,90,90,28049408,16121856000,574,0.0375568,695.561,429266
16,CUTLASS,gemm,cutlass_tensorop_f16_s1688gemm_f16_256x128_32x2_nn_align8,passed,success,universal,2048,4096,1024,f16:column,f16:column,f16:column,f16:column,1,0,serial,1,1,heuristic,invalid,invalid,false,false,1,tensorop,f32,256,128,32,1,1,1,0,0,0,2,4,2,1,16,8,8,75,1024,29360128,17196646400,585,0.0912429,299.681,188471
16,CUTLASS,gemm,cutlass_tensorop_f16_s16816gemm_f16_256x128_32x3_nn_align8,passed,success,universal,2048,4096,1024,f16:column,f16:column,f16:column,f16:column,1,0,serial,1,1,heuristic,invalid,invalid,false,false,1,tensorop,f32,256,128,32,1,1,1,0,0,0,3,4,2,1,16,8,16,80,1024,29360128,17196646400,585,0.0473488,577.496,363191
16,CUTLASS,gemm,cutlass3x_sm90_tensorop_s64x128x16gemm_f16_f16_f32_f16_f16_128x128x64_1x2x1_0_nnn_align8,passed,success,universal,2048,4096,1024,f16:column,f16:column,f16:column,f16:column,1,0,serial,1,1,heuristic,invalid,invalid,false,false,1,tensorop,f32,128,128,64,1,2,1,0,0,0,7,4,2,1,64,128,16,90,90,29360128,17196646400,585,0.0367389,744.273,468078
16,CUTLASS,gemm,cutlass3x_sm90_tensorop_s64x128x16gemm_f16_f16_f32_f16_f16_128x128x64_1x2x1_0_nnn_align8_warpspecialized_epi_nosmem,passed,success,universal,2048,4096,1024,f16:column,f16:column,f16:column,f16:column,1,0,serial,1,1,heuristic,invalid,invalid,false,false,1,tensorop,f32,128,128,64,1,2,1,0,0,0,7,4,1,1,64,128,16,90,90,29360128,17196646400,585,0.039624,690.081,433996
16,CUTLASS,gemm,cutlass3x_sm90_tensorop_s64x128x16gemm_f16_f16_f32_f16_f16_128x128x64_1x2x1_0_nnn_align8_warpspecialized_pingpong_epi_tma,passed,success,universal,2048,4096,1024,f16:column,f16:column,f16:column,f16:column,1,0,serial,1,1,heuristic,invalid,invalid,false,false,1,tensorop,f32,128,128,64,1,2,1,0,0,0,6,4,1,1,64,128,16,90,90,29360128,17196646400,585,0.0284269,961.898,604943
16,CUTLASS,gemm,cutlass3x_sm90_tensorop_s64x128x16gemm_f16_f16_f32_f16_f16_128x128x64_1x2x1_0_nnn_align8_warpspecialized_pingpong_epi_nosmem,passed,success,universal,2048,4096,1024,f16:column,f16:column,f16:column,f16:column,1,0,serial,1,1,heuristic,invalid,invalid,false,false,1,tensorop,f32,128,128,64,1,2,1,0,0,0,7,4,1,1,64,128,16,90,90,29360128,17196646400,585,0.0329341,830.257,522154
16,CUTLASS,gemm,cutlass3x_sm90_tensorop_s64x128x16gemm_f16_f16_f32_f16_f16_128x128x64_1x2x1_0_nnn_align8_warpspecialized_cooperative_epi_nosmem,passed,success,universal,2048,4096,1024,f16:column,f16:column,f16:column,f16:column,1,0,serial,1,1,heuristic,invalid,invalid,false,false,1,tensorop,f32,128,128,64,1,2,1,0,0,0,7,4,2,1,64,128,16,90,90,29360128,17196646400,585,0.036617,746.751,469636
16,CUTLASS,gemm,cutlass3x_sm90_tensorop_s64x128x16gemm_f16_f16_f32_f16_f16_128x128x64_1x2x1_0_nnn_align8_warpspecialized_cooperative_epi_tma,passed,success,universal,2048,4096,1024,f16:column,f16:column,f16:column,f16:column,1,0,serial,1,1,heuristic,invalid,invalid,false,false,1,tensorop,f32,128,128,64,1,2,1,0,0,0,6,4,2,1,64,128,16,90,90,29360128,17196646400,585,0.03088,885.484,556886
16,CUTLASS,gemm,cutlass3x_sm90_tensorop_s64x128x16gemm_f16_f16_f32_f16_f16_128x128x64_1x2x1_0_nnn_align8_stream_k_warpspecialized_cooperative_epi_nosmem,passed,success,universal,2048,4096,1024,f16:column,f16:column,f16:column,f16:column,1,0,serial,1,1,heuristic,invalid,invalid,false,false,1,tensorop,f32,128,128,64,1,2,1,0,0,0,7,4,2,1,64,128,16,90,90,29360128,17196646400,585,0.0384992,710.242,446675
16,CUTLASS,gemm,cutlass3x_sm90_tensorop_s64x128x16gemm_f16_f16_f32_f16_f16_128x128x64_1x2x1_0_nnn_align8_stream_k_warpspecialized_cooperative_epi_tma,passed,success,universal,2048,4096,1024,f16:column,f16:column,f16:column,f16:column,1,0,serial,1,1,heuristic,invalid,invalid,false,false,1,tensorop,f32,128,128,64,1,2,1,0,0,0,6,4,2,1,64,128,16,90,90,29360128,17196646400,585,0.0337616,809.907,509355
16,CUTLASS,gemm,cutlass3x_sm90_tensorop_s64x128x16gemm_f16_f16_f32_f16_f16_128x128x64_2x1x1_0_nnn_align8,passed,success,universal,2048,4096,1024,f16:column,f16:column,f16:column,f16:column,1,0,serial,1,1,heuristic,invalid,invalid,false,false,1,tensorop,f32,128,128,64,2,1,1,0,0,0,7,4,2,1,64,128,16,90,90,29360128,17196646400,585,0.0372365,734.327,461823
16,CUTLASS,gemm,cutlass3x_sm90_tensorop_s64x128x16gemm_f16_f16_f32_f16_f16_128x128x64_2x1x1_0_nnn_align8_warpspecialized_epi_nosmem,passed,success,universal,2048,4096,1024,f16:column,f16:column,f16:column,f16:column,1,0,serial,1,1,heuristic,invalid,invalid,false,false,1,tensorop,f32,128,128,64,2,1,1,0,0,0,7,4,1,1,64,128,16,90,90,29360128,17196646400,585,0.0432698,631.937,397429
16,CUTLASS,gemm,cutlass3x_sm90_tensorop_s64x128x16gemm_f16_f16_f32_f16_f16_128x128x64_2x1x1_0_nnn_align8_warpspecialized_pingpong_epi_tma,passed,success,universal,2048,4096,1024,f16:column,f16:column,f16:column,f16:column,1,0,serial,1,1,heuristic,invalid,invalid,false,false,1,tensorop,f32,128,128,64,2,1,1,0,0,0,6,4,1,1,64,128,16,90,90,29360128,17196646400,585,0.0300717,909.286,571855
16,CUTLASS,gemm,cutlass3x_sm90_tensorop_s64x128x16gemm_f16_f16_f32_f16_f16_128x128x64_2x1x1_0_nnn_align8_warpspecialized_pingpong_epi_nosmem,passed,success,universal,2048,4096,1024,f16:column,f16:column,f16:column,f16:column,1,0,serial,1,1,heuristic,invalid,invalid,false,false,1,tensorop,f32,128,128,64,2,1,1,0,0,0,7,4,1,1,64,128,16,90,90,29360128,17196646400,585,0.0325795,839.293,527836
16,CUTLASS,gemm,cutlass3x_sm90_tensorop_s64x128x16gemm_f16_f16_f32_f16_f16_128x128x64_2x1x1_0_nnn_align8_warpspecialized_cooperative_epi_nosmem,passed,success,universal,2048,4096,1024,f16:column,f16:column,f16:column,f16:column,1,0,serial,1,1,heuristic,invalid,invalid,false,false,1,tensorop,f32,128,128,64,2,1,1,0,0,0,7,4,2,1,64,128,16,90,90,29360128,17196646400,585,0.0372595,733.873,461537
16,CUTLASS,gemm,cutlass3x_sm90_tensorop_s64x128x16gemm_f16_f16_f32_f16_f16_128x128x64_2x1x1_0_nnn_align8_warpspecialized_cooperative_epi_tma,passed,success,universal,2048,4096,1024,f16:column,f16:column,f16:column,f16:column,1,0,serial,1,1,heuristic,invalid,invalid,false,false,1,tensorop,f32,128,128,64,2,1,1,0,0,0,6,4,2,1,64,128,16,90,90,29360128,17196646400,585,0.0312774,874.232,549810
16,CUTLASS,gemm,cutlass3x_sm90_tensorop_s64x128x16gemm_f16_f16_f32_f16_f16_128x128x64_2x1x1_0_nnn_align8_stream_k_warpspecialized_cooperative_epi_nosmem,passed,success,universal,2048,4096,1024,f16:column,f16:column,f16:column,f16:column,1,0,serial,1,1,heuristic,invalid,invalid,false,false,1,tensorop,f32,128,128,64,2,1,1,0,0,0,7,4,2,1,64,128,16,90,90,29360128,17196646400,585,0.039009,700.961,440838
16,CUTLASS,gemm,cutlass3x_sm90_tensorop_s64x128x16gemm_f16_f16_f32_f16_f16_128x128x64_2x1x1_0_nnn_align8_stream_k_warpspecialized_cooperative_epi_tma,passed,success,universal,2048,4096,1024,f16:column,f16:column,f16:column,f16:column,1,0,serial,1,1,heuristic,invalid,invalid,false,false,1,tensorop,f32,128,128,64,2,1,1,0,0,0,6,4,2,1,64,128,16,90,90,29360128,17196646400,585,0.0347434,787.021,494962
17,CUTLASS,gemm,cutlass_tensorop_f16_s1688gemm_f16_256x128_32x2_nn_align8,passed,success,universal,128,4096,1024,f16:column,f16:column,f16:column,f16:column,1,0,serial,2,1,heuristic,invalid,invalid,false,false,1,tensorop,f32,256,128,32,1,1,1,0,0,0,2,4,2,1,16,8,8,75,1024,9699328,1074790400,110,0.0307379,293.878,34966.3
17,CUTLASS,gemm,cutlass_tensorop_f16_s16816gemm_f16_256x128_32x3_nn_align8,passed,success,universal,128,4096,1024,f16:column,f16:column,f16:column,f16:column,1,0,serial,2,1,heuristic,invalid,invalid,false,false,1,tensorop,f32,256,128,32,1,1,1,0,0,0,3,4,2,1,16,8,16,80,1024,9699328,1074790400,110,0.0198195,455.773,54228.9
17,CUTLASS,gemm,cutlass3x_sm90_tensorop_s64x128x16gemm_f16_f16_f32_f16_f16_128x128x64_1x2x1_0_nnn_align8,passed,success,universal,128,4096,1024,f16:column,f16:column,f16:column,f16:column,1,0,serial,2,1,heuristic,invalid,invalid,false,false,1,tensorop,f32,128,128,64,1,2,1,0,0,0,7,4,2,1,64,128,16,90,90,9699328,1074790400,110,0.0125306,720.894,85773.5
17,CUTLASS,gemm,cutlass3x_sm90_tensorop_s64x128x16gemm_f16_f16_f32_f16_f16_128x128x64_1x2x1_0_nnn_align8_warpspecialized_epi_nosmem,passed,success,universal,128,4096,1024,f16:column,f16:column,f16:column,f16:column,1,0,serial,2,1,heuristic,invalid,invalid,false,false,1,tensorop,f32,128,128,64,1,2,1,0,0,0,7,4,1,1,64,128,16,90,90,9699328,1074790400,110,0.0118982,759.205,90331.9
17,CUTLASS,gemm,cutlass3x_sm90_tensorop_s64x128x16gemm_f16_f16_f32_f16_f16_128x128x64_1x2x1_0_nnn_align8_warpspecialized_pingpong_epi_tma,passed,success,universal,128,4096,1024,f16:column,f16:column,f16:column,f16:column,1,0,serial,2,1,heuristic,invalid,invalid,false,false,1,tensorop,f32,128,128,64,1,2,1,0,0,0,6,4,1,1,64,128,16,90,90,9699328,1074790400,110,0.0122432,737.814,87786.7
17,CUTLASS,gemm,cutlass3x_sm90_tensorop_s64x128x16gemm_f16_f16_f32_f16_f16_128x128x64_1x2x1_0_nnn_align8_warpspecialized_pingpong_epi_nosmem,passed,success,universal,128,4096,1024,f16:column,f16:column,f16:column,f16:column,1,0,serial,2,1,heuristic,invalid,invalid,false,false,1,tensorop,f32,128,128,64,1,2,1,0,0,0,7,4,1,1,64,128,16,90,90,9699328,1074790400,110,0.0120224,751.364,89399
17,CUTLASS,gemm,cutlass3x_sm90_tensorop_s64x128x16gemm_f16_f16_f32_f16_f16_128x128x64_1x2x1_0_nnn_align8_warpspecialized_cooperative_epi_nosmem,passed,success,universal,128,4096,1024,f16:column,f16:column,f16:column,f16:column,1,0,serial,2,1,heuristic,invalid,invalid,false,false,1,tensorop,f32,128,128,64,1,2,1,0,0,0,7,4,2,1,64,128,16,90,90,9699328,1074790400,110,0.0125702,718.618,85502.8
17,CUTLASS,gemm,cutlass3x_sm90_tensorop_s64x128x16gemm_f16_f16_f32_f16_f16_128x128x64_1x2x1_0_nnn_align8_warpspecialized_cooperative_epi_tma,passed,success,universal,128,4096,1024,f16:column,f16:column,f16:column,f16:column,1,0,serial,2,1,heuristic,invalid,invalid,false,false,1,tensorop,f32,128,128,64,1,2,1,0,0,0,6,4,2,1,64,128,16,90,90,9699328,1074790400,110,0.0116074,778.231,92595.6
17,CUTLASS,gemm,cutlass3x_sm90_tensorop_s64x128x16gemm_f16_f16_f32_f16_f16_128x128x64_1x2x1_0_nnn_align8_stream_k_warpspecialized_cooperative_epi_nosmem,passed,success,universal,128,4096,1024,f16:column,f16:column,f16:column,f16:column,1,0,serial,2,1,heuristic,invalid,invalid,false,false,1,tensorop,f32,128,128,64,1,2,1,0,0,0,7,4,2,1,64,128,16,90,90,9699328,1074790400,110,0.0157568,573.289,68211.2
17,CUTLASS,gemm,cutlass3x_sm90_tensorop_s64x128x16gemm_f16_f16_f32_f16_f16_128x128x64_1x2x1_0_nnn_align8_stream_k_warpspecialized_cooperative_epi_tma,passed,success,universal,128,4096,1024,f16:column,f16:column,f16:column,f16:column,1,0,serial,2,1,heuristic,invalid,invalid,false,false,1,tensorop,f32,128,128,64,1,2,1,0,0,0,6,4,2,1,64,128,16,90,90,9699328,1074790400,110,0.0153805,587.316,69880.2
17,CUTLASS,gemm,cutlass3x_sm90_tensorop_s64x128x16gemm_f16_f16_f32_f16_f16_128x128x64_2x1x1_0_nnn_align8,passed,success,universal,128,4096,1024,f16:column,f16:column,f16:column,f16:column,1,0,serial,2,1,heuristic,invalid,invalid,false,false,1,tensorop,f32,128,128,64,2,1,1,0,0,0,7,4,2,1,64,128,16,90,90,9699328,1074790400,110,0.0123142,733.558,87280.3
17,CUTLASS,gemm,cutlass3x_sm90_tensorop_s64x128x16gemm_f16_f16_f32_f16_f16_128x128x64_2x1x1_0_nnn_align8_warpspecialized_epi_nosmem,passed,success,universal,128,4096,1024,f16:column,f16:column,f16:column,f16:column,1,0,serial,2,1,heuristic,invalid,invalid,false,false,1,tensorop,f32,128,128,64,2,1,1,0,0,0,7,4,1,1,64,128,16,90,90,9699328,1074790400,110,0.0118397,762.96,90778.7
17,CUTLASS,gemm,cutlass3x_sm90_tensorop_s64x128x16gemm_f16_f16_f32_f16_f16_128x128x64_2x1x1_0_nnn_align8_warpspecialized_pingpong_epi_tma,passed,success,universal,128,4096,1024,f16:column,f16:column,f16:column,f16:column,1,0,serial,2,1,heuristic,invalid,invalid,false,false,1,tensorop,f32,128,128,64,2,1,1,0,0,0,6,4,1,1,64,128,16,90,90,9699328,1074790400,110,0.0123702,730.237,86885.2
17,CUTLASS,gemm,cutlass3x_sm90_tensorop_s64x128x16gemm_f16_f16_f32_f16_f16_128x128x64_2x1x1_0_nnn_align8_warpspecialized_pingpong_epi_nosmem,passed,success,universal,128,4096,1024,f16:column,f16:column,f16:column,f16:column,1,0,serial,2,1,heuristic,invalid,invalid,false,false,1,tensorop,f32,128,128,64,2,1,1,0,0,0,7,4,1,1,64,128,16,90,90,9699328,1074790400,110,0.0122925,734.856,87434.8
17,CUTLASS,gemm,cutlass3x_sm90_tensorop_s64x128x16gemm_f16_f16_f32_f16_f16_128x128x64_2x1x1_0_nnn_align8_warpspecialized_cooperative_epi_nosmem,passed,success,universal,128,4096,1024,f16:column,f16:column,f16:column,f16:column,1,0,serial,2,1,heuristic,invalid,invalid,false,false,1,tensorop,f32,128,128,64,2,1,1,0,0,0,7,4,2,1,64,128,16,90,90,9699328,1074790400,110,0.0123389,732.093,87106
17,CUTLASS,gemm,cutlass3x_sm90_tensorop_s64x128x16gemm_f16_f16_f32_f16_f16_128x128x64_2x1x1_0_nnn_align8_warpspecialized_cooperative_epi_tma,passed,success,universal,128,4096,1024,f16:column,f16:column,f16:column,f16:column,1,0,serial,2,1,heuristic,invalid,invalid,false,false,1,tensorop,f32,128,128,64,2,1,1,0,0,0,6,4,2,1,64,128,16,90,90,9699328,1074790400,110,0.0116634,774.494,92151
17,CUTLASS,gemm,cutlass3x_sm90_tensorop_s64x128x16gemm_f16_f16_f32_f16_f16_128x128x64_2x1x1_0_nnn_align8_stream_k_warpspecialized_cooperative_epi_nosmem,passed,success,universal,128,4096,1024,f16:column,f16:column,f16:column,f16:column,1,0,serial,2,1,heuristic,invalid,invalid,false,false,1,tensorop,f32,128,128,64,2,1,1,0,0,0,7,4,2,1,64,128,16,90,90,9699328,1074790400,110,0.0156883,575.792,68509
17,CUTLASS,gemm,cutlass3x_sm90_tensorop_s64x128x16gemm_f16_f16_f32_f16_f16_128x128x64_2x1x1_0_nnn_align8_stream_k_warpspecialized_cooperative_epi_tma,passed,success,universal,128,4096,1024,f16:column,f16:column,f16:column,f16:column,1,0,serial,2,1,heuristic,invalid,invalid,false,false,1,tensorop,f32,128,128,64,2,1,1,0,0,0,6,4,2,1,64,128,16,90,90,9699328,1074790400,110,0.0157299,574.269,68327.8
18,CUTLASS,gemm,cutlass_tensorop_f16_s1688gemm_f16_256x128_32x2_nn_align8,passed,success,universal,256,4096,1024,f16:column,f16:column,f16:column,f16:column,1,0,serial,2,1,heuristic,invalid,invalid,false,false,1,tensorop,f32,256,128,32,1,1,1,0,0,0,2,4,2,1,16,8,8,75,1024,11010048,2149580800,195,0.0306758,334.267,70074.1
18,CUTLASS,gemm,cutlass_tensorop_f16_s16816gemm_f16_256x128_32x3_nn_align8,passed,success,universal,256,4096,1024,f16:column,f16:column,f16:column,f16:column,1,0,serial,2,1,heuristic,invalid,invalid,false,false,1,tensorop,f32,256,128,32,1,1,1,0,0,0,3,4,2,1,16,8,16,80,1024,11010048,2149580800,195,0.0201018,510.1,106935
18,CUTLASS,gemm,cutlass3x_sm90_tensorop_s64x128x16gemm_f16_f16_f32_f16_f16_128x128x64_1x2x1_0_nnn_align8,passed,success,universal,256,4096,1024,f16:column,f16:column,f16:column,f16:column,1,0,serial,2,1,heuristic,invalid,invalid,false,false,1,tensorop,f32,128,128,64,1,2,1,0,0,0,7,4,2,1,64,128,16,90,90,11010048,2149580800,195,0.0127674,803.134,168365
18,CUTLASS,gemm,cutlass3x_sm90_tensorop_s64x128x16gemm_f16_f16_f32_f16_f16_128x128x64_1x2x1_0_nnn_align8_warpspecialized_epi_nosmem,passed,success,universal,256,4096,1024,f16:column,f16:column,f16:column,f16:column,1,0,serial,2,1,heuristic,invalid,invalid,false,false,1,tensorop,f32,128,128,64,1,2,1,0,0,0,7,4,1,1,64,128,16,90,90,11010048,2149580800,195,0.0121722,842.406,176598
18,CUTLASS,gemm,cutlass3x_sm90_tensorop_s64x128x16gemm_f16_f16_f32_f16_f16_128x128x64_1x2x1_0_nnn_align8_warpspecialized_pingpong_epi_tma,passed,success,universal,256,4096,1024,f16:column,f16:column,f16:column,f16:column,1,0,serial,2,1,heuristic,invalid,invalid,false,false,1,tensorop,f32,128,128,64,1,2,1,0,0,0,6,4,1,1,64,128,16,90,90,11010048,2149580800,195,0.0126013,813.719,170584
18,CUTLASS,gemm,cutlass3x_sm90_tensorop_s64x128x16gemm_f16_f16_f32_f16_f16_128x128x64_1x2x1_0_nnn_align8_warpspecialized_pingpong_epi_nosmem,passed,success,universal,256,4096,1024,f16:column,f16:column,f16:column,f16:column,1,0,serial,2,1,heuristic,invalid,invalid,false,false,1,tensorop,f32,128,128,64,1,2,1,0,0,0,7,4,1,1,64,128,16,90,90,11010048,2149580800,195,0.0124077,826.416,173246
18,CUTLASS,gemm,cutlass3x_sm90_tensorop_s64x128x16gemm_f16_f16_f32_f16_f16_128x128x64_1x2x1_0_nnn_align8_warpspecialized_cooperative_epi_nosmem,passed,success,universal,256,4096,1024,f16:column,f16:column,f16:column,f16:column,1,0,serial,2,1,heuristic,invalid,invalid,false,false,1,tensorop,f32,128,128,64,1,2,1,0,0,0,7,4,2,1,64,128,16,90,90,11010048,2149580800,195,0.0129027,794.709,166599
18,CUTLASS,gemm,cutlass3x_sm90_tensorop_s64x128x16gemm_f16_f16_f32_f16_f16_128x128x64_1x2x1_0_nnn_align8_warpspecialized_cooperative_epi_tma,passed,success,universal,256,4096,1024,f16:column,f16:column,f16:column,f16:column,1,0,serial,2,1,heuristic,invalid,invalid,false,false,1,tensorop,f32,128,128,64,1,2,1,0,0,0,6,4,2,1,64,128,16,90,90,11010048,2149580800,195,0.0119322,859.35,180150
18,CUTLASS,gemm,cutlass3x_sm90_tensorop_s64x128x16gemm_f16_f16_f32_f16_f16_128x128x64_1x2x1_0_nnn_align8_stream_k_warpspecialized_cooperative_epi_nosmem,passed,success,universal,256,4096,1024,f16:column,f16:column,f16:column,f16:column,1,0,serial,2,1,heuristic,invalid,invalid,false,false,1,tensorop,f32,128,128,64,1,2,1,0,0,0,7,4,2,1,64,128,16,90,90,11010048,2149580800,195,0.0159402,643.275,134853
18,CUTLASS,gemm,cutlass3x_sm90_tensorop_s64x128x16gemm_f16_f16_f32_f16_f16_128x128x64_1x2x1_0_nnn_align8_stream_k_warpspecialized_cooperative_epi_tma,passed,success,universal,256,4096,1024,f16:column,f16:column,f16:column,f16:column,1,0,serial,2,1,heuristic,invalid,invalid,false,false,1,tensorop,f32,128,128,64,1,2,1,0,0,0,6,4,2,1,64,128,16,90,90,11010048,2149580800,195,0.0158474,647.042,135643
18,CUTLASS,gemm,cutlass3x_sm90_tensorop_s64x128x16gemm_f16_f16_f32_f16_f16_128x128x64_2x1x1_0_nnn_align8,passed,success,universal,256,4096,1024,f16:column,f16:column,f16:column,f16:column,1,0,serial,2,1,heuristic,invalid,invalid,false,false,1,tensorop,f32,128,128,64,2,1,1,0,0,0,7,4,2,1,64,128,16,90,90,11010048,2149580800,195,0.0127619,803.477,168437
18,CUTLASS,gemm,cutlass3x_sm90_tensorop_s64x128x16gemm_f16_f16_f32_f16_f16_128x128x64_2x1x1_0_nnn_align8_warpspecialized_epi_nosmem,passed,success,universal,256,4096,1024,f16:column,f16:column,f16:column,f16:column,1,0,serial,2,1,heuristic,invalid,invalid,false,false,1,tensorop,f32,128,128,64,2,1,1,0,0,0,7,4,1,1,64,128,16,90,90,11010048,2149580800,195,0.0121555,843.56,176840
18,CUTLASS,gemm,cutlass3x_sm90_tensorop_s64x128x16gemm_f16_f16_f32_f16_f16_128x128x64_2x1x1_0_nnn_align8_warpspecialized_pingpong_epi_tma,passed,success,universal,256,4096,1024,f16:column,f16:column,f16:column,f16:column,1,0,serial,2,1,heuristic,invalid,invalid,false,false,1,tensorop,f32,128,128,64,2,1,1,0,0,0,6,4,1,1,64,128,16,90,90,11010048,2149580800,195,0.0126042,813.533,170545
18,CUTLASS,gemm,cutlass3x_sm90_tensorop_s64x128x16gemm_f16_f16_f32_f16_f16_128x128x64_2x1x1_0_nnn_align8_warpspecialized_pingpong_epi_nosmem,passed,success,universal,256,4096,1024,f16:column,f16:column,f16:column,f16:column,1,0,serial,2,1,heuristic,invalid,invalid,false,false,1,tensorop,f32,128,128,64,2,1,1,0,0,0,7,4,1,1,64,128,16,90,90,11010048,2149580800,195,0.0127219,806.003,168967
18,CUTLASS,gemm,cutlass3x_sm90_tensorop_s64x128x16gemm_f16_f16_f32_f16_f16_128x128x64_2x1x1_0_nnn_align8_warpspecialized_cooperative_epi_nosmem,passed,success,universal,256,4096,1024,f16:column,f16:column,f16:column,f16:column,1,0,serial,2,1,heuristic,invalid,invalid,false,false,1,tensorop,f32,128,128,64,2,1,1,0,0,0,7,4,2,1,64,128,16,90,90,11010048,2149580800,195,0.0129363,792.645,166166
18,CUTLASS,gemm,cutlass3x_sm90_tensorop_s64x128x16gemm_f16_f16_f32_f16_f16_128x128x64_2x1x1_0_nnn_align8_warpspecialized_cooperative_epi_tma,passed,success,universal,256,4096,1024,f16:column,f16:column,f16:column,f16:column,1,0,serial,2,1,heuristic,invalid,invalid,false,false,1,tensorop,f32,128,128,64,2,1,1,0,0,0,6,4,2,1,64,128,16,90,90,11010048,2149580800,195,0.0119107,860.897,180474
18,CUTLASS,gemm,cutlass3x_sm90_tensorop_s64x128x16gemm_f16_f16_f32_f16_f16_128x128x64_2x1x1_0_nnn_align8_stream_k_warpspecialized_cooperative_epi_nosmem,passed,success,universal,256,4096,1024,f16:column,f16:column,f16:column,f16:column,1,0,serial,2,1,heuristic,invalid,invalid,false,false,1,tensorop,f32,128,128,64,2,1,1,0,0,0,7,4,2,1,64,128,16,90,90,11010048,2149580800,195,0.015704,652.949,136881
18,CUTLASS,gemm,cutlass3x_sm90_tensorop_s64x128x16gemm_f16_f16_f32_f16_f16_128x128x64_2x1x1_0_nnn_align8_stream_k_warpspecialized_cooperative_epi_tma,passed,success,universal,256,4096,1024,f16:column,f16:column,f16:column,f16:column,1,0,serial,2,1,heuristic,invalid,invalid,false,false,1,tensorop,f32,128,128,64,2,1,1,0,0,0,6,4,2,1,64,128,16,90,90,11010048,2149580800,195,0.0156016,657.234,137780
19,CUTLASS,gemm,cutlass_tensorop_f16_s1688gemm_f16_256x128_32x2_nn_align8,passed,success,universal,384,4096,1024,f16:column,f16:column,f16:column,f16:column,1,0,serial,2,1,heuristic,invalid,invalid,false,false,1,tensorop,f32,256,128,32,1,1,1,0,0,0,2,4,2,1,16,8,8,75,1024,12320768,3224371200,261,0.0312262,367.467,103258
19,CUTLASS,gemm,cutlass_tensorop_f16_s16816gemm_f16_256x128_32x3_nn_align8,passed,success,universal,384,4096,1024,f16:column,f16:column,f16:column,f16:column,1,0,serial,2,1,heuristic,invalid,invalid,false,false,1,tensorop,f32,256,128,32,1,1,1,0,0,0,3,4,2,1,16,8,16,80,1024,12320768,3224371200,261,0.0206666,555.226,156019
19,CUTLASS,gemm,cutlass3x_sm90_tensorop_s64x128x16gemm_f16_f16_f32_f16_f16_128x128x64_1x2x1_0_nnn_align8,passed,success,universal,384,4096,1024,f16:column,f16:column,f16:column,f16:column,1,0,serial,2,1,heuristic,invalid,invalid,false,false,1,tensorop,f32,128,128,64,1,2,1,0,0,0,7,4,2,1,64,128,16,90,90,12320768,3224371200,261,0.0141018,813.7,228650
19,CUTLASS,gemm,cutlass3x_sm90_tensorop_s64x128x16gemm_f16_f16_f32_f16_f16_128x128x64_1x2x1_0_nnn_align8_warpspecialized_epi_nosmem,passed,success,universal,384,4096,1024,f16:column,f16:column,f16:column,f16:column,1,0,serial,2,1,heuristic,invalid,invalid,false,false,1,tensorop,f32,128,128,64,1,2,1,0,0,0,7,4,1,1,64,128,16,90,90,12320768,3224371200,261,0.0135107,849.297,238653
19,CUTLASS,gemm,cutlass3x_sm90_tensorop_s64x128x16gemm_f16_f16_f32_f16_f16_128x128x64_1x2x1_0_nnn_align8_warpspecialized_pingpong_epi_tma,passed,success,universal,384,4096,1024,f16:column,f16:column,f16:column,f16:column,1,0,serial,2,1,heuristic,invalid,invalid,false,false,1,tensorop,f32,128,128,64,1,2,1,0,0,0,6,4,1,1,64,128,16,90,90,12320768,3224371200,261,0.0127011,903.433,253865
19,CUTLASS,gemm,cutlass3x_sm90_tensorop_s64x128x16gemm_f16_f16_f32_f16_f16_128x128x64_1x2x1_0_nnn_align8_warpspecialized_pingpong_epi_nosmem,passed,success,universal,384,4096,1024,f16:column,f16:column,f16:column,f16:column,1,0,serial,2,1,heuristic,invalid,invalid,false,false,1,tensorop,f32,128,128,64,1,2,1,0,0,0,7,4,1,1,64,128,16,90,90,12320768,3224371200,261,0.0136986,837.651,235380
19,CUTLASS,gemm,cutlass3x_sm90_tensorop_s64x128x16gemm_f16_f16_f32_f16_f16_128x128x64_1x2x1_0_nnn_align8_warpspecialized_cooperative_epi_nosmem,passed,success,universal,384,4096,1024,f16:column,f16:column,f16:column,f16:column,1,0,serial,2,1,heuristic,invalid,invalid,false,false,1,tensorop,f32,128,128,64,1,2,1,0,0,0,7,4,2,1,64,128,16,90,90,12320768,3224371200,261,0.0142598,804.68,226116
19,CUTLASS,gemm,cutlass3x_sm90_tensorop_s64x128x16gemm_f16_f16_f32_f16_f16_128x128x64_1x2x1_0_nnn_align8_warpspecialized_cooperative_epi_tma,passed,success,universal,384,4096,1024,f16:column,f16:column,f16:column,f16:column,1,0,serial,2,1,heuristic,invalid,invalid,false,false,1,tensorop,f32,128,128,64,1,2,1,0,0,0,6,4,2,1,64,128,16,90,90,12320768,3224371200,261,0.0121376,945.377,265651
19,CUTLASS,gemm,cutlass3x_sm90_tensorop_s64x128x16gemm_f16_f16_f32_f16_f16_128x128x64_1x2x1_0_nnn_align8_stream_k_warpspecialized_cooperative_epi_nosmem,passed,success,universal,384,4096,1024,f16:column,f16:column,f16:column,f16:column,1,0,serial,2,1,heuristic,invalid,invalid,false,false,1,tensorop,f32,128,128,64,1,2,1,0,0,0,7,4,2,1,64,128,16,90,90,12320768,3224371200,261,0.0194909,588.717,165430
19,CUTLASS,gemm,cutlass3x_sm90_tensorop_s64x128x16gemm_f16_f16_f32_f16_f16_128x128x64_1x2x1_0_nnn_align8_stream_k_warpspecialized_cooperative_epi_tma,passed,success,universal,384,4096,1024,f16:column,f16:column,f16:column,f16:column,1,0,serial,2,1,heuristic,invalid,invalid,false,false,1,tensorop,f32,128,128,64,1,2,1,0,0,0,6,4,2,1,64,128,16,90,90,12320768,3224371200,261,0.0190093,603.632,169621
19,CUTLASS,gemm,cutlass3x_sm90_tensorop_s64x128x16gemm_f16_f16_f32_f16_f16_128x128x64_2x1x1_0_nnn_align8,passed,success,universal,384,4096,1024,f16:column,f16:column,f16:column,f16:column,1,0,serial,2,1,heuristic,invalid,invalid,false,false,1,tensorop,f32,128,128,64,2,1,1,0,0,0,7,4,2,1,64,128,16,90,90,12320768,3224371200,261,0.0143725,798.374,224343
19,CUTLASS,gemm,cutlass3x_sm90_tensorop_s64x128x16gemm_f16_f16_f32_f16_f16_128x128x64_2x1x1_0_nnn_align8_warpspecialized_epi_nosmem,passed,success,universal,384,4096,1024,f16:column,f16:column,f16:column,f16:column,1,0,serial,2,1,heuristic,invalid,invalid,false,false,1,tensorop,f32,128,128,64,2,1,1,0,0,0,7,4,1,1,64,128,16,90,90,12320768,3224371200,261,0.013969,821.436,230824
19,CUTLASS,gemm,cutlass3x_sm90_tensorop_s64x128x16gemm_f16_f16_f32_f16_f16_128x128x64_2x1x1_0_nnn_align8_warpspecialized_pingpong_epi_tma,passed,success,universal,384,4096,1024,f16:column,f16:column,f16:column,f16:column,1,0,serial,2,1,heuristic,invalid,invalid,false,false,1,tensorop,f32,128,128,64,2,1,1,0,0,0,6,4,1,1,64,128,16,90,90,12320768,3224371200,261,0.0138922,825.977,232100
19,CUTLASS,gemm,cutlass3x_sm90_tensorop_s64x128x16gemm_f16_f16_f32_f16_f16_128x128x64_2x1x1_0_nnn_align8_warpspecialized_pingpong_epi_nosmem,passed,success,universal,384,4096,1024,f16:column,f16:column,f16:column,f16:column,1,0,serial,2,1,heuristic,invalid,invalid,false,false,1,tensorop,f32,128,128,64,2,1,1,0,0,0,7,4,1,1,64,128,16,90,90,12320768,3224371200,261,0.014759,777.463,218468
19,CUTLASS,gemm,cutlass3x_sm90_tensorop_s64x128x16gemm_f16_f16_f32_f16_f16_128x128x64_2x1x1_0_nnn_align8_warpspecialized_cooperative_epi_nosmem,passed,success,universal,384,4096,1024,f16:column,f16:column,f16:column,f16:column,1,0,serial,2,1,heuristic,invalid,invalid,false,false,1,tensorop,f32,128,128,64,2,1,1,0,0,0,7,4,2,1,64,128,16,90,90,12320768,3224371200,261,0.0144198,795.751,223607
19,CUTLASS,gemm,cutlass3x_sm90_tensorop_s64x128x16gemm_f16_f16_f32_f16_f16_128x128x64_2x1x1_0_nnn_align8_warpspecialized_cooperative_epi_tma,passed,success,universal,384,4096,1024,f16:column,f16:column,f16:column,f16:column,1,0,serial,2,1,heuristic,invalid,invalid,false,false,1,tensorop,f32,128,128,64,2,1,1,0,0,0,6,4,2,1,64,128,16,90,90,12320768,3224371200,261,0.0132109,868.573,244069
19,CUTLASS,gemm,cutlass3x_sm90_tensorop_s64x128x16gemm_f16_f16_f32_f16_f16_128x128x64_2x1x1_0_nnn_align8_stream_k_warpspecialized_cooperative_epi_nosmem,passed,success,universal,384,4096,1024,f16:column,f16:column,f16:column,f16:column,1,0,serial,2,1,heuristic,invalid,invalid,false,false,1,tensorop,f32,128,128,64,2,1,1,0,0,0,7,4,2,1,64,128,16,90,90,12320768,3224371200,261,0.0206115,556.709,156435
19,CUTLASS,gemm,cutlass3x_sm90_tensorop_s64x128x16gemm_f16_f16_f32_f16_f16_128x128x64_2x1x1_0_nnn_align8_stream_k_warpspecialized_cooperative_epi_tma,passed,success,universal,384,4096,1024,f16:column,f16:column,f16:column,f16:column,1,0,serial,2,1,heuristic,invalid,invalid,false,false,1,tensorop,f32,128,128,64,2,1,1,0,0,0,6,4,2,1,64,128,16,90,90,12320768,3224371200,261,0.0202157,567.609,159499
20,CUTLASS,gemm,cutlass_tensorop_f16_s1688gemm_f16_256x128_32x2_nn_align8,passed,success,universal,512,4096,1024,f16:column,f16:column,f16:column,f16:column,1,0,serial,2,1,heuristic,invalid,invalid,false,false,1,tensorop,f32,256,128,32,1,1,1,0,0,0,2,4,2,1,16,8,8,75,1024,13631488,4299161600,315,0.0313101,405.47,137309
20,CUTLASS,gemm,cutlass_tensorop_f16_s16816gemm_f16_256x128_32x3_nn_align8,passed,success,universal,512,4096,1024,f16:column,f16:column,f16:column,f16:column,1,0,serial,2,1,heuristic,invalid,invalid,false,false,1,tensorop,f32,256,128,32,1,1,1,0,0,0,3,4,2,1,16,8,16,80,1024,13631488,4299161600,315,0.0208768,608.106,205930
20,CUTLASS,gemm,cutlass3x_sm90_tensorop_s64x128x16gemm_f16_f16_f32_f16_f16_128x128x64_1x2x1_0_nnn_align8,passed,success,universal,512,4096,1024,f16:column,f16:column,f16:column,f16:column,1,0,serial,2,1,heuristic,invalid,invalid,false,false,1,tensorop,f32,128,128,64,1,2,1,0,0,0,7,4,2,1,64,128,16,90,90,13631488,4299161600,315,0.014353,884.508,299531
20,CUTLASS,gemm,cutlass3x_sm90_tensorop_s64x128x16gemm_f16_f16_f32_f16_f16_128x128x64_1x2x1_0_nnn_align8_warpspecialized_epi_nosmem,passed,success,universal,512,4096,1024,f16:column,f16:column,f16:column,f16:column,1,0,serial,2,1,heuristic,invalid,invalid,false,false,1,tensorop,f32,128,128,64,1,2,1,0,0,0,7,4,1,1,64,128,16,90,90,13631488,4299161600,315,0.0134208,945.943,320336
20,CUTLASS,gemm,cutlass3x_sm90_tensorop_s64x128x16gemm_f16_f16_f32_f16_f16_128x128x64_1x2x1_0_nnn_align8_warpspecialized_pingpong_epi_tma,passed,success,universal,512,4096,1024,f16:column,f16:column,f16:column,f16:column,1,0,serial,2,1,heuristic,invalid,invalid,false,false,1,tensorop,f32,128,128,64,1,2,1,0,0,0,6,4,1,1,64,128,16,90,90,13631488,4299161600,315,0.0135546,936.608,317175
20,CUTLASS,gemm,cutlass3x_sm90_tensorop_s64x128x16gemm_f16_f16_f32_f16_f16_128x128x64_1x2x1_0_nnn_align8_warpspecialized_pingpong_epi_nosmem,passed,success,universal,512,4096,1024,f16:column,f16:column,f16:column,f16:column,1,0,serial,2,1,heuristic,invalid,invalid,false,false,1,tensorop,f32,128,128,64,1,2,1,0,0,0,7,4,1,1,64,128,16,90,90,13631488,4299161600,315,0.0137562,922.882,312526
20,CUTLASS,gemm,cutlass3x_sm90_tensorop_s64x128x16gemm_f16_f16_f32_f16_f16_128x128x64_1x2x1_0_nnn_align8_warpspecialized_cooperative_epi_nosmem,passed,success,universal,512,4096,1024,f16:column,f16:column,f16:column,f16:column,1,0,serial,2,1,heuristic,invalid,invalid,false,false,1,tensorop,f32,128,128,64,1,2,1,0,0,0,7,4,2,1,64,128,16,90,90,13631488,4299161600,315,0.0143738,883.228,299098
20,CUTLASS,gemm,cutlass3x_sm90_tensorop_s64x128x16gemm_f16_f16_f32_f16_f16_128x128x64_1x2x1_0_nnn_align8_warpspecialized_cooperative_epi_tma,passed,success,universal,512,4096,1024,f16:column,f16:column,f16:column,f16:column,1,0,serial,2,1,heuristic,invalid,invalid,false,false,1,tensorop,f32,128,128,64,1,2,1,0,0,0,6,4,2,1,64,128,16,90,90,13631488,4299161600,315,0.0130099,975.818,330453
20,CUTLASS,gemm,cutlass3x_sm90_tensorop_s64x128x16gemm_f16_f16_f32_f16_f16_128x128x64_1x2x1_0_nnn_align8_stream_k_warpspecialized_cooperative_epi_nosmem,passed,success,universal,512,4096,1024,f16:column,f16:column,f16:column,f16:column,1,0,serial,2,1,heuristic,invalid,invalid,false,false,1,tensorop,f32,128,128,64,1,2,1,0,0,0,7,4,2,1,64,128,16,90,90,13631488,4299161600,315,0.0213091,595.769,201752
20,CUTLASS,gemm,cutlass3x_sm90_tensorop_s64x128x16gemm_f16_f16_f32_f16_f16_128x128x64_1x2x1_0_nnn_align8_stream_k_warpspecialized_cooperative_epi_tma,passed,success,universal,512,4096,1024,f16:column,f16:column,f16:column,f16:column,1,0,serial,2,1,heuristic,invalid,invalid,false,false,1,tensorop,f32,128,128,64,1,2,1,0,0,0,6,4,2,1,64,128,16,90,90,13631488,4299161600,315,0.0200896,631.935,213999
20,CUTLASS,gemm,cutlass3x_sm90_tensorop_s64x128x16gemm_f16_f16_f32_f16_f16_128x128x64_2x1x1_0_nnn_align8,passed,success,universal,512,4096,1024,f16:column,f16:column,f16:column,f16:column,1,0,serial,2,1,heuristic,invalid,invalid,false,false,1,tensorop,f32,128,128,64,2,1,1,0,0,0,7,4,2,1,64,128,16,90,90,13631488,4299161600,315,0.013384,948.544,321216
20,CUTLASS,gemm,cutlass3x_sm90_tensorop_s64x128x16gemm_f16_f16_f32_f16_f16_128x128x64_2x1x1_0_nnn_align8_warpspecialized_epi_nosmem,passed,success,universal,512,4096,1024,f16:column,f16:column,f16:column,f16:column,1,0,serial,2,1,heuristic,invalid,invalid,false,false,1,tensorop,f32,128,128,64,2,1,1,0,0,0,7,4,1,1,64,128,16,90,90,13631488,4299161600,315,0.0127613,994.831,336891
20,CUTLASS,gemm,cutlass3x_sm90_tensorop_s64x128x16gemm_f16_f16_f32_f16_f16_128x128x64_2x1x1_0_nnn_align8_warpspecialized_pingpong_epi_tma,passed,success,universal,512,4096,1024,f16:column,f16:column,f16:column,f16:column,1,0,serial,2,1,heuristic,invalid,invalid,false,false,1,tensorop,f32,128,128,64,2,1,1,0,0,0,6,4,1,1,64,128,16,90,90,13631488,4299161600,315,0.0130051,976.178,330575
20,CUTLASS,gemm,cutlass3x_sm90_tensorop_s64x128x16gemm_f16_f16_f32_f16_f16_128x128x64_2x1x1_0_nnn_align8_warpspecialized_pingpong_epi_nosmem,passed,success,universal,512,4096,1024,f16:column,f16:column,f16:column,f16:column,1,0,serial,2,1,heuristic,invalid,invalid,false,false,1,tensorop,f32,128,128,64,2,1,1,0,0,0,7,4,1,1,64,128,16,90,90,13631488,4299161600,315,0.0129987,976.659,330737
20,CUTLASS,gemm,cutlass3x_sm90_tensorop_s64x128x16gemm_f16_f16_f32_f16_f16_128x128x64_2x1x1_0_nnn_align8_warpspecialized_cooperative_epi_nosmem,passed,success,universal,512,4096,1024,f16:column,f16:column,f16:column,f16:column,1,0,serial,2,1,heuristic,invalid,invalid,false,false,1,tensorop,f32,128,128,64,2,1,1,0,0,0,7,4,2,1,64,128,16,90,90,13631488,4299161600,315,0.0134883,941.208,318732
20,CUTLASS,gemm,cutlass3x_sm90_tensorop_s64x128x16gemm_f16_f16_f32_f16_f16_128x128x64_2x1x1_0_nnn_align8_warpspecialized_cooperative_epi_tma,passed,success,universal,512,4096,1024,f16:column,f16:column,f16:column,f16:column,1,0,serial,2,1,heuristic,invalid,invalid,false,false,1,tensorop,f32,128,128,64,2,1,1,0,0,0,6,4,2,1,64,128,16,90,90,13631488,4299161600,315,0.0122941,1032.64,349694
20,CUTLASS,gemm,cutlass3x_sm90_tensorop_s64x128x16gemm_f16_f16_f32_f16_f16_128x128x64_2x1x1_0_nnn_align8_stream_k_warpspecialized_cooperative_epi_nosmem,passed,success,universal,512,4096,1024,f16:column,f16:column,f16:column,f16:column,1,0,serial,2,1,heuristic,invalid,invalid,false,false,1,tensorop,f32,128,128,64,2,1,1,0,0,0,7,4,2,1,64,128,16,90,90,13631488,4299161600,315,0.0203568,623.64,211190
20,CUTLASS,gemm,cutlass3x_sm90_tensorop_s64x128x16gemm_f16_f16_f32_f16_f16_128x128x64_2x1x1_0_nnn_align8_stream_k_warpspecialized_cooperative_epi_tma,passed,success,universal,512,4096,1024,f16:column,f16:column,f16:column,f16:column,1,0,serial,2,1,heuristic,invalid,invalid,false,false,1,tensorop,f32,128,128,64,2,1,1,0,0,0,6,4,2,1,64,128,16,90,90,13631488,4299161600,315,0.0197683,642.205,217477
21,CUTLASS,gemm,cutlass_tensorop_f16_s1688gemm_f16_256x128_32x2_nn_align8,passed,success,universal,640,4096,1024,f16:column,f16:column,f16:column,f16:column,1,0,serial,2,1,heuristic,invalid,invalid,false,false,1,tensorop,f32,256,128,32,1,1,1,0,0,0,2,4,2,1,16,8,8,75,1024,14942208,5373952000,359,0.0506541,274.726,106091
21,CUTLASS,gemm,cutlass_tensorop_f16_s16816gemm_f16_256x128_32x3_nn_align8,passed,success,universal,640,4096,1024,f16:column,f16:column,f16:column,f16:column,1,0,serial,2,1,heuristic,invalid,invalid,false,false,1,tensorop,f32,256,128,32,1,1,1,0,0,0,3,4,2,1,16,8,16,80,1024,14942208,5373952000,359,0.0301642,461.343,178157
21,CUTLASS,gemm,cutlass3x_sm90_tensorop_s64x128x16gemm_f16_f16_f32_f16_f16_128x128x64_1x2x1_0_nnn_align8,passed,success,universal,640,4096,1024,f16:column,f16:column,f16:column,f16:column,1,0,serial,2,1,heuristic,invalid,invalid,false,false,1,tensorop,f32,128,128,64,1,2,1,0,0,0,7,4,2,1,64,128,16,90,90,14942208,5373952000,359,0.0226003,615.744,237782
21,CUTLASS,gemm,cutlass3x_sm90_tensorop_s64x128x16gemm_f16_f16_f32_f16_f16_128x128x64_1x2x1_0_nnn_align8_warpspecialized_epi_nosmem,passed,success,universal,640,4096,1024,f16:column,f16:column,f16:column,f16:column,1,0,serial,2,1,heuristic,invalid,invalid,false,false,1,tensorop,f32,128,128,64,1,2,1,0,0,0,7,4,1,1,64,128,16,90,90,14942208,5373952000,359,0.0215437,645.944,249444
21,CUTLASS,gemm,cutlass3x_sm90_tensorop_s64x128x16gemm_f16_f16_f32_f16_f16_128x128x64_1x2x1_0_nnn_align8_warpspecialized_pingpong_epi_tma,passed,success,universal,640,4096,1024,f16:column,f16:column,f16:column,f16:column,1,0,serial,2,1,heuristic,invalid,invalid,false,false,1,tensorop,f32,128,128,64,1,2,1,0,0,0,6,4,1,1,64,128,16,90,90,14942208,5373952000,359,0.0185568,749.915,289595
21,CUTLASS,gemm,cutlass3x_sm90_tensorop_s64x128x16gemm_f16_f16_f32_f16_f16_128x128x64_1x2x1_0_nnn_align8_warpspecialized_pingpong_epi_nosmem,passed,success,universal,640,4096,1024,f16:column,f16:column,f16:column,f16:column,1,0,serial,2,1,heuristic,invalid,invalid,false,false,1,tensorop,f32,128,128,64,1,2,1,0,0,0,7,4,1,1,64,128,16,90,90,14942208,5373952000,359,0.0201654,690.092,266493
21,CUTLASS,gemm,cutlass3x_sm90_tensorop_s64x128x16gemm_f16_f16_f32_f16_f16_128x128x64_1x2x1_0_nnn_align8_warpspecialized_cooperative_epi_nosmem,passed,success,universal,640,4096,1024,f16:column,f16:column,f16:column,f16:column,1,0,serial,2,1,heuristic,invalid,invalid,false,false,1,tensorop,f32,128,128,64,1,2,1,0,0,0,7,4,2,1,64,128,16,90,90,14942208,5373952000,359,0.0226752,613.711,236997
21,CUTLASS,gemm,cutlass3x_sm90_tensorop_s64x128x16gemm_f16_f16_f32_f16_f16_128x128x64_1x2x1_0_nnn_align8_warpspecialized_cooperative_epi_tma,passed,success,universal,640,4096,1024,f16:column,f16:column,f16:column,f16:column,1,0,serial,2,1,heuristic,invalid,invalid,false,false,1,tensorop,f32,128,128,64,1,2,1,0,0,0,6,4,2,1,64,128,16,90,90,14942208,5373952000,359,0.019352,719.1,277695
21,CUTLASS,gemm,cutlass3x_sm90_tensorop_s64x128x16gemm_f16_f16_f32_f16_f16_128x128x64_1x2x1_0_nnn_align8_stream_k_warpspecialized_cooperative_epi_nosmem,passed,success,universal,640,4096,1024,f16:column,f16:column,f16:column,f16:column,1,0,serial,2,1,heuristic,invalid,invalid,false,false,1,tensorop,f32,128,128,64,1,2,1,0,0,0,7,4,2,1,64,128,16,90,90,14942208,5373952000,359,0.0287526,483.991,186903
21,CUTLASS,gemm,cutlass3x_sm90_tensorop_s64x128x16gemm_f16_f16_f32_f16_f16_128x128x64_1x2x1_0_nnn_align8_stream_k_warpspecialized_cooperative_epi_tma,passed,success,universal,640,4096,1024,f16:column,f16:column,f16:column,f16:column,1,0,serial,2,1,heuristic,invalid,invalid,false,false,1,tensorop,f32,128,128,64,1,2,1,0,0,0,6,4,2,1,64,128,16,90,90,14942208,5373952000,359,0.0270365,514.713,198767
21,CUTLASS,gemm,cutlass3x_sm90_tensorop_s64x128x16gemm_f16_f16_f32_f16_f16_128x128x64_2x1x1_0_nnn_align8,passed,success,universal,640,4096,1024,f16:column,f16:column,f16:column,f16:column,1,0,serial,2,1,heuristic,invalid,invalid,false,false,1,tensorop,f32,128,128,64,2,1,1,0,0,0,7,4,2,1,64,128,16,90,90,14942208,5373952000,359,0.0225958,615.866,237829
21,CUTLASS,gemm,cutlass3x_sm90_tensorop_s64x128x16gemm_f16_f16_f32_f16_f16_128x128x64_2x1x1_0_nnn_align8_warpspecialized_epi_nosmem,passed,success,universal,640,4096,1024,f16:column,f16:column,f16:column,f16:column,1,0,serial,2,1,heuristic,invalid,invalid,false,false,1,tensorop,f32,128,128,64,2,1,1,0,0,0,7,4,1,1,64,128,16,90,90,14942208,5373952000,359,0.0215766,644.957,249063
21,CUTLASS,gemm,cutlass3x_sm90_tensorop_s64x128x16gemm_f16_f16_f32_f16_f16_128x128x64_2x1x1_0_nnn_align8_warpspecialized_pingpong_epi_tma,passed,success,universal,640,4096,1024,f16:column,f16:column,f16:column,f16:column,1,0,serial,2,1,heuristic,invalid,invalid,false,false,1,tensorop,f32,128,128,64,2,1,1,0,0,0,6,4,1,1,64,128,16,90,90,14942208,5373952000,359,0.0197619,704.183,271935
21,CUTLASS,gemm,cutlass3x_sm90_tensorop_s64x128x16gemm_f16_f16_f32_f16_f16_128x128x64_2x1x1_0_nnn_align8_warpspecialized_pingpong_epi_nosmem,passed,success,universal,640,4096,1024,f16:column,f16:column,f16:column,f16:column,1,0,serial,2,1,heuristic,invalid,invalid,false,false,1,tensorop,f32,128,128,64,2,1,1,0,0,0,7,4,1,1,64,128,16,90,90,14942208,5373952000,359,0.0218106,638.04,246392
21,CUTLASS,gemm,cutlass3x_sm90_tensorop_s64x128x16gemm_f16_f16_f32_f16_f16_128x128x64_2x1x1_0_nnn_align8_warpspecialized_cooperative_epi_nosmem,passed,success,universal,640,4096,1024,f16:column,f16:column,f16:column,f16:column,1,0,serial,2,1,heuristic,invalid,invalid,false,false,1,tensorop,f32,128,128,64,2,1,1,0,0,0,7,4,2,1,64,128,16,90,90,14942208,5373952000,359,0.0224541,619.754,239331
21,CUTLASS,gemm,cutlass3x_sm90_tensorop_s64x128x16gemm_f16_f16_f32_f16_f16_128x128x64_2x1x1_0_nnn_align8_warpspecialized_cooperative_epi_tma,passed,success,universal,640,4096,1024,f16:column,f16:column,f16:column,f16:column,1,0,serial,2,1,heuristic,invalid,invalid,false,false,1,tensorop,f32,128,128,64,2,1,1,0,0,0,6,4,2,1,64,128,16,90,90,14942208,5373952000,359,0.019921,698.562,269764
21,CUTLASS,gemm,cutlass3x_sm90_tensorop_s64x128x16gemm_f16_f16_f32_f16_f16_128x128x64_2x1x1_0_nnn_align8_stream_k_warpspecialized_cooperative_epi_nosmem,passed,success,universal,640,4096,1024,f16:column,f16:column,f16:column,f16:column,1,0,serial,2,1,heuristic,invalid,invalid,false,false,1,tensorop,f32,128,128,64,2,1,1,0,0,0,7,4,2,1,64,128,16,90,90,14942208,5373952000,359,0.0287402,484.201,186984
21,CUTLASS,gemm,cutlass3x_sm90_tensorop_s64x128x16gemm_f16_f16_f32_f16_f16_128x128x64_2x1x1_0_nnn_align8_stream_k_warpspecialized_cooperative_epi_tma,passed,success,universal,640,4096,1024,f16:column,f16:column,f16:column,f16:column,1,0,serial,2,1,heuristic,invalid,invalid,false,false,1,tensorop,f32,128,128,64,2,1,1,0,0,0,6,4,2,1,64,128,16,90,90,14942208,5373952000,359,0.0277056,502.282,193966
22,CUTLASS,gemm,cutlass_tensorop_f16_s1688gemm_f16_256x128_32x2_nn_align8,passed,success,universal,768,4096,1024,f16:column,f16:column,f16:column,f16:column,1,0,serial,2,1,heuristic,invalid,invalid,false,false,1,tensorop,f32,256,128,32,1,1,1,0,0,0,2,4,2,1,16,8,8,75,1024,16252928,6448742400,396,0.050328,300.761,128134
22,CUTLASS,gemm,cutlass_tensorop_f16_s16816gemm_f16_256x128_32x3_nn_align8,passed,success,universal,768,4096,1024,f16:column,f16:column,f16:column,f16:column,1,0,serial,2,1,heuristic,invalid,invalid,false,false,1,tensorop,f32,256,128,32,1,1,1,0,0,0,3,4,2,1,16,8,16,80,1024,16252928,6448742400,396,0.0309037,489.803,208672
22,CUTLASS,gemm,cutlass3x_sm90_tensorop_s64x128x16gemm_f16_f16_f32_f16_f16_128x128x64_1x2x1_0_nnn_align8,passed,success,universal,768,4096,1024,f16:column,f16:column,f16:column,f16:column,1,0,serial,2,1,heuristic,invalid,invalid,false,false,1,tensorop,f32,128,128,64,1,2,1,0,0,0,7,4,2,1,64,128,16,90,90,16252928,6448742400,396,0.0228928,661.2,281693
22,CUTLASS,gemm,cutlass3x_sm90_tensorop_s64x128x16gemm_f16_f16_f32_f16_f16_128x128x64_1x2x1_0_nnn_align8_warpspecialized_epi_nosmem,passed,success,universal,768,4096,1024,f16:column,f16:column,f16:column,f16:column,1,0,serial,2,1,heuristic,invalid,invalid,false,false,1,tensorop,f32,128,128,64,1,2,1,0,0,0,7,4,1,1,64,128,16,90,90,16252928,6448742400,396,0.0226957,666.943,284140
22,CUTLASS,gemm,cutlass3x_sm90_tensorop_s64x128x16gemm_f16_f16_f32_f16_f16_128x128x64_1x2x1_0_nnn_align8_warpspecialized_pingpong_epi_tma,passed,success,universal,768,4096,1024,f16:column,f16:column,f16:column,f16:column,1,0,serial,2,1,heuristic,invalid,invalid,false,false,1,tensorop,f32,128,128,64,1,2,1,0,0,0,6,4,1,1,64,128,16,90,90,16252928,6448742400,396,0.0184794,819.115,348970
22,CUTLASS,gemm,cutlass3x_sm90_tensorop_s64x128x16gemm_f16_f16_f32_f16_f16_128x128x64_1x2x1_0_nnn_align8_warpspecialized_pingpong_epi_nosmem,passed,success,universal,768,4096,1024,f16:column,f16:column,f16:column,f16:column,1,0,serial,2,1,heuristic,invalid,invalid,false,false,1,tensorop,f32,128,128,64,1,2,1,0,0,0,7,4,1,1,64,128,16,90,90,16252928,6448742400,396,0.0203072,745.387,317559
22,CUTLASS,gemm,cutlass3x_sm90_tensorop_s64x128x16gemm_f16_f16_f32_f16_f16_128x128x64_1x2x1_0_nnn_align8_warpspecialized_cooperative_epi_nosmem,passed,success,universal,768,4096,1024,f16:column,f16:column,f16:column,f16:column,1,0,serial,2,1,heuristic,invalid,invalid,false,false,1,tensorop,f32,128,128,64,1,2,1,0,0,0,7,4,2,1,64,128,16,90,90,16252928,6448742400,396,0.0228918,661.228,281705
22,CUTLASS,gemm,cutlass3x_sm90_tensorop_s64x128x16gemm_f16_f16_f32_f16_f16_128x128x64_1x2x1_0_nnn_align8_warpspecialized_cooperative_epi_tma,passed,success,universal,768,4096,1024,f16:column,f16:column,f16:column,f16:column,1,0,serial,2,1,heuristic,invalid,invalid,false,false,1,tensorop,f32,128,128,64,1,2,1,0,0,0,6,4,2,1,64,128,16,90,90,16252928,6448742400,396,0.0194445,778.458,331649
22,CUTLASS,gemm,cutlass3x_sm90_tensorop_s64x128x16gemm_f16_f16_f32_f16_f16_128x128x64_1x2x1_0_nnn_align8_stream_k_warpspecialized_cooperative_epi_nosmem,passed,success,universal,768,4096,1024,f16:column,f16:column,f16:column,f16:column,1,0,serial,2,1,heuristic,invalid,invalid,false,false,1,tensorop,f32,128,128,64,1,2,1,0,0,0,7,4,2,1,64,128,16,90,90,16252928,6448742400,396,0.0294051,514.765,219307
22,CUTLASS,gemm,cutlass3x_sm90_tensorop_s64x128x16gemm_f16_f16_f32_f16_f16_128x128x64_1x2x1_0_nnn_align8_stream_k_warpspecialized_cooperative_epi_tma,passed,success,universal,768,4096,1024,f16:column,f16:column,f16:column,f16:column,1,0,serial,2,1,heuristic,invalid,invalid,false,false,1,tensorop,f32,128,128,64,1,2,1,0,0,0,6,4,2,1,64,128,16,90,90,16252928,6448742400,396,0.0279664,541.247,230589
22,CUTLASS,gemm,cutlass3x_sm90_tensorop_s64x128x16gemm_f16_f16_f32_f16_f16_128x128x64_2x1x1_0_nnn_align8,passed,success,universal,768,4096,1024,f16:column,f16:column,f16:column,f16:column,1,0,serial,2,1,heuristic,invalid,invalid,false,false,1,tensorop,f32,128,128,64,2,1,1,0,0,0,7,4,2,1,64,128,16,90,90,16252928,6448742400,396,0.021104,717.244,305570
22,CUTLASS,gemm,cutlass3x_sm90_tensorop_s64x128x16gemm_f16_f16_f32_f16_f16_128x128x64_2x1x1_0_nnn_align8_warpspecialized_epi_nosmem,passed,success,universal,768,4096,1024,f16:column,f16:column,f16:column,f16:column,1,0,serial,2,1,heuristic,invalid,invalid,false,false,1,tensorop,f32,128,128,64,2,1,1,0,0,0,7,4,1,1,64,128,16,90,90,16252928,6448742400,396,0.02192,690.544,294194
22,CUTLASS,gemm,cutlass3x_sm90_tensorop_s64x128x16gemm_f16_f16_f32_f16_f16_128x128x64_2x1x1_0_nnn_align8_warpspecialized_pingpong_epi_tma,passed,success,universal,768,4096,1024,f16:column,f16:column,f16:column,f16:column,1,0,serial,2,1,heuristic,invalid,invalid,false,false,1,tensorop,f32,128,128,64,2,1,1,0,0,0,6,4,1,1,64,128,16,90,90,16252928,6448742400,396,0.0173869,870.583,370897
22,CUTLASS,gemm,cutlass3x_sm90_tensorop_s64x128x16gemm_f16_f16_f32_f16_f16_128x128x64_2x1x1_0_nnn_align8_warpspecialized_pingpong_epi_nosmem,passed,success,universal,768,4096,1024,f16:column,f16:column,f16:column,f16:column,1,0,serial,2,1,heuristic,invalid,invalid,false,false,1,tensorop,f32,128,128,64,2,1,1,0,0,0,7,4,1,1,64,128,16,90,90,16252928,6448742400,396,0.0186554,811.387,345678
22,CUTLASS,gemm,cutlass3x_sm90_tensorop_s64x128x16gemm_f16_f16_f32_f16_f16_128x128x64_2x1x1_0_nnn_align8_warpspecialized_cooperative_epi_nosmem,passed,success,universal,768,4096,1024,f16:column,f16:column,f16:column,f16:column,1,0,serial,2,1,heuristic,invalid,invalid,false,false,1,tensorop,f32,128,128,64,2,1,1,0,0,0,7,4,2,1,64,128,16,90,90,16252928,6448742400,396,0.0211773,714.762,304512
22,CUTLASS,gemm,cutlass3x_sm90_tensorop_s64x128x16gemm_f16_f16_f32_f16_f16_128x128x64_2x1x1_0_nnn_align8_warpspecialized_cooperative_epi_tma,passed,success,universal,768,4096,1024,f16:column,f16:column,f16:column,f16:column,1,0,serial,2,1,heuristic,invalid,invalid,false,false,1,tensorop,f32,128,128,64,2,1,1,0,0,0,6,4,2,1,64,128,16,90,90,16252928,6448742400,396,0.0180813,837.149,356653
22,CUTLASS,gemm,cutlass3x_sm90_tensorop_s64x128x16gemm_f16_f16_f32_f16_f16_128x128x64_2x1x1_0_nnn_align8_stream_k_warpspecialized_cooperative_epi_nosmem,passed,success,universal,768,4096,1024,f16:column,f16:column,f16:column,f16:column,1,0,serial,2,1,heuristic,invalid,invalid,false,false,1,tensorop,f32,128,128,64,2,1,1,0,0,0,7,4,2,1,64,128,16,90,90,16252928,6448742400,396,0.0284461,532.12,226701
22,CUTLASS,gemm,cutlass3x_sm90_tensorop_s64x128x16gemm_f16_f16_f32_f16_f16_128x128x64_2x1x1_0_nnn_align8_stream_k_warpspecialized_cooperative_epi_tma,passed,success,universal,768,4096,1024,f16:column,f16:column,f16:column,f16:column,1,0,serial,2,1,heuristic,invalid,invalid,false,false,1,tensorop,f32,128,128,64,2,1,1,0,0,0,6,4,2,1,64,128,16,90,90,16252928,6448742400,396,0.0272669,555.132,236505
23,CUTLASS,gemm,cutlass_tensorop_f16_s1688gemm_f16_256x128_32x2_nn_align8,passed,success,universal,896,4096,1024,f16:column,f16:column,f16:column,f16:column,1,0,serial,2,1,heuristic,invalid,invalid,false,false,1,tensorop,f32,256,128,32,1,1,1,0,0,0,2,4,2,1,16,8,8,75,1024,17563648,7523532800,428,0.0510832,320.211,147280
23,CUTLASS,gemm,cutlass_tensorop_f16_s16816gemm_f16_256x128_32x3_nn_align8,passed,success,universal,896,4096,1024,f16:column,f16:column,f16:column,f16:column,1,0,serial,2,1,heuristic,invalid,invalid,false,false,1,tensorop,f32,256,128,32,1,1,1,0,0,0,3,4,2,1,16,8,16,80,1024,17563648,7523532800,428,0.0317827,514.664,236718
23,CUTLASS,gemm,cutlass3x_sm90_tensorop_s64x128x16gemm_f16_f16_f32_f16_f16_128x128x64_1x2x1_0_nnn_align8,passed,success,universal,896,4096,1024,f16:column,f16:column,f16:column,f16:column,1,0,serial,2,1,heuristic,invalid,invalid,false,false,1,tensorop,f32,128,128,64,1,2,1,0,0,0,7,4,2,1,64,128,16,90,90,17563648,7523532800,428,0.0239862,681.95,313660
23,CUTLASS,gemm,cutlass3x_sm90_tensorop_s64x128x16gemm_f16_f16_f32_f16_f16_128x128x64_1x2x1_0_nnn_align8_warpspecialized_epi_nosmem,passed,success,universal,896,4096,1024,f16:column,f16:column,f16:column,f16:column,1,0,serial,2,1,heuristic,invalid,invalid,false,false,1,tensorop,f32,128,128,64,1,2,1,0,0,0,7,4,1,1,64,128,16,90,90,17563648,7523532800,428,0.0240288,680.742,313105
23,CUTLASS,gemm,cutlass3x_sm90_tensorop_s64x128x16gemm_f16_f16_f32_f16_f16_128x128x64_1x2x1_0_nnn_align8_warpspecialized_pingpong_epi_tma,passed,success,universal,896,4096,1024,f16:column,f16:column,f16:column,f16:column,1,0,serial,2,1,heuristic,invalid,invalid,false,false,1,tensorop,f32,128,128,64,1,2,1,0,0,0,6,4,1,1,64,128,16,90,90,17563648,7523532800,428,0.0192214,850.999,391414
23,CUTLASS,gemm,cutlass3x_sm90_tensorop_s64x128x16gemm_f16_f16_f32_f16_f16_128x128x64_1x2x1_0_nnn_align8_warpspecialized_pingpong_epi_nosmem,passed,success,universal,896,4096,1024,f16:column,f16:column,f16:column,f16:column,1,0,serial,2,1,heuristic,invalid,invalid,false,false,1,tensorop,f32,128,128,64,1,2,1,0,0,0,7,4,1,1,64,128,16,90,90,17563648,7523532800,428,0.0215549,758.873,349041
23,CUTLASS,gemm,cutlass3x_sm90_tensorop_s64x128x16gemm_f16_f16_f32_f16_f16_128x128x64_1x2x1_0_nnn_align8_warpspecialized_cooperative_epi_nosmem,passed,success,universal,896,4096,1024,f16:column,f16:column,f16:column,f16:column,1,0,serial,2,1,heuristic,invalid,invalid,false,false,1,tensorop,f32,128,128,64,1,2,1,0,0,0,7,4,2,1,64,128,16,90,90,17563648,7523532800,428,0.0240982,678.781,312203
23,CUTLASS,gemm,cutlass3x_sm90_tensorop_s64x128x16gemm_f16_f16_f32_f16_f16_128x128x64_1x2x1_0_nnn_align8_warpspecialized_cooperative_epi_tma,passed,success,universal,896,4096,1024,f16:column,f16:column,f16:column,f16:column,1,0,serial,2,1,heuristic,invalid,invalid,false,false,1,tensorop,f32,128,128,64,1,2,1,0,0,0,6,4,2,1,64,128,16,90,90,17563648,7523532800,428,0.0200253,816.839,375702
23,CUTLASS,gemm,cutlass3x_sm90_tensorop_s64x128x16gemm_f16_f16_f32_f16_f16_128x128x64_1x2x1_0_nnn_align8_stream_k_warpspecialized_cooperative_epi_nosmem,passed,success,universal,896,4096,1024,f16:column,f16:column,f16:column,f16:column,1,0,serial,2,1,heuristic,invalid,invalid,false,false,1,tensorop,f32,128,128,64,1,2,1,0,0,0,7,4,2,1,64,128,16,90,90,17563648,7523532800,428,0.0359376,455.162,209350
23,CUTLASS,gemm,cutlass3x_sm90_tensorop_s64x128x16gemm_f16_f16_f32_f16_f16_128x128x64_1x2x1_0_nnn_align8_stream_k_warpspecialized_cooperative_epi_tma,passed,success,universal,896,4096,1024,f16:column,f16:column,f16:column,f16:column,1,0,serial,2,1,heuristic,invalid,invalid,false,false,1,tensorop,f32,128,128,64,1,2,1,0,0,0,6,4,2,1,64,128,16,90,90,17563648,7523532800,428,0.0336064,486.735,223872
23,CUTLASS,gemm,cutlass3x_sm90_tensorop_s64x128x16gemm_f16_f16_f32_f16_f16_128x128x64_2x1x1_0_nnn_align8,passed,success,universal,896,4096,1024,f16:column,f16:column,f16:column,f16:column,1,0,serial,2,1,heuristic,invalid,invalid,false,false,1,tensorop,f32,128,128,64,2,1,1,0,0,0,7,4,2,1,64,128,16,90,90,17563648,7523532800,428,0.0248253,658.902,303059
23,CUTLASS,gemm,cutlass3x_sm90_tensorop_s64x128x16gemm_f16_f16_f32_f16_f16_128x128x64_2x1x1_0_nnn_align8_warpspecialized_epi_nosmem,passed,success,universal,896,4096,1024,f16:column,f16:column,f16:column,f16:column,1,0,serial,2,1,heuristic,invalid,invalid,false,false,1,tensorop,f32,128,128,64,2,1,1,0,0,0,7,4,1,1,64,128,16,90,90,17563648,7523532800,428,0.0266314,614.217,282507
23,CUTLASS,gemm,cutlass3x_sm90_tensorop_s64x128x16gemm_f16_f16_f32_f16_f16_128x128x64_2x1x1_0_nnn_align8_warpspecialized_pingpong_epi_tma,passed,success,universal,896,4096,1024,f16:column,f16:column,f16:column,f16:column,1,0,serial,2,1,heuristic,invalid,invalid,false,false,1,tensorop,f32,128,128,64,2,1,1,0,0,0,6,4,1,1,64,128,16,90,90,17563648,7523532800,428,0.0215622,758.614,348922
23,CUTLASS,gemm,cutlass3x_sm90_tensorop_s64x128x16gemm_f16_f16_f32_f16_f16_128x128x64_2x1x1_0_nnn_align8_warpspecialized_pingpong_epi_nosmem,passed,success,universal,896,4096,1024,f16:column,f16:column,f16:column,f16:column,1,0,serial,2,1,heuristic,invalid,invalid,false,false,1,tensorop,f32,128,128,64,2,1,1,0,0,0,7,4,1,1,64,128,16,90,90,17563648,7523532800,428,0.0242038,675.819,310840
23,CUTLASS,gemm,cutlass3x_sm90_tensorop_s64x128x16gemm_f16_f16_f32_f16_f16_128x128x64_2x1x1_0_nnn_align8_warpspecialized_cooperative_epi_nosmem,passed,success,universal,896,4096,1024,f16:column,f16:column,f16:column,f16:column,1,0,serial,2,1,heuristic,invalid,invalid,false,false,1,tensorop,f32,128,128,64,2,1,1,0,0,0,7,4,2,1,64,128,16,90,90,17563648,7523532800,428,0.0246534,663.495,305172
23,CUTLASS,gemm,cutlass3x_sm90_tensorop_s64x128x16gemm_f16_f16_f32_f16_f16_128x128x64_2x1x1_0_nnn_align8_warpspecialized_cooperative_epi_tma,passed,success,universal,896,4096,1024,f16:column,f16:column,f16:column,f16:column,1,0,serial,2,1,heuristic,invalid,invalid,false,false,1,tensorop,f32,128,128,64,2,1,1,0,0,0,6,4,2,1,64,128,16,90,90,17563648,7523532800,428,0.0211261,774.276,356125
23,CUTLASS,gemm,cutlass3x_sm90_tensorop_s64x128x16gemm_f16_f16_f32_f16_f16_128x128x64_2x1x1_0_nnn_align8_stream_k_warpspecialized_cooperative_epi_nosmem,passed,success,universal,896,4096,1024,f16:column,f16:column,f16:column,f16:column,1,0,serial,2,1,heuristic,invalid,invalid,false,false,1,tensorop,f32,128,128,64,2,1,1,0,0,0,7,4,2,1,64,128,16,90,90,17563648,7523532800,428,0.0364339,448.961,206498
23,CUTLASS,gemm,cutlass3x_sm90_tensorop_s64x128x16gemm_f16_f16_f32_f16_f16_128x128x64_2x1x1_0_nnn_align8_stream_k_warpspecialized_cooperative_epi_tma,passed,success,universal,896,4096,1024,f16:column,f16:column,f16:column,f16:column,1,0,serial,2,1,heuristic,invalid,invalid,false,false,1,tensorop,f32,128,128,64,2,1,1,0,0,0,6,4,2,1,64,128,16,90,90,17563648,7523532800,428,0.0341622,478.816,220229
24,CUTLASS,gemm,cutlass_tensorop_f16_s1688gemm_f16_256x128_32x2_nn_align8,passed,success,universal,1024,4096,1024,f16:column,f16:column,f16:column,f16:column,1,0,serial,2,1,heuristic,invalid,invalid,false,false,1,tensorop,f32,256,128,32,1,1,1,0,0,0,2,4,2,1,16,8,8,75,1024,18874368,8598323200,455,0.0522003,336.744,164718
24,CUTLASS,gemm,cutlass_tensorop_f16_s16816gemm_f16_256x128_32x3_nn_align8,passed,success,universal,1024,4096,1024,f16:column,f16:column,f16:column,f16:column,1,0,serial,2,1,heuristic,invalid,invalid,false,false,1,tensorop,f32,256,128,32,1,1,1,0,0,0,3,4,2,1,16,8,16,80,1024,18874368,8598323200,455,0.0324845,541.124,264690
24,CUTLASS,gemm,cutlass3x_sm90_tensorop_s64x128x16gemm_f16_f16_f32_f16_f16_128x128x64_1x2x1_0_nnn_align8,passed,success,universal,1024,4096,1024,f16:column,f16:column,f16:column,f16:column,1,0,serial,2,1,heuristic,invalid,invalid,false,false,1,tensorop,f32,128,128,64,1,2,1,0,0,0,7,4,2,1,64,128,16,90,90,18874368,8598323200,455,0.0226557,775.882,379522
24,CUTLASS,gemm,cutlass3x_sm90_tensorop_s64x128x16gemm_f16_f16_f32_f16_f16_128x128x64_1x2x1_0_nnn_align8_warpspecialized_epi_nosmem,passed,success,universal,1024,4096,1024,f16:column,f16:column,f16:column,f16:column,1,0,serial,2,1,heuristic,invalid,invalid,false,false,1,tensorop,f32,128,128,64,1,2,1,0,0,0,7,4,1,1,64,128,16,90,90,18874368,8598323200,455,0.0228458,769.426,376364
24,CUTLASS,gemm,cutlass3x_sm90_tensorop_s64x128x16gemm_f16_f16_f32_f16_f16_128x128x64_1x2x1_0_nnn_align8_warpspecialized_pingpong_epi_tma,passed,success,universal,1024,4096,1024,f16:column,f16:column,f16:column,f16:column,1,0,serial,2,1,heuristic,invalid,invalid,false,false,1,tensorop,f32,128,128,64,1,2,1,0,0,0,6,4,1,1,64,128,16,90,90,18874368,8598323200,455,0.0197795,888.703,434708
24,CUTLASS,gemm,cutlass3x_sm90_tensorop_s64x128x16gemm_f16_f16_f32_f16_f16_128x128x64_1x2x1_0_nnn_align8_warpspecialized_pingpong_epi_nosmem,passed,success,universal,1024,4096,1024,f16:column,f16:column,f16:column,f16:column,1,0,serial,2,1,heuristic,invalid,invalid,false,false,1,tensorop,f32,128,128,64,1,2,1,0,0,0,7,4,1,1,64,128,16,90,90,18874368,8598323200,455,0.0210739,834.117,408008
24,CUTLASS,gemm,cutlass3x_sm90_tensorop_s64x128x16gemm_f16_f16_f32_f16_f16_128x128x64_1x2x1_0_nnn_align8_warpspecialized_cooperative_epi_nosmem,passed,success,universal,1024,4096,1024,f16:column,f16:column,f16:column,f16:column,1,0,serial,2,1,heuristic,invalid,invalid,false,false,1,tensorop,f32,128,128,64,1,2,1,0,0,0,7,4,2,1,64,128,16,90,90,18874368,8598323200,455,0.0228083,770.689,376982
24,CUTLASS,gemm,cutlass3x_sm90_tensorop_s64x128x16gemm_f16_f16_f32_f16_f16_128x128x64_1x2x1_0_nnn_align8_warpspecialized_cooperative_epi_tma,passed,success,universal,1024,4096,1024,f16:column,f16:column,f16:column,f16:column,1,0,serial,2,1,heuristic,invalid,invalid,false,false,1,tensorop,f32,128,128,64,1,2,1,0,0,0,6,4,2,1,64,128,16,90,90,18874368,8598323200,455,0.0197046,892.08,436360
24,CUTLASS,gemm,cutlass3x_sm90_tensorop_s64x128x16gemm_f16_f16_f32_f16_f16_128x128x64_1x2x1_0_nnn_align8_stream_k_warpspecialized_cooperative_epi_nosmem,passed,success,universal,1024,4096,1024,f16:column,f16:column,f16:column,f16:column,1,0,serial,2,1,heuristic,invalid,invalid,false,false,1,tensorop,f32,128,128,64,1,2,1,0,0,0,7,4,2,1,64,128,16,90,90,18874368,8598323200,455,0.0362624,484.748,237114
24,CUTLASS,gemm,cutlass3x_sm90_tensorop_s64x128x16gemm_f16_f16_f32_f16_f16_128x128x64_1x2x1_0_nnn_align8_stream_k_warpspecialized_cooperative_epi_tma,passed,success,universal,1024,4096,1024,f16:column,f16:column,f16:column,f16:column,1,0,serial,2,1,heuristic,invalid,invalid,false,false,1,tensorop,f32,128,128,64,1,2,1,0,0,0,6,4,2,1,64,128,16,90,90,18874368,8598323200,455,0.0350643,501.311,245216
24,CUTLASS,gemm,cutlass3x_sm90_tensorop_s64x128x16gemm_f16_f16_f32_f16_f16_128x128x64_2x1x1_0_nnn_align8,passed,success,universal,1024,4096,1024,f16:column,f16:column,f16:column,f16:column,1,0,serial,2,1,heuristic,invalid,invalid,false,false,1,tensorop,f32,128,128,64,2,1,1,0,0,0,7,4,2,1,64,128,16,90,90,18874368,8598323200,455,0.0215523,815.602,398951
24,CUTLASS,gemm,cutlass3x_sm90_tensorop_s64x128x16gemm_f16_f16_f32_f16_f16_128x128x64_2x1x1_0_nnn_align8_warpspecialized_epi_nosmem,passed,success,universal,1024,4096,1024,f16:column,f16:column,f16:column,f16:column,1,0,serial,2,1,heuristic,invalid,invalid,false,false,1,tensorop,f32,128,128,64,2,1,1,0,0,0,7,4,1,1,64,128,16,90,90,18874368,8598323200,455,0.0226083,777.507,380317
24,CUTLASS,gemm,cutlass3x_sm90_tensorop_s64x128x16gemm_f16_f16_f32_f16_f16_128x128x64_2x1x1_0_nnn_align8_warpspecialized_pingpong_epi_tma,passed,success,universal,1024,4096,1024,f16:column,f16:column,f16:column,f16:column,1,0,serial,2,1,heuristic,invalid,invalid,false,false,1,tensorop,f32,128,128,64,2,1,1,0,0,0,6,4,1,1,64,128,16,90,90,18874368,8598323200,455,0.0177395,990.902,484699
24,CUTLASS,gemm,cutlass3x_sm90_tensorop_s64x128x16gemm_f16_f16_f32_f16_f16_128x128x64_2x1x1_0_nnn_align8_warpspecialized_pingpong_epi_nosmem,passed,success,universal,1024,4096,1024,f16:column,f16:column,f16:column,f16:column,1,0,serial,2,1,heuristic,invalid,invalid,false,false,1,tensorop,f32,128,128,64,2,1,1,0,0,0,7,4,1,1,64,128,16,90,90,18874368,8598323200,455,0.0192064,915.222,447680
24,CUTLASS,gemm,cutlass3x_sm90_tensorop_s64x128x16gemm_f16_f16_f32_f16_f16_128x128x64_2x1x1_0_nnn_align8_warpspecialized_cooperative_epi_nosmem,passed,success,universal,1024,4096,1024,f16:column,f16:column,f16:column,f16:column,1,0,serial,2,1,heuristic,invalid,invalid,false,false,1,tensorop,f32,128,128,64,2,1,1,0,0,0,7,4,2,1,64,128,16,90,90,18874368,8598323200,455,0.0215331,816.33,399307
24,CUTLASS,gemm,cutlass3x_sm90_tensorop_s64x128x16gemm_f16_f16_f32_f16_f16_128x128x64_2x1x1_0_nnn_align8_warpspecialized_cooperative_epi_tma,passed,success,universal,1024,4096,1024,f16:column,f16:column,f16:column,f16:column,1,0,serial,2,1,heuristic,invalid,invalid,false,false,1,tensorop,f32,128,128,64,2,1,1,0,0,0,6,4,2,1,64,128,16,90,90,18874368,8598323200,455,0.0183338,958.784,468989
24,CUTLASS,gemm,cutlass3x_sm90_tensorop_s64x128x16gemm_f16_f16_f32_f16_f16_128x128x64_2x1x1_0_nnn_align8_stream_k_warpspecialized_cooperative_epi_nosmem,passed,success,universal,1024,4096,1024,f16:column,f16:column,f16:column,f16:column,1,0,serial,2,1,heuristic,invalid,invalid,false,false,1,tensorop,f32,128,128,64,2,1,1,0,0,0,7,4,2,1,64,128,16,90,90,18874368,8598323200,455,0.0348115,504.951,246996
24,CUTLASS,gemm,cutlass3x_sm90_tensorop_s64x128x16gemm_f16_f16_f32_f16_f16_128x128x64_2x1x1_0_nnn_align8_stream_k_warpspecialized_cooperative_epi_tma,passed,success,universal,1024,4096,1024,f16:column,f16:column,f16:column,f16:column,1,0,serial,2,1,heuristic,invalid,invalid,false,false,1,tensorop,f32,128,128,64,2,1,1,0,0,0,6,4,2,1,64,128,16,90,90,18874368,8598323200,455,0.0334173,526.019,257302
25,CUTLASS,gemm,cutlass_tensorop_f16_s1688gemm_f16_256x128_32x2_nn_align8,passed,success,universal,1152,4096,1024,f16:column,f16:column,f16:column,f16:column,1,0,serial,2,1,heuristic,invalid,invalid,false,false,1,tensorop,f32,256,128,32,1,1,1,0,0,0,2,4,2,1,16,8,8,75,1024,20185088,9673113600,479,0.0745466,252.176,129759
25,CUTLASS,gemm,cutlass_tensorop_f16_s16816gemm_f16_256x128_32x3_nn_align8,passed,success,universal,1152,4096,1024,f16:column,f16:column,f16:column,f16:column,1,0,serial,2,1,heuristic,invalid,invalid,false,false,1,tensorop,f32,256,128,32,1,1,1,0,0,0,3,4,2,1,16,8,16,80,1024,20185088,9673113600,479,0.0455274,412.913,212468
25,CUTLASS,gemm,cutlass3x_sm90_tensorop_s64x128x16gemm_f16_f16_f32_f16_f16_128x128x64_1x2x1_0_nnn_align8,passed,success,universal,1152,4096,1024,f16:column,f16:column,f16:column,f16:column,1,0,serial,2,1,heuristic,invalid,invalid,false,false,1,tensorop,f32,128,128,64,1,2,1,0,0,0,7,4,2,1,64,128,16,90,90,20185088,9673113600,479,0.0313133,600.347,308914
25,CUTLASS,gemm,cutlass3x_sm90_tensorop_s64x128x16gemm_f16_f16_f32_f16_f16_128x128x64_1x2x1_0_nnn_align8_warpspecialized_epi_nosmem,passed,success,universal,1152,4096,1024,f16:column,f16:column,f16:column,f16:column,1,0,serial,2,1,heuristic,invalid,invalid,false,false,1,tensorop,f32,128,128,64,1,2,1,0,0,0,7,4,1,1,64,128,16,90,90,20185088,9673113600,479,0.0306918,612.502,315169
25,CUTLASS,gemm,cutlass3x_sm90_tensorop_s64x128x16gemm_f16_f16_f32_f16_f16_128x128x64_1x2x1_0_nnn_align8_warpspecialized_pingpong_epi_tma,passed,success,universal,1152,4096,1024,f16:column,f16:column,f16:column,f16:column,1,0,serial,2,1,heuristic,invalid,invalid,false,false,1,tensorop,f32,128,128,64,1,2,1,0,0,0,6,4,1,1,64,128,16,90,90,20185088,9673113600,479,0.0245904,764.478,393370
25,CUTLASS,gemm,cutlass3x_sm90_tensorop_s64x128x16gemm_f16_f16_f32_f16_f16_128x128x64_1x2x1_0_nnn_align8_warpspecialized_pingpong_epi_nosmem,passed,success,universal,1152,4096,1024,f16:column,f16:column,f16:column,f16:column,1,0,serial,2,1,heuristic,invalid,invalid,false,false,1,tensorop,f32,128,128,64,1,2,1,0,0,0,7,4,1,1,64,128,16,90,90,20185088,9673113600,479,0.0270208,695.717,357988
25,CUTLASS,gemm,cutlass3x_sm90_tensorop_s64x128x16gemm_f16_f16_f32_f16_f16_128x128x64_1x2x1_0_nnn_align8_warpspecialized_cooperative_epi_nosmem,passed,success,universal,1152,4096,1024,f16:column,f16:column,f16:column,f16:column,1,0,serial,2,1,heuristic,invalid,invalid,false,false,1,tensorop,f32,128,128,64,1,2,1,0,0,0,7,4,2,1,64,128,16,90,90,20185088,9673113600,479,0.0310842,604.772,311191
25,CUTLASS,gemm,cutlass3x_sm90_tensorop_s64x128x16gemm_f16_f16_f32_f16_f16_128x128x64_1x2x1_0_nnn_align8_warpspecialized_cooperative_epi_tma,passed,success,universal,1152,4096,1024,f16:column,f16:column,f16:column,f16:column,1,0,serial,2,1,heuristic,invalid,invalid,false,false,1,tensorop,f32,128,128,64,1,2,1,0,0,0,6,4,2,1,64,128,16,90,90,20185088,9673113600,479,0.0257786,729.243,375239
25,CUTLASS,gemm,cutlass3x_sm90_tensorop_s64x128x16gemm_f16_f16_f32_f16_f16_128x128x64_1x2x1_0_nnn_align8_stream_k_warpspecialized_cooperative_epi_nosmem,passed,success,universal,1152,4096,1024,f16:column,f16:column,f16:column,f16:column,1,0,serial,2,1,heuristic,invalid,invalid,false,false,1,tensorop,f32,128,128,64,1,2,1,0,0,0,7,4,2,1,64,128,16,90,90,20185088,9673113600,479,0.0443283,424.082,218215
25,CUTLASS,gemm,cutlass3x_sm90_tensorop_s64x128x16gemm_f16_f16_f32_f16_f16_128x128x64_1x2x1_0_nnn_align8_stream_k_warpspecialized_cooperative_epi_tma,passed,success,universal,1152,4096,1024,f16:column,f16:column,f16:column,f16:column,1,0,serial,2,1,heuristic,invalid,invalid,false,false,1,tensorop,f32,128,128,64,1,2,1,0,0,0,6,4,2,1,64,128,16,90,90,20185088,9673113600,479,0.041751,450.26,231686
25,CUTLASS,gemm,cutlass3x_sm90_tensorop_s64x128x16gemm_f16_f16_f32_f16_f16_128x128x64_2x1x1_0_nnn_align8,passed,success,universal,1152,4096,1024,f16:column,f16:column,f16:column,f16:column,1,0,serial,2,1,heuristic,invalid,invalid,false,false,1,tensorop,f32,128,128,64,2,1,1,0,0,0,7,4,2,1,64,128,16,90,90,20185088,9673113600,479,0.0325142,578.172,297504
25,CUTLASS,gemm,cutlass3x_sm90_tensorop_s64x128x16gemm_f16_f16_f32_f16_f16_128x128x64_2x1x1_0_nnn_align8_warpspecialized_epi_nosmem,passed,success,universal,1152,4096,1024,f16:column,f16:column,f16:column,f16:column,1,0,serial,2,1,heuristic,invalid,invalid,false,false,1,tensorop,f32,128,128,64,2,1,1,0,0,0,7,4,1,1,64,128,16,90,90,20185088,9673113600,479,0.0330189,569.336,292957
25,CUTLASS,gemm,cutlass3x_sm90_tensorop_s64x128x16gemm_f16_f16_f32_f16_f16_128x128x64_2x1x1_0_nnn_align8_warpspecialized_pingpong_epi_tma,passed,success,universal,1152,4096,1024,f16:column,f16:column,f16:column,f16:column,1,0,serial,2,1,heuristic,invalid,invalid,false,false,1,tensorop,f32,128,128,64,2,1,1,0,0,0,6,4,1,1,64,128,16,90,90,20185088,9673113600,479,0.0275722,681.805,350829
25,CUTLASS,gemm,cutlass3x_sm90_tensorop_s64x128x16gemm_f16_f16_f32_f16_f16_128x128x64_2x1x1_0_nnn_align8_warpspecialized_pingpong_epi_nosmem,passed,success,universal,1152,4096,1024,f16:column,f16:column,f16:column,f16:column,1,0,serial,2,1,heuristic,invalid,invalid,false,false,1,tensorop,f32,128,128,64,2,1,1,0,0,0,7,4,1,1,64,128,16,90,90,20185088,9673113600,479,0.0300291,626.02,322124
25,CUTLASS,gemm,cutlass3x_sm90_tensorop_s64x128x16gemm_f16_f16_f32_f16_f16_128x128x64_2x1x1_0_nnn_align8_warpspecialized_cooperative_epi_nosmem,passed,success,universal,1152,4096,1024,f16:column,f16:column,f16:column,f16:column,1,0,serial,2,1,heuristic,invalid,invalid,false,false,1,tensorop,f32,128,128,64,2,1,1,0,0,0,7,4,2,1,64,128,16,90,90,20185088,9673113600,479,0.0325946,576.747,296771
25,CUTLASS,gemm,cutlass3x_sm90_tensorop_s64x128x16gemm_f16_f16_f32_f16_f16_128x128x64_2x1x1_0_nnn_align8_warpspecialized_cooperative_epi_tma,passed,success,universal,1152,4096,1024,f16:column,f16:column,f16:column,f16:column,1,0,serial,2,1,heuristic,invalid,invalid,false,false,1,tensorop,f32,128,128,64,2,1,1,0,0,0,6,4,2,1,64,128,16,90,90,20185088,9673113600,479,0.028079,669.497,344496
25,CUTLASS,gemm,cutlass3x_sm90_tensorop_s64x128x16gemm_f16_f16_f32_f16_f16_128x128x64_2x1x1_0_nnn_align8_stream_k_warpspecialized_cooperative_epi_nosmem,passed,success,universal,1152,4096,1024,f16:column,f16:column,f16:column,f16:column,1,0,serial,2,1,heuristic,invalid,invalid,false,false,1,tensorop,f32,128,128,64,2,1,1,0,0,0,7,4,2,1,64,128,16,90,90,20185088,9673113600,479,0.0444976,422.468,217385
25,CUTLASS,gemm,cutlass3x_sm90_tensorop_s64x128x16gemm_f16_f16_f32_f16_f16_128x128x64_2x1x1_0_nnn_align8_stream_k_warpspecialized_cooperative_epi_tma,passed,success,universal,1152,4096,1024,f16:column,f16:column,f16:column,f16:column,1,0,serial,2,1,heuristic,invalid,invalid,false,false,1,tensorop,f32,128,128,64,2,1,1,0,0,0,6,4,2,1,64,128,16,90,90,20185088,9673113600,479,0.0427098,440.153,226485
26,CUTLASS,gemm,cutlass_tensorop_f16_s1688gemm_f16_256x128_32x2_nn_align8,passed,success,universal,1280,4096,1024,f16:column,f16:column,f16:column,f16:column,1,0,serial,2,1,heuristic,invalid,invalid,false,false,1,tensorop,f32,256,128,32,1,1,1,0,0,0,2,4,2,1,16,8,8,75,1024,21495808,10747904000,500,0.0746032,268.347,144068
26,CUTLASS,gemm,cutlass_tensorop_f16_s16816gemm_f16_256x128_32x3_nn_align8,passed,success,universal,1280,4096,1024,f16:column,f16:column,f16:column,f16:column,1,0,serial,2,1,heuristic,invalid,invalid,false,false,1,tensorop,f32,256,128,32,1,1,1,0,0,0,3,4,2,1,16,8,16,80,1024,21495808,10747904000,500,0.0457264,437.811,235048
26,CUTLASS,gemm,cutlass3x_sm90_tensorop_s64x128x16gemm_f16_f16_f32_f16_f16_128x128x64_1x2x1_0_nnn_align8,passed,success,universal,1280,4096,1024,f16:column,f16:column,f16:column,f16:column,1,0,serial,2,1,heuristic,invalid,invalid,false,false,1,tensorop,f32,128,128,64,1,2,1,0,0,0,7,4,2,1,64,128,16,90,90,21495808,10747904000,500,0.0305811,654.637,351456
26,CUTLASS,gemm,cutlass3x_sm90_tensorop_s64x128x16gemm_f16_f16_f32_f16_f16_128x128x64_1x2x1_0_nnn_align8_warpspecialized_epi_nosmem,passed,success,universal,1280,4096,1024,f16:column,f16:column,f16:column,f16:column,1,0,serial,2,1,heuristic,invalid,invalid,false,false,1,tensorop,f32,128,128,64,1,2,1,0,0,0,7,4,1,1,64,128,16,90,90,21495808,10747904000,500,0.0306211,653.782,350996
26,CUTLASS,gemm,cutlass3x_sm90_tensorop_s64x128x16gemm_f16_f16_f32_f16_f16_128x128x64_1x2x1_0_nnn_align8_warpspecialized_pingpong_epi_tma,passed,success,universal,1280,4096,1024,f16:column,f16:column,f16:column,f16:column,1,0,serial,2,1,heuristic,invalid,invalid,false,false,1,tensorop,f32,128,128,64,1,2,1,0,0,0,6,4,1,1,64,128,16,90,90,21495808,10747904000,500,0.0244307,819.441,439934
26,CUTLASS,gemm,cutlass3x_sm90_tensorop_s64x128x16gemm_f16_f16_f32_f16_f16_128x128x64_1x2x1_0_nnn_align8_warpspecialized_pingpong_epi_nosmem,passed,success,universal,1280,4096,1024,f16:column,f16:column,f16:column,f16:column,1,0,serial,2,1,heuristic,invalid,invalid,false,false,1,tensorop,f32,128,128,64,1,2,1,0,0,0,7,4,1,1,64,128,16,90,90,21495808,10747904000,500,0.0260605,768.195,412422
26,CUTLASS,gemm,cutlass3x_sm90_tensorop_s64x128x16gemm_f16_f16_f32_f16_f16_128x128x64_1x2x1_0_nnn_align8_warpspecialized_cooperative_epi_nosmem,passed,success,universal,1280,4096,1024,f16:column,f16:column,f16:column,f16:column,1,0,serial,2,1,heuristic,invalid,invalid,false,false,1,tensorop,f32,128,128,64,1,2,1,0,0,0,7,4,2,1,64,128,16,90,90,21495808,10747904000,500,0.0307149,651.786,349925
26,CUTLASS,gemm,cutlass3x_sm90_tensorop_s64x128x16gemm_f16_f16_f32_f16_f16_128x128x64_1x2x1_0_nnn_align8_warpspecialized_cooperative_epi_tma,passed,success,universal,1280,4096,1024,f16:column,f16:column,f16:column,f16:column,1,0,serial,2,1,heuristic,invalid,invalid,false,false,1,tensorop,f32,128,128,64,1,2,1,0,0,0,6,4,2,1,64,128,16,90,90,21495808,10747904000,500,0.025751,777.426,417377
26,CUTLASS,gemm,cutlass3x_sm90_tensorop_s64x128x16gemm_f16_f16_f32_f16_f16_128x128x64_1x2x1_0_nnn_align8_stream_k_warpspecialized_cooperative_epi_nosmem,passed,success,universal,1280,4096,1024,f16:column,f16:column,f16:column,f16:column,1,0,serial,2,1,heuristic,invalid,invalid,false,false,1,tensorop,f32,128,128,64,1,2,1,0,0,0,7,4,2,1,64,128,16,90,90,21495808,10747904000,500,0.0438614,456.427,245042
26,CUTLASS,gemm,cutlass3x_sm90_tensorop_s64x128x16gemm_f16_f16_f32_f16_f16_128x128x64_1x2x1_0_nnn_align8_stream_k_warpspecialized_cooperative_epi_tma,passed,success,universal,1280,4096,1024,f16:column,f16:column,f16:column,f16:column,1,0,serial,2,1,heuristic,invalid,invalid,false,false,1,tensorop,f32,128,128,64,1,2,1,0,0,0,6,4,2,1,64,128,16,90,90,21495808,10747904000,500,0.0423507,472.708,253783
26,CUTLASS,gemm,cutlass3x_sm90_tensorop_s64x128x16gemm_f16_f16_f32_f16_f16_128x128x64_2x1x1_0_nnn_align8,passed,success,universal,1280,4096,1024,f16:column,f16:column,f16:column,f16:column,1,0,serial,2,1,heuristic,invalid,invalid,false,false,1,tensorop,f32,128,128,64,2,1,1,0,0,0,7,4,2,1,64,128,16,90,90,21495808,10747904000,500,0.030577,654.726,351503
26,CUTLASS,gemm,cutlass3x_sm90_tensorop_s64x128x16gemm_f16_f16_f32_f16_f16_128x128x64_2x1x1_0_nnn_align8_warpspecialized_epi_nosmem,passed,success,universal,1280,4096,1024,f16:column,f16:column,f16:column,f16:column,1,0,serial,2,1,heuristic,invalid,invalid,false,false,1,tensorop,f32,128,128,64,2,1,1,0,0,0,7,4,1,1,64,128,16,90,90,21495808,10747904000,500,0.031607,633.388,340048
26,CUTLASS,gemm,cutlass3x_sm90_tensorop_s64x128x16gemm_f16_f16_f32_f16_f16_128x128x64_2x1x1_0_nnn_align8_warpspecialized_pingpong_epi_tma,passed,success,universal,1280,4096,1024,f16:column,f16:column,f16:column,f16:column,1,0,serial,2,1,heuristic,invalid,invalid,false,false,1,tensorop,f32,128,128,64,2,1,1,0,0,0,6,4,1,1,64,128,16,90,90,21495808,10747904000,500,0.0236966,844.826,453562
26,CUTLASS,gemm,cutlass3x_sm90_tensorop_s64x128x16gemm_f16_f16_f32_f16_f16_128x128x64_2x1x1_0_nnn_align8_warpspecialized_pingpong_epi_nosmem,passed,success,universal,1280,4096,1024,f16:column,f16:column,f16:column,f16:column,1,0,serial,2,1,heuristic,invalid,invalid,false,false,1,tensorop,f32,128,128,64,2,1,1,0,0,0,7,4,1,1,64,128,16,90,90,21495808,10747904000,500,0.0258566,774.251,415673
26,CUTLASS,gemm,cutlass3x_sm90_tensorop_s64x128x16gemm_f16_f16_f32_f16_f16_128x128x64_2x1x1_0_nnn_align8_warpspecialized_cooperative_epi_nosmem,passed,success,universal,1280,4096,1024,f16:column,f16:column,f16:column,f16:column,1,0,serial,2,1,heuristic,invalid,invalid,false,false,1,tensorop,f32,128,128,64,2,1,1,0,0,0,7,4,2,1,64,128,16,90,90,21495808,10747904000,500,0.030585,654.555,351411
26,CUTLASS,gemm,cutlass3x_sm90_tensorop_s64x128x16gemm_f16_f16_f32_f16_f16_128x128x64_2x1x1_0_nnn_align8_warpspecialized_cooperative_epi_tma,passed,success,universal,1280,4096,1024,f16:column,f16:column,f16:column,f16:column,1,0,serial,2,1,heuristic,invalid,invalid,false,false,1,tensorop,f32,128,128,64,2,1,1,0,0,0,6,4,2,1,64,128,16,90,90,21495808,10747904000,500,0.0251066,797.382,428091
26,CUTLASS,gemm,cutlass3x_sm90_tensorop_s64x128x16gemm_f16_f16_f32_f16_f16_128x128x64_2x1x1_0_nnn_align8_stream_k_warpspecialized_cooperative_epi_nosmem,passed,success,universal,1280,4096,1024,f16:column,f16:column,f16:column,f16:column,1,0,serial,2,1,heuristic,invalid,invalid,false,false,1,tensorop,f32,128,128,64,2,1,1,0,0,0,7,4,2,1,64,128,16,90,90,21495808,10747904000,500,0.0440598,454.371,243939
26,CUTLASS,gemm,cutlass3x_sm90_tensorop_s64x128x16gemm_f16_f16_f32_f16_f16_128x128x64_2x1x1_0_nnn_align8_stream_k_warpspecialized_cooperative_epi_tma,passed,success,universal,1280,4096,1024,f16:column,f16:column,f16:column,f16:column,1,0,serial,2,1,heuristic,invalid,invalid,false,false,1,tensorop,f32,128,128,64,2,1,1,0,0,0,6,4,2,1,64,128,16,90,90,21495808,10747904000,500,0.0428627,467.062,250752
27,CUTLASS,gemm,cutlass_tensorop_f16_s1688gemm_f16_256x128_32x2_nn_align8,passed,success,universal,1408,4096,1024,f16:column,f16:column,f16:column,f16:column,1,0,serial,2,1,heuristic,invalid,invalid,false,false,1,tensorop,f32,256,128,32,1,1,1,0,0,0,2,4,2,1,16,8,8,75,1024,22806528,11822694400,518,0.074832,283.839,157990
27,CUTLASS,gemm,cutlass_tensorop_f16_s16816gemm_f16_256x128_32x3_nn_align8,passed,success,universal,1408,4096,1024,f16:column,f16:column,f16:column,f16:column,1,0,serial,2,1,heuristic,invalid,invalid,false,false,1,tensorop,f32,256,128,32,1,1,1,0,0,0,3,4,2,1,16,8,16,80,1024,22806528,11822694400,518,0.0459245,462.504,257438
27,CUTLASS,gemm,cutlass3x_sm90_tensorop_s64x128x16gemm_f16_f16_f32_f16_f16_128x128x64_1x2x1_0_nnn_align8,passed,success,universal,1408,4096,1024,f16:column,f16:column,f16:column,f16:column,1,0,serial,2,1,heuristic,invalid,invalid,false,false,1,tensorop,f32,128,128,64,1,2,1,0,0,0,7,4,2,1,64,128,16,90,90,22806528,11822694400,518,0.0309933,685.317,381460
27,CUTLASS,gemm,cutlass3x_sm90_tensorop_s64x128x16gemm_f16_f16_f32_f16_f16_128x128x64_1x2x1_0_nnn_align8_warpspecialized_epi_nosmem,passed,success,universal,1408,4096,1024,f16:column,f16:column,f16:column,f16:column,1,0,serial,2,1,heuristic,invalid,invalid,false,false,1,tensorop,f32,128,128,64,1,2,1,0,0,0,7,4,1,1,64,128,16,90,90,22806528,11822694400,518,0.0318371,667.153,371349
27,CUTLASS,gemm,cutlass3x_sm90_tensorop_s64x128x16gemm_f16_f16_f32_f16_f16_128x128x64_1x2x1_0_nnn_align8_warpspecialized_pingpong_epi_tma,passed,success,universal,1408,4096,1024,f16:column,f16:column,f16:column,f16:column,1,0,serial,2,1,heuristic,invalid,invalid,false,false,1,tensorop,f32,128,128,64,1,2,1,0,0,0,6,4,1,1,64,128,16,90,90,22806528,11822694400,518,0.0245008,866.92,482543
27,CUTLASS,gemm,cutlass3x_sm90_tensorop_s64x128x16gemm_f16_f16_f32_f16_f16_128x128x64_1x2x1_0_nnn_align8_warpspecialized_pingpong_epi_nosmem,passed,success,universal,1408,4096,1024,f16:column,f16:column,f16:column,f16:column,1,0,serial,2,1,heuristic,invalid,invalid,false,false,1,tensorop,f32,128,128,64,1,2,1,0,0,0,7,4,1,1,64,128,16,90,90,22806528,11822694400,518,0.0270061,786.498,437779
27,CUTLASS,gemm,cutlass3x_sm90_tensorop_s64x128x16gemm_f16_f16_f32_f16_f16_128x128x64_1x2x1_0_nnn_align8_warpspecialized_cooperative_epi_nosmem,passed,success,universal,1408,4096,1024,f16:column,f16:column,f16:column,f16:column,1,0,serial,2,1,heuristic,invalid,invalid,false,false,1,tensorop,f32,128,128,64,1,2,1,0,0,0,7,4,2,1,64,128,16,90,90,22806528,11822694400,518,0.0310237,684.646,381086
27,CUTLASS,gemm,cutlass3x_sm90_tensorop_s64x128x16gemm_f16_f16_f32_f16_f16_128x128x64_1x2x1_0_nnn_align8_warpspecialized_cooperative_epi_tma,passed,success,universal,1408,4096,1024,f16:column,f16:column,f16:column,f16:column,1,0,serial,2,1,heuristic,invalid,invalid,false,false,1,tensorop,f32,128,128,64,1,2,1,0,0,0,6,4,2,1,64,128,16,90,90,22806528,11822694400,518,0.0256851,826.947,460294
27,CUTLASS,gemm,cutlass3x_sm90_tensorop_s64x128x16gemm_f16_f16_f32_f16_f16_128x128x64_1x2x1_0_nnn_align8_stream_k_warpspecialized_cooperative_epi_nosmem,passed,success,universal,1408,4096,1024,f16:column,f16:column,f16:column,f16:column,1,0,serial,2,1,heuristic,invalid,invalid,false,false,1,tensorop,f32,128,128,64,1,2,1,0,0,0,7,4,2,1,64,128,16,90,90,22806528,11822694400,518,0.0513011,414.031,230457
27,CUTLASS,gemm,cutlass3x_sm90_tensorop_s64x128x16gemm_f16_f16_f32_f16_f16_128x128x64_1x2x1_0_nnn_align8_stream_k_warpspecialized_cooperative_epi_tma,passed,success,universal,1408,4096,1024,f16:column,f16:column,f16:column,f16:column,1,0,serial,2,1,heuristic,invalid,invalid,false,false,1,tensorop,f32,128,128,64,1,2,1,0,0,0,6,4,2,1,64,128,16,90,90,22806528,11822694400,518,0.0499728,425.036,236583
27,CUTLASS,gemm,cutlass3x_sm90_tensorop_s64x128x16gemm_f16_f16_f32_f16_f16_128x128x64_2x1x1_0_nnn_align8,passed,success,universal,1408,4096,1024,f16:column,f16:column,f16:column,f16:column,1,0,serial,2,1,heuristic,invalid,invalid,false,false,1,tensorop,f32,128,128,64,2,1,1,0,0,0,7,4,2,1,64,128,16,90,90,22806528,11822694400,518,0.0331674,640.396,356456
27,CUTLASS,gemm,cutlass3x_sm90_tensorop_s64x128x16gemm_f16_f16_f32_f16_f16_128x128x64_2x1x1_0_nnn_align8_warpspecialized_epi_nosmem,passed,success,universal,1408,4096,1024,f16:column,f16:column,f16:column,f16:column,1,0,serial,2,1,heuristic,invalid,invalid,false,false,1,tensorop,f32,128,128,64,2,1,1,0,0,0,7,4,1,1,64,128,16,90,90,22806528,11822694400,518,0.0356938,595.069,331226
27,CUTLASS,gemm,cutlass3x_sm90_tensorop_s64x128x16gemm_f16_f16_f32_f16_f16_128x128x64_2x1x1_0_nnn_align8_warpspecialized_pingpong_epi_tma,passed,success,universal,1408,4096,1024,f16:column,f16:column,f16:column,f16:column,1,0,serial,2,1,heuristic,invalid,invalid,false,false,1,tensorop,f32,128,128,64,2,1,1,0,0,0,6,4,1,1,64,128,16,90,90,22806528,11822694400,518,0.0302787,701.49,390462
27,CUTLASS,gemm,cutlass3x_sm90_tensorop_s64x128x16gemm_f16_f16_f32_f16_f16_128x128x64_2x1x1_0_nnn_align8_warpspecialized_pingpong_epi_nosmem,passed,success,universal,1408,4096,1024,f16:column,f16:column,f16:column,f16:column,1,0,serial,2,1,heuristic,invalid,invalid,false,false,1,tensorop,f32,128,128,64,2,1,1,0,0,0,7,4,1,1,64,128,16,90,90,22806528,11822694400,518,0.0310445,684.187,380831
27,CUTLASS,gemm,cutlass3x_sm90_tensorop_s64x128x16gemm_f16_f16_f32_f16_f16_128x128x64_2x1x1_0_nnn_align8_warpspecialized_cooperative_epi_nosmem,passed,success,universal,1408,4096,1024,f16:column,f16:column,f16:column,f16:column,1,0,serial,2,1,heuristic,invalid,invalid,false,false,1,tensorop,f32,128,128,64,2,1,1,0,0,0,7,4,2,1,64,128,16,90,90,22806528,11822694400,518,0.0328016,647.537,360430
27,CUTLASS,gemm,cutlass3x_sm90_tensorop_s64x128x16gemm_f16_f16_f32_f16_f16_128x128x64_2x1x1_0_nnn_align8_warpspecialized_cooperative_epi_tma,passed,success,universal,1408,4096,1024,f16:column,f16:column,f16:column,f16:column,1,0,serial,2,1,heuristic,invalid,invalid,false,false,1,tensorop,f32,128,128,64,2,1,1,0,0,0,6,4,2,1,64,128,16,90,90,22806528,11822694400,518,0.0289926,732.608,407783
27,CUTLASS,gemm,cutlass3x_sm90_tensorop_s64x128x16gemm_f16_f16_f32_f16_f16_128x128x64_2x1x1_0_nnn_align8_stream_k_warpspecialized_cooperative_epi_nosmem,passed,success,universal,1408,4096,1024,f16:column,f16:column,f16:column,f16:column,1,0,serial,2,1,heuristic,invalid,invalid,false,false,1,tensorop,f32,128,128,64,2,1,1,0,0,0,7,4,2,1,64,128,16,90,90,22806528,11822694400,518,0.0529437,401.185,223307
27,CUTLASS,gemm,cutlass3x_sm90_tensorop_s64x128x16gemm_f16_f16_f32_f16_f16_128x128x64_2x1x1_0_nnn_align8_stream_k_warpspecialized_cooperative_epi_tma,passed,success,universal,1408,4096,1024,f16:column,f16:column,f16:column,f16:column,1,0,serial,2,1,heuristic,invalid,invalid,false,false,1,tensorop,f32,128,128,64,2,1,1,0,0,0,6,4,2,1,64,128,16,90,90,22806528,11822694400,518,0.0515123,412.333,229512
28,CUTLASS,gemm,cutlass_tensorop_f16_s1688gemm_f16_256x128_32x2_nn_align8,passed,success,universal,1536,4096,1024,f16:column,f16:column,f16:column,f16:column,1,0,serial,2,1,heuristic,invalid,invalid,false,false,1,tensorop,f32,256,128,32,1,1,1,0,0,0,2,4,2,1,16,8,8,75,1024,24117248,12897484800,534,0.074647,300.895,172780
28,CUTLASS,gemm,cutlass_tensorop_f16_s16816gemm_f16_256x128_32x3_nn_align8,passed,success,universal,1536,4096,1024,f16:column,f16:column,f16:column,f16:column,1,0,serial,2,1,heuristic,invalid,invalid,false,false,1,tensorop,f32,256,128,32,1,1,1,0,0,0,3,4,2,1,16,8,16,80,1024,24117248,12897484800,534,0.0459014,489.33,280982
28,CUTLASS,gemm,cutlass3x_sm90_tensorop_s64x128x16gemm_f16_f16_f32_f16_f16_128x128x64_1x2x1_0_nnn_align8,passed,success,universal,1536,4096,1024,f16:column,f16:column,f16:column,f16:column,1,0,serial,2,1,heuristic,invalid,invalid,false,false,1,tensorop,f32,128,128,64,1,2,1,0,0,0,7,4,2,1,64,128,16,90,90,24117248,12897484800,534,0.031272,718.244,412429
28,CUTLASS,gemm,cutlass3x_sm90_tensorop_s64x128x16gemm_f16_f16_f32_f16_f16_128x128x64_1x2x1_0_nnn_align8_warpspecialized_epi_nosmem,passed,success,universal,1536,4096,1024,f16:column,f16:column,f16:column,f16:column,1,0,serial,2,1,heuristic,invalid,invalid,false,false,1,tensorop,f32,128,128,64,1,2,1,0,0,0,7,4,1,1,64,128,16,90,90,24117248,12897484800,534,0.0333866,672.754,386308
28,CUTLASS,gemm,cutlass3x_sm90_tensorop_s64x128x16gemm_f16_f16_f32_f16_f16_128x128x64_1x2x1_0_nnn_align8_warpspecialized_pingpong_epi_tma,passed,success,universal,1536,4096,1024,f16:column,f16:column,f16:column,f16:column,1,0,serial,2,1,heuristic,invalid,invalid,false,false,1,tensorop,f32,128,128,64,1,2,1,0,0,0,6,4,1,1,64,128,16,90,90,24117248,12897484800,534,0.0247123,908.896,521905
28,CUTLASS,gemm,cutlass3x_sm90_tensorop_s64x128x16gemm_f16_f16_f32_f16_f16_128x128x64_1x2x1_0_nnn_align8_warpspecialized_pingpong_epi_nosmem,passed,success,universal,1536,4096,1024,f16:column,f16:column,f16:column,f16:column,1,0,serial,2,1,heuristic,invalid,invalid,false,false,1,tensorop,f32,128,128,64,1,2,1,0,0,0,7,4,1,1,64,128,16,90,90,24117248,12897484800,534,0.027167,826.772,474748
28,CUTLASS,gemm,cutlass3x_sm90_tensorop_s64x128x16gemm_f16_f16_f32_f16_f16_128x128x64_1x2x1_0_nnn_align8_warpspecialized_cooperative_epi_nosmem,passed,success,universal,1536,4096,1024,f16:column,f16:column,f16:column,f16:column,1,0,serial,2,1,heuristic,invalid,invalid,false,false,1,tensorop,f32,128,128,64,1,2,1,0,0,0,7,4,2,1,64,128,16,90,90,24117248,12897484800,534,0.0312387,719.01,412869
28,CUTLASS,gemm,cutlass3x_sm90_tensorop_s64x128x16gemm_f16_f16_f32_f16_f16_128x128x64_1x2x1_0_nnn_align8_warpspecialized_cooperative_epi_tma,passed,success,universal,1536,4096,1024,f16:column,f16:column,f16:column,f16:column,1,0,serial,2,1,heuristic,invalid,invalid,false,false,1,tensorop,f32,128,128,64,1,2,1,0,0,0,6,4,2,1,64,128,16,90,90,24117248,12897484800,534,0.0254714,881.811,506352
28,CUTLASS,gemm,cutlass3x_sm90_tensorop_s64x128x16gemm_f16_f16_f32_f16_f16_128x128x64_1x2x1_0_nnn_align8_stream_k_warpspecialized_cooperative_epi_nosmem,passed,success,universal,1536,4096,1024,f16:column,f16:column,f16:column,f16:column,1,0,serial,2,1,heuristic,invalid,invalid,false,false,1,tensorop,f32,128,128,64,1,2,1,0,0,0,7,4,2,1,64,128,16,90,90,24117248,12897484800,534,0.0532442,421.848,242233
28,CUTLASS,gemm,cutlass3x_sm90_tensorop_s64x128x16gemm_f16_f16_f32_f16_f16_128x128x64_1x2x1_0_nnn_align8_stream_k_warpspecialized_cooperative_epi_tma,passed,success,universal,1536,4096,1024,f16:column,f16:column,f16:column,f16:column,1,0,serial,2,1,heuristic,invalid,invalid,false,false,1,tensorop,f32,128,128,64,1,2,1,0,0,0,6,4,2,1,64,128,16,90,90,24117248,12897484800,534,0.051744,434.078,249256
28,CUTLASS,gemm,cutlass3x_sm90_tensorop_s64x128x16gemm_f16_f16_f32_f16_f16_128x128x64_2x1x1_0_nnn_align8,passed,success,universal,1536,4096,1024,f16:column,f16:column,f16:column,f16:column,1,0,serial,2,1,heuristic,invalid,invalid,false,false,1,tensorop,f32,128,128,64,2,1,1,0,0,0,7,4,2,1,64,128,16,90,90,24117248,12897484800,534,0.0312038,719.813,413330
28,CUTLASS,gemm,cutlass3x_sm90_tensorop_s64x128x16gemm_f16_f16_f32_f16_f16_128x128x64_2x1x1_0_nnn_align8_warpspecialized_epi_nosmem,passed,success,universal,1536,4096,1024,f16:column,f16:column,f16:column,f16:column,1,0,serial,2,1,heuristic,invalid,invalid,false,false,1,tensorop,f32,128,128,64,2,1,1,0,0,0,7,4,1,1,64,128,16,90,90,24117248,12897484800,534,0.0347082,647.137,371598
28,CUTLASS,gemm,cutlass3x_sm90_tensorop_s64x128x16gemm_f16_f16_f32_f16_f16_128x128x64_2x1x1_0_nnn_align8_warpspecialized_pingpong_epi_tma,passed,success,universal,1536,4096,1024,f16:column,f16:column,f16:column,f16:column,1,0,serial,2,1,heuristic,invalid,invalid,false,false,1,tensorop,f32,128,128,64,2,1,1,0,0,0,6,4,1,1,64,128,16,90,90,24117248,12897484800,534,0.02428,925.08,531198
28,CUTLASS,gemm,cutlass3x_sm90_tensorop_s64x128x16gemm_f16_f16_f32_f16_f16_128x128x64_2x1x1_0_nnn_align8_warpspecialized_pingpong_epi_nosmem,passed,success,universal,1536,4096,1024,f16:column,f16:column,f16:column,f16:column,1,0,serial,2,1,heuristic,invalid,invalid,false,false,1,tensorop,f32,128,128,64,2,1,1,0,0,0,7,4,1,1,64,128,16,90,90,24117248,12897484800,534,0.0267488,839.699,482171
28,CUTLASS,gemm,cutlass3x_sm90_tensorop_s64x128x16gemm_f16_f16_f32_f16_f16_128x128x64_2x1x1_0_nnn_align8_warpspecialized_cooperative_epi_nosmem,passed,success,universal,1536,4096,1024,f16:column,f16:column,f16:column,f16:column,1,0,serial,2,1,heuristic,invalid,invalid,false,false,1,tensorop,f32,128,128,64,2,1,1,0,0,0,7,4,2,1,64,128,16,90,90,24117248,12897484800,534,0.0311936,720.05,413466
28,CUTLASS,gemm,cutlass3x_sm90_tensorop_s64x128x16gemm_f16_f16_f32_f16_f16_128x128x64_2x1x1_0_nnn_align8_warpspecialized_cooperative_epi_tma,passed,success,universal,1536,4096,1024,f16:column,f16:column,f16:column,f16:column,1,0,serial,2,1,heuristic,invalid,invalid,false,false,1,tensorop,f32,128,128,64,2,1,1,0,0,0,6,4,2,1,64,128,16,90,90,24117248,12897484800,534,0.025199,891.341,511824
28,CUTLASS,gemm,cutlass3x_sm90_tensorop_s64x128x16gemm_f16_f16_f32_f16_f16_128x128x64_2x1x1_0_nnn_align8_stream_k_warpspecialized_cooperative_epi_nosmem,passed,success,universal,1536,4096,1024,f16:column,f16:column,f16:column,f16:column,1,0,serial,2,1,heuristic,invalid,invalid,false,false,1,tensorop,f32,128,128,64,2,1,1,0,0,0,7,4,2,1,64,128,16,90,90,24117248,12897484800,534,0.0532867,421.511,242039
28,CUTLASS,gemm,cutlass3x_sm90_tensorop_s64x128x16gemm_f16_f16_f32_f16_f16_128x128x64_2x1x1_0_nnn_align8_stream_k_warpspecialized_cooperative_epi_tma,passed,success,universal,1536,4096,1024,f16:column,f16:column,f16:column,f16:column,1,0,serial,2,1,heuristic,invalid,invalid,false,false,1,tensorop,f32,128,128,64,2,1,1,0,0,0,6,4,2,1,64,128,16,90,90,24117248,12897484800,534,0.0519722,432.172,248161
29,CUTLASS,gemm,cutlass_tensorop_f16_s1688gemm_f16_256x128_32x2_nn_align8,passed,success,universal,1664,4096,1024,f16:column,f16:column,f16:column,f16:column,1,0,serial,2,1,heuristic,invalid,invalid,false,false,1,tensorop,f32,256,128,32,1,1,1,0,0,0,2,4,2,1,16,8,8,75,1024,25427968,13972275200,549,0.0905267,261.598,154344
29,CUTLASS,gemm,cutlass_tensorop_f16_s16816gemm_f16_256x128_32x3_nn_align8,passed,success,universal,1664,4096,1024,f16:column,f16:column,f16:column,f16:column,1,0,serial,2,1,heuristic,invalid,invalid,false,false,1,tensorop,f32,256,128,32,1,1,1,0,0,0,3,4,2,1,16,8,16,80,1024,25427968,13972275200,549,0.0569242,416.021,245454
29,CUTLASS,gemm,cutlass3x_sm90_tensorop_s64x128x16gemm_f16_f16_f32_f16_f16_128x128x64_1x2x1_0_nnn_align8,passed,success,universal,1664,4096,1024,f16:column,f16:column,f16:column,f16:column,1,0,serial,2,1,heuristic,invalid,invalid,false,false,1,tensorop,f32,128,128,64,1,2,1,0,0,0,7,4,2,1,64,128,16,90,90,25427968,13972275200,549,0.0387728,610.78,360363
29,CUTLASS,gemm,cutlass3x_sm90_tensorop_s64x128x16gemm_f16_f16_f32_f16_f16_128x128x64_1x2x1_0_nnn_align8_warpspecialized_epi_nosmem,passed,success,universal,1664,4096,1024,f16:column,f16:column,f16:column,f16:column,1,0,serial,2,1,heuristic,invalid,invalid,false,false,1,tensorop,f32,128,128,64,1,2,1,0,0,0,7,4,1,1,64,128,16,90,90,25427968,13972275200,549,0.0376003,629.826,371600
29,CUTLASS,gemm,cutlass3x_sm90_tensorop_s64x128x16gemm_f16_f16_f32_f16_f16_128x128x64_1x2x1_0_nnn_align8_warpspecialized_pingpong_epi_tma,passed,success,universal,1664,4096,1024,f16:column,f16:column,f16:column,f16:column,1,0,serial,2,1,heuristic,invalid,invalid,false,false,1,tensorop,f32,128,128,64,1,2,1,0,0,0,6,4,1,1,64,128,16,90,90,25427968,13972275200,549,0.0294672,803.661,474164
29,CUTLASS,gemm,cutlass3x_sm90_tensorop_s64x128x16gemm_f16_f16_f32_f16_f16_128x128x64_1x2x1_0_nnn_align8_warpspecialized_pingpong_epi_nosmem,passed,success,universal,1664,4096,1024,f16:column,f16:column,f16:column,f16:column,1,0,serial,2,1,heuristic,invalid,invalid,false,false,1,tensorop,f32,128,128,64,1,2,1,0,0,0,7,4,1,1,64,128,16,90,90,25427968,13972275200,549,0.0327338,723.462,426846
29,CUTLASS,gemm,cutlass3x_sm90_tensorop_s64x128x16gemm_f16_f16_f32_f16_f16_128x128x64_1x2x1_0_nnn_align8_warpspecialized_cooperative_epi_nosmem,passed,success,universal,1664,4096,1024,f16:column,f16:column,f16:column,f16:column,1,0,serial,2,1,heuristic,invalid,invalid,false,false,1,tensorop,f32,128,128,64,1,2,1,0,0,0,7,4,2,1,64,128,16,90,90,25427968,13972275200,549,0.0389549,607.925,358678
29,CUTLASS,gemm,cutlass3x_sm90_tensorop_s64x128x16gemm_f16_f16_f32_f16_f16_128x128x64_1x2x1_0_nnn_align8_warpspecialized_cooperative_epi_tma,passed,success,universal,1664,4096,1024,f16:column,f16:column,f16:column,f16:column,1,0,serial,2,1,heuristic,invalid,invalid,false,false,1,tensorop,f32,128,128,64,1,2,1,0,0,0,6,4,2,1,64,128,16,90,90,25427968,13972275200,549,0.0314957,751.901,443625
29,CUTLASS,gemm,cutlass3x_sm90_tensorop_s64x128x16gemm_f16_f16_f32_f16_f16_128x128x64_1x2x1_0_nnn_align8_stream_k_warpspecialized_cooperative_epi_nosmem,passed,success,universal,1664,4096,1024,f16:column,f16:column,f16:column,f16:column,1,0,serial,2,1,heuristic,invalid,invalid,false,false,1,tensorop,f32,128,128,64,1,2,1,0,0,0,7,4,2,1,64,128,16,90,90,25427968,13972275200,549,0.0609101,388.797,229392
29,CUTLASS,gemm,cutlass3x_sm90_tensorop_s64x128x16gemm_f16_f16_f32_f16_f16_128x128x64_1x2x1_0_nnn_align8_stream_k_warpspecialized_cooperative_epi_tma,passed,success,universal,1664,4096,1024,f16:column,f16:column,f16:column,f16:column,1,0,serial,2,1,heuristic,invalid,invalid,false,false,1,tensorop,f32,128,128,64,1,2,1,0,0,0,6,4,2,1,64,128,16,90,90,25427968,13972275200,549,0.0598,396.014,233650
29,CUTLASS,gemm,cutlass3x_sm90_tensorop_s64x128x16gemm_f16_f16_f32_f16_f16_128x128x64_2x1x1_0_nnn_align8,passed,success,universal,1664,4096,1024,f16:column,f16:column,f16:column,f16:column,1,0,serial,2,1,heuristic,invalid,invalid,false,false,1,tensorop,f32,128,128,64,2,1,1,0,0,0,7,4,2,1,64,128,16,90,90,25427968,13972275200,549,0.0401846,589.321,347702
29,CUTLASS,gemm,cutlass3x_sm90_tensorop_s64x128x16gemm_f16_f16_f32_f16_f16_128x128x64_2x1x1_0_nnn_align8_warpspecialized_epi_nosmem,passed,success,universal,1664,4096,1024,f16:column,f16:column,f16:column,f16:column,1,0,serial,2,1,heuristic,invalid,invalid,false,false,1,tensorop,f32,128,128,64,2,1,1,0,0,0,7,4,1,1,64,128,16,90,90,25427968,13972275200,549,0.0422579,560.407,330643
29,CUTLASS,gemm,cutlass3x_sm90_tensorop_s64x128x16gemm_f16_f16_f32_f16_f16_128x128x64_2x1x1_0_nnn_align8_warpspecialized_pingpong_epi_tma,passed,success,universal,1664,4096,1024,f16:column,f16:column,f16:column,f16:column,1,0,serial,2,1,heuristic,invalid,invalid,false,false,1,tensorop,f32,128,128,64,2,1,1,0,0,0,6,4,1,1,64,128,16,90,90,25427968,13972275200,549,0.0331405,714.584,421608
29,CUTLASS,gemm,cutlass3x_sm90_tensorop_s64x128x16gemm_f16_f16_f32_f16_f16_128x128x64_2x1x1_0_nnn_align8_warpspecialized_pingpong_epi_nosmem,passed,success,universal,1664,4096,1024,f16:column,f16:column,f16:column,f16:column,1,0,serial,2,1,heuristic,invalid,invalid,false,false,1,tensorop,f32,128,128,64,2,1,1,0,0,0,7,4,1,1,64,128,16,90,90,25427968,13972275200,549,0.0351475,673.778,397532
29,CUTLASS,gemm,cutlass3x_sm90_tensorop_s64x128x16gemm_f16_f16_f32_f16_f16_128x128x64_2x1x1_0_nnn_align8_warpspecialized_cooperative_epi_nosmem,passed,success,universal,1664,4096,1024,f16:column,f16:column,f16:column,f16:column,1,0,serial,2,1,heuristic,invalid,invalid,false,false,1,tensorop,f32,128,128,64,2,1,1,0,0,0,7,4,2,1,64,128,16,90,90,25427968,13972275200,549,0.0400918,590.685,348507
29,CUTLASS,gemm,cutlass3x_sm90_tensorop_s64x128x16gemm_f16_f16_f32_f16_f16_128x128x64_2x1x1_0_nnn_align8_warpspecialized_cooperative_epi_tma,passed,success,universal,1664,4096,1024,f16:column,f16:column,f16:column,f16:column,1,0,serial,2,1,heuristic,invalid,invalid,false,false,1,tensorop,f32,128,128,64,2,1,1,0,0,0,6,4,2,1,64,128,16,90,90,25427968,13972275200,549,0.0341293,693.88,409393
29,CUTLASS,gemm,cutlass3x_sm90_tensorop_s64x128x16gemm_f16_f16_f32_f16_f16_128x128x64_2x1x1_0_nnn_align8_stream_k_warpspecialized_cooperative_epi_nosmem,passed,success,universal,1664,4096,1024,f16:column,f16:column,f16:column,f16:column,1,0,serial,2,1,heuristic,invalid,invalid,false,false,1,tensorop,f32,128,128,64,2,1,1,0,0,0,7,4,2,1,64,128,16,90,90,25427968,13972275200,549,0.0603648,392.309,231464
29,CUTLASS,gemm,cutlass3x_sm90_tensorop_s64x128x16gemm_f16_f16_f32_f16_f16_128x128x64_2x1x1_0_nnn_align8_stream_k_warpspecialized_cooperative_epi_tma,passed,success,universal,1664,4096,1024,f16:column,f16:column,f16:column,f16:column,1,0,serial,2,1,heuristic,invalid,invalid,false,false,1,tensorop,f32,128,128,64,2,1,1,0,0,0,6,4,2,1,64,128,16,90,90,25427968,13972275200,549,0.0596061,397.302,234410
30,CUTLASS,gemm,cutlass_tensorop_f16_s1688gemm_f16_256x128_32x2_nn_align8,passed,success,universal,1792,4096,1024,f16:column,f16:column,f16:column,f16:column,1,0,serial,2,1,heuristic,invalid,invalid,false,false,1,tensorop,f32,256,128,32,1,1,1,0,0,0,2,4,2,1,16,8,8,75,1024,26738688,15047065600,562,0.0918797,271.032,163769
30,CUTLASS,gemm,cutlass_tensorop_f16_s16816gemm_f16_256x128_32x3_nn_align8,passed,success,universal,1792,4096,1024,f16:column,f16:column,f16:column,f16:column,1,0,serial,2,1,heuristic,invalid,invalid,false,false,1,tensorop,f32,256,128,32,1,1,1,0,0,0,3,4,2,1,16,8,16,80,1024,26738688,15047065600,562,0.0580982,428.625,258993
30,CUTLASS,gemm,cutlass3x_sm90_tensorop_s64x128x16gemm_f16_f16_f32_f16_f16_128x128x64_1x2x1_0_nnn_align8,passed,success,universal,1792,4096,1024,f16:column,f16:column,f16:column,f16:column,1,0,serial,2,1,heuristic,invalid,invalid,false,false,1,tensorop,f32,128,128,64,1,2,1,0,0,0,7,4,2,1,64,128,16,90,90,26738688,15047065600,562,0.0405178,614.603,371370
30,CUTLASS,gemm,cutlass3x_sm90_tensorop_s64x128x16gemm_f16_f16_f32_f16_f16_128x128x64_1x2x1_0_nnn_align8_warpspecialized_epi_nosmem,passed,success,universal,1792,4096,1024,f16:column,f16:column,f16:column,f16:column,1,0,serial,2,1,heuristic,invalid,invalid,false,false,1,tensorop,f32,128,128,64,1,2,1,0,0,0,7,4,1,1,64,128,16,90,90,26738688,15047065600,562,0.0421149,591.296,357286
30,CUTLASS,gemm,cutlass3x_sm90_tensorop_s64x128x16gemm_f16_f16_f32_f16_f16_128x128x64_1x2x1_0_nnn_align8_warpspecialized_pingpong_epi_tma,passed,success,universal,1792,4096,1024,f16:column,f16:column,f16:column,f16:column,1,0,serial,2,1,heuristic,invalid,invalid,false,false,1,tensorop,f32,128,128,64,1,2,1,0,0,0,6,4,1,1,64,128,16,90,90,26738688,15047065600,562,0.0296058,841.132,508248
30,CUTLASS,gemm,cutlass3x_sm90_tensorop_s64x128x16gemm_f16_f16_f32_f16_f16_128x128x64_1x2x1_0_nnn_align8_warpspecialized_pingpong_epi_nosmem,passed,success,universal,1792,4096,1024,f16:column,f16:column,f16:column,f16:column,1,0,serial,2,1,heuristic,invalid,invalid,false,false,1,tensorop,f32,128,128,64,1,2,1,0,0,0,7,4,1,1,64,128,16,90,90,26738688,15047065600,562,0.0340979,730.319,441290
30,CUTLASS,gemm,cutlass3x_sm90_tensorop_s64x128x16gemm_f16_f16_f32_f16_f16_128x128x64_1x2x1_0_nnn_align8_warpspecialized_cooperative_epi_nosmem,passed,success,universal,1792,4096,1024,f16:column,f16:column,f16:column,f16:column,1,0,serial,2,1,heuristic,invalid,invalid,false,false,1,tensorop,f32,128,128,64,1,2,1,0,0,0,7,4,2,1,64,128,16,90,90,26738688,15047065600,562,0.0404403,615.78,372081
30,CUTLASS,gemm,cutlass3x_sm90_tensorop_s64x128x16gemm_f16_f16_f32_f16_f16_128x128x64_1x2x1_0_nnn_align8_warpspecialized_cooperative_epi_tma,passed,success,universal,1792,4096,1024,f16:column,f16:column,f16:column,f16:column,1,0,serial,2,1,heuristic,invalid,invalid,false,false,1,tensorop,f32,128,128,64,1,2,1,0,0,0,6,4,2,1,64,128,16,90,90,26738688,15047065600,562,0.0317904,783.329,473321
30,CUTLASS,gemm,cutlass3x_sm90_tensorop_s64x128x16gemm_f16_f16_f32_f16_f16_128x128x64_1x2x1_0_nnn_align8_stream_k_warpspecialized_cooperative_epi_nosmem,passed,success,universal,1792,4096,1024,f16:column,f16:column,f16:column,f16:column,1,0,serial,2,1,heuristic,invalid,invalid,false,false,1,tensorop,f32,128,128,64,1,2,1,0,0,0,7,4,2,1,64,128,16,90,90,26738688,15047065600,562,0.0617549,403.245,243658
30,CUTLASS,gemm,cutlass3x_sm90_tensorop_s64x128x16gemm_f16_f16_f32_f16_f16_128x128x64_1x2x1_0_nnn_align8_stream_k_warpspecialized_cooperative_epi_tma,passed,success,universal,1792,4096,1024,f16:column,f16:column,f16:column,f16:column,1,0,serial,2,1,heuristic,invalid,invalid,false,false,1,tensorop,f32,128,128,64,1,2,1,0,0,0,6,4,2,1,64,128,16,90,90,26738688,15047065600,562,0.0600573,414.643,250545
30,CUTLASS,gemm,cutlass3x_sm90_tensorop_s64x128x16gemm_f16_f16_f32_f16_f16_128x128x64_2x1x1_0_nnn_align8,passed,success,universal,1792,4096,1024,f16:column,f16:column,f16:column,f16:column,1,0,serial,2,1,heuristic,invalid,invalid,false,false,1,tensorop,f32,128,128,64,2,1,1,0,0,0,7,4,2,1,64,128,16,90,90,26738688,15047065600,562,0.0401626,620.039,374654
30,CUTLASS,gemm,cutlass3x_sm90_tensorop_s64x128x16gemm_f16_f16_f32_f16_f16_128x128x64_2x1x1_0_nnn_align8_warpspecialized_epi_nosmem,passed,success,universal,1792,4096,1024,f16:column,f16:column,f16:column,f16:column,1,0,serial,2,1,heuristic,invalid,invalid,false,false,1,tensorop,f32,128,128,64,2,1,1,0,0,0,7,4,1,1,64,128,16,90,90,26738688,15047065600,562,0.0438042,568.493,343508
30,CUTLASS,gemm,cutlass3x_sm90_tensorop_s64x128x16gemm_f16_f16_f32_f16_f16_128x128x64_2x1x1_0_nnn_align8_warpspecialized_pingpong_epi_tma,passed,success,universal,1792,4096,1024,f16:column,f16:column,f16:column,f16:column,1,0,serial,2,1,heuristic,invalid,invalid,false,false,1,tensorop,f32,128,128,64,2,1,1,0,0,0,6,4,1,1,64,128,16,90,90,26738688,15047065600,562,0.0301206,826.753,499560
30,CUTLASS,gemm,cutlass3x_sm90_tensorop_s64x128x16gemm_f16_f16_f32_f16_f16_128x128x64_2x1x1_0_nnn_align8_warpspecialized_pingpong_epi_nosmem,passed,success,universal,1792,4096,1024,f16:column,f16:column,f16:column,f16:column,1,0,serial,2,1,heuristic,invalid,invalid,false,false,1,tensorop,f32,128,128,64,2,1,1,0,0,0,7,4,1,1,64,128,16,90,90,26738688,15047065600,562,0.0338141,736.449,444994
30,CUTLASS,gemm,cutlass3x_sm90_tensorop_s64x128x16gemm_f16_f16_f32_f16_f16_128x128x64_2x1x1_0_nnn_align8_warpspecialized_cooperative_epi_nosmem,passed,success,universal,1792,4096,1024,f16:column,f16:column,f16:column,f16:column,1,0,serial,2,1,heuristic,invalid,invalid,false,false,1,tensorop,f32,128,128,64,2,1,1,0,0,0,7,4,2,1,64,128,16,90,90,26738688,15047065600,562,0.0403085,617.794,373298
30,CUTLASS,gemm,cutlass3x_sm90_tensorop_s64x128x16gemm_f16_f16_f32_f16_f16_128x128x64_2x1x1_0_nnn_align8_warpspecialized_cooperative_epi_tma,passed,success,universal,1792,4096,1024,f16:column,f16:column,f16:column,f16:column,1,0,serial,2,1,heuristic,invalid,invalid,false,false,1,tensorop,f32,128,128,64,2,1,1,0,0,0,6,4,2,1,64,128,16,90,90,26738688,15047065600,562,0.0319795,778.697,470522
30,CUTLASS,gemm,cutlass3x_sm90_tensorop_s64x128x16gemm_f16_f16_f32_f16_f16_128x128x64_2x1x1_0_nnn_align8_stream_k_warpspecialized_cooperative_epi_nosmem,passed,success,universal,1792,4096,1024,f16:column,f16:column,f16:column,f16:column,1,0,serial,2,1,heuristic,invalid,invalid,false,false,1,tensorop,f32,128,128,64,2,1,1,0,0,0,7,4,2,1,64,128,16,90,90,26738688,15047065600,562,0.061657,403.885,244045
30,CUTLASS,gemm,cutlass3x_sm90_tensorop_s64x128x16gemm_f16_f16_f32_f16_f16_128x128x64_2x1x1_0_nnn_align8_stream_k_warpspecialized_cooperative_epi_tma,passed,success,universal,1792,4096,1024,f16:column,f16:column,f16:column,f16:column,1,0,serial,2,1,heuristic,invalid,invalid,false,false,1,tensorop,f32,128,128,64,2,1,1,0,0,0,6,4,2,1,64,128,16,90,90,26738688,15047065600,562,0.059681,417.258,252125
31,CUTLASS,gemm,cutlass_tensorop_f16_s1688gemm_f16_256x128_32x2_nn_align8,passed,success,universal,1920,4096,1024,f16:column,f16:column,f16:column,f16:column,1,0,serial,2,1,heuristic,invalid,invalid,false,false,1,tensorop,f32,256,128,32,1,1,1,0,0,0,2,4,2,1,16,8,8,75,1024,28049408,16121856000,574,0.0944659,276.534,170663
31,CUTLASS,gemm,cutlass_tensorop_f16_s16816gemm_f16_256x128_32x3_nn_align8,passed,success,universal,1920,4096,1024,f16:column,f16:column,f16:column,f16:column,1,0,serial,2,1,heuristic,invalid,invalid,false,false,1,tensorop,f32,256,128,32,1,1,1,0,0,0,3,4,2,1,16,8,16,80,1024,28049408,16121856000,574,0.0589779,442.929,273354
31,CUTLASS,gemm,cutlass3x_sm90_tensorop_s64x128x16gemm_f16_f16_f32_f16_f16_128x128x64_1x2x1_0_nnn_align8,passed,success,universal,1920,4096,1024,f16:column,f16:column,f16:column,f16:column,1,0,serial,2,1,heuristic,invalid,invalid,false,false,1,tensorop,f32,128,128,64,1,2,1,0,0,0,7,4,2,1,64,128,16,90,90,28049408,16121856000,574,0.0382867,682.3,421082
31,CUTLASS,gemm,cutlass3x_sm90_tensorop_s64x128x16gemm_f16_f16_f32_f16_f16_128x128x64_1x2x1_0_nnn_align8_warpspecialized_epi_nosmem,passed,success,universal,1920,4096,1024,f16:column,f16:column,f16:column,f16:column,1,0,serial,2,1,heuristic,invalid,invalid,false,false,1,tensorop,f32,128,128,64,1,2,1,0,0,0,7,4,1,1,64,128,16,90,90,28049408,16121856000,574,0.0402714,648.676,400331
31,CUTLASS,gemm,cutlass3x_sm90_tensorop_s64x128x16gemm_f16_f16_f32_f16_f16_128x128x64_1x2x1_0_nnn_align8_warpspecialized_pingpong_epi_tma,passed,success,universal,1920,4096,1024,f16:column,f16:column,f16:column,f16:column,1,0,serial,2,1,heuristic,invalid,invalid,false,false,1,tensorop,f32,128,128,64,1,2,1,0,0,0,6,4,1,1,64,128,16,90,90,28049408,16121856000,574,0.0292902,891.869,550417
31,CUTLASS,gemm,cutlass3x_sm90_tensorop_s64x128x16gemm_f16_f16_f32_f16_f16_128x128x64_1x2x1_0_nnn_align8_warpspecialized_pingpong_epi_nosmem,passed,success,universal,1920,4096,1024,f16:column,f16:column,f16:column,f16:column,1,0,serial,2,1,heuristic,invalid,invalid,false,false,1,tensorop,f32,128,128,64,1,2,1,0,0,0,7,4,1,1,64,128,16,90,90,28049408,16121856000,574,0.0324378,805.328,497009
31,CUTLASS,gemm,cutlass3x_sm90_tensorop_s64x128x16gemm_f16_f16_f32_f16_f16_128x128x64_1x2x1_0_nnn_align8_warpspecialized_cooperative_epi_nosmem,passed,success,universal,1920,4096,1024,f16:column,f16:column,f16:column,f16:column,1,0,serial,2,1,heuristic,invalid,invalid,false,false,1,tensorop,f32,128,128,64,1,2,1,0,0,0,7,4,2,1,64,128,16,90,90,28049408,16121856000,574,0.0381914,684.004,422134
31,CUTLASS,gemm,cutlass3x_sm90_tensorop_s64x128x16gemm_f16_f16_f32_f16_f16_128x128x64_1x2x1_0_nnn_align8_warpspecialized_cooperative_epi_tma,passed,success,universal,1920,4096,1024,f16:column,f16:column,f16:column,f16:column,1,0,serial,2,1,heuristic,invalid,invalid,false,false,1,tensorop,f32,128,128,64,1,2,1,0,0,0,6,4,2,1,64,128,16,90,90,28049408,16121856000,574,0.0314454,830.742,512693
31,CUTLASS,gemm,cutlass3x_sm90_tensorop_s64x128x16gemm_f16_f16_f32_f16_f16_128x128x64_1x2x1_0_nnn_align8_stream_k_warpspecialized_cooperative_epi_nosmem,passed,success,universal,1920,4096,1024,f16:column,f16:column,f16:column,f16:column,1,0,serial,2,1,heuristic,invalid,invalid,false,false,1,tensorop,f32,128,128,64,1,2,1,0,0,0,7,4,2,1,64,128,16,90,90,28049408,16121856000,574,0.0662624,394.236,243303
31,CUTLASS,gemm,cutlass3x_sm90_tensorop_s64x128x16gemm_f16_f16_f32_f16_f16_128x128x64_1x2x1_0_nnn_align8_stream_k_warpspecialized_cooperative_epi_tma,passed,success,universal,1920,4096,1024,f16:column,f16:column,f16:column,f16:column,1,0,serial,2,1,heuristic,invalid,invalid,false,false,1,tensorop,f32,128,128,64,1,2,1,0,0,0,6,4,2,1,64,128,16,90,90,28049408,16121856000,574,0.066624,392.097,241983
31,CUTLASS,gemm,cutlass3x_sm90_tensorop_s64x128x16gemm_f16_f16_f32_f16_f16_128x128x64_2x1x1_0_nnn_align8,passed,success,universal,1920,4096,1024,f16:column,f16:column,f16:column,f16:column,1,0,serial,2,1,heuristic,invalid,invalid,false,false,1,tensorop,f32,128,128,64,2,1,1,0,0,0,7,4,2,1,64,128,16,90,90,28049408,16121856000,574,0.0400141,652.846,402905
31,CUTLASS,gemm,cutlass3x_sm90_tensorop_s64x128x16gemm_f16_f16_f32_f16_f16_128x128x64_2x1x1_0_nnn_align8_warpspecialized_epi_nosmem,passed,success,universal,1920,4096,1024,f16:column,f16:column,f16:column,f16:column,1,0,serial,2,1,heuristic,invalid,invalid,false,false,1,tensorop,f32,128,128,64,2,1,1,0,0,0,7,4,1,1,64,128,16,90,90,28049408,16121856000,574,0.0452528,577.269,356262
31,CUTLASS,gemm,cutlass3x_sm90_tensorop_s64x128x16gemm_f16_f16_f32_f16_f16_128x128x64_2x1x1_0_nnn_align8_warpspecialized_pingpong_epi_tma,passed,success,universal,1920,4096,1024,f16:column,f16:column,f16:column,f16:column,1,0,serial,2,1,heuristic,invalid,invalid,false,false,1,tensorop,f32,128,128,64,2,1,1,0,0,0,6,4,1,1,64,128,16,90,90,28049408,16121856000,574,0.034759,751.547,463818
31,CUTLASS,gemm,cutlass3x_sm90_tensorop_s64x128x16gemm_f16_f16_f32_f16_f16_128x128x64_2x1x1_0_nnn_align8_warpspecialized_pingpong_epi_nosmem,passed,success,universal,1920,4096,1024,f16:column,f16:column,f16:column,f16:column,1,0,serial,2,1,heuristic,invalid,invalid,false,false,1,tensorop,f32,128,128,64,2,1,1,0,0,0,7,4,1,1,64,128,16,90,90,28049408,16121856000,574,0.036103,723.569,446551
31,CUTLASS,gemm,cutlass3x_sm90_tensorop_s64x128x16gemm_f16_f16_f32_f16_f16_128x128x64_2x1x1_0_nnn_align8_warpspecialized_cooperative_epi_nosmem,passed,success,universal,1920,4096,1024,f16:column,f16:column,f16:column,f16:column,1,0,serial,2,1,heuristic,invalid,invalid,false,false,1,tensorop,f32,128,128,64,2,1,1,0,0,0,7,4,2,1,64,128,16,90,90,28049408,16121856000,574,0.0398224,655.989,404844
31,CUTLASS,gemm,cutlass3x_sm90_tensorop_s64x128x16gemm_f16_f16_f32_f16_f16_128x128x64_2x1x1_0_nnn_align8_warpspecialized_cooperative_epi_tma,passed,success,universal,1920,4096,1024,f16:column,f16:column,f16:column,f16:column,1,0,serial,2,1,heuristic,invalid,invalid,false,false,1,tensorop,f32,128,128,64,2,1,1,0,0,0,6,4,2,1,64,128,16,90,90,28049408,16121856000,574,0.0347738,751.229,463621
31,CUTLASS,gemm,cutlass3x_sm90_tensorop_s64x128x16gemm_f16_f16_f32_f16_f16_128x128x64_2x1x1_0_nnn_align8_stream_k_warpspecialized_cooperative_epi_nosmem,passed,success,universal,1920,4096,1024,f16:column,f16:column,f16:column,f16:column,1,0,serial,2,1,heuristic,invalid,invalid,false,false,1,tensorop,f32,128,128,64,2,1,1,0,0,0,7,4,2,1,64,128,16,90,90,28049408,16121856000,574,0.0675523,386.708,238657
31,CUTLASS,gemm,cutlass3x_sm90_tensorop_s64x128x16gemm_f16_f16_f32_f16_f16_128x128x64_2x1x1_0_nnn_align8_stream_k_warpspecialized_cooperative_epi_tma,passed,success,universal,1920,4096,1024,f16:column,f16:column,f16:column,f16:column,1,0,serial,2,1,heuristic,invalid,invalid,false,false,1,tensorop,f32,128,128,64,2,1,1,0,0,0,6,4,2,1,64,128,16,90,90,28049408,16121856000,574,0.0667882,391.133,241388
32,CUTLASS,gemm,cutlass_tensorop_f16_s1688gemm_f16_256x128_32x2_nn_align8,passed,success,universal,2048,4096,1024,f16:column,f16:column,f16:column,f16:column,1,0,serial,2,1,heuristic,invalid,invalid,false,false,1,tensorop,f32,256,128,32,1,1,1,0,0,0,2,4,2,1,16,8,8,75,1024,29360128,17196646400,585,0.0958749,285.202,179366
32,CUTLASS,gemm,cutlass_tensorop_f16_s16816gemm_f16_256x128_32x3_nn_align8,passed,success,universal,2048,4096,1024,f16:column,f16:column,f16:column,f16:column,1,0,serial,2,1,heuristic,invalid,invalid,false,false,1,tensorop,f32,256,128,32,1,1,1,0,0,0,3,4,2,1,16,8,16,80,1024,29360128,17196646400,585,0.0607146,450.366,283238
32,CUTLASS,gemm,cutlass3x_sm90_tensorop_s64x128x16gemm_f16_f16_f32_f16_f16_128x128x64_1x2x1_0_nnn_align8,passed,success,universal,2048,4096,1024,f16:column,f16:column,f16:column,f16:column,1,0,serial,2,1,heuristic,invalid,invalid,false,false,1,tensorop,f32,128,128,64,1,2,1,0,0,0,7,4,2,1,64,128,16,90,90,29360128,17196646400,585,0.0364426,750.325,471884
32,CUTLASS,gemm,cutlass3x_sm90_tensorop_s64x128x16gemm_f16_f16_f32_f16_f16_128x128x64_1x2x1_0_nnn_align8_warpspecialized_epi_nosmem,passed,success,universal,2048,4096,1024,f16:column,f16:column,f16:column,f16:column,1,0,serial,2,1,heuristic,invalid,invalid,false,false,1,tensorop,f32,128,128,64,1,2,1,0,0,0,7,4,1,1,64,128,16,90,90,29360128,17196646400,585,0.0394266,693.536,436169
32,CUTLASS,gemm,cutlass3x_sm90_tensorop_s64x128x16gemm_f16_f16_f32_f16_f16_128x128x64_1x2x1_0_nnn_align8_warpspecialized_pingpong_epi_tma,passed,success,universal,2048,4096,1024,f16:column,f16:column,f16:column,f16:column,1,0,serial,2,1,heuristic,invalid,invalid,false,false,1,tensorop,f32,128,128,64,1,2,1,0,0,0,6,4,1,1,64,128,16,90,90,29360128,17196646400,585,0.0282694,967.255,608312
32,CUTLASS,gemm,cutlass3x_sm90_tensorop_s64x128x16gemm_f16_f16_f32_f16_f16_128x128x64_1x2x1_0_nnn_align8_warpspecialized_pingpong_epi_nosmem,passed,success,universal,2048,4096,1024,f16:column,f16:column,f16:column,f16:column,1,0,serial,2,1,heuristic,invalid,invalid,false,false,1,tensorop,f32,128,128,64,1,2,1,0,0,0,7,4,1,1,64,128,16,90,90,29360128,17196646400,585,0.0323242,845.923,532006
32,CUTLASS,gemm,cutlass3x_sm90_tensorop_s64x128x16gemm_f16_f16_f32_f16_f16_128x128x64_1x2x1_0_nnn_align8_warpspecialized_cooperative_epi_nosmem,passed,success,universal,2048,4096,1024,f16:column,f16:column,f16:column,f16:column,1,0,serial,2,1,heuristic,invalid,invalid,false,false,1,tensorop,f32,128,128,64,1,2,1,0,0,0,7,4,2,1,64,128,16,90,90,29360128,17196646400,585,0.0363635,751.956,472909
32,CUTLASS,gemm,cutlass3x_sm90_tensorop_s64x128x16gemm_f16_f16_f32_f16_f16_128x128x64_1x2x1_0_nnn_align8_warpspecialized_cooperative_epi_tma,passed,success,universal,2048,4096,1024,f16:column,f16:column,f16:column,f16:column,1,0,serial,2,1,heuristic,invalid,invalid,false,false,1,tensorop,f32,128,128,64,1,2,1,0,0,0,6,4,2,1,64,128,16,90,90,29360128,17196646400,585,0.0308256,887.047,557869
32,CUTLASS,gemm,cutlass3x_sm90_tensorop_s64x128x16gemm_f16_f16_f32_f16_f16_128x128x64_1x2x1_0_nnn_align8_stream_k_warpspecialized_cooperative_epi_nosmem,passed,success,universal,2048,4096,1024,f16:column,f16:column,f16:column,f16:column,1,0,serial,2,1,heuristic,invalid,invalid,false,false,1,tensorop,f32,128,128,64,1,2,1,0,0,0,7,4,2,1,64,128,16,90,90,29360128,17196646400,585,0.0666864,410.035,257873
32,CUTLASS,gemm,cutlass3x_sm90_tensorop_s64x128x16gemm_f16_f16_f32_f16_f16_128x128x64_1x2x1_0_nnn_align8_stream_k_warpspecialized_cooperative_epi_tma,passed,success,universal,2048,4096,1024,f16:column,f16:column,f16:column,f16:column,1,0,serial,2,1,heuristic,invalid,invalid,false,false,1,tensorop,f32,128,128,64,1,2,1,0,0,0,6,4,2,1,64,128,16,90,90,29360128,17196646400,585,0.0665514,410.867,258397
32,CUTLASS,gemm,cutlass3x_sm90_tensorop_s64x128x16gemm_f16_f16_f32_f16_f16_128x128x64_2x1x1_0_nnn_align8,passed,success,universal,2048,4096,1024,f16:column,f16:column,f16:column,f16:column,1,0,serial,2,1,heuristic,invalid,invalid,false,false,1,tensorop,f32,128,128,64,2,1,1,0,0,0,7,4,2,1,64,128,16,90,90,29360128,17196646400,585,0.0371958,735.129,462327
32,CUTLASS,gemm,cutlass3x_sm90_tensorop_s64x128x16gemm_f16_f16_f32_f16_f16_128x128x64_2x1x1_0_nnn_align8_warpspecialized_epi_nosmem,passed,success,universal,2048,4096,1024,f16:column,f16:column,f16:column,f16:column,1,0,serial,2,1,heuristic,invalid,invalid,false,false,1,tensorop,f32,128,128,64,2,1,1,0,0,0,7,4,1,1,64,128,16,90,90,29360128,17196646400,585,0.0432208,632.653,397879
32,CUTLASS,gemm,cutlass3x_sm90_tensorop_s64x128x16gemm_f16_f16_f32_f16_f16_128x128x64_2x1x1_0_nnn_align8_warpspecialized_pingpong_epi_tma,passed,success,universal,2048,4096,1024,f16:column,f16:column,f16:column,f16:column,1,0,serial,2,1,heuristic,invalid,invalid,false,false,1,tensorop,f32,128,128,64,2,1,1,0,0,0,6,4,1,1,64,128,16,90,90,29360128,17196646400,585,0.0298397,916.355,576301
32,CUTLASS,gemm,cutlass3x_sm90_tensorop_s64x128x16gemm_f16_f16_f32_f16_f16_128x128x64_2x1x1_0_nnn_align8_warpspecialized_pingpong_epi_nosmem,passed,success,universal,2048,4096,1024,f16:column,f16:column,f16:column,f16:column,1,0,serial,2,1,heuristic,invalid,invalid,false,false,1,tensorop,f32,128,128,64,2,1,1,0,0,0,7,4,1,1,64,128,16,90,90,29360128,17196646400,585,0.0324285,843.202,530295
32,CUTLASS,gemm,cutlass3x_sm90_tensorop_s64x128x16gemm_f16_f16_f32_f16_f16_128x128x64_2x1x1_0_nnn_align8_warpspecialized_cooperative_epi_nosmem,passed,success,universal,2048,4096,1024,f16:column,f16:column,f16:column,f16:column,1,0,serial,2,1,heuristic,invalid,invalid,false,false,1,tensorop,f32,128,128,64,2,1,1,0,0,0,7,4,2,1,64,128,16,90,90,29360128,17196646400,585,0.0371056,736.917,463452
32,CUTLASS,gemm,cutlass3x_sm90_tensorop_s64x128x16gemm_f16_f16_f32_f16_f16_128x128x64_2x1x1_0_nnn_align8_warpspecialized_cooperative_epi_tma,passed,success,universal,2048,4096,1024,f16:column,f16:column,f16:column,f16:column,1,0,serial,2,1,heuristic,invalid,invalid,false,false,1,tensorop,f32,128,128,64,2,1,1,0,0,0,6,4,2,1,64,128,16,90,90,29360128,17196646400,585,0.0314326,869.916,547095
32,CUTLASS,gemm,cutlass3x_sm90_tensorop_s64x128x16gemm_f16_f16_f32_f16_f16_128x128x64_2x1x1_0_nnn_align8_stream_k_warpspecialized_cooperative_epi_nosmem,passed,success,universal,2048,4096,1024,f16:column,f16:column,f16:column,f16:column,1,0,serial,2,1,heuristic,invalid,invalid,false,false,1,tensorop,f32,128,128,64,2,1,1,0,0,0,7,4,2,1,64,128,16,90,90,29360128,17196646400,585,0.0670195,407.997,256592
32,CUTLASS,gemm,cutlass3x_sm90_tensorop_s64x128x16gemm_f16_f16_f32_f16_f16_128x128x64_2x1x1_0_nnn_align8_stream_k_warpspecialized_cooperative_epi_tma,passed,success,universal,2048,4096,1024,f16:column,f16:column,f16:column,f16:column,1,0,serial,2,1,heuristic,invalid,invalid,false,false,1,tensorop,f32,128,128,64,2,1,1,0,0,0,6,4,2,1,64,128,16,90,90,29360128,17196646400,585,0.0669357,408.508,256913
33,CUTLASS,gemm,cutlass_tensorop_f16_s1688gemm_f16_256x128_32x2_nn_align8,passed,success,universal,128,4096,1024,f16:column,f16:column,f16:column,f16:column,1,0,serial,4,1,heuristic,invalid,invalid,false,false,1,tensorop,f32,256,128,32,1,1,1,0,0,0,2,4,2,1,16,8,8,75,1024,9699328,1074790400,110,0.0282163,320.141,38091.1
33,CUTLASS,gemm,cutlass_tensorop_f16_s16816gemm_f16_256x128_32x3_nn_align8,passed,success,universal,128,4096,1024,f16:column,f16:column,f16:column,f16:column,1,0,serial,4,1,heuristic,invalid,invalid,false,false,1,tensorop,f32,256,128,32,1,1,1,0,0,0,3,4,2,1,16,8,16,80,1024,9699328,1074790400,110,0.023207,389.244,46313.1
33,CUTLASS,gemm,cutlass3x_sm90_tensorop_s64x128x16gemm_f16_f16_f32_f16_f16_128x128x64_1x2x1_0_nnn_align8,passed,success,universal,128,4096,1024,f16:column,f16:column,f16:column,f16:column,1,0,serial,4,1,heuristic,invalid,invalid,false,false,1,tensorop,f32,128,128,64,1,2,1,0,0,0,7,4,2,1,64,128,16,90,90,9699328,1074790400,110,0.0126618,713.424,84884.8
33,CUTLASS,gemm,cutlass3x_sm90_tensorop_s64x128x16gemm_f16_f16_f32_f16_f16_128x128x64_1x2x1_0_nnn_align8_warpspecialized_epi_nosmem,passed,success,universal,128,4096,1024,f16:column,f16:column,f16:column,f16:column,1,0,serial,4,1,heuristic,invalid,invalid,false,false,1,tensorop,f32,128,128,64,1,2,1,0,0,0,7,4,1,1,64,128,16,90,90,9699328,1074790400,110,0.0121088,746.003,88761.1
33,CUTLASS,gemm,cutlass3x_sm90_tensorop_s64x128x16gemm_f16_f16_f32_f16_f16_128x128x64_1x2x1_0_nnn_align8_warpspecialized_pingpong_epi_tma,passed,success,universal,128,4096,1024,f16:column,f16:column,f16:column,f16:column,1,0,serial,4,1,heuristic,invalid,invalid,false,false,1,tensorop,f32,128,128,64,1,2,1,0,0,0,6,4,1,1,64,128,16,90,90,9699328,1074790400,110,0.0125171,721.668,85865.6
33,CUTLASS,gemm,cutlass3x_sm90_tensorop_s64x128x16gemm_f16_f16_f32_f16_f16_128x128x64_1x2x1_0_nnn_align8_warpspecialized_pingpong_epi_nosmem,passed,success,universal,128,4096,1024,f16:column,f16:column,f16:column,f16:column,1,0,serial,4,1,heuristic,invalid,invalid,false,false,1,tensorop,f32,128,128,64,1,2,1,0,0,0,7,4,1,1,64,128,16,90,90,9699328,1074790400,110,0.0121686,742.335,88324.6
33,CUTLASS,gemm,cutlass3x_sm90_tensorop_s64x128x16gemm_f16_f16_f32_f16_f16_128x128x64_1x2x1_0_nnn_align8_warpspecialized_cooperative_epi_nosmem,passed,success,universal,128,4096,1024,f16:column,f16:column,f16:column,f16:column,1,0,serial,4,1,heuristic,invalid,invalid,false,false,1,tensorop,f32,128,128,64,1,2,1,0,0,0,7,4,2,1,64,128,16,90,90,9699328,1074790400,110,0.0126938,711.625,84670.8
33,CUTLASS,gemm,cutlass3x_sm90_tensorop_s64x128x16gemm_f16_f16_f32_f16_f16_128x128x64_1x2x1_0_nnn_align8_warpspecialized_cooperative_epi_tma,passed,success,universal,128,4096,1024,f16:column,f16:column,f16:column,f16:column,1,0,serial,4,1,heuristic,invalid,invalid,false,false,1,tensorop,f32,128,128,64,1,2,1,0,0,0,6,4,2,1,64,128,16,90,90,9699328,1074790400,110,0.0118198,764.241,90931
33,CUTLASS,gemm,cutlass3x_sm90_tensorop_s64x128x16gemm_f16_f16_f32_f16_f16_128x128x64_1x2x1_0_nnn_align8_stream_k_warpspecialized_cooperative_epi_nosmem,passed,success,universal,128,4096,1024,f16:column,f16:column,f16:column,f16:column,1,0,serial,4,1,heuristic,invalid,invalid,false,false,1,tensorop,f32,128,128,64,1,2,1,0,0,0,7,4,2,1,64,128,16,90,90,9699328,1074790400,110,0.0189978,475.488,56574.6
33,CUTLASS,gemm,cutlass3x_sm90_tensorop_s64x128x16gemm_f16_f16_f32_f16_f16_128x128x64_1x2x1_0_nnn_align8_stream_k_warpspecialized_cooperative_epi_tma,passed,success,universal,128,4096,1024,f16:column,f16:column,f16:column,f16:column,1,0,serial,4,1,heuristic,invalid,invalid,false,false,1,tensorop,f32,128,128,64,1,2,1,0,0,0,6,4,2,1,64,128,16,90,90,9699328,1074790400,110,0.0188326,479.657,57070.6
33,CUTLASS,gemm,cutlass3x_sm90_tensorop_s64x128x16gemm_f16_f16_f32_f16_f16_128x128x64_2x1x1_0_nnn_align8,passed,success,universal,128,4096,1024,f16:column,f16:column,f16:column,f16:column,1,0,serial,4,1,heuristic,invalid,invalid,false,false,1,tensorop,f32,128,128,64,2,1,1,0,0,0,7,4,2,1,64,128,16,90,90,9699328,1074790400,110,0.0125216,721.41,85834.9
33,CUTLASS,gemm,cutlass3x_sm90_tensorop_s64x128x16gemm_f16_f16_f32_f16_f16_128x128x64_2x1x1_0_nnn_align8_warpspecialized_epi_nosmem,passed,success,universal,128,4096,1024,f16:column,f16:column,f16:column,f16:column,1,0,serial,4,1,heuristic,invalid,invalid,false,false,1,tensorop,f32,128,128,64,2,1,1,0,0,0,7,4,1,1,64,128,16,90,90,9699328,1074790400,110,0.0120851,747.465,88935
33,CUTLASS,gemm,cutlass3x_sm90_tensorop_s64x128x16gemm_f16_f16_f32_f16_f16_128x128x64_2x1x1_0_nnn_align8_warpspecialized_pingpong_epi_tma,passed,success,universal,128,4096,1024,f16:column,f16:column,f16:column,f16:column,1,0,serial,4,1,heuristic,invalid,invalid,false,false,1,tensorop,f32,128,128,64,2,1,1,0,0,0,6,4,1,1,64,128,16,90,90,9699328,1074790400,110,0.012457,725.153,86280.3
33,CUTLASS,gemm,cutlass3x_sm90_tensorop_s64x128x16gemm_f16_f16_f32_f16_f16_128x128x64_2x1x1_0_nnn_align8_warpspecialized_pingpong_epi_nosmem,passed,success,universal,128,4096,1024,f16:column,f16:column,f16:column,f16:column,1,0,serial,4,1,heuristic,invalid,invalid,false,false,1,tensorop,f32,128,128,64,2,1,1,0,0,0,7,4,1,1,64,128,16,90,90,9699328,1074790400,110,0.0124502,725.545,86326.9
33,CUTLASS,gemm,cutlass3x_sm90_tensorop_s64x128x16gemm_f16_f16_f32_f16_f16_128x128x64_2x1x1_0_nnn_align8_warpspecialized_cooperative_epi_nosmem,passed,success,universal,128,4096,1024,f16:column,f16:column,f16:column,f16:column,1,0,serial,4,1,heuristic,invalid,invalid,false,false,1,tensorop,f32,128,128,64,2,1,1,0,0,0,7,4,2,1,64,128,16,90,90,9699328,1074790400,110,0.0124995,722.684,85986.5
33,CUTLASS,gemm,cutlass3x_sm90_tensorop_s64x128x16gemm_f16_f16_f32_f16_f16_128x128x64_2x1x1_0_nnn_align8_warpspecialized_cooperative_epi_tma,passed,success,universal,128,4096,1024,f16:column,f16:column,f16:column,f16:column,1,0,serial,4,1,heuristic,invalid,invalid,false,false,1,tensorop,f32,128,128,64,2,1,1,0,0,0,6,4,2,1,64,128,16,90,90,9699328,1074790400,110,0.0117558,768.401,91426.1
33,CUTLASS,gemm,cutlass3x_sm90_tensorop_s64x128x16gemm_f16_f16_f32_f16_f16_128x128x64_2x1x1_0_nnn_align8_stream_k_warpspecialized_cooperative_epi_nosmem,passed,success,universal,128,4096,1024,f16:column,f16:column,f16:column,f16:column,1,0,serial,4,1,heuristic,invalid,invalid,false,false,1,tensorop,f32,128,128,64,2,1,1,0,0,0,7,4,2,1,64,128,16,90,90,9699328,1074790400,110,0.0199859,451.978,53777.4
33,CUTLASS,gemm,cutlass3x_sm90_tensorop_s64x128x16gemm_f16_f16_f32_f16_f16_128x128x64_2x1x1_0_nnn_align8_stream_k_warpspecialized_cooperative_epi_tma,passed,success,universal,128,4096,1024,f16:column,f16:column,f16:column,f16:column,1,0,serial,4,1,heuristic,invalid,invalid,false,false,1,tensorop,f32,128,128,64,2,1,1,0,0,0,6,4,2,1,64,128,16,90,90,9699328,1074790400,110,0.0197565,457.227,54401.9
34,CUTLASS,gemm,cutlass_tensorop_f16_s1688gemm_f16_256x128_32x2_nn_align8,passed,success,universal,256,4096,1024,f16:column,f16:column,f16:column,f16:column,1,0,serial,4,1,heuristic,invalid,invalid,false,false,1,tensorop,f32,256,128,32,1,1,1,0,0,0,2,4,2,1,16,8,8,75,1024,11010048,2149580800,195,0.0293187,349.739,73317.7
34,CUTLASS,gemm,cutlass_tensorop_f16_s16816gemm_f16_256x128_32x3_nn_align8,passed,success,universal,256,4096,1024,f16:column,f16:column,f16:column,f16:column,1,0,serial,4,1,heuristic,invalid,invalid,false,false,1,tensorop,f32,256,128,32,1,1,1,0,0,0,3,4,2,1,16,8,16,80,1024,11010048,2149580800,195,0.0243811,420.567,88165.8
34,CUTLASS,gemm,cutlass3x_sm90_tensorop_s64x128x16gemm_f16_f16_f32_f16_f16_128x128x64_1x2x1_0_nnn_align8,passed,success,universal,256,4096,1024,f16:column,f16:column,f16:column,f16:column,1,0,serial,4,1,heuristic,invalid,invalid,false,false,1,tensorop,f32,128,128,64,1,2,1,0,0,0,7,4,2,1,64,128,16,90,90,11010048,2149580800,195,0.0129421,792.292,166092
34,CUTLASS,gemm,cutlass3x_sm90_tensorop_s64x128x16gemm_f16_f16_f32_f16_f16_128x128x64_1x2x1_0_nnn_align8_warpspecialized_epi_nosmem,passed,success,universal,256,4096,1024,f16:column,f16:column,f16:column,f16:column,1,0,serial,4,1,heuristic,invalid,invalid,false,false,1,tensorop,f32,128,128,64,1,2,1,0,0,0,7,4,1,1,64,128,16,90,90,11010048,2149580800,195,0.0124656,822.576,172441
34,CUTLASS,gemm,cutlass3x_sm90_tensorop_s64x128x16gemm_f16_f16_f32_f16_f16_128x128x64_1x2x1_0_nnn_align8_warpspecialized_pingpong_epi_tma,passed,success,universal,256,4096,1024,f16:column,f16:column,f16:column,f16:column,1,0,serial,4,1,heuristic,invalid,invalid,false,false,1,tensorop,f32,128,128,64,1,2,1,0,0,0,6,4,1,1,64,128,16,90,90,11010048,2149580800,195,0.0126298,811.884,170200
34,CUTLASS,gemm,cutlass3x_sm90_tensorop_s64x128x16gemm_f16_f16_f32_f16_f16_128x128x64_1x2x1_0_nnn_align8_warpspecialized_pingpong_epi_nosmem,passed,success,universal,256,4096,1024,f16:column,f16:column,f16:column,f16:column,1,0,serial,4,1,heuristic,invalid,invalid,false,false,1,tensorop,f32,128,128,64,1,2,1,0,0,0,7,4,1,1,64,128,16,90,90,11010048,2149580800,195,0.0124906,820.932,172096
34,CUTLASS,gemm,cutlass3x_sm90_tensorop_s64x128x16gemm_f16_f16_f32_f16_f16_128x128x64_1x2x1_0_nnn_align8_warpspecialized_cooperative_epi_nosmem,passed,success,universal,256,4096,1024,f16:column,f16:column,f16:column,f16:column,1,0,serial,4,1,heuristic,invalid,invalid,false,false,1,tensorop,f32,128,128,64,1,2,1,0,0,0,7,4,2,1,64,128,16,90,90,11010048,2149580800,195,0.0129037,794.65,166587
34,CUTLASS,gemm,cutlass3x_sm90_tensorop_s64x128x16gemm_f16_f16_f32_f16_f16_128x128x64_1x2x1_0_nnn_align8_warpspecialized_cooperative_epi_tma,passed,success,universal,256,4096,1024,f16:column,f16:column,f16:column,f16:column,1,0,serial,4,1,heuristic,invalid,invalid,false,false,1,tensorop,f32,128,128,64,1,2,1,0,0,0,6,4,2,1,64,128,16,90,90,11010048,2149580800,195,0.0119267,859.742,180232
34,CUTLASS,gemm,cutlass3x_sm90_tensorop_s64x128x16gemm_f16_f16_f32_f16_f16_128x128x64_1x2x1_0_nnn_align8_stream_k_warpspecialized_cooperative_epi_nosmem,passed,success,universal,256,4096,1024,f16:column,f16:column,f16:column,f16:column,1,0,serial,4,1,heuristic,invalid,invalid,false,false,1,tensorop,f32,128,128,64,1,2,1,0,0,0,7,4,2,1,64,128,16,90,90,11010048,2149580800,195,0.0204749,500.804,104986
34,CUTLASS,gemm,cutlass3x_sm90_tensorop_s64x128x16gemm_f16_f16_f32_f16_f16_128x128x64_1x2x1_0_nnn_align8_stream_k_warpspecialized_cooperative_epi_tma,passed,success,universal,256,4096,1024,f16:column,f16:column,f16:column,f16:column,1,0,serial,4,1,heuristic,invalid,invalid,false,false,1,tensorop,f32,128,128,64,1,2,1,0,0,0,6,4,2,1,64,128,16,90,90,11010048,2149580800,195,0.0201898,507.877,106469
34,CUTLASS,gemm,cutlass3x_sm90_tensorop_s64x128x16gemm_f16_f16_f32_f16_f16_128x128x64_2x1x1_0_nnn_align8,passed,success,universal,256,4096,1024,f16:column,f16:column,f16:column,f16:column,1,0,serial,4,1,heuristic,invalid,invalid,false,false,1,tensorop,f32,128,128,64,2,1,1,0,0,0,7,4,2,1,64,128,16,90,90,11010048,2149580800,195,0.0128208,799.787,167664
34,CUTLASS,gemm,cutlass3x_sm90_tensorop_s64x128x16gemm_f16_f16_f32_f16_f16_128x128x64_2x1x1_0_nnn_align8_warpspecialized_epi_nosmem,passed,success,universal,256,4096,1024,f16:column,f16:column,f16:column,f16:column,1,0,serial,4,1,heuristic,invalid,invalid,false,false,1,tensorop,f32,128,128,64,2,1,1,0,0,0,7,4,1,1,64,128,16,90,90,11010048,2149580800,195,0.0121277,845.496,177246
34,CUTLASS,gemm,cutlass3x_sm90_tensorop_s64x128x16gemm_f16_f16_f32_f16_f16_128x128x64_2x1x1_0_nnn_align8_warpspecialized_pingpong_epi_tma,passed,success,universal,256,4096,1024,f16:column,f16:column,f16:column,f16:column,1,0,serial,4,1,heuristic,invalid,invalid,false,false,1,tensorop,f32,128,128,64,2,1,1,0,0,0,6,4,1,1,64,128,16,90,90,11010048,2149580800,195,0.0126144,812.873,170407
34,CUTLASS,gemm,cutlass3x_sm90_tensorop_s64x128x16gemm_f16_f16_f32_f16_f16_128x128x64_2x1x1_0_nnn_align8_warpspecialized_pingpong_epi_nosmem,passed,success,universal,256,4096,1024,f16:column,f16:column,f16:column,f16:column,1,0,serial,4,1,heuristic,invalid,invalid,false,false,1,tensorop,f32,128,128,64,2,1,1,0,0,0,7,4,1,1,64,128,16,90,90,11010048,2149580800,195,0.0127376,805.011,168759
34,CUTLASS,gemm,cutlass3x_sm90_tensorop_s64x128x16gemm_f16_f16_f32_f16_f16_128x128x64_2x1x1_0_nnn_align8_warpspecialized_cooperative_epi_nosmem,passed,success,universal,256,4096,1024,f16:column,f16:column,f16:column,f16:column,1,0,serial,4,1,heuristic,invalid,invalid,false,false,1,tensorop,f32,128,128,64,2,1,1,0,0,0,7,4,2,1,64,128,16,90,90,11010048,2149580800,195,0.0127469,804.425,168636
34,CUTLASS,gemm,cutlass3x_sm90_tensorop_s64x128x16gemm_f16_f16_f32_f16_f16_128x128x64_2x1x1_0_nnn_align8_warpspecialized_cooperative_epi_tma,passed,success,universal,256,4096,1024,f16:column,f16:column,f16:column,f16:column,1,0,serial,4,1,heuristic,invalid,invalid,false,false,1,tensorop,f32,128,128,64,2,1,1,0,0,0,6,4,2,1,64,128,16,90,90,11010048,2149580800,195,0.0117507,872.619,182932
34,CUTLASS,gemm,cutlass3x_sm90_tensorop_s64x128x16gemm_f16_f16_f32_f16_f16_128x128x64_2x1x1_0_nnn_align8_stream_k_warpspecialized_cooperative_epi_nosmem,passed,success,universal,256,4096,1024,f16:column,f16:column,f16:column,f16:column,1,0,serial,4,1,heuristic,invalid,invalid,false,false,1,tensorop,f32,128,128,64,2,1,1,0,0,0,7,4,2,1,64,128,16,90,90,11010048,2149580800,195,0.0197834,518.31,108656
34,CUTLASS,gemm,cutlass3x_sm90_tensorop_s64x128x16gemm_f16_f16_f32_f16_f16_128x128x64_2x1x1_0_nnn_align8_stream_k_warpspecialized_cooperative_epi_tma,passed,success,universal,256,4096,1024,f16:column,f16:column,f16:column,f16:column,1,0,serial,4,1,heuristic,invalid,invalid,false,false,1,tensorop,f32,128,128,64,2,1,1,0,0,0,6,4,2,1,64,128,16,90,90,11010048,2149580800,195,0.0194141,528.169,110723
35,CUTLASS,gemm,cutlass_tensorop_f16_s1688gemm_f16_256x128_32x2_nn_align8,passed,success,universal,384,4096,1024,f16:column,f16:column,f16:column,f16:column,1,0,serial,4,1,heuristic,invalid,invalid,false,false,1,tensorop,f32,256,128,32,1,1,1,0,0,0,2,4,2,1,16,8,8,75,1024,12320768,3224371200,261,0.034591,331.722,93214.1
35,CUTLASS,gemm,cutlass_tensorop_f16_s16816gemm_f16_256x128_32x3_nn_align8,passed,success,universal,384,4096,1024,f16:column,f16:column,f16:column,f16:column,1,0,serial,4,1,heuristic,invalid,invalid,false,false,1,tensorop,f32,256,128,32,1,1,1,0,0,0,3,4,2,1,16,8,16,80,1024,12320768,3224371200,261,0.0255107,449.796,126393
35,CUTLASS,gemm,cutlass3x_sm90_tensorop_s64x128x16gemm_f16_f16_f32_f16_f16_128x128x64_1x2x1_0_nnn_align8,passed,success,universal,384,4096,1024,f16:column,f16:column,f16:column,f16:column,1,0,serial,4,1,heuristic,invalid,invalid,false,false,1,tensorop,f32,128,128,64,1,2,1,0,0,0,7,4,2,1,64,128,16,90,90,12320768,3224371200,261,0.0140922,814.255,228806
35,CUTLASS,gemm,cutlass3x_sm90_tensorop_s64x128x16gemm_f16_f16_f32_f16_f16_128x128x64_1x2x1_0_nnn_align8_warpspecialized_epi_nosmem,passed,success,universal,384,4096,1024,f16:column,f16:column,f16:column,f16:column,1,0,serial,4,1,heuristic,invalid,invalid,false,false,1,tensorop,f32,128,128,64,1,2,1,0,0,0,7,4,1,1,64,128,16,90,90,12320768,3224371200,261,0.0132438,866.411,243462
35,CUTLASS,gemm,cutlass3x_sm90_tensorop_s64x128x16gemm_f16_f16_f32_f16_f16_128x128x64_1x2x1_0_nnn_align8_warpspecialized_pingpong_epi_tma,passed,success,universal,384,4096,1024,f16:column,f16:column,f16:column,f16:column,1,0,serial,4,1,heuristic,invalid,invalid,false,false,1,tensorop,f32,128,128,64,1,2,1,0,0,0,6,4,1,1,64,128,16,90,90,12320768,3224371200,261,0.0125504,914.282,256914
35,CUTLASS,gemm,cutlass3x_sm90_tensorop_s64x128x16gemm_f16_f16_f32_f16_f16_128x128x64_1x2x1_0_nnn_align8_warpspecialized_pingpong_epi_nosmem,passed,success,universal,384,4096,1024,f16:column,f16:column,f16:column,f16:column,1,0,serial,4,1,heuristic,invalid,invalid,false,false,1,tensorop,f32,128,128,64,1,2,1,0,0,0,7,4,1,1,64,128,16,90,90,12320768,3224371200,261,0.0137779,832.826,234025
35,CUTLASS,gemm,cutlass3x_sm90_tensorop_s64x128x16gemm_f16_f16_f32_f16_f16_128x128x64_1x2x1_0_nnn_align8_warpspecialized_cooperative_epi_nosmem,passed,success,universal,384,4096,1024,f16:column,f16:column,f16:column,f16:column,1,0,serial,4,1,heuristic,invalid,invalid,false,false,1,tensorop,f32,128,128,64,1,2,1,0,0,0,7,4,2,1,64,128,16,90,90,12320768,3224371200,261,0.0140038,819.39,230249
35,CUTLASS,gemm,cutlass3x_sm90_tensorop_s64x128x16gemm_f16_f16_f32_f16_f16_128x128x64_1x2x1_0_nnn_align8_warpspecialized_cooperative_epi_tma,passed,success,universal,384,4096,1024,f16:column,f16:column,f16:column,f16:column,1,0,serial,4,1,heuristic,invalid,invalid,false,false,1,tensorop,f32,128,128,64,1,2,1,0,0,0,6,4,2,1,64,128,16,90,90,12320768,3224371200,261,0.0119744,958.262,269272
35,CUTLASS,gemm,cutlass3x_sm90_tensorop_s64x128x16gemm_f16_f16_f32_f16_f16_128x128x64_1x2x1_0_nnn_align8_stream_k_warpspecialized_cooperative_epi_nosmem,passed,success,universal,384,4096,1024,f16:column,f16:column,f16:column,f16:column,1,0,serial,4,1,heuristic,invalid,invalid,false,false,1,tensorop,f32,128,128,64,1,2,1,0,0,0,7,4,2,1,64,128,16,90,90,12320768,3224371200,261,0.0258214,444.383,124872
35,CUTLASS,gemm,cutlass3x_sm90_tensorop_s64x128x16gemm_f16_f16_f32_f16_f16_128x128x64_1x2x1_0_nnn_align8_stream_k_warpspecialized_cooperative_epi_tma,passed,success,universal,384,4096,1024,f16:column,f16:column,f16:column,f16:column,1,0,serial,4,1,heuristic,invalid,invalid,false,false,1,tensorop,f32,128,128,64,1,2,1,0,0,0,6,4,2,1,64,128,16,90,90,12320768,3224371200,261,0.0253018,453.51,127437
35,CUTLASS,gemm,cutlass3x_sm90_tensorop_s64x128x16gemm_f16_f16_f32_f16_f16_128x128x64_2x1x1_0_nnn_align8,passed,success,universal,384,4096,1024,f16:column,f16:column,f16:column,f16:column,1,0,serial,4,1,heuristic,invalid,invalid,false,false,1,tensorop,f32,128,128,64,2,1,1,0,0,0,7,4,2,1,64,128,16,90,90,12320768,3224371200,261,0.0144262,795.398,223507
35,CUTLASS,gemm,cutlass3x_sm90_tensorop_s64x128x16gemm_f16_f16_f32_f16_f16_128x128x64_2x1x1_0_nnn_align8_warpspecialized_epi_nosmem,passed,success,universal,384,4096,1024,f16:column,f16:column,f16:column,f16:column,1,0,serial,4,1,heuristic,invalid,invalid,false,false,1,tensorop,f32,128,128,64,2,1,1,0,0,0,7,4,1,1,64,128,16,90,90,12320768,3224371200,261,0.0139472,822.718,231184
35,CUTLASS,gemm,cutlass3x_sm90_tensorop_s64x128x16gemm_f16_f16_f32_f16_f16_128x128x64_2x1x1_0_nnn_align8_warpspecialized_pingpong_epi_tma,passed,success,universal,384,4096,1024,f16:column,f16:column,f16:column,f16:column,1,0,serial,4,1,heuristic,invalid,invalid,false,false,1,tensorop,f32,128,128,64,2,1,1,0,0,0,6,4,1,1,64,128,16,90,90,12320768,3224371200,261,0.0140058,819.278,230218
35,CUTLASS,gemm,cutlass3x_sm90_tensorop_s64x128x16gemm_f16_f16_f32_f16_f16_128x128x64_2x1x1_0_nnn_align8_warpspecialized_pingpong_epi_nosmem,passed,success,universal,384,4096,1024,f16:column,f16:column,f16:column,f16:column,1,0,serial,4,1,heuristic,invalid,invalid,false,false,1,tensorop,f32,128,128,64,2,1,1,0,0,0,7,4,1,1,64,128,16,90,90,12320768,3224371200,261,0.0147549,777.682,218529
35,CUTLASS,gemm,cutlass3x_sm90_tensorop_s64x128x16gemm_f16_f16_f32_f16_f16_128x128x64_2x1x1_0_nnn_align8_warpspecialized_cooperative_epi_nosmem,passed,success,universal,384,4096,1024,f16:column,f16:column,f16:column,f16:column,1,0,serial,4,1,heuristic,invalid,invalid,false,false,1,tensorop,f32,128,128,64,2,1,1,0,0,0,7,4,2,1,64,128,16,90,90,12320768,3224371200,261,0.0143443,799.941,224784
35,CUTLASS,gemm,cutlass3x_sm90_tensorop_s64x128x16gemm_f16_f16_f32_f16_f16_128x128x64_2x1x1_0_nnn_align8_warpspecialized_cooperative_epi_tma,passed,success,universal,384,4096,1024,f16:column,f16:column,f16:column,f16:column,1,0,serial,4,1,heuristic,invalid,invalid,false,false,1,tensorop,f32,128,128,64,2,1,1,0,0,0,6,4,2,1,64,128,16,90,90,12320768,3224371200,261,0.0131488,872.673,245222
35,CUTLASS,gemm,cutlass3x_sm90_tensorop_s64x128x16gemm_f16_f16_f32_f16_f16_128x128x64_2x1x1_0_nnn_align8_stream_k_warpspecialized_cooperative_epi_nosmem,passed,success,universal,384,4096,1024,f16:column,f16:column,f16:column,f16:column,1,0,serial,4,1,heuristic,invalid,invalid,false,false,1,tensorop,f32,128,128,64,2,1,1,0,0,0,7,4,2,1,64,128,16,90,90,12320768,3224371200,261,0.0310838,369.15,103731
35,CUTLASS,gemm,cutlass3x_sm90_tensorop_s64x128x16gemm_f16_f16_f32_f16_f16_128x128x64_2x1x1_0_nnn_align8_stream_k_warpspecialized_cooperative_epi_tma,passed,success,universal,384,4096,1024,f16:column,f16:column,f16:column,f16:column,1,0,serial,4,1,heuristic,invalid,invalid,false,false,1,tensorop,f32,128,128,64,2,1,1,0,0,0,6,4,2,1,64,128,16,90,90,12320768,3224371200,261,0.0300304,382.1,107370
36,CUTLASS,gemm,cutlass_tensorop_f16_s1688gemm_f16_256x128_32x2_nn_align8,passed,success,universal,512,4096,1024,f16:column,f16:column,f16:column,f16:column,1,0,serial,4,1,heuristic,invalid,invalid,false,false,1,tensorop,f32,256,128,32,1,1,1,0,0,0,2,4,2,1,16,8,8,75,1024,13631488,4299161600,315,0.0353795,358.832,121516
36,CUTLASS,gemm,cutlass_tensorop_f16_s16816gemm_f16_256x128_32x3_nn_align8,passed,success,universal,512,4096,1024,f16:column,f16:column,f16:column,f16:column,1,0,serial,4,1,heuristic,invalid,invalid,false,false,1,tensorop,f32,256,128,32,1,1,1,0,0,0,3,4,2,1,16,8,16,80,1024,13631488,4299161600,315,0.0262234,484.122,163944
36,CUTLASS,gemm,cutlass3x_sm90_tensorop_s64x128x16gemm_f16_f16_f32_f16_f16_128x128x64_1x2x1_0_nnn_align8,passed,success,universal,512,4096,1024,f16:column,f16:column,f16:column,f16:column,1,0,serial,4,1,heuristic,invalid,invalid,false,false,1,tensorop,f32,128,128,64,1,2,1,0,0,0,7,4,2,1,64,128,16,90,90,13631488,4299161600,315,0.0145181,874.448,296125
36,CUTLASS,gemm,cutlass3x_sm90_tensorop_s64x128x16gemm_f16_f16_f32_f16_f16_128x128x64_1x2x1_0_nnn_align8_warpspecialized_epi_nosmem,passed,success,universal,512,4096,1024,f16:column,f16:column,f16:column,f16:column,1,0,serial,4,1,heuristic,invalid,invalid,false,false,1,tensorop,f32,128,128,64,1,2,1,0,0,0,7,4,1,1,64,128,16,90,90,13631488,4299161600,315,0.0135782,934.975,316621
36,CUTLASS,gemm,cutlass3x_sm90_tensorop_s64x128x16gemm_f16_f16_f32_f16_f16_128x128x64_1x2x1_0_nnn_align8_warpspecialized_pingpong_epi_tma,passed,success,universal,512,4096,1024,f16:column,f16:column,f16:column,f16:column,1,0,serial,4,1,heuristic,invalid,invalid,false,false,1,tensorop,f32,128,128,64,1,2,1,0,0,0,6,4,1,1,64,128,16,90,90,13631488,4299161600,315,0.0136733,928.476,314421
36,CUTLASS,gemm,cutlass3x_sm90_tensorop_s64x128x16gemm_f16_f16_f32_f16_f16_128x128x64_1x2x1_0_nnn_align8_warpspecialized_pingpong_epi_nosmem,passed,success,universal,512,4096,1024,f16:column,f16:column,f16:column,f16:column,1,0,serial,4,1,heuristic,invalid,invalid,false,false,1,tensorop,f32,128,128,64,1,2,1,0,0,0,7,4,1,1,64,128,16,90,90,13631488,4299161600,315,0.0138835,914.416,309659
36,CUTLASS,gemm,cutlass3x_sm90_tensorop_s64x128x16gemm_f16_f16_f32_f16_f16_128x128x64_1x2x1_0_nnn_align8_warpspecialized_cooperative_epi_nosmem,passed,success,universal,512,4096,1024,f16:column,f16:column,f16:column,f16:column,1,0,serial,4,1,heuristic,invalid,invalid,false,false,1,tensorop,f32,128,128,64,1,2,1,0,0,0,7,4,2,1,64,128,16,90,90,13631488,4299161600,315,0.0145059,875.181,296373
36,CUTLASS,gemm,cutlass3x_sm90_tensorop_s64x128x16gemm_f16_f16_f32_f16_f16_128x128x64_1x2x1_0_nnn_align8_warpspecialized_cooperative_epi_tma,passed,success,universal,512,4096,1024,f16:column,f16:column,f16:column,f16:column,1,0,serial,4,1,heuristic,invalid,invalid,false,false,1,tensorop,f32,128,128,64,1,2,1,0,0,0,6,4,2,1,64,128,16,90,90,13631488,4299161600,315,0.0132109,960.974,325426
36,CUTLASS,gemm,cutlass3x_sm90_tensorop_s64x128x16gemm_f16_f16_f32_f16_f16_128x128x64_1x2x1_0_nnn_align8_stream_k_warpspecialized_cooperative_epi_nosmem,passed,success,universal,512,4096,1024,f16:column,f16:column,f16:column,f16:column,1,0,serial,4,1,heuristic,invalid,invalid,false,false,1,tensorop,f32,128,128,64,1,2,1,0,0,0,7,4,2,1,64,128,16,90,90,13631488,4299161600,315,0.0313578,404.854,137100
36,CUTLASS,gemm,cutlass3x_sm90_tensorop_s64x128x16gemm_f16_f16_f32_f16_f16_128x128x64_1x2x1_0_nnn_align8_stream_k_warpspecialized_cooperative_epi_tma,passed,success,universal,512,4096,1024,f16:column,f16:column,f16:column,f16:column,1,0,serial,4,1,heuristic,invalid,invalid,false,false,1,tensorop,f32,128,128,64,1,2,1,0,0,0,6,4,2,1,64,128,16,90,90,13631488,4299161600,315,0.0311866,407.076,137853
36,CUTLASS,gemm,cutlass3x_sm90_tensorop_s64x128x16gemm_f16_f16_f32_f16_f16_128x128x64_2x1x1_0_nnn_align8,passed,success,universal,512,4096,1024,f16:column,f16:column,f16:column,f16:column,1,0,serial,4,1,heuristic,invalid,invalid,false,false,1,tensorop,f32,128,128,64,2,1,1,0,0,0,7,4,2,1,64,128,16,90,90,13631488,4299161600,315,0.0135075,939.87,318279
36,CUTLASS,gemm,cutlass3x_sm90_tensorop_s64x128x16gemm_f16_f16_f32_f16_f16_128x128x64_2x1x1_0_nnn_align8_warpspecialized_epi_nosmem,passed,success,universal,512,4096,1024,f16:column,f16:column,f16:column,f16:column,1,0,serial,4,1,heuristic,invalid,invalid,false,false,1,tensorop,f32,128,128,64,2,1,1,0,0,0,7,4,1,1,64,128,16,90,90,13631488,4299161600,315,0.0127888,992.69,336166
36,CUTLASS,gemm,cutlass3x_sm90_tensorop_s64x128x16gemm_f16_f16_f32_f16_f16_128x128x64_2x1x1_0_nnn_align8_warpspecialized_pingpong_epi_tma,passed,success,universal,512,4096,1024,f16:column,f16:column,f16:column,f16:column,1,0,serial,4,1,heuristic,invalid,invalid,false,false,1,tensorop,f32,128,128,64,2,1,1,0,0,0,6,4,1,1,64,128,16,90,90,13631488,4299161600,315,0.0130166,975.314,330282
36,CUTLASS,gemm,cutlass3x_sm90_tensorop_s64x128x16gemm_f16_f16_f32_f16_f16_128x128x64_2x1x1_0_nnn_align8_warpspecialized_pingpong_epi_nosmem,passed,success,universal,512,4096,1024,f16:column,f16:column,f16:column,f16:column,1,0,serial,4,1,heuristic,invalid,invalid,false,false,1,tensorop,f32,128,128,64,2,1,1,0,0,0,7,4,1,1,64,128,16,90,90,13631488,4299161600,315,0.0128979,984.292,333322
36,CUTLASS,gemm,cutlass3x_sm90_tensorop_s64x128x16gemm_f16_f16_f32_f16_f16_128x128x64_2x1x1_0_nnn_align8_warpspecialized_cooperative_epi_nosmem,passed,success,universal,512,4096,1024,f16:column,f16:column,f16:column,f16:column,1,0,serial,4,1,heuristic,invalid,invalid,false,false,1,tensorop,f32,128,128,64,2,1,1,0,0,0,7,4,2,1,64,128,16,90,90,13631488,4299161600,315,0.013559,936.299,317070
36,CUTLASS,gemm,cutlass3x_sm90_tensorop_s64x128x16gemm_f16_f16_f32_f16_f16_128x128x64_2x1x1_0_nnn_align8_warpspecialized_cooperative_epi_tma,passed,success,universal,512,4096,1024,f16:column,f16:column,f16:column,f16:column,1,0,serial,4,1,heuristic,invalid,invalid,false,false,1,tensorop,f32,128,128,64,2,1,1,0,0,0,6,4,2,1,64,128,16,90,90,13631488,4299161600,315,0.0123347,1029.23,348541
36,CUTLASS,gemm,cutlass3x_sm90_tensorop_s64x128x16gemm_f16_f16_f32_f16_f16_128x128x64_2x1x1_0_nnn_align8_stream_k_warpspecialized_cooperative_epi_nosmem,passed,success,universal,512,4096,1024,f16:column,f16:column,f16:column,f16:column,1,0,serial,4,1,heuristic,invalid,invalid,false,false,1,tensorop,f32,128,128,64,2,1,1,0,0,0,7,4,2,1,64,128,16,90,90,13631488,4299161600,315,0.0311264,407.863,138119
36,CUTLASS,gemm,cutlass3x_sm90_tensorop_s64x128x16gemm_f16_f16_f32_f16_f16_128x128x64_2x1x1_0_nnn_align8_stream_k_warpspecialized_cooperative_epi_tma,passed,success,universal,512,4096,1024,f16:column,f16:column,f16:column,f16:column,1,0,serial,4,1,heuristic,invalid,invalid,false,false,1,tensorop,f32,128,128,64,2,1,1,0,0,0,6,4,2,1,64,128,16,90,90,13631488,4299161600,315,0.0303693,418.031,141563
37,CUTLASS,gemm,cutlass_tensorop_f16_s1688gemm_f16_256x128_32x2_nn_align8,passed,success,universal,640,4096,1024,f16:column,f16:column,f16:column,f16:column,1,0,serial,4,1,heuristic,invalid,invalid,false,false,1,tensorop,f32,256,128,32,1,1,1,0,0,0,2,4,2,1,16,8,8,75,1024,14942208,5373952000,359,0.0458384,303.589,117237
37,CUTLASS,gemm,cutlass_tensorop_f16_s16816gemm_f16_256x128_32x3_nn_align8,passed,success,universal,640,4096,1024,f16:column,f16:column,f16:column,f16:column,1,0,serial,4,1,heuristic,invalid,invalid,false,false,1,tensorop,f32,256,128,32,1,1,1,0,0,0,3,4,2,1,16,8,16,80,1024,14942208,5373952000,359,0.0319043,436.18,168440
37,CUTLASS,gemm,cutlass3x_sm90_tensorop_s64x128x16gemm_f16_f16_f32_f16_f16_128x128x64_1x2x1_0_nnn_align8,passed,success,universal,640,4096,1024,f16:column,f16:column,f16:column,f16:column,1,0,serial,4,1,heuristic,invalid,invalid,false,false,1,tensorop,f32,128,128,64,1,2,1,0,0,0,7,4,2,1,64,128,16,90,90,14942208,5373952000,359,0.0227075,612.837,236660
37,CUTLASS,gemm,cutlass3x_sm90_tensorop_s64x128x16gemm_f16_f16_f32_f16_f16_128x128x64_1x2x1_0_nnn_align8_warpspecialized_epi_nosmem,passed,success,universal,640,4096,1024,f16:column,f16:column,f16:column,f16:column,1,0,serial,4,1,heuristic,invalid,invalid,false,false,1,tensorop,f32,128,128,64,1,2,1,0,0,0,7,4,1,1,64,128,16,90,90,14942208,5373952000,359,0.0215702,645.149,249137
37,CUTLASS,gemm,cutlass3x_sm90_tensorop_s64x128x16gemm_f16_f16_f32_f16_f16_128x128x64_1x2x1_0_nnn_align8_warpspecialized_pingpong_epi_tma,passed,success,universal,640,4096,1024,f16:column,f16:column,f16:column,f16:column,1,0,serial,4,1,heuristic,invalid,invalid,false,false,1,tensorop,f32,128,128,64,1,2,1,0,0,0,6,4,1,1,64,128,16,90,90,14942208,5373952000,359,0.0184477,754.35,291308
37,CUTLASS,gemm,cutlass3x_sm90_tensorop_s64x128x16gemm_f16_f16_f32_f16_f16_128x128x64_1x2x1_0_nnn_align8_warpspecialized_pingpong_epi_nosmem,passed,success,universal,640,4096,1024,f16:column,f16:column,f16:column,f16:column,1,0,serial,4,1,heuristic,invalid,invalid,false,false,1,tensorop,f32,128,128,64,1,2,1,0,0,0,7,4,1,1,64,128,16,90,90,14942208,5373952000,359,0.0199501,697.542,269370
37,CUTLASS,gemm,cutlass3x_sm90_tensorop_s64x128x16gemm_f16_f16_f32_f16_f16_128x128x64_1x2x1_0_nnn_align8_warpspecialized_cooperative_epi_nosmem,passed,success,universal,640,4096,1024,f16:column,f16:column,f16:column,f16:column,1,0,serial,4,1,heuristic,invalid,invalid,false,false,1,tensorop,f32,128,128,64,1,2,1,0,0,0,7,4,2,1,64,128,16,90,90,14942208,5373952000,359,0.022537,617.475,238451
37,CUTLASS,gemm,cutlass3x_sm90_tensorop_s64x128x16gemm_f16_f16_f32_f16_f16_128x128x64_1x2x1_0_nnn_align8_warpspecialized_cooperative_epi_tma,passed,success,universal,640,4096,1024,f16:column,f16:column,f16:column,f16:column,1,0,serial,4,1,heuristic,invalid,invalid,false,false,1,tensorop,f32,128,128,64,1,2,1,0,0,0,6,4,2,1,64,128,16,90,90,14942208,5373952000,359,0.0192125,724.322,279712
37,CUTLASS,gemm,cutlass3x_sm90_tensorop_s64x128x16gemm_f16_f16_f32_f16_f16_128x128x64_1x2x1_0_nnn_align8_stream_k_warpspecialized_cooperative_epi_nosmem,passed,success,universal,640,4096,1024,f16:column,f16:column,f16:column,f16:column,1,0,serial,4,1,heuristic,invalid,invalid,false,false,1,tensorop,f32,128,128,64,1,2,1,0,0,0,7,4,2,1,64,128,16,90,90,14942208,5373952000,359,0.037807,368.08,142142
37,CUTLASS,gemm,cutlass3x_sm90_tensorop_s64x128x16gemm_f16_f16_f32_f16_f16_128x128x64_1x2x1_0_nnn_align8_stream_k_warpspecialized_cooperative_epi_tma,passed,success,universal,640,4096,1024,f16:column,f16:column,f16:column,f16:column,1,0,serial,4,1,heuristic,invalid,invalid,false,false,1,tensorop,f32,128,128,64,1,2,1,0,0,0,6,4,2,1,64,128,16,90,90,14942208,5373952000,359,0.036624,379.97,146733
37,CUTLASS,gemm,cutlass3x_sm90_tensorop_s64x128x16gemm_f16_f16_f32_f16_f16_128x128x64_2x1x1_0_nnn_align8,passed,success,universal,640,4096,1024,f16:column,f16:column,f16:column,f16:column,1,0,serial,4,1,heuristic,invalid,invalid,false,false,1,tensorop,f32,128,128,64,2,1,1,0,0,0,7,4,2,1,64,128,16,90,90,14942208,5373952000,359,0.022488,618.82,238970
37,CUTLASS,gemm,cutlass3x_sm90_tensorop_s64x128x16gemm_f16_f16_f32_f16_f16_128x128x64_2x1x1_0_nnn_align8_warpspecialized_epi_nosmem,passed,success,universal,640,4096,1024,f16:column,f16:column,f16:column,f16:column,1,0,serial,4,1,heuristic,invalid,invalid,false,false,1,tensorop,f32,128,128,64,2,1,1,0,0,0,7,4,1,1,64,128,16,90,90,14942208,5373952000,359,0.0214445,648.932,250598
37,CUTLASS,gemm,cutlass3x_sm90_tensorop_s64x128x16gemm_f16_f16_f32_f16_f16_128x128x64_2x1x1_0_nnn_align8_warpspecialized_pingpong_epi_tma,passed,success,universal,640,4096,1024,f16:column,f16:column,f16:column,f16:column,1,0,serial,4,1,heuristic,invalid,invalid,false,false,1,tensorop,f32,128,128,64,2,1,1,0,0,0,6,4,1,1,64,128,16,90,90,14942208,5373952000,359,0.0197488,704.651,272115
37,CUTLASS,gemm,cutlass3x_sm90_tensorop_s64x128x16gemm_f16_f16_f32_f16_f16_128x128x64_2x1x1_0_nnn_align8_warpspecialized_pingpong_epi_nosmem,passed,success,universal,640,4096,1024,f16:column,f16:column,f16:column,f16:column,1,0,serial,4,1,heuristic,invalid,invalid,false,false,1,tensorop,f32,128,128,64,2,1,1,0,0,0,7,4,1,1,64,128,16,90,90,14942208,5373952000,359,0.0216579,642.537,248129
37,CUTLASS,gemm,cutlass3x_sm90_tensorop_s64x128x16gemm_f16_f16_f32_f16_f16_128x128x64_2x1x1_0_nnn_align8_warpspecialized_cooperative_epi_nosmem,passed,success,universal,640,4096,1024,f16:column,f16:column,f16:column,f16:column,1,0,serial,4,1,heuristic,invalid,invalid,false,false,1,tensorop,f32,128,128,64,2,1,1,0,0,0,7,4,2,1,64,128,16,90,90,14942208,5373952000,359,0.0224419,620.09,239460
37,CUTLASS,gemm,cutlass3x_sm90_tensorop_s64x128x16gemm_f16_f16_f32_f16_f16_128x128x64_2x1x1_0_nnn_align8_warpspecialized_cooperative_epi_tma,passed,success,universal,640,4096,1024,f16:column,f16:column,f16:column,f16:column,1,0,serial,4,1,heuristic,invalid,invalid,false,false,1,tensorop,f32,128,128,64,2,1,1,0,0,0,6,4,2,1,64,128,16,90,90,14942208,5373952000,359,0.0198816,699.944,270298
37,CUTLASS,gemm,cutlass3x_sm90_tensorop_s64x128x16gemm_f16_f16_f32_f16_f16_128x128x64_2x1x1_0_nnn_align8_stream_k_warpspecialized_cooperative_epi_nosmem,passed,success,universal,640,4096,1024,f16:column,f16:column,f16:column,f16:column,1,0,serial,4,1,heuristic,invalid,invalid,false,false,1,tensorop,f32,128,128,64,2,1,1,0,0,0,7,4,2,1,64,128,16,90,90,14942208,5373952000,359,0.042784,325.262,125607
37,CUTLASS,gemm,cutlass3x_sm90_tensorop_s64x128x16gemm_f16_f16_f32_f16_f16_128x128x64_2x1x1_0_nnn_align8_stream_k_warpspecialized_cooperative_epi_tma,passed,success,universal,640,4096,1024,f16:column,f16:column,f16:column,f16:column,1,0,serial,4,1,heuristic,invalid,invalid,false,false,1,tensorop,f32,128,128,64,2,1,1,0,0,0,6,4,2,1,64,128,16,90,90,14942208,5373952000,359,0.0411414,338.248,130621
38,CUTLASS,gemm,cutlass_tensorop_f16_s1688gemm_f16_256x128_32x2_nn_align8,passed,success,universal,768,4096,1024,f16:column,f16:column,f16:column,f16:column,1,0,serial,4,1,heuristic,invalid,invalid,false,false,1,tensorop,f32,256,128,32,1,1,1,0,0,0,2,4,2,1,16,8,8,75,1024,16252928,6448742400,396,0.0485424,311.825,132848
38,CUTLASS,gemm,cutlass_tensorop_f16_s16816gemm_f16_256x128_32x3_nn_align8,passed,success,universal,768,4096,1024,f16:column,f16:column,f16:column,f16:column,1,0,serial,4,1,heuristic,invalid,invalid,false,false,1,tensorop,f32,256,128,32,1,1,1,0,0,0,3,4,2,1,16,8,16,80,1024,16252928,6448742400,396,0.0358794,421.878,179734
38,CUTLASS,gemm,cutlass3x_sm90_tensorop_s64x128x16gemm_f16_f16_f32_f16_f16_128x128x64_1x2x1_0_nnn_align8,passed,success,universal,768,4096,1024,f16:column,f16:column,f16:column,f16:column,1,0,serial,4,1,heuristic,invalid,invalid,false,false,1,tensorop,f32,128,128,64,1,2,1,0,0,0,7,4,2,1,64,128,16,90,90,16252928,6448742400,396,0.0229706,658.962,280739
38,CUTLASS,gemm,cutlass3x_sm90_tensorop_s64x128x16gemm_f16_f16_f32_f16_f16_128x128x64_1x2x1_0_nnn_align8_warpspecialized_epi_nosmem,passed,success,universal,768,4096,1024,f16:column,f16:column,f16:column,f16:column,1,0,serial,4,1,heuristic,invalid,invalid,false,false,1,tensorop,f32,128,128,64,1,2,1,0,0,0,7,4,1,1,64,128,16,90,90,16252928,6448742400,396,0.0226768,667.498,284376
38,CUTLASS,gemm,cutlass3x_sm90_tensorop_s64x128x16gemm_f16_f16_f32_f16_f16_128x128x64_1x2x1_0_nnn_align8_warpspecialized_pingpong_epi_tma,passed,success,universal,768,4096,1024,f16:column,f16:column,f16:column,f16:column,1,0,serial,4,1,heuristic,invalid,invalid,false,false,1,tensorop,f32,128,128,64,1,2,1,0,0,0,6,4,1,1,64,128,16,90,90,16252928,6448742400,396,0.0185568,815.697,347514
38,CUTLASS,gemm,cutlass3x_sm90_tensorop_s64x128x16gemm_f16_f16_f32_f16_f16_128x128x64_1x2x1_0_nnn_align8_warpspecialized_pingpong_epi_nosmem,passed,success,universal,768,4096,1024,f16:column,f16:column,f16:column,f16:column,1,0,serial,4,1,heuristic,invalid,invalid,false,false,1,tensorop,f32,128,128,64,1,2,1,0,0,0,7,4,1,1,64,128,16,90,90,16252928,6448742400,396,0.0204237,741.136,315748
38,CUTLASS,gemm,cutlass3x_sm90_tensorop_s64x128x16gemm_f16_f16_f32_f16_f16_128x128x64_1x2x1_0_nnn_align8_warpspecialized_cooperative_epi_nosmem,passed,success,universal,768,4096,1024,f16:column,f16:column,f16:column,f16:column,1,0,serial,4,1,heuristic,invalid,invalid,false,false,1,tensorop,f32,128,128,64,1,2,1,0,0,0,7,4,2,1,64,128,16,90,90,16252928,6448742400,396,0.0229264,660.231,281280
38,CUTLASS,gemm,cutlass3x_sm90_tensorop_s64x128x16gemm_f16_f16_f32_f16_f16_128x128x64_1x2x1_0_nnn_align8_warpspecialized_cooperative_epi_tma,passed,success,universal,768,4096,1024,f16:column,f16:column,f16:column,f16:column,1,0,serial,4,1,heuristic,invalid,invalid,false,false,1,tensorop,f32,128,128,64,1,2,1,0,0,0,6,4,2,1,64,128,16,90,90,16252928,6448742400,396,0.0193878,780.733,332618
38,CUTLASS,gemm,cutlass3x_sm90_tensorop_s64x128x16gemm_f16_f16_f32_f16_f16_128x128x64_1x2x1_0_nnn_align8_stream_k_warpspecialized_cooperative_epi_nosmem,passed,success,universal,768,4096,1024,f16:column,f16:column,f16:column,f16:column,1,0,serial,4,1,heuristic,invalid,invalid,false,false,1,tensorop,f32,128,128,64,1,2,1,0,0,0,7,4,2,1,64,128,16,90,90,16252928,6448742400,396,0.0434262,348.562,148499
38,CUTLASS,gemm,cutlass3x_sm90_tensorop_s64x128x16gemm_f16_f16_f32_f16_f16_128x128x64_1x2x1_0_nnn_align8_stream_k_warpspecialized_cooperative_epi_tma,passed,success,universal,768,4096,1024,f16:column,f16:column,f16:column,f16:column,1,0,serial,4,1,heuristic,invalid,invalid,false,false,1,tensorop,f32,128,128,64,1,2,1,0,0,0,6,4,2,1,64,128,16,90,90,16252928,6448742400,396,0.0417219,362.8,154565
38,CUTLASS,gemm,cutlass3x_sm90_tensorop_s64x128x16gemm_f16_f16_f32_f16_f16_128x128x64_2x1x1_0_nnn_align8,passed,success,universal,768,4096,1024,f16:column,f16:column,f16:column,f16:column,1,0,serial,4,1,heuristic,invalid,invalid,false,false,1,tensorop,f32,128,128,64,2,1,1,0,0,0,7,4,2,1,64,128,16,90,90,16252928,6448742400,396,0.0212838,711.184,302988
38,CUTLASS,gemm,cutlass3x_sm90_tensorop_s64x128x16gemm_f16_f16_f32_f16_f16_128x128x64_2x1x1_0_nnn_align8_warpspecialized_epi_nosmem,passed,success,universal,768,4096,1024,f16:column,f16:column,f16:column,f16:column,1,0,serial,4,1,heuristic,invalid,invalid,false,false,1,tensorop,f32,128,128,64,2,1,1,0,0,0,7,4,1,1,64,128,16,90,90,16252928,6448742400,396,0.0220406,686.764,292584
38,CUTLASS,gemm,cutlass3x_sm90_tensorop_s64x128x16gemm_f16_f16_f32_f16_f16_128x128x64_2x1x1_0_nnn_align8_warpspecialized_pingpong_epi_tma,passed,success,universal,768,4096,1024,f16:column,f16:column,f16:column,f16:column,1,0,serial,4,1,heuristic,invalid,invalid,false,false,1,tensorop,f32,128,128,64,2,1,1,0,0,0,6,4,1,1,64,128,16,90,90,16252928,6448742400,396,0.0175734,861.341,366960
38,CUTLASS,gemm,cutlass3x_sm90_tensorop_s64x128x16gemm_f16_f16_f32_f16_f16_128x128x64_2x1x1_0_nnn_align8_warpspecialized_pingpong_epi_nosmem,passed,success,universal,768,4096,1024,f16:column,f16:column,f16:column,f16:column,1,0,serial,4,1,heuristic,invalid,invalid,false,false,1,tensorop,f32,128,128,64,2,1,1,0,0,0,7,4,1,1,64,128,16,90,90,16252928,6448742400,396,0.0187837,805.844,343316
38,CUTLASS,gemm,cutlass3x_sm90_tensorop_s64x128x16gemm_f16_f16_f32_f16_f16_128x128x64_2x1x1_0_nnn_align8_warpspecialized_cooperative_epi_nosmem,passed,success,universal,768,4096,1024,f16:column,f16:column,f16:column,f16:column,1,0,serial,4,1,heuristic,invalid,invalid,false,false,1,tensorop,f32,128,128,64,2,1,1,0,0,0,7,4,2,1,64,128,16,90,90,16252928,6448742400,396,0.0214234,706.552,301015
38,CUTLASS,gemm,cutlass3x_sm90_tensorop_s64x128x16gemm_f16_f16_f32_f16_f16_128x128x64_2x1x1_0_nnn_align8_warpspecialized_cooperative_epi_tma,passed,success,universal,768,4096,1024,f16:column,f16:column,f16:column,f16:column,1,0,serial,4,1,heuristic,invalid,invalid,false,false,1,tensorop,f32,128,128,64,2,1,1,0,0,0,6,4,2,1,64,128,16,90,90,16252928,6448742400,396,0.0182131,831.089,354071
38,CUTLASS,gemm,cutlass3x_sm90_tensorop_s64x128x16gemm_f16_f16_f32_f16_f16_128x128x64_2x1x1_0_nnn_align8_stream_k_warpspecialized_cooperative_epi_nosmem,passed,success,universal,768,4096,1024,f16:column,f16:column,f16:column,f16:column,1,0,serial,4,1,heuristic,invalid,invalid,false,false,1,tensorop,f32,128,128,64,2,1,1,0,0,0,7,4,2,1,64,128,16,90,90,16252928,6448742400,396,0.0435632,347.466,148032
38,CUTLASS,gemm,cutlass3x_sm90_tensorop_s64x128x16gemm_f16_f16_f32_f16_f16_128x128x64_2x1x1_0_nnn_align8_stream_k_warpspecialized_cooperative_epi_tma,passed,success,universal,768,4096,1024,f16:column,f16:column,f16:column,f16:column,1,0,serial,4,1,heuristic,invalid,invalid,false,false,1,tensorop,f32,128,128,64,2,1,1,0,0,0,6,4,2,1,64,128,16,90,90,16252928,6448742400,396,0.0412656,366.812,156274
39,CUTLASS,gemm,cutlass_tensorop_f16_s1688gemm_f16_256x128_32x2_nn_align8,passed,success,universal,896,4096,1024,f16:column,f16:column,f16:column,f16:column,1,0,serial,4,1,heuristic,invalid,invalid,false,false,1,tensorop,f32,256,128,32,1,1,1,0,0,0,2,4,2,1,16,8,8,75,1024,17563648,7523532800,428,0.0588109,278.136,127928
39,CUTLASS,gemm,cutlass_tensorop_f16_s16816gemm_f16_256x128_32x3_nn_align8,passed,success,universal,896,4096,1024,f16:column,f16:column,f16:column,f16:column,1,0,serial,4,1,heuristic,invalid,invalid,false,false,1,tensorop,f32,256,128,32,1,1,1,0,0,0,3,4,2,1,16,8,16,80,1024,17563648,7523532800,428,0.042105,388.492,178685
39,CUTLASS,gemm,cutlass3x_sm90_tensorop_s64x128x16gemm_f16_f16_f32_f16_f16_128x128x64_1x2x1_0_nnn_align8,passed,success,universal,896,4096,1024,f16:column,f16:column,f16:column,f16:column,1,0,serial,4,1,heuristic,invalid,invalid,false,false,1,tensorop,f32,128,128,64,1,2,1,0,0,0,7,4,2,1,64,128,16,90,90,17563648,7523532800,428,0.0241533,677.234,311491
39,CUTLASS,gemm,cutlass3x_sm90_tensorop_s64x128x16gemm_f16_f16_f32_f16_f16_128x128x64_1x2x1_0_nnn_align8_warpspecialized_epi_nosmem,passed,success,universal,896,4096,1024,f16:column,f16:column,f16:column,f16:column,1,0,serial,4,1,heuristic,invalid,invalid,false,false,1,tensorop,f32,128,128,64,1,2,1,0,0,0,7,4,1,1,64,128,16,90,90,17563648,7523532800,428,0.0240365,680.525,313005
39,CUTLASS,gemm,cutlass3x_sm90_tensorop_s64x128x16gemm_f16_f16_f32_f16_f16_128x128x64_1x2x1_0_nnn_align8_warpspecialized_pingpong_epi_tma,passed,success,universal,896,4096,1024,f16:column,f16:column,f16:column,f16:column,1,0,serial,4,1,heuristic,invalid,invalid,false,false,1,tensorop,f32,128,128,64,1,2,1,0,0,0,6,4,1,1,64,128,16,90,90,17563648,7523532800,428,0.0191661,853.457,392544
39,CUTLASS,gemm,cutlass3x_sm90_tensorop_s64x128x16gemm_f16_f16_f32_f16_f16_128x128x64_1x2x1_0_nnn_align8_warpspecialized_pingpong_epi_nosmem,passed,success,universal,896,4096,1024,f16:column,f16:column,f16:column,f16:column,1,0,serial,4,1,heuristic,invalid,invalid,false,false,1,tensorop,f32,128,128,64,1,2,1,0,0,0,7,4,1,1,64,128,16,90,90,17563648,7523532800,428,0.0215818,757.928,348606
39,CUTLASS,gemm,cutlass3x_sm90_tensorop_s64x128x16gemm_f16_f16_f32_f16_f16_128x128x64_1x2x1_0_nnn_align8_warpspecialized_cooperative_epi_nosmem,passed,success,universal,896,4096,1024,f16:column,f16:column,f16:column,f16:column,1,0,serial,4,1,heuristic,invalid,invalid,false,false,1,tensorop,f32,128,128,64,1,2,1,0,0,0,7,4,2,1,64,128,16,90,90,17563648,7523532800,428,0.0240893,679.033,312319
39,CUTLASS,gemm,cutlass3x_sm90_tensorop_s64x128x16gemm_f16_f16_f32_f16_f16_128x128x64_1x2x1_0_nnn_align8_warpspecialized_cooperative_epi_tma,passed,success,universal,896,4096,1024,f16:column,f16:column,f16:column,f16:column,1,0,serial,4,1,heuristic,invalid,invalid,false,false,1,tensorop,f32,128,128,64,1,2,1,0,0,0,6,4,2,1,64,128,16,90,90,17563648,7523532800,428,0.020015,817.257,375894
39,CUTLASS,gemm,cutlass3x_sm90_tensorop_s64x128x16gemm_f16_f16_f32_f16_f16_128x128x64_1x2x1_0_nnn_align8_stream_k_warpspecialized_cooperative_epi_nosmem,passed,success,universal,896,4096,1024,f16:column,f16:column,f16:column,f16:column,1,0,serial,4,1,heuristic,invalid,invalid,false,false,1,tensorop,f32,128,128,64,1,2,1,0,0,0,7,4,2,1,64,128,16,90,90,17563648,7523532800,428,0.0496134,329.697,151643
39,CUTLASS,gemm,cutlass3x_sm90_tensorop_s64x128x16gemm_f16_f16_f32_f16_f16_128x128x64_1x2x1_0_nnn_align8_stream_k_warpspecialized_cooperative_epi_tma,passed,success,universal,896,4096,1024,f16:column,f16:column,f16:column,f16:column,1,0,serial,4,1,heuristic,invalid,invalid,false,false,1,tensorop,f32,128,128,64,1,2,1,0,0,0,6,4,2,1,64,128,16,90,90,17563648,7523532800,428,0.046623,350.844,161369
39,CUTLASS,gemm,cutlass3x_sm90_tensorop_s64x128x16gemm_f16_f16_f32_f16_f16_128x128x64_2x1x1_0_nnn_align8,passed,success,universal,896,4096,1024,f16:column,f16:column,f16:column,f16:column,1,0,serial,4,1,heuristic,invalid,invalid,false,false,1,tensorop,f32,128,128,64,2,1,1,0,0,0,7,4,2,1,64,128,16,90,90,17563648,7523532800,428,0.0245418,666.514,306560
39,CUTLASS,gemm,cutlass3x_sm90_tensorop_s64x128x16gemm_f16_f16_f32_f16_f16_128x128x64_2x1x1_0_nnn_align8_warpspecialized_epi_nosmem,passed,success,universal,896,4096,1024,f16:column,f16:column,f16:column,f16:column,1,0,serial,4,1,heuristic,invalid,invalid,false,false,1,tensorop,f32,128,128,64,2,1,1,0,0,0,7,4,1,1,64,128,16,90,90,17563648,7523532800,428,0.0264259,618.992,284703
39,CUTLASS,gemm,cutlass3x_sm90_tensorop_s64x128x16gemm_f16_f16_f32_f16_f16_128x128x64_2x1x1_0_nnn_align8_warpspecialized_pingpong_epi_tma,passed,success,universal,896,4096,1024,f16:column,f16:column,f16:column,f16:column,1,0,serial,4,1,heuristic,invalid,invalid,false,false,1,tensorop,f32,128,128,64,2,1,1,0,0,0,6,4,1,1,64,128,16,90,90,17563648,7523532800,428,0.0214304,763.281,351068
39,CUTLASS,gemm,cutlass3x_sm90_tensorop_s64x128x16gemm_f16_f16_f32_f16_f16_128x128x64_2x1x1_0_nnn_align8_warpspecialized_pingpong_epi_nosmem,passed,success,universal,896,4096,1024,f16:column,f16:column,f16:column,f16:column,1,0,serial,4,1,heuristic,invalid,invalid,false,false,1,tensorop,f32,128,128,64,2,1,1,0,0,0,7,4,1,1,64,128,16,90,90,17563648,7523532800,428,0.0239718,682.36,313849
39,CUTLASS,gemm,cutlass3x_sm90_tensorop_s64x128x16gemm_f16_f16_f32_f16_f16_128x128x64_2x1x1_0_nnn_align8_warpspecialized_cooperative_epi_nosmem,passed,success,universal,896,4096,1024,f16:column,f16:column,f16:column,f16:column,1,0,serial,4,1,heuristic,invalid,invalid,false,false,1,tensorop,f32,128,128,64,2,1,1,0,0,0,7,4,2,1,64,128,16,90,90,17563648,7523532800,428,0.0245699,665.75,306209
39,CUTLASS,gemm,cutlass3x_sm90_tensorop_s64x128x16gemm_f16_f16_f32_f16_f16_128x128x64_2x1x1_0_nnn_align8_warpspecialized_cooperative_epi_tma,passed,success,universal,896,4096,1024,f16:column,f16:column,f16:column,f16:column,1,0,serial,4,1,heuristic,invalid,invalid,false,false,1,tensorop,f32,128,128,64,2,1,1,0,0,0,6,4,2,1,64,128,16,90,90,17563648,7523532800,428,0.0209523,780.697,359079
39,CUTLASS,gemm,cutlass3x_sm90_tensorop_s64x128x16gemm_f16_f16_f32_f16_f16_128x128x64_2x1x1_0_nnn_align8_stream_k_warpspecialized_cooperative_epi_nosmem,passed,success,universal,896,4096,1024,f16:column,f16:column,f16:column,f16:column,1,0,serial,4,1,heuristic,invalid,invalid,false,false,1,tensorop,f32,128,128,64,2,1,1,0,0,0,7,4,2,1,64,128,16,90,90,17563648,7523532800,428,0.053248,307.193,141292
39,CUTLASS,gemm,cutlass3x_sm90_tensorop_s64x128x16gemm_f16_f16_f32_f16_f16_128x128x64_2x1x1_0_nnn_align8_stream_k_warpspecialized_cooperative_epi_tma,passed,success,universal,896,4096,1024,f16:column,f16:column,f16:column,f16:column,1,0,serial,4,1,heuristic,invalid,invalid,false,false,1,tensorop,f32,128,128,64,2,1,1,0,0,0,6,4,2,1,64,128,16,90,90,17563648,7523532800,428,0.0512672,319.062,146751
40,CUTLASS,gemm,cutlass_tensorop_f16_s1688gemm_f16_256x128_32x2_nn_align8,passed,success,universal,1024,4096,1024,f16:column,f16:column,f16:column,f16:column,1,0,serial,4,1,heuristic,invalid,invalid,false,false,1,tensorop,f32,256,128,32,1,1,1,0,0,0,2,4,2,1,16,8,8,75,1024,18874368,8598323200,455,0.0600682,292.636,143143
40,CUTLASS,gemm,cutlass_tensorop_f16_s16816gemm_f16_256x128_32x3_nn_align8,passed,success,universal,1024,4096,1024,f16:column,f16:column,f16:column,f16:column,1,0,serial,4,1,heuristic,invalid,invalid,false,false,1,tensorop,f32,256,128,32,1,1,1,0,0,0,3,4,2,1,16,8,16,80,1024,18874368,8598323200,455,0.0431821,407.07,199118
40,CUTLASS,gemm,cutlass3x_sm90_tensorop_s64x128x16gemm_f16_f16_f32_f16_f16_128x128x64_1x2x1_0_nnn_align8,passed,success,universal,1024,4096,1024,f16:column,f16:column,f16:column,f16:column,1,0,serial,4,1,heuristic,invalid,invalid,false,false,1,tensorop,f32,128,128,64,1,2,1,0,0,0,7,4,2,1,64,128,16,90,90,18874368,8598323200,455,0.0225379,779.936,381505
40,CUTLASS,gemm,cutlass3x_sm90_tensorop_s64x128x16gemm_f16_f16_f32_f16_f16_128x128x64_1x2x1_0_nnn_align8_warpspecialized_epi_nosmem,passed,success,universal,1024,4096,1024,f16:column,f16:column,f16:column,f16:column,1,0,serial,4,1,heuristic,invalid,invalid,false,false,1,tensorop,f32,128,128,64,1,2,1,0,0,0,7,4,1,1,64,128,16,90,90,18874368,8598323200,455,0.0226797,775.061,379120
40,CUTLASS,gemm,cutlass3x_sm90_tensorop_s64x128x16gemm_f16_f16_f32_f16_f16_128x128x64_1x2x1_0_nnn_align8_warpspecialized_pingpong_epi_tma,passed,success,universal,1024,4096,1024,f16:column,f16:column,f16:column,f16:column,1,0,serial,4,1,heuristic,invalid,invalid,false,false,1,tensorop,f32,128,128,64,1,2,1,0,0,0,6,4,1,1,64,128,16,90,90,18874368,8598323200,455,0.0195885,897.371,438948
40,CUTLASS,gemm,cutlass3x_sm90_tensorop_s64x128x16gemm_f16_f16_f32_f16_f16_128x128x64_1x2x1_0_nnn_align8_warpspecialized_pingpong_epi_nosmem,passed,success,universal,1024,4096,1024,f16:column,f16:column,f16:column,f16:column,1,0,serial,4,1,heuristic,invalid,invalid,false,false,1,tensorop,f32,128,128,64,1,2,1,0,0,0,7,4,1,1,64,128,16,90,90,18874368,8598323200,455,0.0207242,848.195,414894
40,CUTLASS,gemm,cutlass3x_sm90_tensorop_s64x128x16gemm_f16_f16_f32_f16_f16_128x128x64_1x2x1_0_nnn_align8_warpspecialized_cooperative_epi_nosmem,passed,success,universal,1024,4096,1024,f16:column,f16:column,f16:column,f16:column,1,0,serial,4,1,heuristic,invalid,invalid,false,false,1,tensorop,f32,128,128,64,1,2,1,0,0,0,7,4,2,1,64,128,16,90,90,18874368,8598323200,455,0.0226253,776.924,380032
40,CUTLASS,gemm,cutlass3x_sm90_tensorop_s64x128x16gemm_f16_f16_f32_f16_f16_128x128x64_1x2x1_0_nnn_align8_warpspecialized_cooperative_epi_tma,passed,success,universal,1024,4096,1024,f16:column,f16:column,f16:column,f16:column,1,0,serial,4,1,heuristic,invalid,invalid,false,false,1,tensorop,f32,128,128,64,1,2,1,0,0,0,6,4,2,1,64,128,16,90,90,18874368,8598323200,455,0.019649,894.608,437597
40,CUTLASS,gemm,cutlass3x_sm90_tensorop_s64x128x16gemm_f16_f16_f32_f16_f16_128x128x64_1x2x1_0_nnn_align8_stream_k_warpspecialized_cooperative_epi_nosmem,passed,success,universal,1024,4096,1024,f16:column,f16:column,f16:column,f16:column,1,0,serial,4,1,heuristic,invalid,invalid,false,false,1,tensorop,f32,128,128,64,1,2,1,0,0,0,7,4,2,1,64,128,16,90,90,18874368,8598323200,455,0.0527024,333.536,163149
40,CUTLASS,gemm,cutlass3x_sm90_tensorop_s64x128x16gemm_f16_f16_f32_f16_f16_128x128x64_1x2x1_0_nnn_align8_stream_k_warpspecialized_cooperative_epi_tma,passed,success,universal,1024,4096,1024,f16:column,f16:column,f16:column,f16:column,1,0,serial,4,1,heuristic,invalid,invalid,false,false,1,tensorop,f32,128,128,64,1,2,1,0,0,0,6,4,2,1,64,128,16,90,90,18874368,8598323200,455,0.0518451,339.051,165846
40,CUTLASS,gemm,cutlass3x_sm90_tensorop_s64x128x16gemm_f16_f16_f32_f16_f16_128x128x64_2x1x1_0_nnn_align8,passed,success,universal,1024,4096,1024,f16:column,f16:column,f16:column,f16:column,1,0,serial,4,1,heuristic,invalid,invalid,false,false,1,tensorop,f32,128,128,64,2,1,1,0,0,0,7,4,2,1,64,128,16,90,90,18874368,8598323200,455,0.0213475,823.427,402779
40,CUTLASS,gemm,cutlass3x_sm90_tensorop_s64x128x16gemm_f16_f16_f32_f16_f16_128x128x64_2x1x1_0_nnn_align8_warpspecialized_epi_nosmem,passed,success,universal,1024,4096,1024,f16:column,f16:column,f16:column,f16:column,1,0,serial,4,1,heuristic,invalid,invalid,false,false,1,tensorop,f32,128,128,64,2,1,1,0,0,0,7,4,1,1,64,128,16,90,90,18874368,8598323200,455,0.0224557,782.792,382902
40,CUTLASS,gemm,cutlass3x_sm90_tensorop_s64x128x16gemm_f16_f16_f32_f16_f16_128x128x64_2x1x1_0_nnn_align8_warpspecialized_pingpong_epi_tma,passed,success,universal,1024,4096,1024,f16:column,f16:column,f16:column,f16:column,1,0,serial,4,1,heuristic,invalid,invalid,false,false,1,tensorop,f32,128,128,64,2,1,1,0,0,0,6,4,1,1,64,128,16,90,90,18874368,8598323200,455,0.0174938,1004.82,491508
40,CUTLASS,gemm,cutlass3x_sm90_tensorop_s64x128x16gemm_f16_f16_f32_f16_f16_128x128x64_2x1x1_0_nnn_align8_warpspecialized_pingpong_epi_nosmem,passed,success,universal,1024,4096,1024,f16:column,f16:column,f16:column,f16:column,1,0,serial,4,1,heuristic,invalid,invalid,false,false,1,tensorop,f32,128,128,64,2,1,1,0,0,0,7,4,1,1,64,128,16,90,90,18874368,8598323200,455,0.018967,926.772,453330
40,CUTLASS,gemm,cutlass3x_sm90_tensorop_s64x128x16gemm_f16_f16_f32_f16_f16_128x128x64_2x1x1_0_nnn_align8_warpspecialized_cooperative_epi_nosmem,passed,success,universal,1024,4096,1024,f16:column,f16:column,f16:column,f16:column,1,0,serial,4,1,heuristic,invalid,invalid,false,false,1,tensorop,f32,128,128,64,2,1,1,0,0,0,7,4,2,1,64,128,16,90,90,18874368,8598323200,455,0.021512,817.131,399699
40,CUTLASS,gemm,cutlass3x_sm90_tensorop_s64x128x16gemm_f16_f16_f32_f16_f16_128x128x64_2x1x1_0_nnn_align8_warpspecialized_cooperative_epi_tma,passed,success,universal,1024,4096,1024,f16:column,f16:column,f16:column,f16:column,1,0,serial,4,1,heuristic,invalid,invalid,false,false,1,tensorop,f32,128,128,64,2,1,1,0,0,0,6,4,2,1,64,128,16,90,90,18874368,8598323200,455,0.018287,961.234,470187
40,CUTLASS,gemm,cutlass3x_sm90_tensorop_s64x128x16gemm_f16_f16_f32_f16_f16_128x128x64_2x1x1_0_nnn_align8_stream_k_warpspecialized_cooperative_epi_nosmem,passed,success,universal,1024,4096,1024,f16:column,f16:column,f16:column,f16:column,1,0,serial,4,1,heuristic,invalid,invalid,false,false,1,tensorop,f32,128,128,64,2,1,1,0,0,0,7,4,2,1,64,128,16,90,90,18874368,8598323200,455,0.0524317,335.258,163991
40,CUTLASS,gemm,cutlass3x_sm90_tensorop_s64x128x16gemm_f16_f16_f32_f16_f16_128x128x64_2x1x1_0_nnn_align8_stream_k_warpspecialized_cooperative_epi_tma,passed,success,universal,1024,4096,1024,f16:column,f16:column,f16:column,f16:column,1,0,serial,4,1,heuristic,invalid,invalid,false,false,1,tensorop,f32,128,128,64,2,1,1,0,0,0,6,4,2,1,64,128,16,90,90,18874368,8598323200,455,0.0516058,340.623,166616
41,CUTLASS,gemm,cutlass_tensorop_f16_s1688gemm_f16_256x128_32x2_nn_align8,passed,success,universal,1152,4096,1024,f16:column,f16:column,f16:column,f16:column,1,0,serial,4,1,heuristic,invalid,invalid,false,false,1,tensorop,f32,256,128,32,1,1,1,0,0,0,2,4,2,1,16,8,8,75,1024,20185088,9673113600,479,0.0755181,248.931,128090
41,CUTLASS,gemm,cutlass_tensorop_f16_s16816gemm_f16_256x128_32x3_nn_align8,passed,success,universal,1152,4096,1024,f16:column,f16:column,f16:column,f16:column,1,0,serial,4,1,heuristic,invalid,invalid,false,false,1,tensorop,f32,256,128,32,1,1,1,0,0,0,3,4,2,1,16,8,16,80,1024,20185088,9673113600,479,0.0530986,354.037,182173
41,CUTLASS,gemm,cutlass3x_sm90_tensorop_s64x128x16gemm_f16_f16_f32_f16_f16_128x128x64_1x2x1_0_nnn_align8,passed,success,universal,1152,4096,1024,f16:column,f16:column,f16:column,f16:column,1,0,serial,4,1,heuristic,invalid,invalid,false,false,1,tensorop,f32,128,128,64,1,2,1,0,0,0,7,4,2,1,64,128,16,90,90,20185088,9673113600,479,0.0312352,601.848,309686
41,CUTLASS,gemm,cutlass3x_sm90_tensorop_s64x128x16gemm_f16_f16_f32_f16_f16_128x128x64_1x2x1_0_nnn_align8_warpspecialized_epi_nosmem,passed,success,universal,1152,4096,1024,f16:column,f16:column,f16:column,f16:column,1,0,serial,4,1,heuristic,invalid,invalid,false,false,1,tensorop,f32,128,128,64,1,2,1,0,0,0,7,4,1,1,64,128,16,90,90,20185088,9673113600,479,0.0306499,613.34,315600
41,CUTLASS,gemm,cutlass3x_sm90_tensorop_s64x128x16gemm_f16_f16_f32_f16_f16_128x128x64_1x2x1_0_nnn_align8_warpspecialized_pingpong_epi_tma,passed,success,universal,1152,4096,1024,f16:column,f16:column,f16:column,f16:column,1,0,serial,4,1,heuristic,invalid,invalid,false,false,1,tensorop,f32,128,128,64,1,2,1,0,0,0,6,4,1,1,64,128,16,90,90,20185088,9673113600,479,0.0245808,764.777,393523
41,CUTLASS,gemm,cutlass3x_sm90_tensorop_s64x128x16gemm_f16_f16_f32_f16_f16_128x128x64_1x2x1_0_nnn_align8_warpspecialized_pingpong_epi_nosmem,passed,success,universal,1152,4096,1024,f16:column,f16:column,f16:column,f16:column,1,0,serial,4,1,heuristic,invalid,invalid,false,false,1,tensorop,f32,128,128,64,1,2,1,0,0,0,7,4,1,1,64,128,16,90,90,20185088,9673113600,479,0.0268474,700.211,360300
41,CUTLASS,gemm,cutlass3x_sm90_tensorop_s64x128x16gemm_f16_f16_f32_f16_f16_128x128x64_1x2x1_0_nnn_align8_warpspecialized_cooperative_epi_nosmem,passed,success,universal,1152,4096,1024,f16:column,f16:column,f16:column,f16:column,1,0,serial,4,1,heuristic,invalid,invalid,false,false,1,tensorop,f32,128,128,64,1,2,1,0,0,0,7,4,2,1,64,128,16,90,90,20185088,9673113600,479,0.0315005,596.779,307078
41,CUTLASS,gemm,cutlass3x_sm90_tensorop_s64x128x16gemm_f16_f16_f32_f16_f16_128x128x64_1x2x1_0_nnn_align8_warpspecialized_cooperative_epi_tma,passed,success,universal,1152,4096,1024,f16:column,f16:column,f16:column,f16:column,1,0,serial,4,1,heuristic,invalid,invalid,false,false,1,tensorop,f32,128,128,64,1,2,1,0,0,0,6,4,2,1,64,128,16,90,90,20185088,9673113600,479,0.0261203,719.701,370329
41,CUTLASS,gemm,cutlass3x_sm90_tensorop_s64x128x16gemm_f16_f16_f32_f16_f16_128x128x64_1x2x1_0_nnn_align8_stream_k_warpspecialized_cooperative_epi_nosmem,passed,success,universal,1152,4096,1024,f16:column,f16:column,f16:column,f16:column,1,0,serial,4,1,heuristic,invalid,invalid,false,false,1,tensorop,f32,128,128,64,1,2,1,0,0,0,7,4,2,1,64,128,16,90,90,20185088,9673113600,479,0.0605034,310.707,159877
41,CUTLASS,gemm,cutlass3x_sm90_tensorop_s64x128x16gemm_f16_f16_f32_f16_f16_128x128x64_1x2x1_0_nnn_align8_stream_k_warpspecialized_cooperative_epi_tma,passed,success,universal,1152,4096,1024,f16:column,f16:column,f16:column,f16:column,1,0,serial,4,1,heuristic,invalid,invalid,false,false,1,tensorop,f32,128,128,64,1,2,1,0,0,0,6,4,2,1,64,128,16,90,90,20185088,9673113600,479,0.0577901,325.295,167384
41,CUTLASS,gemm,cutlass3x_sm90_tensorop_s64x128x16gemm_f16_f16_f32_f16_f16_128x128x64_2x1x1_0_nnn_align8,passed,success,universal,1152,4096,1024,f16:column,f16:column,f16:column,f16:column,1,0,serial,4,1,heuristic,invalid,invalid,false,false,1,tensorop,f32,128,128,64,2,1,1,0,0,0,7,4,2,1,64,128,16,90,90,20185088,9673113600,479,0.0327315,574.334,295529
41,CUTLASS,gemm,cutlass3x_sm90_tensorop_s64x128x16gemm_f16_f16_f32_f16_f16_128x128x64_2x1x1_0_nnn_align8_warpspecialized_epi_nosmem,passed,success,universal,1152,4096,1024,f16:column,f16:column,f16:column,f16:column,1,0,serial,4,1,heuristic,invalid,invalid,false,false,1,tensorop,f32,128,128,64,2,1,1,0,0,0,7,4,1,1,64,128,16,90,90,20185088,9673113600,479,0.0332016,566.202,291345
41,CUTLASS,gemm,cutlass3x_sm90_tensorop_s64x128x16gemm_f16_f16_f32_f16_f16_128x128x64_2x1x1_0_nnn_align8_warpspecialized_pingpong_epi_tma,passed,success,universal,1152,4096,1024,f16:column,f16:column,f16:column,f16:column,1,0,serial,4,1,heuristic,invalid,invalid,false,false,1,tensorop,f32,128,128,64,2,1,1,0,0,0,6,4,1,1,64,128,16,90,90,20185088,9673113600,479,0.0277318,677.879,348809
41,CUTLASS,gemm,cutlass3x_sm90_tensorop_s64x128x16gemm_f16_f16_f32_f16_f16_128x128x64_2x1x1_0_nnn_align8_warpspecialized_pingpong_epi_nosmem,passed,success,universal,1152,4096,1024,f16:column,f16:column,f16:column,f16:column,1,0,serial,4,1,heuristic,invalid,invalid,false,false,1,tensorop,f32,128,128,64,2,1,1,0,0,0,7,4,1,1,64,128,16,90,90,20185088,9673113600,479,0.0301517,623.475,320815
41,CUTLASS,gemm,cutlass3x_sm90_tensorop_s64x128x16gemm_f16_f16_f32_f16_f16_128x128x64_2x1x1_0_nnn_align8_warpspecialized_cooperative_epi_nosmem,passed,success,universal,1152,4096,1024,f16:column,f16:column,f16:column,f16:column,1,0,serial,4,1,heuristic,invalid,invalid,false,false,1,tensorop,f32,128,128,64,2,1,1,0,0,0,7,4,2,1,64,128,16,90,90,20185088,9673113600,479,0.0327597,573.84,295275
41,CUTLASS,gemm,cutlass3x_sm90_tensorop_s64x128x16gemm_f16_f16_f32_f16_f16_128x128x64_2x1x1_0_nnn_align8_warpspecialized_cooperative_epi_tma,passed,success,universal,1152,4096,1024,f16:column,f16:column,f16:column,f16:column,1,0,serial,4,1,heuristic,invalid,invalid,false,false,1,tensorop,f32,128,128,64,2,1,1,0,0,0,6,4,2,1,64,128,16,90,90,20185088,9673113600,479,0.0279962,671.479,345516
41,CUTLASS,gemm,cutlass3x_sm90_tensorop_s64x128x16gemm_f16_f16_f32_f16_f16_128x128x64_2x1x1_0_nnn_align8_stream_k_warpspecialized_cooperative_epi_nosmem,passed,success,universal,1152,4096,1024,f16:column,f16:column,f16:column,f16:column,1,0,serial,4,1,heuristic,invalid,invalid,false,false,1,tensorop,f32,128,128,64,2,1,1,0,0,0,7,4,2,1,64,128,16,90,90,20185088,9673113600,479,0.0653357,287.727,148053
41,CUTLASS,gemm,cutlass3x_sm90_tensorop_s64x128x16gemm_f16_f16_f32_f16_f16_128x128x64_2x1x1_0_nnn_align8_stream_k_warpspecialized_cooperative_epi_tma,passed,success,universal,1152,4096,1024,f16:column,f16:column,f16:column,f16:column,1,0,serial,4,1,heuristic,invalid,invalid,false,false,1,tensorop,f32,128,128,64,2,1,1,0,0,0,6,4,2,1,64,128,16,90,90,20185088,9673113600,479,0.0623792,301.364,155070
42,CUTLASS,gemm,cutlass_tensorop_f16_s1688gemm_f16_256x128_32x2_nn_align8,passed,success,universal,1280,4096,1024,f16:column,f16:column,f16:column,f16:column,1,0,serial,4,1,heuristic,invalid,invalid,false,false,1,tensorop,f32,256,128,32,1,1,1,0,0,0,2,4,2,1,16,8,8,75,1024,21495808,10747904000,500,0.0758826,263.823,141639
42,CUTLASS,gemm,cutlass_tensorop_f16_s16816gemm_f16_256x128_32x3_nn_align8,passed,success,universal,1280,4096,1024,f16:column,f16:column,f16:column,f16:column,1,0,serial,4,1,heuristic,invalid,invalid,false,false,1,tensorop,f32,256,128,32,1,1,1,0,0,0,3,4,2,1,16,8,16,80,1024,21495808,10747904000,500,0.0535274,374.006,200793
42,CUTLASS,gemm,cutlass3x_sm90_tensorop_s64x128x16gemm_f16_f16_f32_f16_f16_128x128x64_1x2x1_0_nnn_align8,passed,success,universal,1280,4096,1024,f16:column,f16:column,f16:column,f16:column,1,0,serial,4,1,heuristic,invalid,invalid,false,false,1,tensorop,f32,128,128,64,1,2,1,0,0,0,7,4,2,1,64,128,16,90,90,21495808,10747904000,500,0.0305728,654.815,351551
42,CUTLASS,gemm,cutlass3x_sm90_tensorop_s64x128x16gemm_f16_f16_f32_f16_f16_128x128x64_1x2x1_0_nnn_align8_warpspecialized_epi_nosmem,passed,success,universal,1280,4096,1024,f16:column,f16:column,f16:column,f16:column,1,0,serial,4,1,heuristic,invalid,invalid,false,false,1,tensorop,f32,128,128,64,1,2,1,0,0,0,7,4,1,1,64,128,16,90,90,21495808,10747904000,500,0.0306765,652.602,350363
42,CUTLASS,gemm,cutlass3x_sm90_tensorop_s64x128x16gemm_f16_f16_f32_f16_f16_128x128x64_1x2x1_0_nnn_align8_warpspecialized_pingpong_epi_tma,passed,success,universal,1280,4096,1024,f16:column,f16:column,f16:column,f16:column,1,0,serial,4,1,heuristic,invalid,invalid,false,false,1,tensorop,f32,128,128,64,1,2,1,0,0,0,6,4,1,1,64,128,16,90,90,21495808,10747904000,500,0.0242922,824.115,442443
42,CUTLASS,gemm,cutlass3x_sm90_tensorop_s64x128x16gemm_f16_f16_f32_f16_f16_128x128x64_1x2x1_0_nnn_align8_warpspecialized_pingpong_epi_nosmem,passed,success,universal,1280,4096,1024,f16:column,f16:column,f16:column,f16:column,1,0,serial,4,1,heuristic,invalid,invalid,false,false,1,tensorop,f32,128,128,64,1,2,1,0,0,0,7,4,1,1,64,128,16,90,90,21495808,10747904000,500,0.0261094,766.755,411648
42,CUTLASS,gemm,cutlass3x_sm90_tensorop_s64x128x16gemm_f16_f16_f32_f16_f16_128x128x64_1x2x1_0_nnn_align8_warpspecialized_cooperative_epi_nosmem,passed,success,universal,1280,4096,1024,f16:column,f16:column,f16:column,f16:column,1,0,serial,4,1,heuristic,invalid,invalid,false,false,1,tensorop,f32,128,128,64,1,2,1,0,0,0,7,4,2,1,64,128,16,90,90,21495808,10747904000,500,0.0306163,653.884,351051
42,CUTLASS,gemm,cutlass3x_sm90_tensorop_s64x128x16gemm_f16_f16_f32_f16_f16_128x128x64_1x2x1_0_nnn_align8_warpspecialized_cooperative_epi_tma,passed,success,universal,1280,4096,1024,f16:column,f16:column,f16:column,f16:column,1,0,serial,4,1,heuristic,invalid,invalid,false,false,1,tensorop,f32,128,128,64,1,2,1,0,0,0,6,4,2,1,64,128,16,90,90,21495808,10747904000,500,0.0255283,784.209,421019
42,CUTLASS,gemm,cutlass3x_sm90_tensorop_s64x128x16gemm_f16_f16_f32_f16_f16_128x128x64_1x2x1_0_nnn_align8_stream_k_warpspecialized_cooperative_epi_nosmem,passed,success,universal,1280,4096,1024,f16:column,f16:column,f16:column,f16:column,1,0,serial,4,1,heuristic,invalid,invalid,false,false,1,tensorop,f32,128,128,64,1,2,1,0,0,0,7,4,2,1,64,128,16,90,90,21495808,10747904000,500,0.0644061,310.833,166877
42,CUTLASS,gemm,cutlass3x_sm90_tensorop_s64x128x16gemm_f16_f16_f32_f16_f16_128x128x64_1x2x1_0_nnn_align8_stream_k_warpspecialized_cooperative_epi_tma,passed,success,universal,1280,4096,1024,f16:column,f16:column,f16:column,f16:column,1,0,serial,4,1,heuristic,invalid,invalid,false,false,1,tensorop,f32,128,128,64,1,2,1,0,0,0,6,4,2,1,64,128,16,90,90,21495808,10747904000,500,0.0623318,321.177,172430
42,CUTLASS,gemm,cutlass3x_sm90_tensorop_s64x128x16gemm_f16_f16_f32_f16_f16_128x128x64_2x1x1_0_nnn_align8,passed,success,universal,1280,4096,1024,f16:column,f16:column,f16:column,f16:column,1,0,serial,4,1,heuristic,invalid,invalid,false,false,1,tensorop,f32,128,128,64,2,1,1,0,0,0,7,4,2,1,64,128,16,90,90,21495808,10747904000,500,0.0303677,659.238,353926
42,CUTLASS,gemm,cutlass3x_sm90_tensorop_s64x128x16gemm_f16_f16_f32_f16_f16_128x128x64_2x1x1_0_nnn_align8_warpspecialized_epi_nosmem,passed,success,universal,1280,4096,1024,f16:column,f16:column,f16:column,f16:column,1,0,serial,4,1,heuristic,invalid,invalid,false,false,1,tensorop,f32,128,128,64,2,1,1,0,0,0,7,4,1,1,64,128,16,90,90,21495808,10747904000,500,0.0314749,636.048,341476
42,CUTLASS,gemm,cutlass3x_sm90_tensorop_s64x128x16gemm_f16_f16_f32_f16_f16_128x128x64_2x1x1_0_nnn_align8_warpspecialized_pingpong_epi_tma,passed,success,universal,1280,4096,1024,f16:column,f16:column,f16:column,f16:column,1,0,serial,4,1,heuristic,invalid,invalid,false,false,1,tensorop,f32,128,128,64,2,1,1,0,0,0,6,4,1,1,64,128,16,90,90,21495808,10747904000,500,0.0235571,849.829,456249
42,CUTLASS,gemm,cutlass3x_sm90_tensorop_s64x128x16gemm_f16_f16_f32_f16_f16_128x128x64_2x1x1_0_nnn_align8_warpspecialized_pingpong_epi_nosmem,passed,success,universal,1280,4096,1024,f16:column,f16:column,f16:column,f16:column,1,0,serial,4,1,heuristic,invalid,invalid,false,false,1,tensorop,f32,128,128,64,2,1,1,0,0,0,7,4,1,1,64,128,16,90,90,21495808,10747904000,500,0.0256304,781.085,419342
42,CUTLASS,gemm,cutlass3x_sm90_tensorop_s64x128x16gemm_f16_f16_f32_f16_f16_128x128x64_2x1x1_0_nnn_align8_warpspecialized_cooperative_epi_nosmem,passed,success,universal,1280,4096,1024,f16:column,f16:column,f16:column,f16:column,1,0,serial,4,1,heuristic,invalid,invalid,false,false,1,tensorop,f32,128,128,64,2,1,1,0,0,0,7,4,2,1,64,128,16,90,90,21495808,10747904000,500,0.030569,654.897,351595
42,CUTLASS,gemm,cutlass3x_sm90_tensorop_s64x128x16gemm_f16_f16_f32_f16_f16_128x128x64_2x1x1_0_nnn_align8_warpspecialized_cooperative_epi_tma,passed,success,universal,1280,4096,1024,f16:column,f16:column,f16:column,f16:column,1,0,serial,4,1,heuristic,invalid,invalid,false,false,1,tensorop,f32,128,128,64,2,1,1,0,0,0,6,4,2,1,64,128,16,90,90,21495808,10747904000,500,0.0249683,801.797,430462
42,CUTLASS,gemm,cutlass3x_sm90_tensorop_s64x128x16gemm_f16_f16_f32_f16_f16_128x128x64_2x1x1_0_nnn_align8_stream_k_warpspecialized_cooperative_epi_nosmem,passed,success,universal,1280,4096,1024,f16:column,f16:column,f16:column,f16:column,1,0,serial,4,1,heuristic,invalid,invalid,false,false,1,tensorop,f32,128,128,64,2,1,1,0,0,0,7,4,2,1,64,128,16,90,90,21495808,10747904000,500,0.0647946,308.969,165877
42,CUTLASS,gemm,cutlass3x_sm90_tensorop_s64x128x16gemm_f16_f16_f32_f16_f16_128x128x64_2x1x1_0_nnn_align8_stream_k_warpspecialized_cooperative_epi_tma,passed,success,universal,1280,4096,1024,f16:column,f16:column,f16:column,f16:column,1,0,serial,4,1,heuristic,invalid,invalid,false,false,1,tensorop,f32,128,128,64,2,1,1,0,0,0,6,4,2,1,64,128,16,90,90,21495808,10747904000,500,0.0629402,318.072,170764
43,CUTLASS,gemm,cutlass_tensorop_f16_s1688gemm_f16_256x128_32x2_nn_align8,passed,success,universal,1408,4096,1024,f16:column,f16:column,f16:column,f16:column,1,0,serial,4,1,heuristic,invalid,invalid,false,false,1,tensorop,f32,256,128,32,1,1,1,0,0,0,2,4,2,1,16,8,8,75,1024,22806528,11822694400,518,0.0837795,253.525,141117
43,CUTLASS,gemm,cutlass_tensorop_f16_s16816gemm_f16_256x128_32x3_nn_align8,passed,success,universal,1408,4096,1024,f16:column,f16:column,f16:column,f16:column,1,0,serial,4,1,heuristic,invalid,invalid,false,false,1,tensorop,f32,256,128,32,1,1,1,0,0,0,3,4,2,1,16,8,16,80,1024,22806528,11822694400,518,0.0597213,355.656,197965
43,CUTLASS,gemm,cutlass3x_sm90_tensorop_s64x128x16gemm_f16_f16_f32_f16_f16_128x128x64_1x2x1_0_nnn_align8,passed,success,universal,1408,4096,1024,f16:column,f16:column,f16:column,f16:column,1,0,serial,4,1,heuristic,invalid,invalid,false,false,1,tensorop,f32,128,128,64,1,2,1,0,0,0,7,4,2,1,64,128,16,90,90,22806528,11822694400,518,0.0307533,690.666,384437
43,CUTLASS,gemm,cutlass3x_sm90_tensorop_s64x128x16gemm_f16_f16_f32_f16_f16_128x128x64_1x2x1_0_nnn_align8_warpspecialized_epi_nosmem,passed,success,universal,1408,4096,1024,f16:column,f16:column,f16:column,f16:column,1,0,serial,4,1,heuristic,invalid,invalid,false,false,1,tensorop,f32,128,128,64,1,2,1,0,0,0,7,4,1,1,64,128,16,90,90,22806528,11822694400,518,0.0316509,671.079,373534
43,CUTLASS,gemm,cutlass3x_sm90_tensorop_s64x128x16gemm_f16_f16_f32_f16_f16_128x128x64_1x2x1_0_nnn_align8_warpspecialized_pingpong_epi_tma,passed,success,universal,1408,4096,1024,f16:column,f16:column,f16:column,f16:column,1,0,serial,4,1,heuristic,invalid,invalid,false,false,1,tensorop,f32,128,128,64,1,2,1,0,0,0,6,4,1,1,64,128,16,90,90,22806528,11822694400,518,0.0242026,877.603,488489
43,CUTLASS,gemm,cutlass3x_sm90_tensorop_s64x128x16gemm_f16_f16_f32_f16_f16_128x128x64_1x2x1_0_nnn_align8_warpspecialized_pingpong_epi_nosmem,passed,success,universal,1408,4096,1024,f16:column,f16:column,f16:column,f16:column,1,0,serial,4,1,heuristic,invalid,invalid,false,false,1,tensorop,f32,128,128,64,1,2,1,0,0,0,7,4,1,1,64,128,16,90,90,22806528,11822694400,518,0.026641,797.277,443779
43,CUTLASS,gemm,cutlass3x_sm90_tensorop_s64x128x16gemm_f16_f16_f32_f16_f16_128x128x64_1x2x1_0_nnn_align8_warpspecialized_cooperative_epi_nosmem,passed,success,universal,1408,4096,1024,f16:column,f16:column,f16:column,f16:column,1,0,serial,4,1,heuristic,invalid,invalid,false,false,1,tensorop,f32,128,128,64,1,2,1,0,0,0,7,4,2,1,64,128,16,90,90,22806528,11822694400,518,0.0308115,689.36,383710
43,CUTLASS,gemm,cutlass3x_sm90_tensorop_s64x128x16gemm_f16_f16_f32_f16_f16_128x128x64_1x2x1_0_nnn_align8_warpspecialized_cooperative_epi_tma,passed,success,universal,1408,4096,1024,f16:column,f16:column,f16:column,f16:column,1,0,serial,4,1,heuristic,invalid,invalid,false,false,1,tensorop,f32,128,128,64,1,2,1,0,0,0,6,4,2,1,64,128,16,90,90,22806528,11822694400,518,0.0254397,834.925,464734
43,CUTLASS,gemm,cutlass3x_sm90_tensorop_s64x128x16gemm_f16_f16_f32_f16_f16_128x128x64_1x2x1_0_nnn_align8_stream_k_warpspecialized_cooperative_epi_nosmem,passed,success,universal,1408,4096,1024,f16:column,f16:column,f16:column,f16:column,1,0,serial,4,1,heuristic,invalid,invalid,false,false,1,tensorop,f32,128,128,64,1,2,1,0,0,0,7,4,2,1,64,128,16,90,90,22806528,11822694400,518,0.0719715,295.12,164269
43,CUTLASS,gemm,cutlass3x_sm90_tensorop_s64x128x16gemm_f16_f16_f32_f16_f16_128x128x64_1x2x1_0_nnn_align8_stream_k_warpspecialized_cooperative_epi_tma,passed,success,universal,1408,4096,1024,f16:column,f16:column,f16:column,f16:column,1,0,serial,4,1,heuristic,invalid,invalid,false,false,1,tensorop,f32,128,128,64,1,2,1,0,0,0,6,4,2,1,64,128,16,90,90,22806528,11822694400,518,0.0689075,308.243,171573
43,CUTLASS,gemm,cutlass3x_sm90_tensorop_s64x128x16gemm_f16_f16_f32_f16_f16_128x128x64_2x1x1_0_nnn_align8,passed,success,universal,1408,4096,1024,f16:column,f16:column,f16:column,f16:column,1,0,serial,4,1,heuristic,invalid,invalid,false,false,1,tensorop,f32,128,128,64,2,1,1,0,0,0,7,4,2,1,64,128,16,90,90,22806528,11822694400,518,0.0330426,642.814,357802
43,CUTLASS,gemm,cutlass3x_sm90_tensorop_s64x128x16gemm_f16_f16_f32_f16_f16_128x128x64_2x1x1_0_nnn_align8_warpspecialized_epi_nosmem,passed,success,universal,1408,4096,1024,f16:column,f16:column,f16:column,f16:column,1,0,serial,4,1,heuristic,invalid,invalid,false,false,1,tensorop,f32,128,128,64,2,1,1,0,0,0,7,4,1,1,64,128,16,90,90,22806528,11822694400,518,0.0355648,597.226,332427
43,CUTLASS,gemm,cutlass3x_sm90_tensorop_s64x128x16gemm_f16_f16_f32_f16_f16_128x128x64_2x1x1_0_nnn_align8_warpspecialized_pingpong_epi_tma,passed,success,universal,1408,4096,1024,f16:column,f16:column,f16:column,f16:column,1,0,serial,4,1,heuristic,invalid,invalid,false,false,1,tensorop,f32,128,128,64,2,1,1,0,0,0,6,4,1,1,64,128,16,90,90,22806528,11822694400,518,0.030537,695.558,387160
43,CUTLASS,gemm,cutlass3x_sm90_tensorop_s64x128x16gemm_f16_f16_f32_f16_f16_128x128x64_2x1x1_0_nnn_align8_warpspecialized_pingpong_epi_nosmem,passed,success,universal,1408,4096,1024,f16:column,f16:column,f16:column,f16:column,1,0,serial,4,1,heuristic,invalid,invalid,false,false,1,tensorop,f32,128,128,64,2,1,1,0,0,0,7,4,1,1,64,128,16,90,90,22806528,11822694400,518,0.0308582,688.316,383129
43,CUTLASS,gemm,cutlass3x_sm90_tensorop_s64x128x16gemm_f16_f16_f32_f16_f16_128x128x64_2x1x1_0_nnn_align8_warpspecialized_cooperative_epi_nosmem,passed,success,universal,1408,4096,1024,f16:column,f16:column,f16:column,f16:column,1,0,serial,4,1,heuristic,invalid,invalid,false,false,1,tensorop,f32,128,128,64,2,1,1,0,0,0,7,4,2,1,64,128,16,90,90,22806528,11822694400,518,0.032769,648.182,360789
43,CUTLASS,gemm,cutlass3x_sm90_tensorop_s64x128x16gemm_f16_f16_f32_f16_f16_128x128x64_2x1x1_0_nnn_align8_warpspecialized_cooperative_epi_tma,passed,success,universal,1408,4096,1024,f16:column,f16:column,f16:column,f16:column,1,0,serial,4,1,heuristic,invalid,invalid,false,false,1,tensorop,f32,128,128,64,2,1,1,0,0,0,6,4,2,1,64,128,16,90,90,22806528,11822694400,518,0.0289994,732.438,407688
43,CUTLASS,gemm,cutlass3x_sm90_tensorop_s64x128x16gemm_f16_f16_f32_f16_f16_128x128x64_2x1x1_0_nnn_align8_stream_k_warpspecialized_cooperative_epi_nosmem,passed,success,universal,1408,4096,1024,f16:column,f16:column,f16:column,f16:column,1,0,serial,4,1,heuristic,invalid,invalid,false,false,1,tensorop,f32,128,128,64,2,1,1,0,0,0,7,4,2,1,64,128,16,90,90,22806528,11822694400,518,0.0784522,270.741,150699
43,CUTLASS,gemm,cutlass3x_sm90_tensorop_s64x128x16gemm_f16_f16_f32_f16_f16_128x128x64_2x1x1_0_nnn_align8_stream_k_warpspecialized_cooperative_epi_tma,passed,success,universal,1408,4096,1024,f16:column,f16:column,f16:column,f16:column,1,0,serial,4,1,heuristic,invalid,invalid,false,false,1,tensorop,f32,128,128,64,2,1,1,0,0,0,6,4,2,1,64,128,16,90,90,22806528,11822694400,518,0.0753942,281.722,156812
44,CUTLASS,gemm,cutlass_tensorop_f16_s1688gemm_f16_256x128_32x2_nn_align8,passed,success,universal,1536,4096,1024,f16:column,f16:column,f16:column,f16:column,1,0,serial,4,1,heuristic,invalid,invalid,false,false,1,tensorop,f32,256,128,32,1,1,1,0,0,0,2,4,2,1,16,8,8,75,1024,24117248,12897484800,534,0.0859334,261.376,150087
44,CUTLASS,gemm,cutlass_tensorop_f16_s16816gemm_f16_256x128_32x3_nn_align8,passed,success,universal,1536,4096,1024,f16:column,f16:column,f16:column,f16:column,1,0,serial,4,1,heuristic,invalid,invalid,false,false,1,tensorop,f32,256,128,32,1,1,1,0,0,0,3,4,2,1,16,8,16,80,1024,24117248,12897484800,534,0.0616877,364.107,209077
44,CUTLASS,gemm,cutlass3x_sm90_tensorop_s64x128x16gemm_f16_f16_f32_f16_f16_128x128x64_1x2x1_0_nnn_align8,passed,success,universal,1536,4096,1024,f16:column,f16:column,f16:column,f16:column,1,0,serial,4,1,heuristic,invalid,invalid,false,false,1,tensorop,f32,128,128,64,1,2,1,0,0,0,7,4,2,1,64,128,16,90,90,24117248,12897484800,534,0.0313693,716.017,411150
44,CUTLASS,gemm,cutlass3x_sm90_tensorop_s64x128x16gemm_f16_f16_f32_f16_f16_128x128x64_1x2x1_0_nnn_align8_warpspecialized_epi_nosmem,passed,success,universal,1536,4096,1024,f16:column,f16:column,f16:column,f16:column,1,0,serial,4,1,heuristic,invalid,invalid,false,false,1,tensorop,f32,128,128,64,1,2,1,0,0,0,7,4,1,1,64,128,16,90,90,24117248,12897484800,534,0.0335414,669.647,384524
44,CUTLASS,gemm,cutlass3x_sm90_tensorop_s64x128x16gemm_f16_f16_f32_f16_f16_128x128x64_1x2x1_0_nnn_align8_warpspecialized_pingpong_epi_tma,passed,success,universal,1536,4096,1024,f16:column,f16:column,f16:column,f16:column,1,0,serial,4,1,heuristic,invalid,invalid,false,false,1,tensorop,f32,128,128,64,1,2,1,0,0,0,6,4,1,1,64,128,16,90,90,24117248,12897484800,534,0.0248147,905.146,519751
44,CUTLASS,gemm,cutlass3x_sm90_tensorop_s64x128x16gemm_f16_f16_f32_f16_f16_128x128x64_1x2x1_0_nnn_align8_warpspecialized_pingpong_epi_nosmem,passed,success,universal,1536,4096,1024,f16:column,f16:column,f16:column,f16:column,1,0,serial,4,1,heuristic,invalid,invalid,false,false,1,tensorop,f32,128,128,64,1,2,1,0,0,0,7,4,1,1,64,128,16,90,90,24117248,12897484800,534,0.0272278,824.925,473687
44,CUTLASS,gemm,cutlass3x_sm90_tensorop_s64x128x16gemm_f16_f16_f32_f16_f16_128x128x64_1x2x1_0_nnn_align8_warpspecialized_cooperative_epi_nosmem,passed,success,universal,1536,4096,1024,f16:column,f16:column,f16:column,f16:column,1,0,serial,4,1,heuristic,invalid,invalid,false,false,1,tensorop,f32,128,128,64,1,2,1,0,0,0,7,4,2,1,64,128,16,90,90,24117248,12897484800,534,0.0315373,712.203,408960
44,CUTLASS,gemm,cutlass3x_sm90_tensorop_s64x128x16gemm_f16_f16_f32_f16_f16_128x128x64_1x2x1_0_nnn_align8_warpspecialized_cooperative_epi_tma,passed,success,universal,1536,4096,1024,f16:column,f16:column,f16:column,f16:column,1,0,serial,4,1,heuristic,invalid,invalid,false,false,1,tensorop,f32,128,128,64,1,2,1,0,0,0,6,4,2,1,64,128,16,90,90,24117248,12897484800,534,0.0256611,875.291,502608
44,CUTLASS,gemm,cutlass3x_sm90_tensorop_s64x128x16gemm_f16_f16_f32_f16_f16_128x128x64_1x2x1_0_nnn_align8_stream_k_warpspecialized_cooperative_epi_nosmem,passed,success,universal,1536,4096,1024,f16:column,f16:column,f16:column,f16:column,1,0,serial,4,1,heuristic,invalid,invalid,false,false,1,tensorop,f32,128,128,64,1,2,1,0,0,0,7,4,2,1,64,128,16,90,90,24117248,12897484800,534,0.0792838,283.298,162675
44,CUTLASS,gemm,cutlass3x_sm90_tensorop_s64x128x16gemm_f16_f16_f32_f16_f16_128x128x64_1x2x1_0_nnn_align8_stream_k_warpspecialized_cooperative_epi_tma,passed,success,universal,1536,4096,1024,f16:column,f16:column,f16:column,f16:column,1,0,serial,4,1,heuristic,invalid,invalid,false,false,1,tensorop,f32,128,128,64,1,2,1,0,0,0,6,4,2,1,64,128,16,90,90,24117248,12897484800,534,0.0766707,292.953,168219
44,CUTLASS,gemm,cutlass3x_sm90_tensorop_s64x128x16gemm_f16_f16_f32_f16_f16_128x128x64_2x1x1_0_nnn_align8,passed,success,universal,1536,4096,1024,f16:column,f16:column,f16:column,f16:column,1,0,serial,4,1,heuristic,invalid,invalid,false,false,1,tensorop,f32,128,128,64,2,1,1,0,0,0,7,4,2,1,64,128,16,90,90,24117248,12897484800,534,0.0314179,714.908,410514
44,CUTLASS,gemm,cutlass3x_sm90_tensorop_s64x128x16gemm_f16_f16_f32_f16_f16_128x128x64_2x1x1_0_nnn_align8_warpspecialized_epi_nosmem,passed,success,universal,1536,4096,1024,f16:column,f16:column,f16:column,f16:column,1,0,serial,4,1,heuristic,invalid,invalid,false,false,1,tensorop,f32,128,128,64,2,1,1,0,0,0,7,4,1,1,64,128,16,90,90,24117248,12897484800,534,0.0348003,645.423,370614
44,CUTLASS,gemm,cutlass3x_sm90_tensorop_s64x128x16gemm_f16_f16_f32_f16_f16_128x128x64_2x1x1_0_nnn_align8_warpspecialized_pingpong_epi_tma,passed,success,universal,1536,4096,1024,f16:column,f16:column,f16:column,f16:column,1,0,serial,4,1,heuristic,invalid,invalid,false,false,1,tensorop,f32,128,128,64,2,1,1,0,0,0,6,4,1,1,64,128,16,90,90,24117248,12897484800,534,0.0245152,916.205,526102
44,CUTLASS,gemm,cutlass3x_sm90_tensorop_s64x128x16gemm_f16_f16_f32_f16_f16_128x128x64_2x1x1_0_nnn_align8_warpspecialized_pingpong_epi_nosmem,passed,success,universal,1536,4096,1024,f16:column,f16:column,f16:column,f16:column,1,0,serial,4,1,heuristic,invalid,invalid,false,false,1,tensorop,f32,128,128,64,2,1,1,0,0,0,7,4,1,1,64,128,16,90,90,24117248,12897484800,534,0.0267453,839.809,482234
44,CUTLASS,gemm,cutlass3x_sm90_tensorop_s64x128x16gemm_f16_f16_f32_f16_f16_128x128x64_2x1x1_0_nnn_align8_warpspecialized_cooperative_epi_nosmem,passed,success,universal,1536,4096,1024,f16:column,f16:column,f16:column,f16:column,1,0,serial,4,1,heuristic,invalid,invalid,false,false,1,tensorop,f32,128,128,64,2,1,1,0,0,0,7,4,2,1,64,128,16,90,90,24117248,12897484800,534,0.0314573,714.014,410000
44,CUTLASS,gemm,cutlass3x_sm90_tensorop_s64x128x16gemm_f16_f16_f32_f16_f16_128x128x64_2x1x1_0_nnn_align8_warpspecialized_cooperative_epi_tma,passed,success,universal,1536,4096,1024,f16:column,f16:column,f16:column,f16:column,1,0,serial,4,1,heuristic,invalid,invalid,false,false,1,tensorop,f32,128,128,64,2,1,1,0,0,0,6,4,2,1,64,128,16,90,90,24117248,12897484800,534,0.0254048,884.122,507679
44,CUTLASS,gemm,cutlass3x_sm90_tensorop_s64x128x16gemm_f16_f16_f32_f16_f16_128x128x64_2x1x1_0_nnn_align8_stream_k_warpspecialized_cooperative_epi_nosmem,passed,success,universal,1536,4096,1024,f16:column,f16:column,f16:column,f16:column,1,0,serial,4,1,heuristic,invalid,invalid,false,false,1,tensorop,f32,128,128,64,2,1,1,0,0,0,7,4,2,1,64,128,16,90,90,24117248,12897484800,534,0.0782867,286.906,164747
44,CUTLASS,gemm,cutlass3x_sm90_tensorop_s64x128x16gemm_f16_f16_f32_f16_f16_128x128x64_2x1x1_0_nnn_align8_stream_k_warpspecialized_cooperative_epi_tma,passed,success,universal,1536,4096,1024,f16:column,f16:column,f16:column,f16:column,1,0,serial,4,1,heuristic,invalid,invalid,false,false,1,tensorop,f32,128,128,64,2,1,1,0,0,0,6,4,2,1,64,128,16,90,90,24117248,12897484800,534,0.0761626,294.908,169342
45,CUTLASS,gemm,cutlass_tensorop_f16_s1688gemm_f16_256x128_32x2_nn_align8,passed,success,universal,1664,4096,1024,f16:column,f16:column,f16:column,f16:column,1,0,serial,4,1,heuristic,invalid,invalid,false,false,1,tensorop,f32,256,128,32,1,1,1,0,0,0,2,4,2,1,16,8,8,75,1024,25427968,13972275200,549,0.0970998,243.89,143896
45,CUTLASS,gemm,cutlass_tensorop_f16_s16816gemm_f16_256x128_32x3_nn_align8,passed,success,universal,1664,4096,1024,f16:column,f16:column,f16:column,f16:column,1,0,serial,4,1,heuristic,invalid,invalid,false,false,1,tensorop,f32,256,128,32,1,1,1,0,0,0,3,4,2,1,16,8,16,80,1024,25427968,13972275200,549,0.069368,341.391,201422
45,CUTLASS,gemm,cutlass3x_sm90_tensorop_s64x128x16gemm_f16_f16_f32_f16_f16_128x128x64_1x2x1_0_nnn_align8,passed,success,universal,1664,4096,1024,f16:column,f16:column,f16:column,f16:column,1,0,serial,4,1,heuristic,invalid,invalid,false,false,1,tensorop,f32,128,128,64,1,2,1,0,0,0,7,4,2,1,64,128,16,90,90,25427968,13972275200,549,0.0390397,606.604,357899
45,CUTLASS,gemm,cutlass3x_sm90_tensorop_s64x128x16gemm_f16_f16_f32_f16_f16_128x128x64_1x2x1_0_nnn_align8_warpspecialized_epi_nosmem,passed,success,universal,1664,4096,1024,f16:column,f16:column,f16:column,f16:column,1,0,serial,4,1,heuristic,invalid,invalid,false,false,1,tensorop,f32,128,128,64,1,2,1,0,0,0,7,4,1,1,64,128,16,90,90,25427968,13972275200,549,0.0376854,628.403,370761
45,CUTLASS,gemm,cutlass3x_sm90_tensorop_s64x128x16gemm_f16_f16_f32_f16_f16_128x128x64_1x2x1_0_nnn_align8_warpspecialized_pingpong_epi_tma,passed,success,universal,1664,4096,1024,f16:column,f16:column,f16:column,f16:column,1,0,serial,4,1,heuristic,invalid,invalid,false,false,1,tensorop,f32,128,128,64,1,2,1,0,0,0,6,4,1,1,64,128,16,90,90,25427968,13972275200,549,0.029769,795.515,469357
45,CUTLASS,gemm,cutlass3x_sm90_tensorop_s64x128x16gemm_f16_f16_f32_f16_f16_128x128x64_1x2x1_0_nnn_align8_warpspecialized_pingpong_epi_nosmem,passed,success,universal,1664,4096,1024,f16:column,f16:column,f16:column,f16:column,1,0,serial,4,1,heuristic,invalid,invalid,false,false,1,tensorop,f32,128,128,64,1,2,1,0,0,0,7,4,1,1,64,128,16,90,90,25427968,13972275200,549,0.0329251,719.258,424365
45,CUTLASS,gemm,cutlass3x_sm90_tensorop_s64x128x16gemm_f16_f16_f32_f16_f16_128x128x64_1x2x1_0_nnn_align8_warpspecialized_cooperative_epi_nosmem,passed,success,universal,1664,4096,1024,f16:column,f16:column,f16:column,f16:column,1,0,serial,4,1,heuristic,invalid,invalid,false,false,1,tensorop,f32,128,128,64,1,2,1,0,0,0,7,4,2,1,64,128,16,90,90,25427968,13972275200,549,0.0389571,607.89,358658
45,CUTLASS,gemm,cutlass3x_sm90_tensorop_s64x128x16gemm_f16_f16_f32_f16_f16_128x128x64_1x2x1_0_nnn_align8_warpspecialized_cooperative_epi_tma,passed,success,universal,1664,4096,1024,f16:column,f16:column,f16:column,f16:column,1,0,serial,4,1,heuristic,invalid,invalid,false,false,1,tensorop,f32,128,128,64,1,2,1,0,0,0,6,4,2,1,64,128,16,90,90,25427968,13972275200,549,0.0316394,748.487,441611
45,CUTLASS,gemm,cutlass3x_sm90_tensorop_s64x128x16gemm_f16_f16_f32_f16_f16_128x128x64_1x2x1_0_nnn_align8_stream_k_warpspecialized_cooperative_epi_nosmem,passed,success,universal,1664,4096,1024,f16:column,f16:column,f16:column,f16:column,1,0,serial,4,1,heuristic,invalid,invalid,false,false,1,tensorop,f32,128,128,64,1,2,1,0,0,0,7,4,2,1,64,128,16,90,90,25427968,13972275200,549,0.0838678,282.369,166599
45,CUTLASS,gemm,cutlass3x_sm90_tensorop_s64x128x16gemm_f16_f16_f32_f16_f16_128x128x64_1x2x1_0_nnn_align8_stream_k_warpspecialized_cooperative_epi_tma,passed,success,universal,1664,4096,1024,f16:column,f16:column,f16:column,f16:column,1,0,serial,4,1,heuristic,invalid,invalid,false,false,1,tensorop,f32,128,128,64,1,2,1,0,0,0,6,4,2,1,64,128,16,90,90,25427968,13972275200,549,0.0825677,286.815,169222
45,CUTLASS,gemm,cutlass3x_sm90_tensorop_s64x128x16gemm_f16_f16_f32_f16_f16_128x128x64_2x1x1_0_nnn_align8,passed,success,universal,1664,4096,1024,f16:column,f16:column,f16:column,f16:column,1,0,serial,4,1,heuristic,invalid,invalid,false,false,1,tensorop,f32,128,128,64,2,1,1,0,0,0,7,4,2,1,64,128,16,90,90,25427968,13972275200,549,0.0400496,591.308,348874
45,CUTLASS,gemm,cutlass3x_sm90_tensorop_s64x128x16gemm_f16_f16_f32_f16_f16_128x128x64_2x1x1_0_nnn_align8_warpspecialized_epi_nosmem,passed,success,universal,1664,4096,1024,f16:column,f16:column,f16:column,f16:column,1,0,serial,4,1,heuristic,invalid,invalid,false,false,1,tensorop,f32,128,128,64,2,1,1,0,0,0,7,4,1,1,64,128,16,90,90,25427968,13972275200,549,0.0422301,560.777,330861
45,CUTLASS,gemm,cutlass3x_sm90_tensorop_s64x128x16gemm_f16_f16_f32_f16_f16_128x128x64_2x1x1_0_nnn_align8_warpspecialized_pingpong_epi_tma,passed,success,universal,1664,4096,1024,f16:column,f16:column,f16:column,f16:column,1,0,serial,4,1,heuristic,invalid,invalid,false,false,1,tensorop,f32,128,128,64,2,1,1,0,0,0,6,4,1,1,64,128,16,90,90,25427968,13972275200,549,0.0331414,714.563,421595
45,CUTLASS,gemm,cutlass3x_sm90_tensorop_s64x128x16gemm_f16_f16_f32_f16_f16_128x128x64_2x1x1_0_nnn_align8_warpspecialized_pingpong_epi_nosmem,passed,success,universal,1664,4096,1024,f16:column,f16:column,f16:column,f16:column,1,0,serial,4,1,heuristic,invalid,invalid,false,false,1,tensorop,f32,128,128,64,2,1,1,0,0,0,7,4,1,1,64,128,16,90,90,25427968,13972275200,549,0.0352582,671.663,396284
45,CUTLASS,gemm,cutlass3x_sm90_tensorop_s64x128x16gemm_f16_f16_f32_f16_f16_128x128x64_2x1x1_0_nnn_align8_warpspecialized_cooperative_epi_nosmem,passed,success,universal,1664,4096,1024,f16:column,f16:column,f16:column,f16:column,1,0,serial,4,1,heuristic,invalid,invalid,false,false,1,tensorop,f32,128,128,64,2,1,1,0,0,0,7,4,2,1,64,128,16,90,90,25427968,13972275200,549,0.0401165,590.322,348293
45,CUTLASS,gemm,cutlass3x_sm90_tensorop_s64x128x16gemm_f16_f16_f32_f16_f16_128x128x64_2x1x1_0_nnn_align8_warpspecialized_cooperative_epi_tma,passed,success,universal,1664,4096,1024,f16:column,f16:column,f16:column,f16:column,1,0,serial,4,1,heuristic,invalid,invalid,false,false,1,tensorop,f32,128,128,64,2,1,1,0,0,0,6,4,2,1,64,128,16,90,90,25427968,13972275200,549,0.034097,694.538,409781
45,CUTLASS,gemm,cutlass3x_sm90_tensorop_s64x128x16gemm_f16_f16_f32_f16_f16_128x128x64_2x1x1_0_nnn_align8_stream_k_warpspecialized_cooperative_epi_nosmem,passed,success,universal,1664,4096,1024,f16:column,f16:column,f16:column,f16:column,1,0,serial,4,1,heuristic,invalid,invalid,false,false,1,tensorop,f32,128,128,64,2,1,1,0,0,0,7,4,2,1,64,128,16,90,90,25427968,13972275200,549,0.0882022,268.493,158412
45,CUTLASS,gemm,cutlass3x_sm90_tensorop_s64x128x16gemm_f16_f16_f32_f16_f16_128x128x64_2x1x1_0_nnn_align8_stream_k_warpspecialized_cooperative_epi_tma,passed,success,universal,1664,4096,1024,f16:column,f16:column,f16:column,f16:column,1,0,serial,4,1,heuristic,invalid,invalid,false,false,1,tensorop,f32,128,128,64,2,1,1,0,0,0,6,4,2,1,64,128,16,90,90,25427968,13972275200,549,0.088039,268.99,158705
46,CUTLASS,gemm,cutlass_tensorop_f16_s1688gemm_f16_256x128_32x2_nn_align8,passed,success,universal,1792,4096,1024,f16:column,f16:column,f16:column,f16:column,1,0,serial,4,1,heuristic,invalid,invalid,false,false,1,tensorop,f32,256,128,32,1,1,1,0,0,0,2,4,2,1,16,8,8,75,1024,26738688,15047065600,562,0.0988675,251.876,152194
46,CUTLASS,gemm,cutlass_tensorop_f16_s16816gemm_f16_256x128_32x3_nn_align8,passed,success,universal,1792,4096,1024,f16:column,f16:column,f16:column,f16:column,1,0,serial,4,1,heuristic,invalid,invalid,false,false,1,tensorop,f32,256,128,32,1,1,1,0,0,0,3,4,2,1,16,8,16,80,1024,26738688,15047065600,562,0.0707795,351.83,212591
46,CUTLASS,gemm,cutlass3x_sm90_tensorop_s64x128x16gemm_f16_f16_f32_f16_f16_128x128x64_1x2x1_0_nnn_align8,passed,success,universal,1792,4096,1024,f16:column,f16:column,f16:column,f16:column,1,0,serial,4,1,heuristic,invalid,invalid,false,false,1,tensorop,f32,128,128,64,1,2,1,0,0,0,7,4,2,1,64,128,16,90,90,26738688,15047065600,562,0.040271,618.369,373645
46,CUTLASS,gemm,cutlass3x_sm90_tensorop_s64x128x16gemm_f16_f16_f32_f16_f16_128x128x64_1x2x1_0_nnn_align8_warpspecialized_epi_nosmem,passed,success,universal,1792,4096,1024,f16:column,f16:column,f16:column,f16:column,1,0,serial,4,1,heuristic,invalid,invalid,false,false,1,tensorop,f32,128,128,64,1,2,1,0,0,0,7,4,1,1,64,128,16,90,90,26738688,15047065600,562,0.0420733,591.88,357639
46,CUTLASS,gemm,cutlass3x_sm90_tensorop_s64x128x16gemm_f16_f16_f32_f16_f16_128x128x64_1x2x1_0_nnn_align8_warpspecialized_pingpong_epi_tma,passed,success,universal,1792,4096,1024,f16:column,f16:column,f16:column,f16:column,1,0,serial,4,1,heuristic,invalid,invalid,false,false,1,tensorop,f32,128,128,64,1,2,1,0,0,0,6,4,1,1,64,128,16,90,90,26738688,15047065600,562,0.0295395,843.018,509388
46,CUTLASS,gemm,cutlass3x_sm90_tensorop_s64x128x16gemm_f16_f16_f32_f16_f16_128x128x64_1x2x1_0_nnn_align8_warpspecialized_pingpong_epi_nosmem,passed,success,universal,1792,4096,1024,f16:column,f16:column,f16:column,f16:column,1,0,serial,4,1,heuristic,invalid,invalid,false,false,1,tensorop,f32,128,128,64,1,2,1,0,0,0,7,4,1,1,64,128,16,90,90,26738688,15047065600,562,0.0339594,733.298,443090
46,CUTLASS,gemm,cutlass3x_sm90_tensorop_s64x128x16gemm_f16_f16_f32_f16_f16_128x128x64_1x2x1_0_nnn_align8_warpspecialized_cooperative_epi_nosmem,passed,success,universal,1792,4096,1024,f16:column,f16:column,f16:column,f16:column,1,0,serial,4,1,heuristic,invalid,invalid,false,false,1,tensorop,f32,128,128,64,1,2,1,0,0,0,7,4,2,1,64,128,16,90,90,26738688,15047065600,562,0.0403613,616.986,372809
46,CUTLASS,gemm,cutlass3x_sm90_tensorop_s64x128x16gemm_f16_f16_f32_f16_f16_128x128x64_1x2x1_0_nnn_align8_warpspecialized_cooperative_epi_tma,passed,success,universal,1792,4096,1024,f16:column,f16:column,f16:column,f16:column,1,0,serial,4,1,heuristic,invalid,invalid,false,false,1,tensorop,f32,128,128,64,1,2,1,0,0,0,6,4,2,1,64,128,16,90,90,26738688,15047065600,562,0.031423,792.487,478855
46,CUTLASS,gemm,cutlass3x_sm90_tensorop_s64x128x16gemm_f16_f16_f32_f16_f16_128x128x64_1x2x1_0_nnn_align8_stream_k_warpspecialized_cooperative_epi_nosmem,passed,success,universal,1792,4096,1024,f16:column,f16:column,f16:column,f16:column,1,0,serial,4,1,heuristic,invalid,invalid,false,false,1,tensorop,f32,128,128,64,1,2,1,0,0,0,7,4,2,1,64,128,16,90,90,26738688,15047065600,562,0.0898624,277.116,167446
46,CUTLASS,gemm,cutlass3x_sm90_tensorop_s64x128x16gemm_f16_f16_f32_f16_f16_128x128x64_1x2x1_0_nnn_align8_stream_k_warpspecialized_cooperative_epi_tma,passed,success,universal,1792,4096,1024,f16:column,f16:column,f16:column,f16:column,1,0,serial,4,1,heuristic,invalid,invalid,false,false,1,tensorop,f32,128,128,64,1,2,1,0,0,0,6,4,2,1,64,128,16,90,90,26738688,15047065600,562,0.0876547,284.096,171663
46,CUTLASS,gemm,cutlass3x_sm90_tensorop_s64x128x16gemm_f16_f16_f32_f16_f16_128x128x64_2x1x1_0_nnn_align8,passed,success,universal,1792,4096,1024,f16:column,f16:column,f16:column,f16:column,1,0,serial,4,1,heuristic,invalid,invalid,false,false,1,tensorop,f32,128,128,64,2,1,1,0,0,0,7,4,2,1,64,128,16,90,90,26738688,15047065600,562,0.0402595,618.545,373752
46,CUTLASS,gemm,cutlass3x_sm90_tensorop_s64x128x16gemm_f16_f16_f32_f16_f16_128x128x64_2x1x1_0_nnn_align8_warpspecialized_epi_nosmem,passed,success,universal,1792,4096,1024,f16:column,f16:column,f16:column,f16:column,1,0,serial,4,1,heuristic,invalid,invalid,false,false,1,tensorop,f32,128,128,64,2,1,1,0,0,0,7,4,1,1,64,128,16,90,90,26738688,15047065600,562,0.0435837,571.369,345245
46,CUTLASS,gemm,cutlass3x_sm90_tensorop_s64x128x16gemm_f16_f16_f32_f16_f16_128x128x64_2x1x1_0_nnn_align8_warpspecialized_pingpong_epi_tma,passed,success,universal,1792,4096,1024,f16:column,f16:column,f16:column,f16:column,1,0,serial,4,1,heuristic,invalid,invalid,false,false,1,tensorop,f32,128,128,64,2,1,1,0,0,0,6,4,1,1,64,128,16,90,90,26738688,15047065600,562,0.0304499,817.813,494158
46,CUTLASS,gemm,cutlass3x_sm90_tensorop_s64x128x16gemm_f16_f16_f32_f16_f16_128x128x64_2x1x1_0_nnn_align8_warpspecialized_pingpong_epi_nosmem,passed,success,universal,1792,4096,1024,f16:column,f16:column,f16:column,f16:column,1,0,serial,4,1,heuristic,invalid,invalid,false,false,1,tensorop,f32,128,128,64,2,1,1,0,0,0,7,4,1,1,64,128,16,90,90,26738688,15047065600,562,0.0336682,739.641,446923
46,CUTLASS,gemm,cutlass3x_sm90_tensorop_s64x128x16gemm_f16_f16_f32_f16_f16_128x128x64_2x1x1_0_nnn_align8_warpspecialized_cooperative_epi_nosmem,passed,success,universal,1792,4096,1024,f16:column,f16:column,f16:column,f16:column,1,0,serial,4,1,heuristic,invalid,invalid,false,false,1,tensorop,f32,128,128,64,2,1,1,0,0,0,7,4,2,1,64,128,16,90,90,26738688,15047065600,562,0.040185,619.693,374445
46,CUTLASS,gemm,cutlass3x_sm90_tensorop_s64x128x16gemm_f16_f16_f32_f16_f16_128x128x64_2x1x1_0_nnn_align8_warpspecialized_cooperative_epi_tma,passed,success,universal,1792,4096,1024,f16:column,f16:column,f16:column,f16:column,1,0,serial,4,1,heuristic,invalid,invalid,false,false,1,tensorop,f32,128,128,64,2,1,1,0,0,0,6,4,2,1,64,128,16,90,90,26738688,15047065600,562,0.0319571,779.242,470852
46,CUTLASS,gemm,cutlass3x_sm90_tensorop_s64x128x16gemm_f16_f16_f32_f16_f16_128x128x64_2x1x1_0_nnn_align8_stream_k_warpspecialized_cooperative_epi_nosmem,passed,success,universal,1792,4096,1024,f16:column,f16:column,f16:column,f16:column,1,0,serial,4,1,heuristic,invalid,invalid,false,false,1,tensorop,f32,128,128,64,2,1,1,0,0,0,7,4,2,1,64,128,16,90,90,26738688,15047065600,562,0.0915254,272.081,164403
46,CUTLASS,gemm,cutlass3x_sm90_tensorop_s64x128x16gemm_f16_f16_f32_f16_f16_128x128x64_2x1x1_0_nnn_align8_stream_k_warpspecialized_cooperative_epi_tma,passed,success,universal,1792,4096,1024,f16:column,f16:column,f16:column,f16:column,1,0,serial,4,1,heuristic,invalid,invalid,false,false,1,tensorop,f32,128,128,64,2,1,1,0,0,0,6,4,2,1,64,128,16,90,90,26738688,15047065600,562,0.0887254,280.667,169591
47,CUTLASS,gemm,cutlass_tensorop_f16_s1688gemm_f16_256x128_32x2_nn_align8,passed,success,universal,1920,4096,1024,f16:column,f16:column,f16:column,f16:column,1,0,serial,4,1,heuristic,invalid,invalid,false,false,1,tensorop,f32,256,128,32,1,1,1,0,0,0,2,4,2,1,16,8,8,75,1024,28049408,16121856000,574,0.108455,240.865,148650
47,CUTLASS,gemm,cutlass_tensorop_f16_s16816gemm_f16_256x128_32x3_nn_align8,passed,success,universal,1920,4096,1024,f16:column,f16:column,f16:column,f16:column,1,0,serial,4,1,heuristic,invalid,invalid,false,false,1,tensorop,f32,256,128,32,1,1,1,0,0,0,3,4,2,1,16,8,16,80,1024,28049408,16121856000,574,0.0783139,333.568,205862
47,CUTLASS,gemm,cutlass3x_sm90_tensorop_s64x128x16gemm_f16_f16_f32_f16_f16_128x128x64_1x2x1_0_nnn_align8,passed,success,universal,1920,4096,1024,f16:column,f16:column,f16:column,f16:column,1,0,serial,4,1,heuristic,invalid,invalid,false,false,1,tensorop,f32,128,128,64,1,2,1,0,0,0,7,4,2,1,64,128,16,90,90,28049408,16121856000,574,0.038384,680.571,420015
47,CUTLASS,gemm,cutlass3x_sm90_tensorop_s64x128x16gemm_f16_f16_f32_f16_f16_128x128x64_1x2x1_0_nnn_align8_warpspecialized_epi_nosmem,passed,success,universal,1920,4096,1024,f16:column,f16:column,f16:column,f16:column,1,0,serial,4,1,heuristic,invalid,invalid,false,false,1,tensorop,f32,128,128,64,1,2,1,0,0,0,7,4,1,1,64,128,16,90,90,28049408,16121856000,574,0.0402074,649.708,400968
47,CUTLASS,gemm,cutlass3x_sm90_tensorop_s64x128x16gemm_f16_f16_f32_f16_f16_128x128x64_1x2x1_0_nnn_align8_warpspecialized_pingpong_epi_tma,passed,success,universal,1920,4096,1024,f16:column,f16:column,f16:column,f16:column,1,0,serial,4,1,heuristic,invalid,invalid,false,false,1,tensorop,f32,128,128,64,1,2,1,0,0,0,6,4,1,1,64,128,16,90,90,28049408,16121856000,574,0.029145,896.314,553161
47,CUTLASS,gemm,cutlass3x_sm90_tensorop_s64x128x16gemm_f16_f16_f32_f16_f16_128x128x64_1x2x1_0_nnn_align8_warpspecialized_pingpong_epi_nosmem,passed,success,universal,1920,4096,1024,f16:column,f16:column,f16:column,f16:column,1,0,serial,4,1,heuristic,invalid,invalid,false,false,1,tensorop,f32,128,128,64,1,2,1,0,0,0,7,4,1,1,64,128,16,90,90,28049408,16121856000,574,0.0326051,801.195,494458
47,CUTLASS,gemm,cutlass3x_sm90_tensorop_s64x128x16gemm_f16_f16_f32_f16_f16_128x128x64_1x2x1_0_nnn_align8_warpspecialized_cooperative_epi_nosmem,passed,success,universal,1920,4096,1024,f16:column,f16:column,f16:column,f16:column,1,0,serial,4,1,heuristic,invalid,invalid,false,false,1,tensorop,f32,128,128,64,1,2,1,0,0,0,7,4,2,1,64,128,16,90,90,28049408,16121856000,574,0.0383904,680.458,419945
47,CUTLASS,gemm,cutlass3x_sm90_tensorop_s64x128x16gemm_f16_f16_f32_f16_f16_128x128x64_1x2x1_0_nnn_align8_warpspecialized_cooperative_epi_tma,passed,success,universal,1920,4096,1024,f16:column,f16:column,f16:column,f16:column,1,0,serial,4,1,heuristic,invalid,invalid,false,false,1,tensorop,f32,128,128,64,1,2,1,0,0,0,6,4,2,1,64,128,16,90,90,28049408,16121856000,574,0.0315309,828.491,511304
47,CUTLASS,gemm,cutlass3x_sm90_tensorop_s64x128x16gemm_f16_f16_f32_f16_f16_128x128x64_1x2x1_0_nnn_align8_stream_k_warpspecialized_cooperative_epi_nosmem,passed,success,universal,1920,4096,1024,f16:column,f16:column,f16:column,f16:column,1,0,serial,4,1,heuristic,invalid,invalid,false,false,1,tensorop,f32,128,128,64,1,2,1,0,0,0,7,4,2,1,64,128,16,90,90,28049408,16121856000,574,0.095231,274.312,169292
47,CUTLASS,gemm,cutlass3x_sm90_tensorop_s64x128x16gemm_f16_f16_f32_f16_f16_128x128x64_1x2x1_0_nnn_align8_stream_k_warpspecialized_cooperative_epi_tma,passed,success,universal,1920,4096,1024,f16:column,f16:column,f16:column,f16:column,1,0,serial,4,1,heuristic,invalid,invalid,false,false,1,tensorop,f32,128,128,64,1,2,1,0,0,0,6,4,2,1,64,128,16,90,90,28049408,16121856000,574,0.0943546,276.86,170865
47,CUTLASS,gemm,cutlass3x_sm90_tensorop_s64x128x16gemm_f16_f16_f32_f16_f16_128x128x64_2x1x1_0_nnn_align8,passed,success,universal,1920,4096,1024,f16:column,f16:column,f16:column,f16:column,1,0,serial,4,1,heuristic,invalid,invalid,false,false,1,tensorop,f32,128,128,64,2,1,1,0,0,0,7,4,2,1,64,128,16,90,90,28049408,16121856000,574,0.0401533,650.583,401508
47,CUTLASS,gemm,cutlass3x_sm90_tensorop_s64x128x16gemm_f16_f16_f32_f16_f16_128x128x64_2x1x1_0_nnn_align8_warpspecialized_epi_nosmem,passed,success,universal,1920,4096,1024,f16:column,f16:column,f16:column,f16:column,1,0,serial,4,1,heuristic,invalid,invalid,false,false,1,tensorop,f32,128,128,64,2,1,1,0,0,0,7,4,1,1,64,128,16,90,90,28049408,16121856000,574,0.045191,578.058,356749
47,CUTLASS,gemm,cutlass3x_sm90_tensorop_s64x128x16gemm_f16_f16_f32_f16_f16_128x128x64_2x1x1_0_nnn_align8_warpspecialized_pingpong_epi_tma,passed,success,universal,1920,4096,1024,f16:column,f16:column,f16:column,f16:column,1,0,serial,4,1,heuristic,invalid,invalid,false,false,1,tensorop,f32,128,128,64,2,1,1,0,0,0,6,4,1,1,64,128,16,90,90,28049408,16121856000,574,0.0349158,748.172,461735
47,CUTLASS,gemm,cutlass3x_sm90_tensorop_s64x128x16gemm_f16_f16_f32_f16_f16_128x128x64_2x1x1_0_nnn_align8_warpspecialized_pingpong_epi_nosmem,passed,success,universal,1920,4096,1024,f16:column,f16:column,f16:column,f16:column,1,0,serial,4,1,heuristic,invalid,invalid,false,false,1,tensorop,f32,128,128,64,2,1,1,0,0,0,7,4,1,1,64,128,16,90,90,28049408,16121856000,574,0.0361638,722.353,445800
47,CUTLASS,gemm,cutlass3x_sm90_tensorop_s64x128x16gemm_f16_f16_f32_f16_f16_128x128x64_2x1x1_0_nnn_align8_warpspecialized_cooperative_epi_nosmem,passed,success,universal,1920,4096,1024,f16:column,f16:column,f16:column,f16:column,1,0,serial,4,1,heuristic,invalid,invalid,false,false,1,tensorop,f32,128,128,64,2,1,1,0,0,0,7,4,2,1,64,128,16,90,90,28049408,16121856000,574,0.0401555,650.547,401485
47,CUTLASS,gemm,cutlass3x_sm90_tensorop_s64x128x16gemm_f16_f16_f32_f16_f16_128x128x64_2x1x1_0_nnn_align8_warpspecialized_cooperative_epi_tma,passed,success,universal,1920,4096,1024,f16:column,f16:column,f16:column,f16:column,1,0,serial,4,1,heuristic,invalid,invalid,false,false,1,tensorop,f32,128,128,64,2,1,1,0,0,0,6,4,2,1,64,128,16,90,90,28049408,16121856000,574,0.0349539,747.357,461232
47,CUTLASS,gemm,cutlass3x_sm90_tensorop_s64x128x16gemm_f16_f16_f32_f16_f16_128x128x64_2x1x1_0_nnn_align8_stream_k_warpspecialized_cooperative_epi_nosmem,passed,success,universal,1920,4096,1024,f16:column,f16:column,f16:column,f16:column,1,0,serial,4,1,heuristic,invalid,invalid,false,false,1,tensorop,f32,128,128,64,2,1,1,0,0,0,7,4,2,1,64,128,16,90,90,28049408,16121856000,574,0.101627,257.048,158637
47,CUTLASS,gemm,cutlass3x_sm90_tensorop_s64x128x16gemm_f16_f16_f32_f16_f16_128x128x64_2x1x1_0_nnn_align8_stream_k_warpspecialized_cooperative_epi_tma,passed,success,universal,1920,4096,1024,f16:column,f16:column,f16:column,f16:column,1,0,serial,4,1,heuristic,invalid,invalid,false,false,1,tensorop,f32,128,128,64,2,1,1,0,0,0,6,4,2,1,64,128,16,90,90,28049408,16121856000,574,0.101724,256.804,158487
48,CUTLASS,gemm,cutlass_tensorop_f16_s1688gemm_f16_256x128_32x2_nn_align8,passed,success,universal,2048,4096,1024,f16:column,f16:column,f16:column,f16:column,1,0,serial,4,1,heuristic,invalid,invalid,false,false,1,tensorop,f32,256,128,32,1,1,1,0,0,0,2,4,2,1,16,8,8,75,1024,29360128,17196646400,585,0.110845,246.684,155141
48,CUTLASS,gemm,cutlass_tensorop_f16_s16816gemm_f16_256x128_32x3_nn_align8,passed,success,universal,2048,4096,1024,f16:column,f16:column,f16:column,f16:column,1,0,serial,4,1,heuristic,invalid,invalid,false,false,1,tensorop,f32,256,128,32,1,1,1,0,0,0,3,4,2,1,16,8,16,80,1024,29360128,17196646400,585,0.080385,340.16,213929
48,CUTLASS,gemm,cutlass3x_sm90_tensorop_s64x128x16gemm_f16_f16_f32_f16_f16_128x128x64_1x2x1_0_nnn_align8,passed,success,universal,2048,4096,1024,f16:column,f16:column,f16:column,f16:column,1,0,serial,4,1,heuristic,invalid,invalid,false,false,1,tensorop,f32,128,128,64,1,2,1,0,0,0,7,4,2,1,64,128,16,90,90,29360128,17196646400,585,0.0364739,749.679,471478
48,CUTLASS,gemm,cutlass3x_sm90_tensorop_s64x128x16gemm_f16_f16_f32_f16_f16_128x128x64_1x2x1_0_nnn_align8_warpspecialized_epi_nosmem,passed,success,universal,2048,4096,1024,f16:column,f16:column,f16:column,f16:column,1,0,serial,4,1,heuristic,invalid,invalid,false,false,1,tensorop,f32,128,128,64,1,2,1,0,0,0,7,4,1,1,64,128,16,90,90,29360128,17196646400,585,0.039384,694.286,436640
48,CUTLASS,gemm,cutlass3x_sm90_tensorop_s64x128x16gemm_f16_f16_f32_f16_f16_128x128x64_1x2x1_0_nnn_align8_warpspecialized_pingpong_epi_tma,passed,success,universal,2048,4096,1024,f16:column,f16:column,f16:column,f16:column,1,0,serial,4,1,heuristic,invalid,invalid,false,false,1,tensorop,f32,128,128,64,1,2,1,0,0,0,6,4,1,1,64,128,16,90,90,29360128,17196646400,585,0.0282406,968.241,608933
48,CUTLASS,gemm,cutlass3x_sm90_tensorop_s64x128x16gemm_f16_f16_f32_f16_f16_128x128x64_1x2x1_0_nnn_align8_warpspecialized_pingpong_epi_nosmem,passed,success,universal,2048,4096,1024,f16:column,f16:column,f16:column,f16:column,1,0,serial,4,1,heuristic,invalid,invalid,false,false,1,tensorop,f32,128,128,64,1,2,1,0,0,0,7,4,1,1,64,128,16,90,90,29360128,17196646400,585,0.0325165,840.92,528859
48,CUTLASS,gemm,cutlass3x_sm90_tensorop_s64x128x16gemm_f16_f16_f32_f16_f16_128x128x64_1x2x1_0_nnn_align8_warpspecialized_cooperative_epi_nosmem,passed,success,universal,2048,4096,1024,f16:column,f16:column,f16:column,f16:column,1,0,serial,4,1,heuristic,invalid,invalid,false,false,1,tensorop,f32,128,128,64,1,2,1,0,0,0,7,4,2,1,64,128,16,90,90,29360128,17196646400,585,0.0364922,749.305,471242
48,CUTLASS,gemm,cutlass3x_sm90_tensorop_s64x128x16gemm_f16_f16_f32_f16_f16_128x128x64_1x2x1_0_nnn_align8_warpspecialized_cooperative_epi_tma,passed,success,universal,2048,4096,1024,f16:column,f16:column,f16:column,f16:column,1,0,serial,4,1,heuristic,invalid,invalid,false,false,1,tensorop,f32,128,128,64,1,2,1,0,0,0,6,4,2,1,64,128,16,90,90,29360128,17196646400,585,0.0307542,889.105,559163
48,CUTLASS,gemm,cutlass3x_sm90_tensorop_s64x128x16gemm_f16_f16_f32_f16_f16_128x128x64_1x2x1_0_nnn_align8_stream_k_warpspecialized_cooperative_epi_nosmem,passed,success,universal,2048,4096,1024,f16:column,f16:column,f16:column,f16:column,1,0,serial,4,1,heuristic,invalid,invalid,false,false,1,tensorop,f32,128,128,64,1,2,1,0,0,0,7,4,2,1,64,128,16,90,90,29360128,17196646400,585,0.102076,267.875,168468
48,CUTLASS,gemm,cutlass3x_sm90_tensorop_s64x128x16gemm_f16_f16_f32_f16_f16_128x128x64_1x2x1_0_nnn_align8_stream_k_warpspecialized_cooperative_epi_tma,passed,success,universal,2048,4096,1024,f16:column,f16:column,f16:column,f16:column,1,0,serial,4,1,heuristic,invalid,invalid,false,false,1,tensorop,f32,128,128,64,1,2,1,0,0,0,6,4,2,1,64,128,16,90,90,29360128,17196646400,585,0.10307,265.292,166844
48,CUTLASS,gemm,cutlass3x_sm90_tensorop_s64x128x16gemm_f16_f16_f32_f16_f16_128x128x64_2x1x1_0_nnn_align8,passed,success,universal,2048,4096,1024,f16:column,f16:column,f16:column,f16:column,1,0,serial,4,1,heuristic,invalid,invalid,false,false,1,tensorop,f32,128,128,64,2,1,1,0,0,0,7,4,2,1,64,128,16,90,90,29360128,17196646400,585,0.0368694,741.637,466420
48,CUTLASS,gemm,cutlass3x_sm90_tensorop_s64x128x16gemm_f16_f16_f32_f16_f16_128x128x64_2x1x1_0_nnn_align8_warpspecialized_epi_nosmem,passed,success,universal,2048,4096,1024,f16:column,f16:column,f16:column,f16:column,1,0,serial,4,1,heuristic,invalid,invalid,false,false,1,tensorop,f32,128,128,64,2,1,1,0,0,0,7,4,1,1,64,128,16,90,90,29360128,17196646400,585,0.0430208,635.594,399729
48,CUTLASS,gemm,cutlass3x_sm90_tensorop_s64x128x16gemm_f16_f16_f32_f16_f16_128x128x64_2x1x1_0_nnn_align8_warpspecialized_pingpong_epi_tma,passed,success,universal,2048,4096,1024,f16:column,f16:column,f16:column,f16:column,1,0,serial,4,1,heuristic,invalid,invalid,false,false,1,tensorop,f32,128,128,64,2,1,1,0,0,0,6,4,1,1,64,128,16,90,90,29360128,17196646400,585,0.0298298,916.66,576493
48,CUTLASS,gemm,cutlass3x_sm90_tensorop_s64x128x16gemm_f16_f16_f32_f16_f16_128x128x64_2x1x1_0_nnn_align8_warpspecialized_pingpong_epi_nosmem,passed,success,universal,2048,4096,1024,f16:column,f16:column,f16:column,f16:column,1,0,serial,4,1,heuristic,invalid,invalid,false,false,1,tensorop,f32,128,128,64,2,1,1,0,0,0,7,4,1,1,64,128,16,90,90,29360128,17196646400,585,0.032353,845.17,531532
48,CUTLASS,gemm,cutlass3x_sm90_tensorop_s64x128x16gemm_f16_f16_f32_f16_f16_128x128x64_2x1x1_0_nnn_align8_warpspecialized_cooperative_epi_nosmem,passed,success,universal,2048,4096,1024,f16:column,f16:column,f16:column,f16:column,1,0,serial,4,1,heuristic,invalid,invalid,false,false,1,tensorop,f32,128,128,64,2,1,1,0,0,0,7,4,2,1,64,128,16,90,90,29360128,17196646400,585,0.0369626,739.769,465245
48,CUTLASS,gemm,cutlass3x_sm90_tensorop_s64x128x16gemm_f16_f16_f32_f16_f16_128x128x64_2x1x1_0_nnn_align8_warpspecialized_cooperative_epi_tma,passed,success,universal,2048,4096,1024,f16:column,f16:column,f16:column,f16:column,1,0,serial,4,1,heuristic,invalid,invalid,false,false,1,tensorop,f32,128,128,64,2,1,1,0,0,0,6,4,2,1,64,128,16,90,90,29360128,17196646400,585,0.0312672,874.519,549990
48,CUTLASS,gemm,cutlass3x_sm90_tensorop_s64x128x16gemm_f16_f16_f32_f16_f16_128x128x64_2x1x1_0_nnn_align8_stream_k_warpspecialized_cooperative_epi_nosmem,passed,success,universal,2048,4096,1024,f16:column,f16:column,f16:column,f16:column,1,0,serial,4,1,heuristic,invalid,invalid,false,false,1,tensorop,f32,128,128,64,2,1,1,0,0,0,7,4,2,1,64,128,16,90,90,29360128,17196646400,585,0.101481,269.446,169456
48,CUTLASS,gemm,cutlass3x_sm90_tensorop_s64x128x16gemm_f16_f16_f32_f16_f16_128x128x64_2x1x1_0_nnn_align8_stream_k_warpspecialized_cooperative_epi_tma,passed,success,universal,2048,4096,1024,f16:column,f16:column,f16:column,f16:column,1,0,serial,4,1,heuristic,invalid,invalid,false,false,1,tensorop,f32,128,128,64,2,1,1,0,0,0,6,4,2,1,64,128,16,90,90,29360128,17196646400,585,0.101839,268.501,168862
49,CUTLASS,gemm,cutlass_tensorop_f16_s1688gemm_f16_256x128_32x2_nn_align8,passed,success,universal,128,4096,1024,f16:column,f16:column,f16:column,f16:column,1,0,serial,8,1,heuristic,invalid,invalid,false,false,1,tensorop,f32,256,128,32,1,1,1,0,0,0,2,4,2,1,16,8,8,75,1024,9699328,1074790400,110,0.0379818,237.83,28297.5
49,CUTLASS,gemm,cutlass_tensorop_f16_s16816gemm_f16_256x128_32x3_nn_align8,passed,success,universal,128,4096,1024,f16:column,f16:column,f16:column,f16:column,1,0,serial,8,1,heuristic,invalid,invalid,false,false,1,tensorop,f32,256,128,32,1,1,1,0,0,0,3,4,2,1,16,8,16,80,1024,9699328,1074790400,110,0.0360554,250.537,29809.4
49,CUTLASS,gemm,cutlass3x_sm90_tensorop_s64x128x16gemm_f16_f16_f32_f16_f16_128x128x64_1x2x1_0_nnn_align8,passed,success,universal,128,4096,1024,f16:column,f16:column,f16:column,f16:column,1,0,serial,8,1,heuristic,invalid,invalid,false,false,1,tensorop,f32,128,128,64,1,2,1,0,0,0,7,4,2,1,64,128,16,90,90,9699328,1074790400,110,0.0126384,714.743,85041.7
49,CUTLASS,gemm,cutlass3x_sm90_tensorop_s64x128x16gemm_f16_f16_f32_f16_f16_128x128x64_1x2x1_0_nnn_align8_warpspecialized_epi_nosmem,passed,success,universal,128,4096,1024,f16:column,f16:column,f16:column,f16:column,1,0,serial,8,1,heuristic,invalid,invalid,false,false,1,tensorop,f32,128,128,64,1,2,1,0,0,0,7,4,1,1,64,128,16,90,90,9699328,1074790400,110,0.0121002,746.536,88824.5
49,CUTLASS,gemm,cutlass3x_sm90_tensorop_s64x128x16gemm_f16_f16_f32_f16_f16_128x128x64_1x2x1_0_nnn_align8_warpspecialized_pingpong_epi_tma,passed,success,universal,128,4096,1024,f16:column,f16:column,f16:column,f16:column,1,0,serial,8,1,heuristic,invalid,invalid,false,false,1,tensorop,f32,128,128,64,1,2,1,0,0,0,6,4,1,1,64,128,16,90,90,9699328,1074790400,110,0.0125155,721.76,85876.6
49,CUTLASS,gemm,cutlass3x_sm90_tensorop_s64x128x16gemm_f16_f16_f32_f16_f16_128x128x64_1x2x1_0_nnn_align8_warpspecialized_pingpong_epi_nosmem,passed,success,universal,128,4096,1024,f16:column,f16:column,f16:column,f16:column,1,0,serial,8,1,heuristic,invalid,invalid,false,false,1,tensorop,f32,128,128,64,1,2,1,0,0,0,7,4,1,1,64,128,16,90,90,9699328,1074790400,110,0.0121382,744.194,88545.8
49,CUTLASS,gemm,cutlass3x_sm90_tensorop_s64x128x16gemm_f16_f16_f32_f16_f16_128x128x64_1x2x1_0_nnn_align8_warpspecialized_cooperative_epi_nosmem,passed,success,universal,128,4096,1024,f16:column,f16:column,f16:column,f16:column,1,0,serial,8,1,heuristic,invalid,invalid,false,false,1,tensorop,f32,128,128,64,1,2,1,0,0,0,7,4,2,1,64,128,16,90,90,9699328,1074790400,110,0.0126906,711.805,84692.1
49,CUTLASS,gemm,cutlass3x_sm90_tensorop_s64x128x16gemm_f16_f16_f32_f16_f16_128x128x64_1x2x1_0_nnn_align8_warpspecialized_cooperative_epi_tma,passed,success,universal,128,4096,1024,f16:column,f16:column,f16:column,f16:column,1,0,serial,8,1,heuristic,invalid,invalid,false,false,1,tensorop,f32,128,128,64,1,2,1,0,0,0,6,4,2,1,64,128,16,90,90,9699328,1074790400,110,0.0117875,766.336,91180.4
49,CUTLASS,gemm,cutlass3x_sm90_tensorop_s64x128x16gemm_f16_f16_f32_f16_f16_128x128x64_1x2x1_0_nnn_align8_stream_k_warpspecialized_cooperative_epi_nosmem,passed,success,universal,128,4096,1024,f16:column,f16:column,f16:column,f16:column,1,0,serial,8,1,heuristic,invalid,invalid,false,false,1,tensorop,f32,128,128,64,1,2,1,0,0,0,7,4,2,1,64,128,16,90,90,9699328,1074790400,110,0.0272714,331.234,39411
49,CUTLASS,gemm,cutlass3x_sm90_tensorop_s64x128x16gemm_f16_f16_f32_f16_f16_128x128x64_1x2x1_0_nnn_align8_stream_k_warpspecialized_cooperative_epi_tma,passed,success,universal,128,4096,1024,f16:column,f16:column,f16:column,f16:column,1,0,serial,8,1,heuristic,invalid,invalid,false,false,1,tensorop,f32,128,128,64,1,2,1,0,0,0,6,4,2,1,64,128,16,90,90,9699328,1074790400,110,0.0272189,331.873,39486.9
49,CUTLASS,gemm,cutlass3x_sm90_tensorop_s64x128x16gemm_f16_f16_f32_f16_f16_128x128x64_2x1x1_0_nnn_align8,passed,success,universal,128,4096,1024,f16:column,f16:column,f16:column,f16:column,1,0,serial,8,1,heuristic,invalid,invalid,false,false,1,tensorop,f32,128,128,64,2,1,1,0,0,0,7,4,2,1,64,128,16,90,90,9699328,1074790400,110,0.0125075,722.222,85931.5
49,CUTLASS,gemm,cutlass3x_sm90_tensorop_s64x128x16gemm_f16_f16_f32_f16_f16_128x128x64_2x1x1_0_nnn_align8_warpspecialized_epi_nosmem,passed,success,universal,128,4096,1024,f16:column,f16:column,f16:column,f16:column,1,0,serial,8,1,heuristic,invalid,invalid,false,false,1,tensorop,f32,128,128,64,2,1,1,0,0,0,7,4,1,1,64,128,16,90,90,9699328,1074790400,110,0.0120198,751.524,89418
49,CUTLASS,gemm,cutlass3x_sm90_tensorop_s64x128x16gemm_f16_f16_f32_f16_f16_128x128x64_2x1x1_0_nnn_align8_warpspecialized_pingpong_epi_tma,passed,success,universal,128,4096,1024,f16:column,f16:column,f16:column,f16:column,1,0,serial,8,1,heuristic,invalid,invalid,false,false,1,tensorop,f32,128,128,64,2,1,1,0,0,0,6,4,1,1,64,128,16,90,90,9699328,1074790400,110,0.0124749,724.111,86156.4
49,CUTLASS,gemm,cutlass3x_sm90_tensorop_s64x128x16gemm_f16_f16_f32_f16_f16_128x128x64_2x1x1_0_nnn_align8_warpspecialized_pingpong_epi_nosmem,passed,success,universal,128,4096,1024,f16:column,f16:column,f16:column,f16:column,1,0,serial,8,1,heuristic,invalid,invalid,false,false,1,tensorop,f32,128,128,64,2,1,1,0,0,0,7,4,1,1,64,128,16,90,90,9699328,1074790400,110,0.012505,722.37,85949.1
49,CUTLASS,gemm,cutlass3x_sm90_tensorop_s64x128x16gemm_f16_f16_f32_f16_f16_128x128x64_2x1x1_0_nnn_align8_warpspecialized_cooperative_epi_nosmem,passed,success,universal,128,4096,1024,f16:column,f16:column,f16:column,f16:column,1,0,serial,8,1,heuristic,invalid,invalid,false,false,1,tensorop,f32,128,128,64,2,1,1,0,0,0,7,4,2,1,64,128,16,90,90,9699328,1074790400,110,0.0125155,721.76,85876.6
49,CUTLASS,gemm,cutlass3x_sm90_tensorop_s64x128x16gemm_f16_f16_f32_f16_f16_128x128x64_2x1x1_0_nnn_align8_warpspecialized_cooperative_epi_tma,passed,success,universal,128,4096,1024,f16:column,f16:column,f16:column,f16:column,1,0,serial,8,1,heuristic,invalid,invalid,false,false,1,tensorop,f32,128,128,64,2,1,1,0,0,0,6,4,2,1,64,128,16,90,90,9699328,1074790400,110,0.0118736,760.78,90519.3
49,CUTLASS,gemm,cutlass3x_sm90_tensorop_s64x128x16gemm_f16_f16_f32_f16_f16_128x128x64_2x1x1_0_nnn_align8_stream_k_warpspecialized_cooperative_epi_nosmem,passed,success,universal,128,4096,1024,f16:column,f16:column,f16:column,f16:column,1,0,serial,8,1,heuristic,invalid,invalid,false,false,1,tensorop,f32,128,128,64,2,1,1,0,0,0,7,4,2,1,64,128,16,90,90,9699328,1074790400,110,0.0309216,292.132,34758.6
49,CUTLASS,gemm,cutlass3x_sm90_tensorop_s64x128x16gemm_f16_f16_f32_f16_f16_128x128x64_2x1x1_0_nnn_align8_stream_k_warpspecialized_cooperative_epi_tma,passed,success,universal,128,4096,1024,f16:column,f16:column,f16:column,f16:column,1,0,serial,8,1,heuristic,invalid,invalid,false,false,1,tensorop,f32,128,128,64,2,1,1,0,0,0,6,4,2,1,64,128,16,90,90,9699328,1074790400,110,0.0305094,296.079,35228.1
50,CUTLASS,gemm,cutlass_tensorop_f16_s1688gemm_f16_256x128_32x2_nn_align8,passed,success,universal,256,4096,1024,f16:column,f16:column,f16:column,f16:column,1,0,serial,8,1,heuristic,invalid,invalid,false,false,1,tensorop,f32,256,128,32,1,1,1,0,0,0,2,4,2,1,16,8,8,75,1024,11010048,2149580800,195,0.0390803,262.38,55004.2
50,CUTLASS,gemm,cutlass_tensorop_f16_s16816gemm_f16_256x128_32x3_nn_align8,passed,success,universal,256,4096,1024,f16:column,f16:column,f16:column,f16:column,1,0,serial,8,1,heuristic,invalid,invalid,false,false,1,tensorop,f32,256,128,32,1,1,1,0,0,0,3,4,2,1,16,8,16,80,1024,11010048,2149580800,195,0.0368214,278.477,58378.5
50,CUTLASS,gemm,cutlass3x_sm90_tensorop_s64x128x16gemm_f16_f16_f32_f16_f16_128x128x64_1x2x1_0_nnn_align8,passed,success,universal,256,4096,1024,f16:column,f16:column,f16:column,f16:column,1,0,serial,8,1,heuristic,invalid,invalid,false,false,1,tensorop,f32,128,128,64,1,2,1,0,0,0,7,4,2,1,64,128,16,90,90,11010048,2149580800,195,0.0129354,792.704,166179
50,CUTLASS,gemm,cutlass3x_sm90_tensorop_s64x128x16gemm_f16_f16_f32_f16_f16_128x128x64_1x2x1_0_nnn_align8_warpspecialized_epi_nosmem,passed,success,universal,256,4096,1024,f16:column,f16:column,f16:column,f16:column,1,0,serial,8,1,heuristic,invalid,invalid,false,false,1,tensorop,f32,128,128,64,1,2,1,0,0,0,7,4,1,1,64,128,16,90,90,11010048,2149580800,195,0.0123578,829.754,173946
50,CUTLASS,gemm,cutlass3x_sm90_tensorop_s64x128x16gemm_f16_f16_f32_f16_f16_128x128x64_1x2x1_0_nnn_align8_warpspecialized_pingpong_epi_tma,passed,success,universal,256,4096,1024,f16:column,f16:column,f16:column,f16:column,1,0,serial,8,1,heuristic,invalid,invalid,false,false,1,tensorop,f32,128,128,64,1,2,1,0,0,0,6,4,1,1,64,128,16,90,90,11010048,2149580800,195,0.0124986,820.407,171986
50,CUTLASS,gemm,cutlass3x_sm90_tensorop_s64x128x16gemm_f16_f16_f32_f16_f16_128x128x64_1x2x1_0_nnn_align8_warpspecialized_pingpong_epi_nosmem,passed,success,universal,256,4096,1024,f16:column,f16:column,f16:column,f16:column,1,0,serial,8,1,heuristic,invalid,invalid,false,false,1,tensorop,f32,128,128,64,1,2,1,0,0,0,7,4,1,1,64,128,16,90,90,11010048,2149580800,195,0.0123638,829.346,173860
50,CUTLASS,gemm,cutlass3x_sm90_tensorop_s64x128x16gemm_f16_f16_f32_f16_f16_128x128x64_1x2x1_0_nnn_align8_warpspecialized_cooperative_epi_nosmem,passed,success,universal,256,4096,1024,f16:column,f16:column,f16:column,f16:column,1,0,serial,8,1,heuristic,invalid,invalid,false,false,1,tensorop,f32,128,128,64,1,2,1,0,0,0,7,4,2,1,64,128,16,90,90,11010048,2149580800,195,0.0127699,802.973,168332
50,CUTLASS,gemm,cutlass3x_sm90_tensorop_s64x128x16gemm_f16_f16_f32_f16_f16_128x128x64_1x2x1_0_nnn_align8_warpspecialized_cooperative_epi_tma,passed,success,universal,256,4096,1024,f16:column,f16:column,f16:column,f16:column,1,0,serial,8,1,heuristic,invalid,invalid,false,false,1,tensorop,f32,128,128,64,1,2,1,0,0,0,6,4,2,1,64,128,16,90,90,11010048,2149580800,195,0.0118205,867.47,181852
50,CUTLASS,gemm,cutlass3x_sm90_tensorop_s64x128x16gemm_f16_f16_f32_f16_f16_128x128x64_1x2x1_0_nnn_align8_stream_k_warpspecialized_cooperative_epi_nosmem,passed,success,universal,256,4096,1024,f16:column,f16:column,f16:column,f16:column,1,0,serial,8,1,heuristic,invalid,invalid,false,false,1,tensorop,f32,128,128,64,1,2,1,0,0,0,7,4,2,1,64,128,16,90,90,11010048,2149580800,195,0.031143,329.252,69022.8
50,CUTLASS,gemm,cutlass3x_sm90_tensorop_s64x128x16gemm_f16_f16_f32_f16_f16_128x128x64_1x2x1_0_nnn_align8_stream_k_warpspecialized_cooperative_epi_tma,passed,success,universal,256,4096,1024,f16:column,f16:column,f16:column,f16:column,1,0,serial,8,1,heuristic,invalid,invalid,false,false,1,tensorop,f32,128,128,64,1,2,1,0,0,0,6,4,2,1,64,128,16,90,90,11010048,2149580800,195,0.0307709,333.234,69857.6
50,CUTLASS,gemm,cutlass3x_sm90_tensorop_s64x128x16gemm_f16_f16_f32_f16_f16_128x128x64_2x1x1_0_nnn_align8,passed,success,universal,256,4096,1024,f16:column,f16:column,f16:column,f16:column,1,0,serial,8,1,heuristic,invalid,invalid,false,false,1,tensorop,f32,128,128,64,2,1,1,0,0,0,7,4,2,1,64,128,16,90,90,11010048,2149580800,195,0.0126435,811.001,170014
50,CUTLASS,gemm,cutlass3x_sm90_tensorop_s64x128x16gemm_f16_f16_f32_f16_f16_128x128x64_2x1x1_0_nnn_align8_warpspecialized_epi_nosmem,passed,success,universal,256,4096,1024,f16:column,f16:column,f16:column,f16:column,1,0,serial,8,1,heuristic,invalid,invalid,false,false,1,tensorop,f32,128,128,64,2,1,1,0,0,0,7,4,1,1,64,128,16,90,90,11010048,2149580800,195,0.0119296,859.535,180189
50,CUTLASS,gemm,cutlass3x_sm90_tensorop_s64x128x16gemm_f16_f16_f32_f16_f16_128x128x64_2x1x1_0_nnn_align8_warpspecialized_pingpong_epi_tma,passed,success,universal,256,4096,1024,f16:column,f16:column,f16:column,f16:column,1,0,serial,8,1,heuristic,invalid,invalid,false,false,1,tensorop,f32,128,128,64,2,1,1,0,0,0,6,4,1,1,64,128,16,90,90,11010048,2149580800,195,0.0124189,825.671,173090
50,CUTLASS,gemm,cutlass3x_sm90_tensorop_s64x128x16gemm_f16_f16_f32_f16_f16_128x128x64_2x1x1_0_nnn_align8_warpspecialized_pingpong_epi_nosmem,passed,success,universal,256,4096,1024,f16:column,f16:column,f16:column,f16:column,1,0,serial,8,1,heuristic,invalid,invalid,false,false,1,tensorop,f32,128,128,64,2,1,1,0,0,0,7,4,1,1,64,128,16,90,90,11010048,2149580800,195,0.0124963,820.554,172017
50,CUTLASS,gemm,cutlass3x_sm90_tensorop_s64x128x16gemm_f16_f16_f32_f16_f16_128x128x64_2x1x1_0_nnn_align8_warpspecialized_cooperative_epi_nosmem,passed,success,universal,256,4096,1024,f16:column,f16:column,f16:column,f16:column,1,0,serial,8,1,heuristic,invalid,invalid,false,false,1,tensorop,f32,128,128,64,2,1,1,0,0,0,7,4,2,1,64,128,16,90,90,11010048,2149580800,195,0.0125782,815.21,170897
50,CUTLASS,gemm,cutlass3x_sm90_tensorop_s64x128x16gemm_f16_f16_f32_f16_f16_128x128x64_2x1x1_0_nnn_align8_warpspecialized_cooperative_epi_tma,passed,success,universal,256,4096,1024,f16:column,f16:column,f16:column,f16:column,1,0,serial,8,1,heuristic,invalid,invalid,false,false,1,tensorop,f32,128,128,64,2,1,1,0,0,0,6,4,2,1,64,128,16,90,90,11010048,2149580800,195,0.0117216,874.787,183386
50,CUTLASS,gemm,cutlass3x_sm90_tensorop_s64x128x16gemm_f16_f16_f32_f16_f16_128x128x64_2x1x1_0_nnn_align8_stream_k_warpspecialized_cooperative_epi_nosmem,passed,success,universal,256,4096,1024,f16:column,f16:column,f16:column,f16:column,1,0,serial,8,1,heuristic,invalid,invalid,false,false,1,tensorop,f32,128,128,64,2,1,1,0,0,0,7,4,2,1,64,128,16,90,90,11010048,2149580800,195,0.0309811,330.973,69383.6
50,CUTLASS,gemm,cutlass3x_sm90_tensorop_s64x128x16gemm_f16_f16_f32_f16_f16_128x128x64_2x1x1_0_nnn_align8_stream_k_warpspecialized_cooperative_epi_tma,passed,success,universal,256,4096,1024,f16:column,f16:column,f16:column,f16:column,1,0,serial,8,1,heuristic,invalid,invalid,false,false,1,tensorop,f32,128,128,64,2,1,1,0,0,0,6,4,2,1,64,128,16,90,90,11010048,2149580800,195,0.0304944,336.255,70491
51,CUTLASS,gemm,cutlass_tensorop_f16_s1688gemm_f16_256x128_32x2_nn_align8,passed,success,universal,384,4096,1024,f16:column,f16:column,f16:column,f16:column,1,0,serial,8,1,heuristic,invalid,invalid,false,false,1,tensorop,f32,256,128,32,1,1,1,0,0,0,2,4,2,1,16,8,8,75,1024,12320768,3224371200,261,0.0404829,283.444,79647.8
51,CUTLASS,gemm,cutlass_tensorop_f16_s16816gemm_f16_256x128_32x3_nn_align8,passed,success,universal,384,4096,1024,f16:column,f16:column,f16:column,f16:column,1,0,serial,8,1,heuristic,invalid,invalid,false,false,1,tensorop,f32,256,128,32,1,1,1,0,0,0,3,4,2,1,16,8,16,80,1024,12320768,3224371200,261,0.0380707,301.402,84694.3
51,CUTLASS,gemm,cutlass3x_sm90_tensorop_s64x128x16gemm_f16_f16_f32_f16_f16_128x128x64_1x2x1_0_nnn_align8,passed,success,universal,384,4096,1024,f16:column,f16:column,f16:column,f16:column,1,0,serial,8,1,heuristic,invalid,invalid,false,false,1,tensorop,f32,128,128,64,1,2,1,0,0,0,7,4,2,1,64,128,16,90,90,12320768,3224371200,261,0.0139696,821.399,230813
51,CUTLASS,gemm,cutlass3x_sm90_tensorop_s64x128x16gemm_f16_f16_f32_f16_f16_128x128x64_1x2x1_0_nnn_align8_warpspecialized_epi_nosmem,passed,success,universal,384,4096,1024,f16:column,f16:column,f16:column,f16:column,1,0,serial,8,1,heuristic,invalid,invalid,false,false,1,tensorop,f32,128,128,64,1,2,1,0,0,0,7,4,1,1,64,128,16,90,90,12320768,3224371200,261,0.0131907,869.9,244442
51,CUTLASS,gemm,cutlass3x_sm90_tensorop_s64x128x16gemm_f16_f16_f32_f16_f16_128x128x64_1x2x1_0_nnn_align8_warpspecialized_pingpong_epi_tma,passed,success,universal,384,4096,1024,f16:column,f16:column,f16:column,f16:column,1,0,serial,8,1,heuristic,invalid,invalid,false,false,1,tensorop,f32,128,128,64,1,2,1,0,0,0,6,4,1,1,64,128,16,90,90,12320768,3224371200,261,0.0125546,913.979,256829
51,CUTLASS,gemm,cutlass3x_sm90_tensorop_s64x128x16gemm_f16_f16_f32_f16_f16_128x128x64_1x2x1_0_nnn_align8_warpspecialized_pingpong_epi_nosmem,passed,success,universal,384,4096,1024,f16:column,f16:column,f16:column,f16:column,1,0,serial,8,1,heuristic,invalid,invalid,false,false,1,tensorop,f32,128,128,64,1,2,1,0,0,0,7,4,1,1,64,128,16,90,90,12320768,3224371200,261,0.0136419,841.129,236358
51,CUTLASS,gemm,cutlass3x_sm90_tensorop_s64x128x16gemm_f16_f16_f32_f16_f16_128x128x64_1x2x1_0_nnn_align8_warpspecialized_cooperative_epi_nosmem,passed,success,universal,384,4096,1024,f16:column,f16:column,f16:column,f16:column,1,0,serial,8,1,heuristic,invalid,invalid,false,false,1,tensorop,f32,128,128,64,1,2,1,0,0,0,7,4,2,1,64,128,16,90,90,12320768,3224371200,261,0.0140467,816.889,229546
51,CUTLASS,gemm,cutlass3x_sm90_tensorop_s64x128x16gemm_f16_f16_f32_f16_f16_128x128x64_1x2x1_0_nnn_align8_warpspecialized_cooperative_epi_tma,passed,success,universal,384,4096,1024,f16:column,f16:column,f16:column,f16:column,1,0,serial,8,1,heuristic,invalid,invalid,false,false,1,tensorop,f32,128,128,64,1,2,1,0,0,0,6,4,2,1,64,128,16,90,90,12320768,3224371200,261,0.0119085,963.566,270763
51,CUTLASS,gemm,cutlass3x_sm90_tensorop_s64x128x16gemm_f16_f16_f32_f16_f16_128x128x64_1x2x1_0_nnn_align8_stream_k_warpspecialized_cooperative_epi_nosmem,passed,success,universal,384,4096,1024,f16:column,f16:column,f16:column,f16:column,1,0,serial,8,1,heuristic,invalid,invalid,false,false,1,tensorop,f32,128,128,64,1,2,1,0,0,0,7,4,2,1,64,128,16,90,90,12320768,3224371200,261,0.0400198,286.723,80569.3
51,CUTLASS,gemm,cutlass3x_sm90_tensorop_s64x128x16gemm_f16_f16_f32_f16_f16_128x128x64_1x2x1_0_nnn_align8_stream_k_warpspecialized_cooperative_epi_tma,passed,success,universal,384,4096,1024,f16:column,f16:column,f16:column,f16:column,1,0,serial,8,1,heuristic,invalid,invalid,false,false,1,tensorop,f32,128,128,64,1,2,1,0,0,0,6,4,2,1,64,128,16,90,90,12320768,3224371200,261,0.0387754,295.925,83155.2
51,CUTLASS,gemm,cutlass3x_sm90_tensorop_s64x128x16gemm_f16_f16_f32_f16_f16_128x128x64_2x1x1_0_nnn_align8,passed,success,universal,384,4096,1024,f16:column,f16:column,f16:column,f16:column,1,0,serial,8,1,heuristic,invalid,invalid,false,false,1,tensorop,f32,128,128,64,2,1,1,0,0,0,7,4,2,1,64,128,16,90,90,12320768,3224371200,261,0.0145434,788.993,221707
51,CUTLASS,gemm,cutlass3x_sm90_tensorop_s64x128x16gemm_f16_f16_f32_f16_f16_128x128x64_2x1x1_0_nnn_align8_warpspecialized_epi_nosmem,passed,success,universal,384,4096,1024,f16:column,f16:column,f16:column,f16:column,1,0,serial,8,1,heuristic,invalid,invalid,false,false,1,tensorop,f32,128,128,64,2,1,1,0,0,0,7,4,1,1,64,128,16,90,90,12320768,3224371200,261,0.0141501,810.922,227869
51,CUTLASS,gemm,cutlass3x_sm90_tensorop_s64x128x16gemm_f16_f16_f32_f16_f16_128x128x64_2x1x1_0_nnn_align8_warpspecialized_pingpong_epi_tma,passed,success,universal,384,4096,1024,f16:column,f16:column,f16:column,f16:column,1,0,serial,8,1,heuristic,invalid,invalid,false,false,1,tensorop,f32,128,128,64,2,1,1,0,0,0,6,4,1,1,64,128,16,90,90,12320768,3224371200,261,0.0139296,823.757,231476
51,CUTLASS,gemm,cutlass3x_sm90_tensorop_s64x128x16gemm_f16_f16_f32_f16_f16_128x128x64_2x1x1_0_nnn_align8_warpspecialized_pingpong_epi_nosmem,passed,success,universal,384,4096,1024,f16:column,f16:column,f16:column,f16:column,1,0,serial,8,1,heuristic,invalid,invalid,false,false,1,tensorop,f32,128,128,64,2,1,1,0,0,0,7,4,1,1,64,128,16,90,90,12320768,3224371200,261,0.0149043,769.885,216338
51,CUTLASS,gemm,cutlass3x_sm90_tensorop_s64x128x16gemm_f16_f16_f32_f16_f16_128x128x64_2x1x1_0_nnn_align8_warpspecialized_cooperative_epi_nosmem,passed,success,universal,384,4096,1024,f16:column,f16:column,f16:column,f16:column,1,0,serial,8,1,heuristic,invalid,invalid,false,false,1,tensorop,f32,128,128,64,2,1,1,0,0,0,7,4,2,1,64,128,16,90,90,12320768,3224371200,261,0.0144762,792.656,222737
51,CUTLASS,gemm,cutlass3x_sm90_tensorop_s64x128x16gemm_f16_f16_f32_f16_f16_128x128x64_2x1x1_0_nnn_align8_warpspecialized_cooperative_epi_tma,passed,success,universal,384,4096,1024,f16:column,f16:column,f16:column,f16:column,1,0,serial,8,1,heuristic,invalid,invalid,false,false,1,tensorop,f32,128,128,64,2,1,1,0,0,0,6,4,2,1,64,128,16,90,90,12320768,3224371200,261,0.0134659,852.122,239447
51,CUTLASS,gemm,cutlass3x_sm90_tensorop_s64x128x16gemm_f16_f16_f32_f16_f16_128x128x64_2x1x1_0_nnn_align8_stream_k_warpspecialized_cooperative_epi_nosmem,passed,success,universal,384,4096,1024,f16:column,f16:column,f16:column,f16:column,1,0,serial,8,1,heuristic,invalid,invalid,false,false,1,tensorop,f32,128,128,64,2,1,1,0,0,0,7,4,2,1,64,128,16,90,90,12320768,3224371200,261,0.0490723,233.831,65706.5
51,CUTLASS,gemm,cutlass3x_sm90_tensorop_s64x128x16gemm_f16_f16_f32_f16_f16_128x128x64_2x1x1_0_nnn_align8_stream_k_warpspecialized_cooperative_epi_tma,passed,success,universal,384,4096,1024,f16:column,f16:column,f16:column,f16:column,1,0,serial,8,1,heuristic,invalid,invalid,false,false,1,tensorop,f32,128,128,64,2,1,1,0,0,0,6,4,2,1,64,128,16,90,90,12320768,3224371200,261,0.0477782,240.164,67486.2
52,CUTLASS,gemm,cutlass_tensorop_f16_s1688gemm_f16_256x128_32x2_nn_align8,passed,success,universal,512,4096,1024,f16:column,f16:column,f16:column,f16:column,1,0,serial,8,1,heuristic,invalid,invalid,false,false,1,tensorop,f32,256,128,32,1,1,1,0,0,0,2,4,2,1,16,8,8,75,1024,13631488,4299161600,315,0.0437328,290.293,98305.2
52,CUTLASS,gemm,cutlass_tensorop_f16_s16816gemm_f16_256x128_32x3_nn_align8,passed,success,universal,512,4096,1024,f16:column,f16:column,f16:column,f16:column,1,0,serial,8,1,heuristic,invalid,invalid,false,false,1,tensorop,f32,256,128,32,1,1,1,0,0,0,3,4,2,1,16,8,16,80,1024,13631488,4299161600,315,0.0384227,330.412,111891
52,CUTLASS,gemm,cutlass3x_sm90_tensorop_s64x128x16gemm_f16_f16_f32_f16_f16_128x128x64_1x2x1_0_nnn_align8,passed,success,universal,512,4096,1024,f16:column,f16:column,f16:column,f16:column,1,0,serial,8,1,heuristic,invalid,invalid,false,false,1,tensorop,f32,128,128,64,1,2,1,0,0,0,7,4,2,1,64,128,16,90,90,13631488,4299161600,315,0.0144947,875.858,296602
52,CUTLASS,gemm,cutlass3x_sm90_tensorop_s64x128x16gemm_f16_f16_f32_f16_f16_128x128x64_1x2x1_0_nnn_align8_warpspecialized_epi_nosmem,passed,success,universal,512,4096,1024,f16:column,f16:column,f16:column,f16:column,1,0,serial,8,1,heuristic,invalid,invalid,false,false,1,tensorop,f32,128,128,64,1,2,1,0,0,0,7,4,1,1,64,128,16,90,90,13631488,4299161600,315,0.0136224,931.944,315595
52,CUTLASS,gemm,cutlass3x_sm90_tensorop_s64x128x16gemm_f16_f16_f32_f16_f16_128x128x64_1x2x1_0_nnn_align8_warpspecialized_pingpong_epi_tma,passed,success,universal,512,4096,1024,f16:column,f16:column,f16:column,f16:column,1,0,serial,8,1,heuristic,invalid,invalid,false,false,1,tensorop,f32,128,128,64,1,2,1,0,0,0,6,4,1,1,64,128,16,90,90,13631488,4299161600,315,0.0137011,926.589,313782
52,CUTLASS,gemm,cutlass3x_sm90_tensorop_s64x128x16gemm_f16_f16_f32_f16_f16_128x128x64_1x2x1_0_nnn_align8_warpspecialized_pingpong_epi_nosmem,passed,success,universal,512,4096,1024,f16:column,f16:column,f16:column,f16:column,1,0,serial,8,1,heuristic,invalid,invalid,false,false,1,tensorop,f32,128,128,64,1,2,1,0,0,0,7,4,1,1,64,128,16,90,90,13631488,4299161600,315,0.0138976,913.49,309346
52,CUTLASS,gemm,cutlass3x_sm90_tensorop_s64x128x16gemm_f16_f16_f32_f16_f16_128x128x64_1x2x1_0_nnn_align8_warpspecialized_cooperative_epi_nosmem,passed,success,universal,512,4096,1024,f16:column,f16:column,f16:column,f16:column,1,0,serial,8,1,heuristic,invalid,invalid,false,false,1,tensorop,f32,128,128,64,1,2,1,0,0,0,7,4,2,1,64,128,16,90,90,13631488,4299161600,315,0.0145206,874.294,296072
52,CUTLASS,gemm,cutlass3x_sm90_tensorop_s64x128x16gemm_f16_f16_f32_f16_f16_128x128x64_1x2x1_0_nnn_align8_warpspecialized_cooperative_epi_tma,passed,success,universal,512,4096,1024,f16:column,f16:column,f16:column,f16:column,1,0,serial,8,1,heuristic,invalid,invalid,false,false,1,tensorop,f32,128,128,64,1,2,1,0,0,0,6,4,2,1,64,128,16,90,90,13631488,4299161600,315,0.0131014,969.001,328144
52,CUTLASS,gemm,cutlass3x_sm90_tensorop_s64x128x16gemm_f16_f16_f32_f16_f16_128x128x64_1x2x1_0_nnn_align8_stream_k_warpspecialized_cooperative_epi_nosmem,passed,success,universal,512,4096,1024,f16:column,f16:column,f16:column,f16:column,1,0,serial,8,1,heuristic,invalid,invalid,false,false,1,tensorop,f32,128,128,64,1,2,1,0,0,0,7,4,2,1,64,128,16,90,90,13631488,4299161600,315,0.0492982,257.521,87207.2
52,CUTLASS,gemm,cutlass3x_sm90_tensorop_s64x128x16gemm_f16_f16_f32_f16_f16_128x128x64_1x2x1_0_nnn_align8_stream_k_warpspecialized_cooperative_epi_tma,passed,success,universal,512,4096,1024,f16:column,f16:column,f16:column,f16:column,1,0,serial,8,1,heuristic,invalid,invalid,false,false,1,tensorop,f32,128,128,64,1,2,1,0,0,0,6,4,2,1,64,128,16,90,90,13631488,4299161600,315,0.0487488,260.423,88190.1
52,CUTLASS,gemm,cutlass3x_sm90_tensorop_s64x128x16gemm_f16_f16_f32_f16_f16_128x128x64_2x1x1_0_nnn_align8,passed,success,universal,512,4096,1024,f16:column,f16:column,f16:column,f16:column,1,0,serial,8,1,heuristic,invalid,invalid,false,false,1,tensorop,f32,128,128,64,2,1,1,0,0,0,7,4,2,1,64,128,16,90,90,13631488,4299161600,315,0.0135718,935.416,316771
52,CUTLASS,gemm,cutlass3x_sm90_tensorop_s64x128x16gemm_f16_f16_f32_f16_f16_128x128x64_2x1x1_0_nnn_align8_warpspecialized_epi_nosmem,passed,success,universal,512,4096,1024,f16:column,f16:column,f16:column,f16:column,1,0,serial,8,1,heuristic,invalid,invalid,false,false,1,tensorop,f32,128,128,64,2,1,1,0,0,0,7,4,1,1,64,128,16,90,90,13631488,4299161600,315,0.0127411,996.405,337424
52,CUTLASS,gemm,cutlass3x_sm90_tensorop_s64x128x16gemm_f16_f16_f32_f16_f16_128x128x64_2x1x1_0_nnn_align8_warpspecialized_pingpong_epi_tma,passed,success,universal,512,4096,1024,f16:column,f16:column,f16:column,f16:column,1,0,serial,8,1,heuristic,invalid,invalid,false,false,1,tensorop,f32,128,128,64,2,1,1,0,0,0,6,4,1,1,64,128,16,90,90,13631488,4299161600,315,0.0130099,975.818,330453
52,CUTLASS,gemm,cutlass3x_sm90_tensorop_s64x128x16gemm_f16_f16_f32_f16_f16_128x128x64_2x1x1_0_nnn_align8_warpspecialized_pingpong_epi_nosmem,passed,success,universal,512,4096,1024,f16:column,f16:column,f16:column,f16:column,1,0,serial,8,1,heuristic,invalid,invalid,false,false,1,tensorop,f32,128,128,64,2,1,1,0,0,0,7,4,1,1,64,128,16,90,90,13631488,4299161600,315,0.012921,982.536,332728
52,CUTLASS,gemm,cutlass3x_sm90_tensorop_s64x128x16gemm_f16_f16_f32_f16_f16_128x128x64_2x1x1_0_nnn_align8_warpspecialized_cooperative_epi_nosmem,passed,success,universal,512,4096,1024,f16:column,f16:column,f16:column,f16:column,1,0,serial,8,1,heuristic,invalid,invalid,false,false,1,tensorop,f32,128,128,64,2,1,1,0,0,0,7,4,2,1,64,128,16,90,90,13631488,4299161600,315,0.0134736,942.236,319080
52,CUTLASS,gemm,cutlass3x_sm90_tensorop_s64x128x16gemm_f16_f16_f32_f16_f16_128x128x64_2x1x1_0_nnn_align8_warpspecialized_cooperative_epi_tma,passed,success,universal,512,4096,1024,f16:column,f16:column,f16:column,f16:column,1,0,serial,8,1,heuristic,invalid,invalid,false,false,1,tensorop,f32,128,128,64,2,1,1,0,0,0,6,4,2,1,64,128,16,90,90,13631488,4299161600,315,0.0122947,1032.58,349675
52,CUTLASS,gemm,cutlass3x_sm90_tensorop_s64x128x16gemm_f16_f16_f32_f16_f16_128x128x64_2x1x1_0_nnn_align8_stream_k_warpspecialized_cooperative_epi_nosmem,passed,success,universal,512,4096,1024,f16:column,f16:column,f16:column,f16:column,1,0,serial,8,1,heuristic,invalid,invalid,false,false,1,tensorop,f32,128,128,64,2,1,1,0,0,0,7,4,2,1,64,128,16,90,90,13631488,4299161600,315,0.0492512,257.767,87290.5
52,CUTLASS,gemm,cutlass3x_sm90_tensorop_s64x128x16gemm_f16_f16_f32_f16_f16_128x128x64_2x1x1_0_nnn_align8_stream_k_warpspecialized_cooperative_epi_tma,passed,success,universal,512,4096,1024,f16:column,f16:column,f16:column,f16:column,1,0,serial,8,1,heuristic,invalid,invalid,false,false,1,tensorop,f32,128,128,64,2,1,1,0,0,0,6,4,2,1,64,128,16,90,90,13631488,4299161600,315,0.0481018,263.926,89376.4
53,CUTLASS,gemm,cutlass_tensorop_f16_s1688gemm_f16_256x128_32x2_nn_align8,passed,success,universal,640,4096,1024,f16:column,f16:column,f16:column,f16:column,1,0,serial,8,1,heuristic,invalid,invalid,false,false,1,tensorop,f32,256,128,32,1,1,1,0,0,0,2,4,2,1,16,8,8,75,1024,14942208,5373952000,359,0.0531664,261.745,101078
53,CUTLASS,gemm,cutlass_tensorop_f16_s16816gemm_f16_256x128_32x3_nn_align8,passed,success,universal,640,4096,1024,f16:column,f16:column,f16:column,f16:column,1,0,serial,8,1,heuristic,invalid,invalid,false,false,1,tensorop,f32,256,128,32,1,1,1,0,0,0,3,4,2,1,16,8,16,80,1024,14942208,5373952000,359,0.0445536,312.343,120618
53,CUTLASS,gemm,cutlass3x_sm90_tensorop_s64x128x16gemm_f16_f16_f32_f16_f16_128x128x64_1x2x1_0_nnn_align8,passed,success,universal,640,4096,1024,f16:column,f16:column,f16:column,f16:column,1,0,serial,8,1,heuristic,invalid,invalid,false,false,1,tensorop,f32,128,128,64,1,2,1,0,0,0,7,4,2,1,64,128,16,90,90,14942208,5373952000,359,0.0226307,614.917,237463
53,CUTLASS,gemm,cutlass3x_sm90_tensorop_s64x128x16gemm_f16_f16_f32_f16_f16_128x128x64_1x2x1_0_nnn_align8_warpspecialized_epi_nosmem,passed,success,universal,640,4096,1024,f16:column,f16:column,f16:column,f16:column,1,0,serial,8,1,heuristic,invalid,invalid,false,false,1,tensorop,f32,128,128,64,1,2,1,0,0,0,7,4,1,1,64,128,16,90,90,14942208,5373952000,359,0.0215482,645.81,249393
53,CUTLASS,gemm,cutlass3x_sm90_tensorop_s64x128x16gemm_f16_f16_f32_f16_f16_128x128x64_1x2x1_0_nnn_align8_warpspecialized_pingpong_epi_tma,passed,success,universal,640,4096,1024,f16:column,f16:column,f16:column,f16:column,1,0,serial,8,1,heuristic,invalid,invalid,false,false,1,tensorop,f32,128,128,64,1,2,1,0,0,0,6,4,1,1,64,128,16,90,90,14942208,5373952000,359,0.0185344,750.821,289945
53,CUTLASS,gemm,cutlass3x_sm90_tensorop_s64x128x16gemm_f16_f16_f32_f16_f16_128x128x64_1x2x1_0_nnn_align8_warpspecialized_pingpong_epi_nosmem,passed,success,universal,640,4096,1024,f16:column,f16:column,f16:column,f16:column,1,0,serial,8,1,heuristic,invalid,invalid,false,false,1,tensorop,f32,128,128,64,1,2,1,0,0,0,7,4,1,1,64,128,16,90,90,14942208,5373952000,359,0.0202202,688.225,265772
53,CUTLASS,gemm,cutlass3x_sm90_tensorop_s64x128x16gemm_f16_f16_f32_f16_f16_128x128x64_1x2x1_0_nnn_align8_warpspecialized_cooperative_epi_nosmem,passed,success,universal,640,4096,1024,f16:column,f16:column,f16:column,f16:column,1,0,serial,8,1,heuristic,invalid,invalid,false,false,1,tensorop,f32,128,128,64,1,2,1,0,0,0,7,4,2,1,64,128,16,90,90,14942208,5373952000,359,0.0227037,612.941,236700
53,CUTLASS,gemm,cutlass3x_sm90_tensorop_s64x128x16gemm_f16_f16_f32_f16_f16_128x128x64_1x2x1_0_nnn_align8_warpspecialized_cooperative_epi_tma,passed,success,universal,640,4096,1024,f16:column,f16:column,f16:column,f16:column,1,0,serial,8,1,heuristic,invalid,invalid,false,false,1,tensorop,f32,128,128,64,1,2,1,0,0,0,6,4,2,1,64,128,16,90,90,14942208,5373952000,359,0.0192938,721.27,278533
53,CUTLASS,gemm,cutlass3x_sm90_tensorop_s64x128x16gemm_f16_f16_f32_f16_f16_128x128x64_1x2x1_0_nnn_align8_stream_k_warpspecialized_cooperative_epi_nosmem,passed,success,universal,640,4096,1024,f16:column,f16:column,f16:column,f16:column,1,0,serial,8,1,heuristic,invalid,invalid,false,false,1,tensorop,f32,128,128,64,1,2,1,0,0,0,7,4,2,1,64,128,16,90,90,14942208,5373952000,359,0.0601414,231.388,89355.2
53,CUTLASS,gemm,cutlass3x_sm90_tensorop_s64x128x16gemm_f16_f16_f32_f16_f16_128x128x64_1x2x1_0_nnn_align8_stream_k_warpspecialized_cooperative_epi_tma,passed,success,universal,640,4096,1024,f16:column,f16:column,f16:column,f16:column,1,0,serial,8,1,heuristic,invalid,invalid,false,false,1,tensorop,f32,128,128,64,1,2,1,0,0,0,6,4,2,1,64,128,16,90,90,14942208,5373952000,359,0.0591565,235.241,90843
53,CUTLASS,gemm,cutlass3x_sm90_tensorop_s64x128x16gemm_f16_f16_f32_f16_f16_128x128x64_2x1x1_0_nnn_align8,passed,success,universal,640,4096,1024,f16:column,f16:column,f16:column,f16:column,1,0,serial,8,1,heuristic,invalid,invalid,false,false,1,tensorop,f32,128,128,64,2,1,1,0,0,0,7,4,2,1,64,128,16,90,90,14942208,5373952000,359,0.022401,621.224,239898
53,CUTLASS,gemm,cutlass3x_sm90_tensorop_s64x128x16gemm_f16_f16_f32_f16_f16_128x128x64_2x1x1_0_nnn_align8_warpspecialized_epi_nosmem,passed,success,universal,640,4096,1024,f16:column,f16:column,f16:column,f16:column,1,0,serial,8,1,heuristic,invalid,invalid,false,false,1,tensorop,f32,128,128,64,2,1,1,0,0,0,7,4,1,1,64,128,16,90,90,14942208,5373952000,359,0.0216208,643.64,248555
53,CUTLASS,gemm,cutlass3x_sm90_tensorop_s64x128x16gemm_f16_f16_f32_f16_f16_128x128x64_2x1x1_0_nnn_align8_warpspecialized_pingpong_epi_tma,passed,success,universal,640,4096,1024,f16:column,f16:column,f16:column,f16:column,1,0,serial,8,1,heuristic,invalid,invalid,false,false,1,tensorop,f32,128,128,64,2,1,1,0,0,0,6,4,1,1,64,128,16,90,90,14942208,5373952000,359,0.0196374,708.647,273658
53,CUTLASS,gemm,cutlass3x_sm90_tensorop_s64x128x16gemm_f16_f16_f32_f16_f16_128x128x64_2x1x1_0_nnn_align8_warpspecialized_pingpong_epi_nosmem,passed,success,universal,640,4096,1024,f16:column,f16:column,f16:column,f16:column,1,0,serial,8,1,heuristic,invalid,invalid,false,false,1,tensorop,f32,128,128,64,2,1,1,0,0,0,7,4,1,1,64,128,16,90,90,14942208,5373952000,359,0.0218173,637.844,246316
53,CUTLASS,gemm,cutlass3x_sm90_tensorop_s64x128x16gemm_f16_f16_f32_f16_f16_128x128x64_2x1x1_0_nnn_align8_warpspecialized_cooperative_epi_nosmem,passed,success,universal,640,4096,1024,f16:column,f16:column,f16:column,f16:column,1,0,serial,8,1,heuristic,invalid,invalid,false,false,1,tensorop,f32,128,128,64,2,1,1,0,0,0,7,4,2,1,64,128,16,90,90,14942208,5373952000,359,0.0224893,618.784,238956
53,CUTLASS,gemm,cutlass3x_sm90_tensorop_s64x128x16gemm_f16_f16_f32_f16_f16_128x128x64_2x1x1_0_nnn_align8_warpspecialized_cooperative_epi_tma,passed,success,universal,640,4096,1024,f16:column,f16:column,f16:column,f16:column,1,0,serial,8,1,heuristic,invalid,invalid,false,false,1,tensorop,f32,128,128,64,2,1,1,0,0,0,6,4,2,1,64,128,16,90,90,14942208,5373952000,359,0.0199642,697.05,269180
53,CUTLASS,gemm,cutlass3x_sm90_tensorop_s64x128x16gemm_f16_f16_f32_f16_f16_128x128x64_2x1x1_0_nnn_align8_stream_k_warpspecialized_cooperative_epi_nosmem,passed,success,universal,640,4096,1024,f16:column,f16:column,f16:column,f16:column,1,0,serial,8,1,heuristic,invalid,invalid,false,false,1,tensorop,f32,128,128,64,2,1,1,0,0,0,7,4,2,1,64,128,16,90,90,14942208,5373952000,359,0.0683971,203.459,78569.9
53,CUTLASS,gemm,cutlass3x_sm90_tensorop_s64x128x16gemm_f16_f16_f32_f16_f16_128x128x64_2x1x1_0_nnn_align8_stream_k_warpspecialized_cooperative_epi_tma,passed,success,universal,640,4096,1024,f16:column,f16:column,f16:column,f16:column,1,0,serial,8,1,heuristic,invalid,invalid,false,false,1,tensorop,f32,128,128,64,2,1,1,0,0,0,6,4,2,1,64,128,16,90,90,14942208,5373952000,359,0.067881,205.006,79167.3
54,CUTLASS,gemm,cutlass_tensorop_f16_s1688gemm_f16_256x128_32x2_nn_align8,passed,success,universal,768,4096,1024,f16:column,f16:column,f16:column,f16:column,1,0,serial,8,1,heuristic,invalid,invalid,false,false,1,tensorop,f32,256,128,32,1,1,1,0,0,0,2,4,2,1,16,8,8,75,1024,16252928,6448742400,396,0.0612029,247.32,105367
54,CUTLASS,gemm,cutlass_tensorop_f16_s16816gemm_f16_256x128_32x3_nn_align8,passed,success,universal,768,4096,1024,f16:column,f16:column,f16:column,f16:column,1,0,serial,8,1,heuristic,invalid,invalid,false,false,1,tensorop,f32,256,128,32,1,1,1,0,0,0,3,4,2,1,16,8,16,80,1024,16252928,6448742400,396,0.0514109,294.426,125435
54,CUTLASS,gemm,cutlass3x_sm90_tensorop_s64x128x16gemm_f16_f16_f32_f16_f16_128x128x64_1x2x1_0_nnn_align8,passed,success,universal,768,4096,1024,f16:column,f16:column,f16:column,f16:column,1,0,serial,8,1,heuristic,invalid,invalid,false,false,1,tensorop,f32,128,128,64,1,2,1,0,0,0,7,4,2,1,64,128,16,90,90,16252928,6448742400,396,0.0228467,662.534,282261
54,CUTLASS,gemm,cutlass3x_sm90_tensorop_s64x128x16gemm_f16_f16_f32_f16_f16_128x128x64_1x2x1_0_nnn_align8_warpspecialized_epi_nosmem,passed,success,universal,768,4096,1024,f16:column,f16:column,f16:column,f16:column,1,0,serial,8,1,heuristic,invalid,invalid,false,false,1,tensorop,f32,128,128,64,1,2,1,0,0,0,7,4,1,1,64,128,16,90,90,16252928,6448742400,396,0.0227088,666.557,283975
54,CUTLASS,gemm,cutlass3x_sm90_tensorop_s64x128x16gemm_f16_f16_f32_f16_f16_128x128x64_1x2x1_0_nnn_align8_warpspecialized_pingpong_epi_tma,passed,success,universal,768,4096,1024,f16:column,f16:column,f16:column,f16:column,1,0,serial,8,1,heuristic,invalid,invalid,false,false,1,tensorop,f32,128,128,64,1,2,1,0,0,0,6,4,1,1,64,128,16,90,90,16252928,6448742400,396,0.0184554,820.18,349424
54,CUTLASS,gemm,cutlass3x_sm90_tensorop_s64x128x16gemm_f16_f16_f32_f16_f16_128x128x64_1x2x1_0_nnn_align8_warpspecialized_pingpong_epi_nosmem,passed,success,universal,768,4096,1024,f16:column,f16:column,f16:column,f16:column,1,0,serial,8,1,heuristic,invalid,invalid,false,false,1,tensorop,f32,128,128,64,1,2,1,0,0,0,7,4,1,1,64,128,16,90,90,16252928,6448742400,396,0.0203523,743.734,316855
54,CUTLASS,gemm,cutlass3x_sm90_tensorop_s64x128x16gemm_f16_f16_f32_f16_f16_128x128x64_1x2x1_0_nnn_align8_warpspecialized_cooperative_epi_nosmem,passed,success,universal,768,4096,1024,f16:column,f16:column,f16:column,f16:column,1,0,serial,8,1,heuristic,invalid,invalid,false,false,1,tensorop,f32,128,128,64,1,2,1,0,0,0,7,4,2,1,64,128,16,90,90,16252928,6448742400,396,0.0228954,661.126,281662
54,CUTLASS,gemm,cutlass3x_sm90_tensorop_s64x128x16gemm_f16_f16_f32_f16_f16_128x128x64_1x2x1_0_nnn_align8_warpspecialized_cooperative_epi_tma,passed,success,universal,768,4096,1024,f16:column,f16:column,f16:column,f16:column,1,0,serial,8,1,heuristic,invalid,invalid,false,false,1,tensorop,f32,128,128,64,1,2,1,0,0,0,6,4,2,1,64,128,16,90,90,16252928,6448742400,396,0.0192221,787.465,335486
54,CUTLASS,gemm,cutlass3x_sm90_tensorop_s64x128x16gemm_f16_f16_f32_f16_f16_128x128x64_1x2x1_0_nnn_align8_stream_k_warpspecialized_cooperative_epi_nosmem,passed,success,universal,768,4096,1024,f16:column,f16:column,f16:column,f16:column,1,0,serial,8,1,heuristic,invalid,invalid,false,false,1,tensorop,f32,128,128,64,1,2,1,0,0,0,7,4,2,1,64,128,16,90,90,16252928,6448742400,396,0.0694896,217.827,92801.5
54,CUTLASS,gemm,cutlass3x_sm90_tensorop_s64x128x16gemm_f16_f16_f32_f16_f16_128x128x64_1x2x1_0_nnn_align8_stream_k_warpspecialized_cooperative_epi_tma,passed,success,universal,768,4096,1024,f16:column,f16:column,f16:column,f16:column,1,0,serial,8,1,heuristic,invalid,invalid,false,false,1,tensorop,f32,128,128,64,1,2,1,0,0,0,6,4,2,1,64,128,16,90,90,16252928,6448742400,396,0.0674915,224.276,95548.9
54,CUTLASS,gemm,cutlass3x_sm90_tensorop_s64x128x16gemm_f16_f16_f32_f16_f16_128x128x64_2x1x1_0_nnn_align8,passed,success,universal,768,4096,1024,f16:column,f16:column,f16:column,f16:column,1,0,serial,8,1,heuristic,invalid,invalid,false,false,1,tensorop,f32,128,128,64,2,1,1,0,0,0,7,4,2,1,64,128,16,90,90,16252928,6448742400,396,0.0211558,715.487,304821
54,CUTLASS,gemm,cutlass3x_sm90_tensorop_s64x128x16gemm_f16_f16_f32_f16_f16_128x128x64_2x1x1_0_nnn_align8_warpspecialized_epi_nosmem,passed,success,universal,768,4096,1024,f16:column,f16:column,f16:column,f16:column,1,0,serial,8,1,heuristic,invalid,invalid,false,false,1,tensorop,f32,128,128,64,2,1,1,0,0,0,7,4,1,1,64,128,16,90,90,16252928,6448742400,396,0.0218861,691.614,294650
54,CUTLASS,gemm,cutlass3x_sm90_tensorop_s64x128x16gemm_f16_f16_f32_f16_f16_128x128x64_2x1x1_0_nnn_align8_warpspecialized_pingpong_epi_tma,passed,success,universal,768,4096,1024,f16:column,f16:column,f16:column,f16:column,1,0,serial,8,1,heuristic,invalid,invalid,false,false,1,tensorop,f32,128,128,64,2,1,1,0,0,0,6,4,1,1,64,128,16,90,90,16252928,6448742400,396,0.0174602,866.929,369340
54,CUTLASS,gemm,cutlass3x_sm90_tensorop_s64x128x16gemm_f16_f16_f32_f16_f16_128x128x64_2x1x1_0_nnn_align8_warpspecialized_pingpong_epi_nosmem,passed,success,universal,768,4096,1024,f16:column,f16:column,f16:column,f16:column,1,0,serial,8,1,heuristic,invalid,invalid,false,false,1,tensorop,f32,128,128,64,2,1,1,0,0,0,7,4,1,1,64,128,16,90,90,16252928,6448742400,396,0.0186589,811.234,345613
54,CUTLASS,gemm,cutlass3x_sm90_tensorop_s64x128x16gemm_f16_f16_f32_f16_f16_128x128x64_2x1x1_0_nnn_align8_warpspecialized_cooperative_epi_nosmem,passed,success,universal,768,4096,1024,f16:column,f16:column,f16:column,f16:column,1,0,serial,8,1,heuristic,invalid,invalid,false,false,1,tensorop,f32,128,128,64,2,1,1,0,0,0,7,4,2,1,64,128,16,90,90,16252928,6448742400,396,0.0210659,718.541,306122
54,CUTLASS,gemm,cutlass3x_sm90_tensorop_s64x128x16gemm_f16_f16_f32_f16_f16_128x128x64_2x1x1_0_nnn_align8_warpspecialized_cooperative_epi_tma,passed,success,universal,768,4096,1024,f16:column,f16:column,f16:column,f16:column,1,0,serial,8,1,heuristic,invalid,invalid,false,false,1,tensorop,f32,128,128,64,2,1,1,0,0,0,6,4,2,1,64,128,16,90,90,16252928,6448742400,396,0.018025,839.764,357767
54,CUTLASS,gemm,cutlass3x_sm90_tensorop_s64x128x16gemm_f16_f16_f32_f16_f16_128x128x64_2x1x1_0_nnn_align8_stream_k_warpspecialized_cooperative_epi_nosmem,passed,success,universal,768,4096,1024,f16:column,f16:column,f16:column,f16:column,1,0,serial,8,1,heuristic,invalid,invalid,false,false,1,tensorop,f32,128,128,64,2,1,1,0,0,0,7,4,2,1,64,128,16,90,90,16252928,6448742400,396,0.0689222,219.62,93565.5
54,CUTLASS,gemm,cutlass3x_sm90_tensorop_s64x128x16gemm_f16_f16_f32_f16_f16_128x128x64_2x1x1_0_nnn_align8_stream_k_warpspecialized_cooperative_epi_tma,passed,success,universal,768,4096,1024,f16:column,f16:column,f16:column,f16:column,1,0,serial,8,1,heuristic,invalid,invalid,false,false,1,tensorop,f32,128,128,64,2,1,1,0,0,0,6,4,2,1,64,128,16,90,90,16252928,6448742400,396,0.0671862,225.295,95983.1
55,CUTLASS,gemm,cutlass_tensorop_f16_s1688gemm_f16_256x128_32x2_nn_align8,passed,success,universal,896,4096,1024,f16:column,f16:column,f16:column,f16:column,1,0,serial,8,1,heuristic,invalid,invalid,false,false,1,tensorop,f32,256,128,32,1,1,1,0,0,0,2,4,2,1,16,8,8,75,1024,17563648,7523532800,428,0.0693856,235.747,108431
55,CUTLASS,gemm,cutlass_tensorop_f16_s16816gemm_f16_256x128_32x3_nn_align8,passed,success,universal,896,4096,1024,f16:column,f16:column,f16:column,f16:column,1,0,serial,8,1,heuristic,invalid,invalid,false,false,1,tensorop,f32,256,128,32,1,1,1,0,0,0,3,4,2,1,16,8,16,80,1024,17563648,7523532800,428,0.0576253,283.858,130560
55,CUTLASS,gemm,cutlass3x_sm90_tensorop_s64x128x16gemm_f16_f16_f32_f16_f16_128x128x64_1x2x1_0_nnn_align8,passed,success,universal,896,4096,1024,f16:column,f16:column,f16:column,f16:column,1,0,serial,8,1,heuristic,invalid,invalid,false,false,1,tensorop,f32,128,128,64,1,2,1,0,0,0,7,4,2,1,64,128,16,90,90,17563648,7523532800,428,0.0241062,678.555,312099
55,CUTLASS,gemm,cutlass3x_sm90_tensorop_s64x128x16gemm_f16_f16_f32_f16_f16_128x128x64_1x2x1_0_nnn_align8_warpspecialized_epi_nosmem,passed,success,universal,896,4096,1024,f16:column,f16:column,f16:column,f16:column,1,0,serial,8,1,heuristic,invalid,invalid,false,false,1,tensorop,f32,128,128,64,1,2,1,0,0,0,7,4,1,1,64,128,16,90,90,17563648,7523532800,428,0.0240179,681.051,313247
55,CUTLASS,gemm,cutlass3x_sm90_tensorop_s64x128x16gemm_f16_f16_f32_f16_f16_128x128x64_1x2x1_0_nnn_align8_warpspecialized_pingpong_epi_tma,passed,success,universal,896,4096,1024,f16:column,f16:column,f16:column,f16:column,1,0,serial,8,1,heuristic,invalid,invalid,false,false,1,tensorop,f32,128,128,64,1,2,1,0,0,0,6,4,1,1,64,128,16,90,90,17563648,7523532800,428,0.0191472,854.298,392931
55,CUTLASS,gemm,cutlass3x_sm90_tensorop_s64x128x16gemm_f16_f16_f32_f16_f16_128x128x64_1x2x1_0_nnn_align8_warpspecialized_pingpong_epi_nosmem,passed,success,universal,896,4096,1024,f16:column,f16:column,f16:column,f16:column,1,0,serial,8,1,heuristic,invalid,invalid,false,false,1,tensorop,f32,128,128,64,1,2,1,0,0,0,7,4,1,1,64,128,16,90,90,17563648,7523532800,428,0.0214989,760.85,349950
55,CUTLASS,gemm,cutlass3x_sm90_tensorop_s64x128x16gemm_f16_f16_f32_f16_f16_128x128x64_1x2x1_0_nnn_align8_warpspecialized_cooperative_epi_nosmem,passed,success,universal,896,4096,1024,f16:column,f16:column,f16:column,f16:column,1,0,serial,8,1,heuristic,invalid,invalid,false,false,1,tensorop,f32,128,128,64,1,2,1,0,0,0,7,4,2,1,64,128,16,90,90,17563648,7523532800,428,0.024111,678.42,312037
55,CUTLASS,gemm,cutlass3x_sm90_tensorop_s64x128x16gemm_f16_f16_f32_f16_f16_128x128x64_1x2x1_0_nnn_align8_warpspecialized_cooperative_epi_tma,passed,success,universal,896,4096,1024,f16:column,f16:column,f16:column,f16:column,1,0,serial,8,1,heuristic,invalid,invalid,false,false,1,tensorop,f32,128,128,64,1,2,1,0,0,0,6,4,2,1,64,128,16,90,90,17563648,7523532800,428,0.0199757,818.867,376635
55,CUTLASS,gemm,cutlass3x_sm90_tensorop_s64x128x16gemm_f16_f16_f32_f16_f16_128x128x64_1x2x1_0_nnn_align8_stream_k_warpspecialized_cooperative_epi_nosmem,passed,success,universal,896,4096,1024,f16:column,f16:column,f16:column,f16:column,1,0,serial,8,1,heuristic,invalid,invalid,false,false,1,tensorop,f32,128,128,64,1,2,1,0,0,0,7,4,2,1,64,128,16,90,90,17563648,7523532800,428,0.0793827,206.058,94775.4
55,CUTLASS,gemm,cutlass3x_sm90_tensorop_s64x128x16gemm_f16_f16_f32_f16_f16_128x128x64_1x2x1_0_nnn_align8_stream_k_warpspecialized_cooperative_epi_tma,passed,success,universal,896,4096,1024,f16:column,f16:column,f16:column,f16:column,1,0,serial,8,1,heuristic,invalid,invalid,false,false,1,tensorop,f32,128,128,64,1,2,1,0,0,0,6,4,2,1,64,128,16,90,90,17563648,7523532800,428,0.0769069,212.691,97826.5
55,CUTLASS,gemm,cutlass3x_sm90_tensorop_s64x128x16gemm_f16_f16_f32_f16_f16_128x128x64_2x1x1_0_nnn_align8,passed,success,universal,896,4096,1024,f16:column,f16:column,f16:column,f16:column,1,0,serial,8,1,heuristic,invalid,invalid,false,false,1,tensorop,f32,128,128,64,2,1,1,0,0,0,7,4,2,1,64,128,16,90,90,17563648,7523532800,428,0.0246006,664.919,305827
55,CUTLASS,gemm,cutlass3x_sm90_tensorop_s64x128x16gemm_f16_f16_f32_f16_f16_128x128x64_2x1x1_0_nnn_align8_warpspecialized_epi_nosmem,passed,success,universal,896,4096,1024,f16:column,f16:column,f16:column,f16:column,1,0,serial,8,1,heuristic,invalid,invalid,false,false,1,tensorop,f32,128,128,64,2,1,1,0,0,0,7,4,1,1,64,128,16,90,90,17563648,7523532800,428,0.0266829,613.031,281961
55,CUTLASS,gemm,cutlass3x_sm90_tensorop_s64x128x16gemm_f16_f16_f32_f16_f16_128x128x64_2x1x1_0_nnn_align8_warpspecialized_pingpong_epi_tma,passed,success,universal,896,4096,1024,f16:column,f16:column,f16:column,f16:column,1,0,serial,8,1,heuristic,invalid,invalid,false,false,1,tensorop,f32,128,128,64,2,1,1,0,0,0,6,4,1,1,64,128,16,90,90,17563648,7523532800,428,0.0212528,769.66,354002
55,CUTLASS,gemm,cutlass3x_sm90_tensorop_s64x128x16gemm_f16_f16_f32_f16_f16_128x128x64_2x1x1_0_nnn_align8_warpspecialized_pingpong_epi_nosmem,passed,success,universal,896,4096,1024,f16:column,f16:column,f16:column,f16:column,1,0,serial,8,1,heuristic,invalid,invalid,false,false,1,tensorop,f32,128,128,64,2,1,1,0,0,0,7,4,1,1,64,128,16,90,90,17563648,7523532800,428,0.0240704,679.566,312564
55,CUTLASS,gemm,cutlass3x_sm90_tensorop_s64x128x16gemm_f16_f16_f32_f16_f16_128x128x64_2x1x1_0_nnn_align8_warpspecialized_cooperative_epi_nosmem,passed,success,universal,896,4096,1024,f16:column,f16:column,f16:column,f16:column,1,0,serial,8,1,heuristic,invalid,invalid,false,false,1,tensorop,f32,128,128,64,2,1,1,0,0,0,7,4,2,1,64,128,16,90,90,17563648,7523532800,428,0.0246592,663.34,305100
55,CUTLASS,gemm,cutlass3x_sm90_tensorop_s64x128x16gemm_f16_f16_f32_f16_f16_128x128x64_2x1x1_0_nnn_align8_warpspecialized_cooperative_epi_tma,passed,success,universal,896,4096,1024,f16:column,f16:column,f16:column,f16:column,1,0,serial,8,1,heuristic,invalid,invalid,false,false,1,tensorop,f32,128,128,64,2,1,1,0,0,0,6,4,2,1,64,128,16,90,90,17563648,7523532800,428,0.0211757,772.463,355291
55,CUTLASS,gemm,cutlass3x_sm90_tensorop_s64x128x16gemm_f16_f16_f32_f16_f16_128x128x64_2x1x1_0_nnn_align8_stream_k_warpspecialized_cooperative_epi_nosmem,passed,success,universal,896,4096,1024,f16:column,f16:column,f16:column,f16:column,1,0,serial,8,1,heuristic,invalid,invalid,false,false,1,tensorop,f32,128,128,64,2,1,1,0,0,0,7,4,2,1,64,128,16,90,90,17563648,7523532800,428,0.0880467,185.781,85449.3
55,CUTLASS,gemm,cutlass3x_sm90_tensorop_s64x128x16gemm_f16_f16_f32_f16_f16_128x128x64_2x1x1_0_nnn_align8_stream_k_warpspecialized_cooperative_epi_tma,passed,success,universal,896,4096,1024,f16:column,f16:column,f16:column,f16:column,1,0,serial,8,1,heuristic,invalid,invalid,false,false,1,tensorop,f32,128,128,64,2,1,1,0,0,0,6,4,2,1,64,128,16,90,90,17563648,7523532800,428,0.0857206,190.822,87768
56,CUTLASS,gemm,cutlass_tensorop_f16_s1688gemm_f16_256x128_32x2_nn_align8,passed,success,universal,1024,4096,1024,f16:column,f16:column,f16:column,f16:column,1,0,serial,8,1,heuristic,invalid,invalid,false,false,1,tensorop,f32,256,128,32,1,1,1,0,0,0,2,4,2,1,16,8,8,75,1024,18874368,8598323200,455,0.0778179,225.888,110493
56,CUTLASS,gemm,cutlass_tensorop_f16_s16816gemm_f16_256x128_32x3_nn_align8,passed,success,universal,1024,4096,1024,f16:column,f16:column,f16:column,f16:column,1,0,serial,8,1,heuristic,invalid,invalid,false,false,1,tensorop,f32,256,128,32,1,1,1,0,0,0,3,4,2,1,16,8,16,80,1024,18874368,8598323200,455,0.0643523,273.154,133613
56,CUTLASS,gemm,cutlass3x_sm90_tensorop_s64x128x16gemm_f16_f16_f32_f16_f16_128x128x64_1x2x1_0_nnn_align8,passed,success,universal,1024,4096,1024,f16:column,f16:column,f16:column,f16:column,1,0,serial,8,1,heuristic,invalid,invalid,false,false,1,tensorop,f32,128,128,64,1,2,1,0,0,0,7,4,2,1,64,128,16,90,90,18874368,8598323200,455,0.022727,773.445,378330
56,CUTLASS,gemm,cutlass3x_sm90_tensorop_s64x128x16gemm_f16_f16_f32_f16_f16_128x128x64_1x2x1_0_nnn_align8_warpspecialized_epi_nosmem,passed,success,universal,1024,4096,1024,f16:column,f16:column,f16:column,f16:column,1,0,serial,8,1,heuristic,invalid,invalid,false,false,1,tensorop,f32,128,128,64,1,2,1,0,0,0,7,4,1,1,64,128,16,90,90,18874368,8598323200,455,0.0226534,775.958,379559
56,CUTLASS,gemm,cutlass3x_sm90_tensorop_s64x128x16gemm_f16_f16_f32_f16_f16_128x128x64_1x2x1_0_nnn_align8_warpspecialized_pingpong_epi_tma,passed,success,universal,1024,4096,1024,f16:column,f16:column,f16:column,f16:column,1,0,serial,8,1,heuristic,invalid,invalid,false,false,1,tensorop,f32,128,128,64,1,2,1,0,0,0,6,4,1,1,64,128,16,90,90,18874368,8598323200,455,0.0196381,895.104,437839
56,CUTLASS,gemm,cutlass3x_sm90_tensorop_s64x128x16gemm_f16_f16_f32_f16_f16_128x128x64_1x2x1_0_nnn_align8_warpspecialized_pingpong_epi_nosmem,passed,success,universal,1024,4096,1024,f16:column,f16:column,f16:column,f16:column,1,0,serial,8,1,heuristic,invalid,invalid,false,false,1,tensorop,f32,128,128,64,1,2,1,0,0,0,7,4,1,1,64,128,16,90,90,18874368,8598323200,455,0.0207222,848.273,414932
56,CUTLASS,gemm,cutlass3x_sm90_tensorop_s64x128x16gemm_f16_f16_f32_f16_f16_128x128x64_1x2x1_0_nnn_align8_warpspecialized_cooperative_epi_nosmem,passed,success,universal,1024,4096,1024,f16:column,f16:column,f16:column,f16:column,1,0,serial,8,1,heuristic,invalid,invalid,false,false,1,tensorop,f32,128,128,64,1,2,1,0,0,0,7,4,2,1,64,128,16,90,90,18874368,8598323200,455,0.0225155,780.711,381884
56,CUTLASS,gemm,cutlass3x_sm90_tensorop_s64x128x16gemm_f16_f16_f32_f16_f16_128x128x64_1x2x1_0_nnn_align8_warpspecialized_cooperative_epi_tma,passed,success,universal,1024,4096,1024,f16:column,f16:column,f16:column,f16:column,1,0,serial,8,1,heuristic,invalid,invalid,false,false,1,tensorop,f32,128,128,64,1,2,1,0,0,0,6,4,2,1,64,128,16,90,90,18874368,8598323200,455,0.0195162,900.696,440575
56,CUTLASS,gemm,cutlass3x_sm90_tensorop_s64x128x16gemm_f16_f16_f32_f16_f16_128x128x64_1x2x1_0_nnn_align8_stream_k_warpspecialized_cooperative_epi_nosmem,passed,success,universal,1024,4096,1024,f16:column,f16:column,f16:column,f16:column,1,0,serial,8,1,heuristic,invalid,invalid,false,false,1,tensorop,f32,128,128,64,1,2,1,0,0,0,7,4,2,1,64,128,16,90,90,18874368,8598323200,455,0.0865082,203.196,99393.2
56,CUTLASS,gemm,cutlass3x_sm90_tensorop_s64x128x16gemm_f16_f16_f32_f16_f16_128x128x64_1x2x1_0_nnn_align8_stream_k_warpspecialized_cooperative_epi_tma,passed,success,universal,1024,4096,1024,f16:column,f16:column,f16:column,f16:column,1,0,serial,8,1,heuristic,invalid,invalid,false,false,1,tensorop,f32,128,128,64,1,2,1,0,0,0,6,4,2,1,64,128,16,90,90,18874368,8598323200,455,0.0859085,204.615,100087
56,CUTLASS,gemm,cutlass3x_sm90_tensorop_s64x128x16gemm_f16_f16_f32_f16_f16_128x128x64_2x1x1_0_nnn_align8,passed,success,universal,1024,4096,1024,f16:column,f16:column,f16:column,f16:column,1,0,serial,8,1,heuristic,invalid,invalid,false,false,1,tensorop,f32,128,128,64,2,1,1,0,0,0,7,4,2,1,64,128,16,90,90,18874368,8598323200,455,0.0214608,819.081,400652
56,CUTLASS,gemm,cutlass3x_sm90_tensorop_s64x128x16gemm_f16_f16_f32_f16_f16_128x128x64_2x1x1_0_nnn_align8_warpspecialized_epi_nosmem,passed,success,universal,1024,4096,1024,f16:column,f16:column,f16:column,f16:column,1,0,serial,8,1,heuristic,invalid,invalid,false,false,1,tensorop,f32,128,128,64,2,1,1,0,0,0,7,4,1,1,64,128,16,90,90,18874368,8598323200,455,0.022344,786.704,384816
56,CUTLASS,gemm,cutlass3x_sm90_tensorop_s64x128x16gemm_f16_f16_f32_f16_f16_128x128x64_2x1x1_0_nnn_align8_warpspecialized_pingpong_epi_tma,passed,success,universal,1024,4096,1024,f16:column,f16:column,f16:column,f16:column,1,0,serial,8,1,heuristic,invalid,invalid,false,false,1,tensorop,f32,128,128,64,2,1,1,0,0,0,6,4,1,1,64,128,16,90,90,18874368,8598323200,455,0.0175002,1004.46,491328
56,CUTLASS,gemm,cutlass3x_sm90_tensorop_s64x128x16gemm_f16_f16_f32_f16_f16_128x128x64_2x1x1_0_nnn_align8_warpspecialized_pingpong_epi_nosmem,passed,success,universal,1024,4096,1024,f16:column,f16:column,f16:column,f16:column,1,0,serial,8,1,heuristic,invalid,invalid,false,false,1,tensorop,f32,128,128,64,2,1,1,0,0,0,7,4,1,1,64,128,16,90,90,18874368,8598323200,455,0.0190909,920.76,450389
56,CUTLASS,gemm,cutlass3x_sm90_tensorop_s64x128x16gemm_f16_f16_f32_f16_f16_128x128x64_2x1x1_0_nnn_align8_warpspecialized_cooperative_epi_nosmem,passed,success,universal,1024,4096,1024,f16:column,f16:column,f16:column,f16:column,1,0,serial,8,1,heuristic,invalid,invalid,false,false,1,tensorop,f32,128,128,64,2,1,1,0,0,0,7,4,2,1,64,128,16,90,90,18874368,8598323200,455,0.0213382,823.785,402954
56,CUTLASS,gemm,cutlass3x_sm90_tensorop_s64x128x16gemm_f16_f16_f32_f16_f16_128x128x64_2x1x1_0_nnn_align8_warpspecialized_cooperative_epi_tma,passed,success,universal,1024,4096,1024,f16:column,f16:column,f16:column,f16:column,1,0,serial,8,1,heuristic,invalid,invalid,false,false,1,tensorop,f32,128,128,64,2,1,1,0,0,0,6,4,2,1,64,128,16,90,90,18874368,8598323200,455,0.018209,965.356,472203
56,CUTLASS,gemm,cutlass3x_sm90_tensorop_s64x128x16gemm_f16_f16_f32_f16_f16_128x128x64_2x1x1_0_nnn_align8_stream_k_warpspecialized_cooperative_epi_nosmem,passed,success,universal,1024,4096,1024,f16:column,f16:column,f16:column,f16:column,1,0,serial,8,1,heuristic,invalid,invalid,false,false,1,tensorop,f32,128,128,64,2,1,1,0,0,0,7,4,2,1,64,128,16,90,90,18874368,8598323200,455,0.086728,202.681,99141.3
56,CUTLASS,gemm,cutlass3x_sm90_tensorop_s64x128x16gemm_f16_f16_f32_f16_f16_128x128x64_2x1x1_0_nnn_align8_stream_k_warpspecialized_cooperative_epi_tma,passed,success,universal,1024,4096,1024,f16:column,f16:column,f16:column,f16:column,1,0,serial,8,1,heuristic,invalid,invalid,false,false,1,tensorop,f32,128,128,64,2,1,1,0,0,0,6,4,2,1,64,128,16,90,90,18874368,8598323200,455,0.0859062,204.62,100090
57,CUTLASS,gemm,cutlass_tensorop_f16_s1688gemm_f16_256x128_32x2_nn_align8,passed,success,universal,1152,4096,1024,f16:column,f16:column,f16:column,f16:column,1,0,serial,8,1,heuristic,invalid,invalid,false,false,1,tensorop,f32,256,128,32,1,1,1,0,0,0,2,4,2,1,16,8,8,75,1024,20185088,9673113600,479,0.0911117,206.327,106168
57,CUTLASS,gemm,cutlass_tensorop_f16_s16816gemm_f16_256x128_32x3_nn_align8,passed,success,universal,1152,4096,1024,f16:column,f16:column,f16:column,f16:column,1,0,serial,8,1,heuristic,invalid,invalid,false,false,1,tensorop,f32,256,128,32,1,1,1,0,0,0,3,4,2,1,16,8,16,80,1024,20185088,9673113600,479,0.0743888,252.71,130035
57,CUTLASS,gemm,cutlass3x_sm90_tensorop_s64x128x16gemm_f16_f16_f32_f16_f16_128x128x64_1x2x1_0_nnn_align8,passed,success,universal,1152,4096,1024,f16:column,f16:column,f16:column,f16:column,1,0,serial,8,1,heuristic,invalid,invalid,false,false,1,tensorop,f32,128,128,64,1,2,1,0,0,0,7,4,2,1,64,128,16,90,90,20185088,9673113600,479,0.0310886,604.685,311146
57,CUTLASS,gemm,cutlass3x_sm90_tensorop_s64x128x16gemm_f16_f16_f32_f16_f16_128x128x64_1x2x1_0_nnn_align8_warpspecialized_epi_nosmem,passed,success,universal,1152,4096,1024,f16:column,f16:column,f16:column,f16:column,1,0,serial,8,1,heuristic,invalid,invalid,false,false,1,tensorop,f32,128,128,64,1,2,1,0,0,0,7,4,1,1,64,128,16,90,90,20185088,9673113600,479,0.0304963,616.429,317190
57,CUTLASS,gemm,cutlass3x_sm90_tensorop_s64x128x16gemm_f16_f16_f32_f16_f16_128x128x64_1x2x1_0_nnn_align8_warpspecialized_pingpong_epi_tma,passed,success,universal,1152,4096,1024,f16:column,f16:column,f16:column,f16:column,1,0,serial,8,1,heuristic,invalid,invalid,false,false,1,tensorop,f32,128,128,64,1,2,1,0,0,0,6,4,1,1,64,128,16,90,90,20185088,9673113600,479,0.0245213,766.633,394478
57,CUTLASS,gemm,cutlass3x_sm90_tensorop_s64x128x16gemm_f16_f16_f32_f16_f16_128x128x64_1x2x1_0_nnn_align8_warpspecialized_pingpong_epi_nosmem,passed,success,universal,1152,4096,1024,f16:column,f16:column,f16:column,f16:column,1,0,serial,8,1,heuristic,invalid,invalid,false,false,1,tensorop,f32,128,128,64,1,2,1,0,0,0,7,4,1,1,64,128,16,90,90,20185088,9673113600,479,0.0267686,702.271,361360
57,CUTLASS,gemm,cutlass3x_sm90_tensorop_s64x128x16gemm_f16_f16_f32_f16_f16_128x128x64_1x2x1_0_nnn_align8_warpspecialized_cooperative_epi_nosmem,passed,success,universal,1152,4096,1024,f16:column,f16:column,f16:column,f16:column,1,0,serial,8,1,heuristic,invalid,invalid,false,false,1,tensorop,f32,128,128,64,1,2,1,0,0,0,7,4,2,1,64,128,16,90,90,20185088,9673113600,479,0.0312224,602.094,309813
57,CUTLASS,gemm,cutlass3x_sm90_tensorop_s64x128x16gemm_f16_f16_f32_f16_f16_128x128x64_1x2x1_0_nnn_align8_warpspecialized_cooperative_epi_tma,passed,success,universal,1152,4096,1024,f16:column,f16:column,f16:column,f16:column,1,0,serial,8,1,heuristic,invalid,invalid,false,false,1,tensorop,f32,128,128,64,1,2,1,0,0,0,6,4,2,1,64,128,16,90,90,20185088,9673113600,479,0.0259626,724.075,372579
57,CUTLASS,gemm,cutlass3x_sm90_tensorop_s64x128x16gemm_f16_f16_f32_f16_f16_128x128x64_1x2x1_0_nnn_align8_stream_k_warpspecialized_cooperative_epi_nosmem,passed,success,universal,1152,4096,1024,f16:column,f16:column,f16:column,f16:column,1,0,serial,8,1,heuristic,invalid,invalid,false,false,1,tensorop,f32,128,128,64,1,2,1,0,0,0,7,4,2,1,64,128,16,90,90,20185088,9673113600,479,0.0990522,189.787,97656.8
57,CUTLASS,gemm,cutlass3x_sm90_tensorop_s64x128x16gemm_f16_f16_f32_f16_f16_128x128x64_1x2x1_0_nnn_align8_stream_k_warpspecialized_cooperative_epi_tma,passed,success,universal,1152,4096,1024,f16:column,f16:column,f16:column,f16:column,1,0,serial,8,1,heuristic,invalid,invalid,false,false,1,tensorop,f32,128,128,64,1,2,1,0,0,0,6,4,2,1,64,128,16,90,90,20185088,9673113600,479,0.0970826,193.638,99638
57,CUTLASS,gemm,cutlass3x_sm90_tensorop_s64x128x16gemm_f16_f16_f32_f16_f16_128x128x64_2x1x1_0_nnn_align8,passed,success,universal,1152,4096,1024,f16:column,f16:column,f16:column,f16:column,1,0,serial,8,1,heuristic,invalid,invalid,false,false,1,tensorop,f32,128,128,64,2,1,1,0,0,0,7,4,2,1,64,128,16,90,90,20185088,9673113600,479,0.0327507,573.997,295356
57,CUTLASS,gemm,cutlass3x_sm90_tensorop_s64x128x16gemm_f16_f16_f32_f16_f16_128x128x64_2x1x1_0_nnn_align8_warpspecialized_epi_nosmem,passed,success,universal,1152,4096,1024,f16:column,f16:column,f16:column,f16:column,1,0,serial,8,1,heuristic,invalid,invalid,false,false,1,tensorop,f32,128,128,64,2,1,1,0,0,0,7,4,1,1,64,128,16,90,90,20185088,9673113600,479,0.0333011,564.51,290474
57,CUTLASS,gemm,cutlass3x_sm90_tensorop_s64x128x16gemm_f16_f16_f32_f16_f16_128x128x64_2x1x1_0_nnn_align8_warpspecialized_pingpong_epi_tma,passed,success,universal,1152,4096,1024,f16:column,f16:column,f16:column,f16:column,1,0,serial,8,1,heuristic,invalid,invalid,false,false,1,tensorop,f32,128,128,64,2,1,1,0,0,0,6,4,1,1,64,128,16,90,90,20185088,9673113600,479,0.0279325,673.01,346303
57,CUTLASS,gemm,cutlass3x_sm90_tensorop_s64x128x16gemm_f16_f16_f32_f16_f16_128x128x64_2x1x1_0_nnn_align8_warpspecialized_pingpong_epi_nosmem,passed,success,universal,1152,4096,1024,f16:column,f16:column,f16:column,f16:column,1,0,serial,8,1,heuristic,invalid,invalid,false,false,1,tensorop,f32,128,128,64,2,1,1,0,0,0,7,4,1,1,64,128,16,90,90,20185088,9673113600,479,0.0301232,624.065,321118
57,CUTLASS,gemm,cutlass3x_sm90_tensorop_s64x128x16gemm_f16_f16_f32_f16_f16_128x128x64_2x1x1_0_nnn_align8_warpspecialized_cooperative_epi_nosmem,passed,success,universal,1152,4096,1024,f16:column,f16:column,f16:column,f16:column,1,0,serial,8,1,heuristic,invalid,invalid,false,false,1,tensorop,f32,128,128,64,2,1,1,0,0,0,7,4,2,1,64,128,16,90,90,20185088,9673113600,479,0.0327501,574.009,295362
57,CUTLASS,gemm,cutlass3x_sm90_tensorop_s64x128x16gemm_f16_f16_f32_f16_f16_128x128x64_2x1x1_0_nnn_align8_warpspecialized_cooperative_epi_tma,passed,success,universal,1152,4096,1024,f16:column,f16:column,f16:column,f16:column,1,0,serial,8,1,heuristic,invalid,invalid,false,false,1,tensorop,f32,128,128,64,2,1,1,0,0,0,6,4,2,1,64,128,16,90,90,20185088,9673113600,479,0.0281635,667.489,343463
57,CUTLASS,gemm,cutlass3x_sm90_tensorop_s64x128x16gemm_f16_f16_f32_f16_f16_128x128x64_2x1x1_0_nnn_align8_stream_k_warpspecialized_cooperative_epi_nosmem,passed,success,universal,1152,4096,1024,f16:column,f16:column,f16:column,f16:column,1,0,serial,8,1,heuristic,invalid,invalid,false,false,1,tensorop,f32,128,128,64,2,1,1,0,0,0,7,4,2,1,64,128,16,90,90,20185088,9673113600,479,0.106297,176.852,91000.8
57,CUTLASS,gemm,cutlass3x_sm90_tensorop_s64x128x16gemm_f16_f16_f32_f16_f16_128x128x64_2x1x1_0_nnn_align8_stream_k_warpspecialized_cooperative_epi_tma,passed,success,universal,1152,4096,1024,f16:column,f16:column,f16:column,f16:column,1,0,serial,8,1,heuristic,invalid,invalid,false,false,1,tensorop,f32,128,128,64,2,1,1,0,0,0,6,4,2,1,64,128,16,90,90,20185088,9673113600,479,0.104334,180.179,92712.6
58,CUTLASS,gemm,cutlass_tensorop_f16_s1688gemm_f16_256x128_32x2_nn_align8,passed,success,universal,1280,4096,1024,f16:column,f16:column,f16:column,f16:column,1,0,serial,8,1,heuristic,invalid,invalid,false,false,1,tensorop,f32,256,128,32,1,1,1,0,0,0,2,4,2,1,16,8,8,75,1024,21495808,10747904000,500,0.0967197,206.985,111124
58,CUTLASS,gemm,cutlass_tensorop_f16_s16816gemm_f16_256x128_32x3_nn_align8,passed,success,universal,1280,4096,1024,f16:column,f16:column,f16:column,f16:column,1,0,serial,8,1,heuristic,invalid,invalid,false,false,1,tensorop,f32,256,128,32,1,1,1,0,0,0,3,4,2,1,16,8,16,80,1024,21495808,10747904000,500,0.0795866,251.544,135047
58,CUTLASS,gemm,cutlass3x_sm90_tensorop_s64x128x16gemm_f16_f16_f32_f16_f16_128x128x64_1x2x1_0_nnn_align8,passed,success,universal,1280,4096,1024,f16:column,f16:column,f16:column,f16:column,1,0,serial,8,1,heuristic,invalid,invalid,false,false,1,tensorop,f32,128,128,64,1,2,1,0,0,0,7,4,2,1,64,128,16,90,90,21495808,10747904000,500,0.0307722,650.573,349274
58,CUTLASS,gemm,cutlass3x_sm90_tensorop_s64x128x16gemm_f16_f16_f32_f16_f16_128x128x64_1x2x1_0_nnn_align8_warpspecialized_epi_nosmem,passed,success,universal,1280,4096,1024,f16:column,f16:column,f16:column,f16:column,1,0,serial,8,1,heuristic,invalid,invalid,false,false,1,tensorop,f32,128,128,64,1,2,1,0,0,0,7,4,1,1,64,128,16,90,90,21495808,10747904000,500,0.030671,652.718,350425
58,CUTLASS,gemm,cutlass3x_sm90_tensorop_s64x128x16gemm_f16_f16_f32_f16_f16_128x128x64_1x2x1_0_nnn_align8_warpspecialized_pingpong_epi_tma,passed,success,universal,1280,4096,1024,f16:column,f16:column,f16:column,f16:column,1,0,serial,8,1,heuristic,invalid,invalid,false,false,1,tensorop,f32,128,128,64,1,2,1,0,0,0,6,4,1,1,64,128,16,90,90,21495808,10747904000,500,0.0245411,815.755,437955
58,CUTLASS,gemm,cutlass3x_sm90_tensorop_s64x128x16gemm_f16_f16_f32_f16_f16_128x128x64_1x2x1_0_nnn_align8_warpspecialized_pingpong_epi_nosmem,passed,success,universal,1280,4096,1024,f16:column,f16:column,f16:column,f16:column,1,0,serial,8,1,heuristic,invalid,invalid,false,false,1,tensorop,f32,128,128,64,1,2,1,0,0,0,7,4,1,1,64,128,16,90,90,21495808,10747904000,500,0.0262659,762.187,409196
58,CUTLASS,gemm,cutlass3x_sm90_tensorop_s64x128x16gemm_f16_f16_f32_f16_f16_128x128x64_1x2x1_0_nnn_align8_warpspecialized_cooperative_epi_nosmem,passed,success,universal,1280,4096,1024,f16:column,f16:column,f16:column,f16:column,1,0,serial,8,1,heuristic,invalid,invalid,false,false,1,tensorop,f32,128,128,64,1,2,1,0,0,0,7,4,2,1,64,128,16,90,90,21495808,10747904000,500,0.030865,648.617,348223
58,CUTLASS,gemm,cutlass3x_sm90_tensorop_s64x128x16gemm_f16_f16_f32_f16_f16_128x128x64_1x2x1_0_nnn_align8_warpspecialized_cooperative_epi_tma,passed,success,universal,1280,4096,1024,f16:column,f16:column,f16:column,f16:column,1,0,serial,8,1,heuristic,invalid,invalid,false,false,1,tensorop,f32,128,128,64,1,2,1,0,0,0,6,4,2,1,64,128,16,90,90,21495808,10747904000,500,0.0259059,772.778,414882
58,CUTLASS,gemm,cutlass3x_sm90_tensorop_s64x128x16gemm_f16_f16_f32_f16_f16_128x128x64_1x2x1_0_nnn_align8_stream_k_warpspecialized_cooperative_epi_nosmem,passed,success,universal,1280,4096,1024,f16:column,f16:column,f16:column,f16:column,1,0,serial,8,1,heuristic,invalid,invalid,false,false,1,tensorop,f32,128,128,64,1,2,1,0,0,0,7,4,2,1,64,128,16,90,90,21495808,10747904000,500,0.106571,187.851,100852
58,CUTLASS,gemm,cutlass3x_sm90_tensorop_s64x128x16gemm_f16_f16_f32_f16_f16_128x128x64_1x2x1_0_nnn_align8_stream_k_warpspecialized_cooperative_epi_tma,passed,success,universal,1280,4096,1024,f16:column,f16:column,f16:column,f16:column,1,0,serial,8,1,heuristic,invalid,invalid,false,false,1,tensorop,f32,128,128,64,1,2,1,0,0,0,6,4,2,1,64,128,16,90,90,21495808,10747904000,500,0.105067,190.541,102296
58,CUTLASS,gemm,cutlass3x_sm90_tensorop_s64x128x16gemm_f16_f16_f32_f16_f16_128x128x64_2x1x1_0_nnn_align8,passed,success,universal,1280,4096,1024,f16:column,f16:column,f16:column,f16:column,1,0,serial,8,1,heuristic,invalid,invalid,false,false,1,tensorop,f32,128,128,64,2,1,1,0,0,0,7,4,2,1,64,128,16,90,90,21495808,10747904000,500,0.0304186,658.135,353334
58,CUTLASS,gemm,cutlass3x_sm90_tensorop_s64x128x16gemm_f16_f16_f32_f16_f16_128x128x64_2x1x1_0_nnn_align8_warpspecialized_epi_nosmem,passed,success,universal,1280,4096,1024,f16:column,f16:column,f16:column,f16:column,1,0,serial,8,1,heuristic,invalid,invalid,false,false,1,tensorop,f32,128,128,64,2,1,1,0,0,0,7,4,1,1,64,128,16,90,90,21495808,10747904000,500,0.0314496,636.559,341750
58,CUTLASS,gemm,cutlass3x_sm90_tensorop_s64x128x16gemm_f16_f16_f32_f16_f16_128x128x64_2x1x1_0_nnn_align8_warpspecialized_pingpong_epi_tma,passed,success,universal,1280,4096,1024,f16:column,f16:column,f16:column,f16:column,1,0,serial,8,1,heuristic,invalid,invalid,false,false,1,tensorop,f32,128,128,64,2,1,1,0,0,0,6,4,1,1,64,128,16,90,90,21495808,10747904000,500,0.0235027,851.796,457305
58,CUTLASS,gemm,cutlass3x_sm90_tensorop_s64x128x16gemm_f16_f16_f32_f16_f16_128x128x64_2x1x1_0_nnn_align8_warpspecialized_pingpong_epi_nosmem,passed,success,universal,1280,4096,1024,f16:column,f16:column,f16:column,f16:column,1,0,serial,8,1,heuristic,invalid,invalid,false,false,1,tensorop,f32,128,128,64,2,1,1,0,0,0,7,4,1,1,64,128,16,90,90,21495808,10747904000,500,0.0255437,783.737,420766
58,CUTLASS,gemm,cutlass3x_sm90_tensorop_s64x128x16gemm_f16_f16_f32_f16_f16_128x128x64_2x1x1_0_nnn_align8_warpspecialized_cooperative_epi_nosmem,passed,success,universal,1280,4096,1024,f16:column,f16:column,f16:column,f16:column,1,0,serial,8,1,heuristic,invalid,invalid,false,false,1,tensorop,f32,128,128,64,2,1,1,0,0,0,7,4,2,1,64,128,16,90,90,21495808,10747904000,500,0.0303952,658.641,353605
58,CUTLASS,gemm,cutlass3x_sm90_tensorop_s64x128x16gemm_f16_f16_f32_f16_f16_128x128x64_2x1x1_0_nnn_align8_warpspecialized_cooperative_epi_tma,passed,success,universal,1280,4096,1024,f16:column,f16:column,f16:column,f16:column,1,0,serial,8,1,heuristic,invalid,invalid,false,false,1,tensorop,f32,128,128,64,2,1,1,0,0,0,6,4,2,1,64,128,16,90,90,21495808,10747904000,500,0.0250352,799.655,429312
58,CUTLASS,gemm,cutlass3x_sm90_tensorop_s64x128x16gemm_f16_f16_f32_f16_f16_128x128x64_2x1x1_0_nnn_align8_stream_k_warpspecialized_cooperative_epi_nosmem,passed,success,universal,1280,4096,1024,f16:column,f16:column,f16:column,f16:column,1,0,serial,8,1,heuristic,invalid,invalid,false,false,1,tensorop,f32,128,128,64,2,1,1,0,0,0,7,4,2,1,64,128,16,90,90,21495808,10747904000,500,0.106138,188.618,101263
58,CUTLASS,gemm,cutlass3x_sm90_tensorop_s64x128x16gemm_f16_f16_f32_f16_f16_128x128x64_2x1x1_0_nnn_align8_stream_k_warpspecialized_cooperative_epi_tma,passed,success,universal,1280,4096,1024,f16:column,f16:column,f16:column,f16:column,1,0,serial,8,1,heuristic,invalid,invalid,false,false,1,tensorop,f32,128,128,64,2,1,1,0,0,0,6,4,2,1,64,128,16,90,90,21495808,10747904000,500,0.104384,191.787,102965
59,CUTLASS,gemm,cutlass_tensorop_f16_s1688gemm_f16_256x128_32x2_nn_align8,passed,success,universal,1408,4096,1024,f16:column,f16:column,f16:column,f16:column,1,0,serial,8,1,heuristic,invalid,invalid,false,false,1,tensorop,f32,256,128,32,1,1,1,0,0,0,2,4,2,1,16,8,8,75,1024,22806528,11822694400,518,0.104563,203.133,113067
59,CUTLASS,gemm,cutlass_tensorop_f16_s16816gemm_f16_256x128_32x3_nn_align8,passed,success,universal,1408,4096,1024,f16:column,f16:column,f16:column,f16:column,1,0,serial,8,1,heuristic,invalid,invalid,false,false,1,tensorop,f32,256,128,32,1,1,1,0,0,0,3,4,2,1,16,8,16,80,1024,22806528,11822694400,518,0.0863933,245.855,136847
59,CUTLASS,gemm,cutlass3x_sm90_tensorop_s64x128x16gemm_f16_f16_f32_f16_f16_128x128x64_1x2x1_0_nnn_align8,passed,success,universal,1408,4096,1024,f16:column,f16:column,f16:column,f16:column,1,0,serial,8,1,heuristic,invalid,invalid,false,false,1,tensorop,f32,128,128,64,1,2,1,0,0,0,7,4,2,1,64,128,16,90,90,22806528,11822694400,518,0.030752,690.694,384453
59,CUTLASS,gemm,cutlass3x_sm90_tensorop_s64x128x16gemm_f16_f16_f32_f16_f16_128x128x64_1x2x1_0_nnn_align8_warpspecialized_epi_nosmem,passed,success,universal,1408,4096,1024,f16:column,f16:column,f16:column,f16:column,1,0,serial,8,1,heuristic,invalid,invalid,false,false,1,tensorop,f32,128,128,64,1,2,1,0,0,0,7,4,1,1,64,128,16,90,90,22806528,11822694400,518,0.0316656,670.767,373361
59,CUTLASS,gemm,cutlass3x_sm90_tensorop_s64x128x16gemm_f16_f16_f32_f16_f16_128x128x64_1x2x1_0_nnn_align8_warpspecialized_pingpong_epi_tma,passed,success,universal,1408,4096,1024,f16:column,f16:column,f16:column,f16:column,1,0,serial,8,1,heuristic,invalid,invalid,false,false,1,tensorop,f32,128,128,64,1,2,1,0,0,0,6,4,1,1,64,128,16,90,90,22806528,11822694400,518,0.0243747,871.404,485039
59,CUTLASS,gemm,cutlass3x_sm90_tensorop_s64x128x16gemm_f16_f16_f32_f16_f16_128x128x64_1x2x1_0_nnn_align8_warpspecialized_pingpong_epi_nosmem,passed,success,universal,1408,4096,1024,f16:column,f16:column,f16:column,f16:column,1,0,serial,8,1,heuristic,invalid,invalid,false,false,1,tensorop,f32,128,128,64,1,2,1,0,0,0,7,4,1,1,64,128,16,90,90,22806528,11822694400,518,0.0267443,794.196,442064
59,CUTLASS,gemm,cutlass3x_sm90_tensorop_s64x128x16gemm_f16_f16_f32_f16_f16_128x128x64_1x2x1_0_nnn_align8_warpspecialized_cooperative_epi_nosmem,passed,success,universal,1408,4096,1024,f16:column,f16:column,f16:column,f16:column,1,0,serial,8,1,heuristic,invalid,invalid,false,false,1,tensorop,f32,128,128,64,1,2,1,0,0,0,7,4,2,1,64,128,16,90,90,22806528,11822694400,518,0.0307728,690.228,384193
59,CUTLASS,gemm,cutlass3x_sm90_tensorop_s64x128x16gemm_f16_f16_f32_f16_f16_128x128x64_1x2x1_0_nnn_align8_warpspecialized_cooperative_epi_tma,passed,success,universal,1408,4096,1024,f16:column,f16:column,f16:column,f16:column,1,0,serial,8,1,heuristic,invalid,invalid,false,false,1,tensorop,f32,128,128,64,1,2,1,0,0,0,6,4,2,1,64,128,16,90,90,22806528,11822694400,518,0.0255373,831.734,462958
59,CUTLASS,gemm,cutlass3x_sm90_tensorop_s64x128x16gemm_f16_f16_f32_f16_f16_128x128x64_1x2x1_0_nnn_align8_stream_k_warpspecialized_cooperative_epi_nosmem,passed,success,universal,1408,4096,1024,f16:column,f16:column,f16:column,f16:column,1,0,serial,8,1,heuristic,invalid,invalid,false,false,1,tensorop,f32,128,128,64,1,2,1,0,0,0,7,4,2,1,64,128,16,90,90,22806528,11822694400,518,0.116895,181.704,101140
59,CUTLASS,gemm,cutlass3x_sm90_tensorop_s64x128x16gemm_f16_f16_f32_f16_f16_128x128x64_1x2x1_0_nnn_align8_stream_k_warpspecialized_cooperative_epi_tma,passed,success,universal,1408,4096,1024,f16:column,f16:column,f16:column,f16:column,1,0,serial,8,1,heuristic,invalid,invalid,false,false,1,tensorop,f32,128,128,64,1,2,1,0,0,0,6,4,2,1,64,128,16,90,90,22806528,11822694400,518,0.11405,186.236,103662
59,CUTLASS,gemm,cutlass3x_sm90_tensorop_s64x128x16gemm_f16_f16_f32_f16_f16_128x128x64_2x1x1_0_nnn_align8,passed,success,universal,1408,4096,1024,f16:column,f16:column,f16:column,f16:column,1,0,serial,8,1,heuristic,invalid,invalid,false,false,1,tensorop,f32,128,128,64,2,1,1,0,0,0,7,4,2,1,64,128,16,90,90,22806528,11822694400,518,0.0326874,649.8,361690
59,CUTLASS,gemm,cutlass3x_sm90_tensorop_s64x128x16gemm_f16_f16_f32_f16_f16_128x128x64_2x1x1_0_nnn_align8_warpspecialized_epi_nosmem,passed,success,universal,1408,4096,1024,f16:column,f16:column,f16:column,f16:column,1,0,serial,8,1,heuristic,invalid,invalid,false,false,1,tensorop,f32,128,128,64,2,1,1,0,0,0,7,4,1,1,64,128,16,90,90,22806528,11822694400,518,0.0353424,600.984,334519
59,CUTLASS,gemm,cutlass3x_sm90_tensorop_s64x128x16gemm_f16_f16_f32_f16_f16_128x128x64_2x1x1_0_nnn_align8_warpspecialized_pingpong_epi_tma,passed,success,universal,1408,4096,1024,f16:column,f16:column,f16:column,f16:column,1,0,serial,8,1,heuristic,invalid,invalid,false,false,1,tensorop,f32,128,128,64,2,1,1,0,0,0,6,4,1,1,64,128,16,90,90,22806528,11822694400,518,0.0305258,695.813,387302
59,CUTLASS,gemm,cutlass3x_sm90_tensorop_s64x128x16gemm_f16_f16_f32_f16_f16_128x128x64_2x1x1_0_nnn_align8_warpspecialized_pingpong_epi_nosmem,passed,success,universal,1408,4096,1024,f16:column,f16:column,f16:column,f16:column,1,0,serial,8,1,heuristic,invalid,invalid,false,false,1,tensorop,f32,128,128,64,2,1,1,0,0,0,7,4,1,1,64,128,16,90,90,22806528,11822694400,518,0.0313645,677.207,376945
59,CUTLASS,gemm,cutlass3x_sm90_tensorop_s64x128x16gemm_f16_f16_f32_f16_f16_128x128x64_2x1x1_0_nnn_align8_warpspecialized_cooperative_epi_nosmem,passed,success,universal,1408,4096,1024,f16:column,f16:column,f16:column,f16:column,1,0,serial,8,1,heuristic,invalid,invalid,false,false,1,tensorop,f32,128,128,64,2,1,1,0,0,0,7,4,2,1,64,128,16,90,90,22806528,11822694400,518,0.0329203,645.201,359131
59,CUTLASS,gemm,cutlass3x_sm90_tensorop_s64x128x16gemm_f16_f16_f32_f16_f16_128x128x64_2x1x1_0_nnn_align8_warpspecialized_cooperative_epi_tma,passed,success,universal,1408,4096,1024,f16:column,f16:column,f16:column,f16:column,1,0,serial,8,1,heuristic,invalid,invalid,false,false,1,tensorop,f32,128,128,64,2,1,1,0,0,0,6,4,2,1,64,128,16,90,90,22806528,11822694400,518,0.0291978,727.461,404918
59,CUTLASS,gemm,cutlass3x_sm90_tensorop_s64x128x16gemm_f16_f16_f32_f16_f16_128x128x64_2x1x1_0_nnn_align8_stream_k_warpspecialized_cooperative_epi_nosmem,passed,success,universal,1408,4096,1024,f16:column,f16:column,f16:column,f16:column,1,0,serial,8,1,heuristic,invalid,invalid,false,false,1,tensorop,f32,128,128,64,2,1,1,0,0,0,7,4,2,1,64,128,16,90,90,22806528,11822694400,518,0.127753,166.26,92543.2
59,CUTLASS,gemm,cutlass3x_sm90_tensorop_s64x128x16gemm_f16_f16_f32_f16_f16_128x128x64_2x1x1_0_nnn_align8_stream_k_warpspecialized_cooperative_epi_tma,passed,success,universal,1408,4096,1024,f16:column,f16:column,f16:column,f16:column,1,0,serial,8,1,heuristic,invalid,invalid,false,false,1,tensorop,f32,128,128,64,2,1,1,0,0,0,6,4,2,1,64,128,16,90,90,22806528,11822694400,518,0.126316,168.152,93596.3
60,CUTLASS,gemm,cutlass_tensorop_f16_s1688gemm_f16_256x128_32x2_nn_align8,passed,success,universal,1536,4096,1024,f16:column,f16:column,f16:column,f16:column,1,0,serial,8,1,heuristic,invalid,invalid,false,false,1,tensorop,f32,256,128,32,1,1,1,0,0,0,2,4,2,1,16,8,8,75,1024,24117248,12897484800,534,0.112591,199.492,114552
60,CUTLASS,gemm,cutlass_tensorop_f16_s16816gemm_f16_256x128_32x3_nn_align8,passed,success,universal,1536,4096,1024,f16:column,f16:column,f16:column,f16:column,1,0,serial,8,1,heuristic,invalid,invalid,false,false,1,tensorop,f32,256,128,32,1,1,1,0,0,0,3,4,2,1,16,8,16,80,1024,24117248,12897484800,534,0.0932234,240.937,138350
60,CUTLASS,gemm,cutlass3x_sm90_tensorop_s64x128x16gemm_f16_f16_f32_f16_f16_128x128x64_1x2x1_0_nnn_align8,passed,success,universal,1536,4096,1024,f16:column,f16:column,f16:column,f16:column,1,0,serial,8,1,heuristic,invalid,invalid,false,false,1,tensorop,f32,128,128,64,1,2,1,0,0,0,7,4,2,1,64,128,16,90,90,24117248,12897484800,534,0.0314458,714.276,410150
60,CUTLASS,gemm,cutlass3x_sm90_tensorop_s64x128x16gemm_f16_f16_f32_f16_f16_128x128x64_1x2x1_0_nnn_align8_warpspecialized_epi_nosmem,passed,success,universal,1536,4096,1024,f16:column,f16:column,f16:column,f16:column,1,0,serial,8,1,heuristic,invalid,invalid,false,false,1,tensorop,f32,128,128,64,1,2,1,0,0,0,7,4,1,1,64,128,16,90,90,24117248,12897484800,534,0.0336054,668.372,383792
60,CUTLASS,gemm,cutlass3x_sm90_tensorop_s64x128x16gemm_f16_f16_f32_f16_f16_128x128x64_1x2x1_0_nnn_align8_warpspecialized_pingpong_epi_tma,passed,success,universal,1536,4096,1024,f16:column,f16:column,f16:column,f16:column,1,0,serial,8,1,heuristic,invalid,invalid,false,false,1,tensorop,f32,128,128,64,1,2,1,0,0,0,6,4,1,1,64,128,16,90,90,24117248,12897484800,534,0.0249811,899.117,516289
60,CUTLASS,gemm,cutlass3x_sm90_tensorop_s64x128x16gemm_f16_f16_f32_f16_f16_128x128x64_1x2x1_0_nnn_align8_warpspecialized_pingpong_epi_nosmem,passed,success,universal,1536,4096,1024,f16:column,f16:column,f16:column,f16:column,1,0,serial,8,1,heuristic,invalid,invalid,false,false,1,tensorop,f32,128,128,64,1,2,1,0,0,0,7,4,1,1,64,128,16,90,90,24117248,12897484800,534,0.0273706,820.624,471217
60,CUTLASS,gemm,cutlass3x_sm90_tensorop_s64x128x16gemm_f16_f16_f32_f16_f16_128x128x64_1x2x1_0_nnn_align8_warpspecialized_cooperative_epi_nosmem,passed,success,universal,1536,4096,1024,f16:column,f16:column,f16:column,f16:column,1,0,serial,8,1,heuristic,invalid,invalid,false,false,1,tensorop,f32,128,128,64,1,2,1,0,0,0,7,4,2,1,64,128,16,90,90,24117248,12897484800,534,0.0313494,716.47,411410
60,CUTLASS,gemm,cutlass3x_sm90_tensorop_s64x128x16gemm_f16_f16_f32_f16_f16_128x128x64_1x2x1_0_nnn_align8_warpspecialized_cooperative_epi_tma,passed,success,universal,1536,4096,1024,f16:column,f16:column,f16:column,f16:column,1,0,serial,8,1,heuristic,invalid,invalid,false,false,1,tensorop,f32,128,128,64,1,2,1,0,0,0,6,4,2,1,64,128,16,90,90,24117248,12897484800,534,0.0255446,879.282,504900
60,CUTLASS,gemm,cutlass3x_sm90_tensorop_s64x128x16gemm_f16_f16_f32_f16_f16_128x128x64_1x2x1_0_nnn_align8_stream_k_warpspecialized_cooperative_epi_nosmem,passed,success,universal,1536,4096,1024,f16:column,f16:column,f16:column,f16:column,1,0,serial,8,1,heuristic,invalid,invalid,false,false,1,tensorop,f32,128,128,64,1,2,1,0,0,0,7,4,2,1,64,128,16,90,90,24117248,12897484800,534,0.127994,175.484,100766
60,CUTLASS,gemm,cutlass3x_sm90_tensorop_s64x128x16gemm_f16_f16_f32_f16_f16_128x128x64_1x2x1_0_nnn_align8_stream_k_warpspecialized_cooperative_epi_tma,passed,success,universal,1536,4096,1024,f16:column,f16:column,f16:column,f16:column,1,0,serial,8,1,heuristic,invalid,invalid,false,false,1,tensorop,f32,128,128,64,1,2,1,0,0,0,6,4,2,1,64,128,16,90,90,24117248,12897484800,534,0.125466,179.021,102797
60,CUTLASS,gemm,cutlass3x_sm90_tensorop_s64x128x16gemm_f16_f16_f32_f16_f16_128x128x64_2x1x1_0_nnn_align8,passed,success,universal,1536,4096,1024,f16:column,f16:column,f16:column,f16:column,1,0,serial,8,1,heuristic,invalid,invalid,false,false,1,tensorop,f32,128,128,64,2,1,1,0,0,0,7,4,2,1,64,128,16,90,90,24117248,12897484800,534,0.0314432,714.334,410184
60,CUTLASS,gemm,cutlass3x_sm90_tensorop_s64x128x16gemm_f16_f16_f32_f16_f16_128x128x64_2x1x1_0_nnn_align8_warpspecialized_epi_nosmem,passed,success,universal,1536,4096,1024,f16:column,f16:column,f16:column,f16:column,1,0,serial,8,1,heuristic,invalid,invalid,false,false,1,tensorop,f32,128,128,64,2,1,1,0,0,0,7,4,1,1,64,128,16,90,90,24117248,12897484800,534,0.0348896,643.772,369666
60,CUTLASS,gemm,cutlass3x_sm90_tensorop_s64x128x16gemm_f16_f16_f32_f16_f16_128x128x64_2x1x1_0_nnn_align8_warpspecialized_pingpong_epi_tma,passed,success,universal,1536,4096,1024,f16:column,f16:column,f16:column,f16:column,1,0,serial,8,1,heuristic,invalid,invalid,false,false,1,tensorop,f32,128,128,64,2,1,1,0,0,0,6,4,1,1,64,128,16,90,90,24117248,12897484800,534,0.0245926,913.319,524445
60,CUTLASS,gemm,cutlass3x_sm90_tensorop_s64x128x16gemm_f16_f16_f32_f16_f16_128x128x64_2x1x1_0_nnn_align8_warpspecialized_pingpong_epi_nosmem,passed,success,universal,1536,4096,1024,f16:column,f16:column,f16:column,f16:column,1,0,serial,8,1,heuristic,invalid,invalid,false,false,1,tensorop,f32,128,128,64,2,1,1,0,0,0,7,4,1,1,64,128,16,90,90,24117248,12897484800,534,0.0269872,832.281,477911
60,CUTLASS,gemm,cutlass3x_sm90_tensorop_s64x128x16gemm_f16_f16_f32_f16_f16_128x128x64_2x1x1_0_nnn_align8_warpspecialized_cooperative_epi_nosmem,passed,success,universal,1536,4096,1024,f16:column,f16:column,f16:column,f16:column,1,0,serial,8,1,heuristic,invalid,invalid,false,false,1,tensorop,f32,128,128,64,2,1,1,0,0,0,7,4,2,1,64,128,16,90,90,24117248,12897484800,534,0.0314438,714.319,410175
60,CUTLASS,gemm,cutlass3x_sm90_tensorop_s64x128x16gemm_f16_f16_f32_f16_f16_128x128x64_2x1x1_0_nnn_align8_warpspecialized_cooperative_epi_tma,passed,success,universal,1536,4096,1024,f16:column,f16:column,f16:column,f16:column,1,0,serial,8,1,heuristic,invalid,invalid,false,false,1,tensorop,f32,128,128,64,2,1,1,0,0,0,6,4,2,1,64,128,16,90,90,24117248,12897484800,534,0.0254,884.289,507775
60,CUTLASS,gemm,cutlass3x_sm90_tensorop_s64x128x16gemm_f16_f16_f32_f16_f16_128x128x64_2x1x1_0_nnn_align8_stream_k_warpspecialized_cooperative_epi_nosmem,passed,success,universal,1536,4096,1024,f16:column,f16:column,f16:column,f16:column,1,0,serial,8,1,heuristic,invalid,invalid,false,false,1,tensorop,f32,128,128,64,2,1,1,0,0,0,7,4,2,1,64,128,16,90,90,24117248,12897484800,534,0.127781,175.777,100934
60,CUTLASS,gemm,cutlass3x_sm90_tensorop_s64x128x16gemm_f16_f16_f32_f16_f16_128x128x64_2x1x1_0_nnn_align8_stream_k_warpspecialized_cooperative_epi_tma,passed,success,universal,1536,4096,1024,f16:column,f16:column,f16:column,f16:column,1,0,serial,8,1,heuristic,invalid,invalid,false,false,1,tensorop,f32,128,128,64,2,1,1,0,0,0,6,4,2,1,64,128,16,90,90,24117248,12897484800,534,0.126098,178.123,102282
61,CUTLASS,gemm,cutlass_tensorop_f16_s1688gemm_f16_256x128_32x2_nn_align8,passed,success,universal,1664,4096,1024,f16:column,f16:column,f16:column,f16:column,1,0,serial,8,1,heuristic,invalid,invalid,false,false,1,tensorop,f32,256,128,32,1,1,1,0,0,0,2,4,2,1,16,8,8,75,1024,25427968,13972275200,549,0.121696,194.597,114813
61,CUTLASS,gemm,cutlass_tensorop_f16_s16816gemm_f16_256x128_32x3_nn_align8,passed,success,universal,1664,4096,1024,f16:column,f16:column,f16:column,f16:column,1,0,serial,8,1,heuristic,invalid,invalid,false,false,1,tensorop,f32,256,128,32,1,1,1,0,0,0,3,4,2,1,16,8,16,80,1024,25427968,13972275200,549,0.100361,235.965,139220
61,CUTLASS,gemm,cutlass3x_sm90_tensorop_s64x128x16gemm_f16_f16_f32_f16_f16_128x128x64_1x2x1_0_nnn_align8,passed,success,universal,1664,4096,1024,f16:column,f16:column,f16:column,f16:column,1,0,serial,8,1,heuristic,invalid,invalid,false,false,1,tensorop,f32,128,128,64,1,2,1,0,0,0,7,4,2,1,64,128,16,90,90,25427968,13972275200,549,0.0387094,611.779,360953
61,CUTLASS,gemm,cutlass3x_sm90_tensorop_s64x128x16gemm_f16_f16_f32_f16_f16_128x128x64_1x2x1_0_nnn_align8_warpspecialized_epi_nosmem,passed,success,universal,1664,4096,1024,f16:column,f16:column,f16:column,f16:column,1,0,serial,8,1,heuristic,invalid,invalid,false,false,1,tensorop,f32,128,128,64,1,2,1,0,0,0,7,4,1,1,64,128,16,90,90,25427968,13972275200,549,0.0375818,630.137,371783
61,CUTLASS,gemm,cutlass3x_sm90_tensorop_s64x128x16gemm_f16_f16_f32_f16_f16_128x128x64_1x2x1_0_nnn_align8_warpspecialized_pingpong_epi_tma,passed,success,universal,1664,4096,1024,f16:column,f16:column,f16:column,f16:column,1,0,serial,8,1,heuristic,invalid,invalid,false,false,1,tensorop,f32,128,128,64,1,2,1,0,0,0,6,4,1,1,64,128,16,90,90,25427968,13972275200,549,0.029649,798.734,471257
61,CUTLASS,gemm,cutlass3x_sm90_tensorop_s64x128x16gemm_f16_f16_f32_f16_f16_128x128x64_1x2x1_0_nnn_align8_warpspecialized_pingpong_epi_nosmem,passed,success,universal,1664,4096,1024,f16:column,f16:column,f16:column,f16:column,1,0,serial,8,1,heuristic,invalid,invalid,false,false,1,tensorop,f32,128,128,64,1,2,1,0,0,0,7,4,1,1,64,128,16,90,90,25427968,13972275200,549,0.032689,724.454,427431
61,CUTLASS,gemm,cutlass3x_sm90_tensorop_s64x128x16gemm_f16_f16_f32_f16_f16_128x128x64_1x2x1_0_nnn_align8_warpspecialized_cooperative_epi_nosmem,passed,success,universal,1664,4096,1024,f16:column,f16:column,f16:column,f16:column,1,0,serial,8,1,heuristic,invalid,invalid,false,false,1,tensorop,f32,128,128,64,1,2,1,0,0,0,7,4,2,1,64,128,16,90,90,25427968,13972275200,549,0.0389798,607.536,358449
61,CUTLASS,gemm,cutlass3x_sm90_tensorop_s64x128x16gemm_f16_f16_f32_f16_f16_128x128x64_1x2x1_0_nnn_align8_warpspecialized_cooperative_epi_tma,passed,success,universal,1664,4096,1024,f16:column,f16:column,f16:column,f16:column,1,0,serial,8,1,heuristic,invalid,invalid,false,false,1,tensorop,f32,128,128,64,1,2,1,0,0,0,6,4,2,1,64,128,16,90,90,25427968,13972275200,549,0.0314102,753.946,444832
61,CUTLASS,gemm,cutlass3x_sm90_tensorop_s64x128x16gemm_f16_f16_f32_f16_f16_128x128x64_1x2x1_0_nnn_align8_stream_k_warpspecialized_cooperative_epi_nosmem,passed,success,universal,1664,4096,1024,f16:column,f16:column,f16:column,f16:column,1,0,serial,8,1,heuristic,invalid,invalid,false,false,1,tensorop,f32,128,128,64,1,2,1,0,0,0,7,4,2,1,64,128,16,90,90,25427968,13972275200,549,0.139239,170.079,100348
61,CUTLASS,gemm,cutlass3x_sm90_tensorop_s64x128x16gemm_f16_f16_f32_f16_f16_128x128x64_1x2x1_0_nnn_align8_stream_k_warpspecialized_cooperative_epi_tma,passed,success,universal,1664,4096,1024,f16:column,f16:column,f16:column,f16:column,1,0,serial,8,1,heuristic,invalid,invalid,false,false,1,tensorop,f32,128,128,64,1,2,1,0,0,0,6,4,2,1,64,128,16,90,90,25427968,13972275200,549,0.137017,172.838,101975
61,CUTLASS,gemm,cutlass3x_sm90_tensorop_s64x128x16gemm_f16_f16_f32_f16_f16_128x128x64_2x1x1_0_nnn_align8,passed,success,universal,1664,4096,1024,f16:column,f16:column,f16:column,f16:column,1,0,serial,8,1,heuristic,invalid,invalid,false,false,1,tensorop,f32,128,128,64,2,1,1,0,0,0,7,4,2,1,64,128,16,90,90,25427968,13972275200,549,0.0402163,588.856,347428
61,CUTLASS,gemm,cutlass3x_sm90_tensorop_s64x128x16gemm_f16_f16_f32_f16_f16_128x128x64_2x1x1_0_nnn_align8_warpspecialized_epi_nosmem,passed,success,universal,1664,4096,1024,f16:column,f16:column,f16:column,f16:column,1,0,serial,8,1,heuristic,invalid,invalid,false,false,1,tensorop,f32,128,128,64,2,1,1,0,0,0,7,4,1,1,64,128,16,90,90,25427968,13972275200,549,0.0422112,561.027,331009
61,CUTLASS,gemm,cutlass3x_sm90_tensorop_s64x128x16gemm_f16_f16_f32_f16_f16_128x128x64_2x1x1_0_nnn_align8_warpspecialized_pingpong_epi_tma,passed,success,universal,1664,4096,1024,f16:column,f16:column,f16:column,f16:column,1,0,serial,8,1,heuristic,invalid,invalid,false,false,1,tensorop,f32,128,128,64,2,1,1,0,0,0,6,4,1,1,64,128,16,90,90,25427968,13972275200,549,0.0333533,710.024,418918
61,CUTLASS,gemm,cutlass3x_sm90_tensorop_s64x128x16gemm_f16_f16_f32_f16_f16_128x128x64_2x1x1_0_nnn_align8_warpspecialized_pingpong_epi_nosmem,passed,success,universal,1664,4096,1024,f16:column,f16:column,f16:column,f16:column,1,0,serial,8,1,heuristic,invalid,invalid,false,false,1,tensorop,f32,128,128,64,2,1,1,0,0,0,7,4,1,1,64,128,16,90,90,25427968,13972275200,549,0.0352205,672.383,396709
61,CUTLASS,gemm,cutlass3x_sm90_tensorop_s64x128x16gemm_f16_f16_f32_f16_f16_128x128x64_2x1x1_0_nnn_align8_warpspecialized_cooperative_epi_nosmem,passed,success,universal,1664,4096,1024,f16:column,f16:column,f16:column,f16:column,1,0,serial,8,1,heuristic,invalid,invalid,false,false,1,tensorop,f32,128,128,64,2,1,1,0,0,0,7,4,2,1,64,128,16,90,90,25427968,13972275200,549,0.0402797,587.93,346881
61,CUTLASS,gemm,cutlass3x_sm90_tensorop_s64x128x16gemm_f16_f16_f32_f16_f16_128x128x64_2x1x1_0_nnn_align8_warpspecialized_cooperative_epi_tma,passed,success,universal,1664,4096,1024,f16:column,f16:column,f16:column,f16:column,1,0,serial,8,1,heuristic,invalid,invalid,false,false,1,tensorop,f32,128,128,64,2,1,1,0,0,0,6,4,2,1,64,128,16,90,90,25427968,13972275200,549,0.0340826,694.832,409954
61,CUTLASS,gemm,cutlass3x_sm90_tensorop_s64x128x16gemm_f16_f16_f32_f16_f16_128x128x64_2x1x1_0_nnn_align8_stream_k_warpspecialized_cooperative_epi_nosmem,passed,success,universal,1664,4096,1024,f16:column,f16:column,f16:column,f16:column,1,0,serial,8,1,heuristic,invalid,invalid,false,false,1,tensorop,f32,128,128,64,2,1,1,0,0,0,7,4,2,1,64,128,16,90,90,25427968,13972275200,549,0.145403,162.869,96093.7
61,CUTLASS,gemm,cutlass3x_sm90_tensorop_s64x128x16gemm_f16_f16_f32_f16_f16_128x128x64_2x1x1_0_nnn_align8_stream_k_warpspecialized_cooperative_epi_tma,passed,success,universal,1664,4096,1024,f16:column,f16:column,f16:column,f16:column,1,0,serial,8,1,heuristic,invalid,invalid,false,false,1,tensorop,f32,128,128,64,2,1,1,0,0,0,6,4,2,1,64,128,16,90,90,25427968,13972275200,549,0.143946,164.518,97066.4
62,CUTLASS,gemm,cutlass_tensorop_f16_s1688gemm_f16_256x128_32x2_nn_align8,passed,success,universal,1792,4096,1024,f16:column,f16:column,f16:column,f16:column,1,0,serial,8,1,heuristic,invalid,invalid,false,false,1,tensorop,f32,256,128,32,1,1,1,0,0,0,2,4,2,1,16,8,8,75,1024,26738688,15047065600,562,0.130134,191.359,115627
62,CUTLASS,gemm,cutlass_tensorop_f16_s16816gemm_f16_256x128_32x3_nn_align8,passed,success,universal,1792,4096,1024,f16:column,f16:column,f16:column,f16:column,1,0,serial,8,1,heuristic,invalid,invalid,false,false,1,tensorop,f32,256,128,32,1,1,1,0,0,0,3,4,2,1,16,8,16,80,1024,26738688,15047065600,562,0.107428,231.805,140067
62,CUTLASS,gemm,cutlass3x_sm90_tensorop_s64x128x16gemm_f16_f16_f32_f16_f16_128x128x64_1x2x1_0_nnn_align8,passed,success,universal,1792,4096,1024,f16:column,f16:column,f16:column,f16:column,1,0,serial,8,1,heuristic,invalid,invalid,false,false,1,tensorop,f32,128,128,64,1,2,1,0,0,0,7,4,2,1,64,128,16,90,90,26738688,15047065600,562,0.0402637,618.482,373713
62,CUTLASS,gemm,cutlass3x_sm90_tensorop_s64x128x16gemm_f16_f16_f32_f16_f16_128x128x64_1x2x1_0_nnn_align8_warpspecialized_epi_nosmem,passed,success,universal,1792,4096,1024,f16:column,f16:column,f16:column,f16:column,1,0,serial,8,1,heuristic,invalid,invalid,false,false,1,tensorop,f32,128,128,64,1,2,1,0,0,0,7,4,1,1,64,128,16,90,90,26738688,15047065600,562,0.041984,593.139,358400
62,CUTLASS,gemm,cutlass3x_sm90_tensorop_s64x128x16gemm_f16_f16_f32_f16_f16_128x128x64_1x2x1_0_nnn_align8_warpspecialized_pingpong_epi_tma,passed,success,universal,1792,4096,1024,f16:column,f16:column,f16:column,f16:column,1,0,serial,8,1,heuristic,invalid,invalid,false,false,1,tensorop,f32,128,128,64,1,2,1,0,0,0,6,4,1,1,64,128,16,90,90,26738688,15047065600,562,0.0291472,854.365,516244
62,CUTLASS,gemm,cutlass3x_sm90_tensorop_s64x128x16gemm_f16_f16_f32_f16_f16_128x128x64_1x2x1_0_nnn_align8_warpspecialized_pingpong_epi_nosmem,passed,success,universal,1792,4096,1024,f16:column,f16:column,f16:column,f16:column,1,0,serial,8,1,heuristic,invalid,invalid,false,false,1,tensorop,f32,128,128,64,1,2,1,0,0,0,7,4,1,1,64,128,16,90,90,26738688,15047065600,562,0.0338131,736.47,445007
62,CUTLASS,gemm,cutlass3x_sm90_tensorop_s64x128x16gemm_f16_f16_f32_f16_f16_128x128x64_1x2x1_0_nnn_align8_warpspecialized_cooperative_epi_nosmem,passed,success,universal,1792,4096,1024,f16:column,f16:column,f16:column,f16:column,1,0,serial,8,1,heuristic,invalid,invalid,false,false,1,tensorop,f32,128,128,64,1,2,1,0,0,0,7,4,2,1,64,128,16,90,90,26738688,15047065600,562,0.0401952,619.535,374350
62,CUTLASS,gemm,cutlass3x_sm90_tensorop_s64x128x16gemm_f16_f16_f32_f16_f16_128x128x64_1x2x1_0_nnn_align8_warpspecialized_cooperative_epi_tma,passed,success,universal,1792,4096,1024,f16:column,f16:column,f16:column,f16:column,1,0,serial,8,1,heuristic,invalid,invalid,false,false,1,tensorop,f32,128,128,64,1,2,1,0,0,0,6,4,2,1,64,128,16,90,90,26738688,15047065600,562,0.031447,791.882,478489
62,CUTLASS,gemm,cutlass3x_sm90_tensorop_s64x128x16gemm_f16_f16_f32_f16_f16_128x128x64_1x2x1_0_nnn_align8_stream_k_warpspecialized_cooperative_epi_nosmem,passed,success,universal,1792,4096,1024,f16:column,f16:column,f16:column,f16:column,1,0,serial,8,1,heuristic,invalid,invalid,false,false,1,tensorop,f32,128,128,64,1,2,1,0,0,0,7,4,2,1,64,128,16,90,90,26738688,15047065600,562,0.147889,168.385,101746
62,CUTLASS,gemm,cutlass3x_sm90_tensorop_s64x128x16gemm_f16_f16_f32_f16_f16_128x128x64_1x2x1_0_nnn_align8_stream_k_warpspecialized_cooperative_epi_tma,passed,success,universal,1792,4096,1024,f16:column,f16:column,f16:column,f16:column,1,0,serial,8,1,heuristic,invalid,invalid,false,false,1,tensorop,f32,128,128,64,1,2,1,0,0,0,6,4,2,1,64,128,16,90,90,26738688,15047065600,562,0.14482,171.954,103902
62,CUTLASS,gemm,cutlass3x_sm90_tensorop_s64x128x16gemm_f16_f16_f32_f16_f16_128x128x64_2x1x1_0_nnn_align8,passed,success,universal,1792,4096,1024,f16:column,f16:column,f16:column,f16:column,1,0,serial,8,1,heuristic,invalid,invalid,false,false,1,tensorop,f32,128,128,64,2,1,1,0,0,0,7,4,2,1,64,128,16,90,90,26738688,15047065600,562,0.0400189,622.265,375999
62,CUTLASS,gemm,cutlass3x_sm90_tensorop_s64x128x16gemm_f16_f16_f32_f16_f16_128x128x64_2x1x1_0_nnn_align8_warpspecialized_epi_nosmem,passed,success,universal,1792,4096,1024,f16:column,f16:column,f16:column,f16:column,1,0,serial,8,1,heuristic,invalid,invalid,false,false,1,tensorop,f32,128,128,64,2,1,1,0,0,0,7,4,1,1,64,128,16,90,90,26738688,15047065600,562,0.0435824,571.385,345256
62,CUTLASS,gemm,cutlass3x_sm90_tensorop_s64x128x16gemm_f16_f16_f32_f16_f16_128x128x64_2x1x1_0_nnn_align8_warpspecialized_pingpong_epi_tma,passed,success,universal,1792,4096,1024,f16:column,f16:column,f16:column,f16:column,1,0,serial,8,1,heuristic,invalid,invalid,false,false,1,tensorop,f32,128,128,64,2,1,1,0,0,0,6,4,1,1,64,128,16,90,90,26738688,15047065600,562,0.0300563,828.523,500629
62,CUTLASS,gemm,cutlass3x_sm90_tensorop_s64x128x16gemm_f16_f16_f32_f16_f16_128x128x64_2x1x1_0_nnn_align8_warpspecialized_pingpong_epi_nosmem,passed,success,universal,1792,4096,1024,f16:column,f16:column,f16:column,f16:column,1,0,serial,8,1,heuristic,invalid,invalid,false,false,1,tensorop,f32,128,128,64,2,1,1,0,0,0,7,4,1,1,64,128,16,90,90,26738688,15047065600,562,0.0334496,744.474,449843
62,CUTLASS,gemm,cutlass3x_sm90_tensorop_s64x128x16gemm_f16_f16_f32_f16_f16_128x128x64_2x1x1_0_nnn_align8_warpspecialized_cooperative_epi_nosmem,passed,success,universal,1792,4096,1024,f16:column,f16:column,f16:column,f16:column,1,0,serial,8,1,heuristic,invalid,invalid,false,false,1,tensorop,f32,128,128,64,2,1,1,0,0,0,7,4,2,1,64,128,16,90,90,26738688,15047065600,562,0.040056,621.688,375651
62,CUTLASS,gemm,cutlass3x_sm90_tensorop_s64x128x16gemm_f16_f16_f32_f16_f16_128x128x64_2x1x1_0_nnn_align8_warpspecialized_cooperative_epi_tma,passed,success,universal,1792,4096,1024,f16:column,f16:column,f16:column,f16:column,1,0,serial,8,1,heuristic,invalid,invalid,false,false,1,tensorop,f32,128,128,64,2,1,1,0,0,0,6,4,2,1,64,128,16,90,90,26738688,15047065600,562,0.0319747,778.813,470593
62,CUTLASS,gemm,cutlass3x_sm90_tensorop_s64x128x16gemm_f16_f16_f32_f16_f16_128x128x64_2x1x1_0_nnn_align8_stream_k_warpspecialized_cooperative_epi_nosmem,passed,success,universal,1792,4096,1024,f16:column,f16:column,f16:column,f16:column,1,0,serial,8,1,heuristic,invalid,invalid,false,false,1,tensorop,f32,128,128,64,2,1,1,0,0,0,7,4,2,1,64,128,16,90,90,26738688,15047065600,562,0.147524,168.802,101998
62,CUTLASS,gemm,cutlass3x_sm90_tensorop_s64x128x16gemm_f16_f16_f32_f16_f16_128x128x64_2x1x1_0_nnn_align8_stream_k_warpspecialized_cooperative_epi_tma,passed,success,universal,1792,4096,1024,f16:column,f16:column,f16:column,f16:column,1,0,serial,8,1,heuristic,invalid,invalid,false,false,1,tensorop,f32,128,128,64,2,1,1,0,0,0,6,4,2,1,64,128,16,90,90,26738688,15047065600,562,0.144994,171.748,103777
63,CUTLASS,gemm,cutlass_tensorop_f16_s1688gemm_f16_256x128_32x2_nn_align8,passed,success,universal,1920,4096,1024,f16:column,f16:column,f16:column,f16:column,1,0,serial,8,1,heuristic,invalid,invalid,false,false,1,tensorop,f32,256,128,32,1,1,1,0,0,0,2,4,2,1,16,8,8,75,1024,28049408,16121856000,574,0.138165,189.071,116685
63,CUTLASS,gemm,cutlass_tensorop_f16_s16816gemm_f16_256x128_32x3_nn_align8,passed,success,universal,1920,4096,1024,f16:column,f16:column,f16:column,f16:column,1,0,serial,8,1,heuristic,invalid,invalid,false,false,1,tensorop,f32,256,128,32,1,1,1,0,0,0,3,4,2,1,16,8,16,80,1024,28049408,16121856000,574,0.11432,228.509,141024
63,CUTLASS,gemm,cutlass3x_sm90_tensorop_s64x128x16gemm_f16_f16_f32_f16_f16_128x128x64_1x2x1_0_nnn_align8,passed,success,universal,1920,4096,1024,f16:column,f16:column,f16:column,f16:column,1,0,serial,8,1,heuristic,invalid,invalid,false,false,1,tensorop,f32,128,128,64,1,2,1,0,0,0,7,4,2,1,64,128,16,90,90,28049408,16121856000,574,0.0382173,683.54,421847
63,CUTLASS,gemm,cutlass3x_sm90_tensorop_s64x128x16gemm_f16_f16_f32_f16_f16_128x128x64_1x2x1_0_nnn_align8_warpspecialized_epi_nosmem,passed,success,universal,1920,4096,1024,f16:column,f16:column,f16:column,f16:column,1,0,serial,8,1,heuristic,invalid,invalid,false,false,1,tensorop,f32,128,128,64,1,2,1,0,0,0,7,4,1,1,64,128,16,90,90,28049408,16121856000,574,0.0401475,650.676,401565
63,CUTLASS,gemm,cutlass3x_sm90_tensorop_s64x128x16gemm_f16_f16_f32_f16_f16_128x128x64_1x2x1_0_nnn_align8_warpspecialized_pingpong_epi_tma,passed,success,universal,1920,4096,1024,f16:column,f16:column,f16:column,f16:column,1,0,serial,8,1,heuristic,invalid,invalid,false,false,1,tensorop,f32,128,128,64,1,2,1,0,0,0,6,4,1,1,64,128,16,90,90,28049408,16121856000,574,0.0290566,899.039,554842
63,CUTLASS,gemm,cutlass3x_sm90_tensorop_s64x128x16gemm_f16_f16_f32_f16_f16_128x128x64_1x2x1_0_nnn_align8_warpspecialized_pingpong_epi_nosmem,passed,success,universal,1920,4096,1024,f16:column,f16:column,f16:column,f16:column,1,0,serial,8,1,heuristic,invalid,invalid,false,false,1,tensorop,f32,128,128,64,1,2,1,0,0,0,7,4,1,1,64,128,16,90,90,28049408,16121856000,574,0.0325814,801.777,494817
63,CUTLASS,gemm,cutlass3x_sm90_tensorop_s64x128x16gemm_f16_f16_f32_f16_f16_128x128x64_1x2x1_0_nnn_align8_warpspecialized_cooperative_epi_nosmem,passed,success,universal,1920,4096,1024,f16:column,f16:column,f16:column,f16:column,1,0,serial,8,1,heuristic,invalid,invalid,false,false,1,tensorop,f32,128,128,64,1,2,1,0,0,0,7,4,2,1,64,128,16,90,90,28049408,16121856000,574,0.0384278,679.795,419536
63,CUTLASS,gemm,cutlass3x_sm90_tensorop_s64x128x16gemm_f16_f16_f32_f16_f16_128x128x64_1x2x1_0_nnn_align8_warpspecialized_cooperative_epi_tma,passed,success,universal,1920,4096,1024,f16:column,f16:column,f16:column,f16:column,1,0,serial,8,1,heuristic,invalid,invalid,false,false,1,tensorop,f32,128,128,64,1,2,1,0,0,0,6,4,2,1,64,128,16,90,90,28049408,16121856000,574,0.0316022,826.62,510149
63,CUTLASS,gemm,cutlass3x_sm90_tensorop_s64x128x16gemm_f16_f16_f32_f16_f16_128x128x64_1x2x1_0_nnn_align8_stream_k_warpspecialized_cooperative_epi_nosmem,passed,success,universal,1920,4096,1024,f16:column,f16:column,f16:column,f16:column,1,0,serial,8,1,heuristic,invalid,invalid,false,false,1,tensorop,f32,128,128,64,1,2,1,0,0,0,7,4,2,1,64,128,16,90,90,28049408,16121856000,574,0.15571,167.768,103538
63,CUTLASS,gemm,cutlass3x_sm90_tensorop_s64x128x16gemm_f16_f16_f32_f16_f16_128x128x64_1x2x1_0_nnn_align8_stream_k_warpspecialized_cooperative_epi_tma,passed,success,universal,1920,4096,1024,f16:column,f16:column,f16:column,f16:column,1,0,serial,8,1,heuristic,invalid,invalid,false,false,1,tensorop,f32,128,128,64,1,2,1,0,0,0,6,4,2,1,64,128,16,90,90,28049408,16121856000,574,0.154746,168.813,104183
63,CUTLASS,gemm,cutlass3x_sm90_tensorop_s64x128x16gemm_f16_f16_f32_f16_f16_128x128x64_2x1x1_0_nnn_align8,passed,success,universal,1920,4096,1024,f16:column,f16:column,f16:column,f16:column,1,0,serial,8,1,heuristic,invalid,invalid,false,false,1,tensorop,f32,128,128,64,2,1,1,0,0,0,7,4,2,1,64,128,16,90,90,28049408,16121856000,574,0.0403258,647.8,399790
63,CUTLASS,gemm,cutlass3x_sm90_tensorop_s64x128x16gemm_f16_f16_f32_f16_f16_128x128x64_2x1x1_0_nnn_align8_warpspecialized_epi_nosmem,passed,success,universal,1920,4096,1024,f16:column,f16:column,f16:column,f16:column,1,0,serial,8,1,heuristic,invalid,invalid,false,false,1,tensorop,f32,128,128,64,2,1,1,0,0,0,7,4,1,1,64,128,16,90,90,28049408,16121856000,574,0.0452758,576.975,356081
63,CUTLASS,gemm,cutlass3x_sm90_tensorop_s64x128x16gemm_f16_f16_f32_f16_f16_128x128x64_2x1x1_0_nnn_align8_warpspecialized_pingpong_epi_tma,passed,success,universal,1920,4096,1024,f16:column,f16:column,f16:column,f16:column,1,0,serial,8,1,heuristic,invalid,invalid,false,false,1,tensorop,f32,128,128,64,2,1,1,0,0,0,6,4,1,1,64,128,16,90,90,28049408,16121856000,574,0.034992,746.543,460730
63,CUTLASS,gemm,cutlass3x_sm90_tensorop_s64x128x16gemm_f16_f16_f32_f16_f16_128x128x64_2x1x1_0_nnn_align8_warpspecialized_pingpong_epi_nosmem,passed,success,universal,1920,4096,1024,f16:column,f16:column,f16:column,f16:column,1,0,serial,8,1,heuristic,invalid,invalid,false,false,1,tensorop,f32,128,128,64,2,1,1,0,0,0,7,4,1,1,64,128,16,90,90,28049408,16121856000,574,0.0363245,719.158,443829
63,CUTLASS,gemm,cutlass3x_sm90_tensorop_s64x128x16gemm_f16_f16_f32_f16_f16_128x128x64_2x1x1_0_nnn_align8_warpspecialized_cooperative_epi_nosmem,passed,success,universal,1920,4096,1024,f16:column,f16:column,f16:column,f16:column,1,0,serial,8,1,heuristic,invalid,invalid,false,false,1,tensorop,f32,128,128,64,2,1,1,0,0,0,7,4,2,1,64,128,16,90,90,28049408,16121856000,574,0.040159,650.49,401450
63,CUTLASS,gemm,cutlass3x_sm90_tensorop_s64x128x16gemm_f16_f16_f32_f16_f16_128x128x64_2x1x1_0_nnn_align8_warpspecialized_cooperative_epi_tma,passed,success,universal,1920,4096,1024,f16:column,f16:column,f16:column,f16:column,1,0,serial,8,1,heuristic,invalid,invalid,false,false,1,tensorop,f32,128,128,64,2,1,1,0,0,0,6,4,2,1,64,128,16,90,90,28049408,16121856000,574,0.0347299,752.177,464207
63,CUTLASS,gemm,cutlass3x_sm90_tensorop_s64x128x16gemm_f16_f16_f32_f16_f16_128x128x64_2x1x1_0_nnn_align8_stream_k_warpspecialized_cooperative_epi_nosmem,passed,success,universal,1920,4096,1024,f16:column,f16:column,f16:column,f16:column,1,0,serial,8,1,heuristic,invalid,invalid,false,false,1,tensorop,f32,128,128,64,2,1,1,0,0,0,7,4,2,1,64,128,16,90,90,28049408,16121856000,574,0.166455,156.938,96854.1
63,CUTLASS,gemm,cutlass3x_sm90_tensorop_s64x128x16gemm_f16_f16_f32_f16_f16_128x128x64_2x1x1_0_nnn_align8_stream_k_warpspecialized_cooperative_epi_tma,passed,success,universal,1920,4096,1024,f16:column,f16:column,f16:column,f16:column,1,0,serial,8,1,heuristic,invalid,invalid,false,false,1,tensorop,f32,128,128,64,2,1,1,0,0,0,6,4,2,1,64,128,16,90,90,28049408,16121856000,574,0.165373,157.964,97487.8
64,CUTLASS,gemm,cutlass_tensorop_f16_s1688gemm_f16_256x128_32x2_nn_align8,passed,success,universal,2048,4096,1024,f16:column,f16:column,f16:column,f16:column,1,0,serial,8,1,heuristic,invalid,invalid,false,false,1,tensorop,f32,256,128,32,1,1,1,0,0,0,2,4,2,1,16,8,8,75,1024,29360128,17196646400,585,0.14605,187.222,117745
64,CUTLASS,gemm,cutlass_tensorop_f16_s16816gemm_f16_256x128_32x3_nn_align8,passed,success,universal,2048,4096,1024,f16:column,f16:column,f16:column,f16:column,1,0,serial,8,1,heuristic,invalid,invalid,false,false,1,tensorop,f32,256,128,32,1,1,1,0,0,0,3,4,2,1,16,8,16,80,1024,29360128,17196646400,585,0.120933,226.106,142199
64,CUTLASS,gemm,cutlass3x_sm90_tensorop_s64x128x16gemm_f16_f16_f32_f16_f16_128x128x64_1x2x1_0_nnn_align8,passed,success,universal,2048,4096,1024,f16:column,f16:column,f16:column,f16:column,1,0,serial,8,1,heuristic,invalid,invalid,false,false,1,tensorop,f32,128,128,64,1,2,1,0,0,0,7,4,2,1,64,128,16,90,90,29360128,17196646400,585,0.0366675,745.721,468989
64,CUTLASS,gemm,cutlass3x_sm90_tensorop_s64x128x16gemm_f16_f16_f32_f16_f16_128x128x64_1x2x1_0_nnn_align8_warpspecialized_epi_nosmem,passed,success,universal,2048,4096,1024,f16:column,f16:column,f16:column,f16:column,1,0,serial,8,1,heuristic,invalid,invalid,false,false,1,tensorop,f32,128,128,64,1,2,1,0,0,0,7,4,1,1,64,128,16,90,90,29360128,17196646400,585,0.039632,689.941,433908
64,CUTLASS,gemm,cutlass3x_sm90_tensorop_s64x128x16gemm_f16_f16_f32_f16_f16_128x128x64_1x2x1_0_nnn_align8_warpspecialized_pingpong_epi_tma,passed,success,universal,2048,4096,1024,f16:column,f16:column,f16:column,f16:column,1,0,serial,8,1,heuristic,invalid,invalid,false,false,1,tensorop,f32,128,128,64,1,2,1,0,0,0,6,4,1,1,64,128,16,90,90,29360128,17196646400,585,0.0283744,963.677,606062
64,CUTLASS,gemm,cutlass3x_sm90_tensorop_s64x128x16gemm_f16_f16_f32_f16_f16_128x128x64_1x2x1_0_nnn_align8_warpspecialized_pingpong_epi_nosmem,passed,success,universal,2048,4096,1024,f16:column,f16:column,f16:column,f16:column,1,0,serial,8,1,heuristic,invalid,invalid,false,false,1,tensorop,f32,128,128,64,1,2,1,0,0,0,7,4,1,1,64,128,16,90,90,29360128,17196646400,585,0.0326902,836.45,526048
64,CUTLASS,gemm,cutlass3x_sm90_tensorop_s64x128x16gemm_f16_f16_f32_f16_f16_128x128x64_1x2x1_0_nnn_align8_warpspecialized_cooperative_epi_nosmem,passed,success,universal,2048,4096,1024,f16:column,f16:column,f16:column,f16:column,1,0,serial,8,1,heuristic,invalid,invalid,false,false,1,tensorop,f32,128,128,64,1,2,1,0,0,0,7,4,2,1,64,128,16,90,90,29360128,17196646400,585,0.0365693,747.725,470248
64,CUTLASS,gemm,cutlass3x_sm90_tensorop_s64x128x16gemm_f16_f16_f32_f16_f16_128x128x64_1x2x1_0_nnn_align8_warpspecialized_cooperative_epi_tma,passed,success,universal,2048,4096,1024,f16:column,f16:column,f16:column,f16:column,1,0,serial,8,1,heuristic,invalid,invalid,false,false,1,tensorop,f32,128,128,64,1,2,1,0,0,0,6,4,2,1,64,128,16,90,90,29360128,17196646400,585,0.0306202,892.998,561612
64,CUTLASS,gemm,cutlass3x_sm90_tensorop_s64x128x16gemm_f16_f16_f32_f16_f16_128x128x64_1x2x1_0_nnn_align8_stream_k_warpspecialized_cooperative_epi_nosmem,passed,success,universal,2048,4096,1024,f16:column,f16:column,f16:column,f16:column,1,0,serial,8,1,heuristic,invalid,invalid,false,false,1,tensorop,f32,128,128,64,1,2,1,0,0,0,7,4,2,1,64,128,16,90,90,29360128,17196646400,585,0.166513,164.214,103275
64,CUTLASS,gemm,cutlass3x_sm90_tensorop_s64x128x16gemm_f16_f16_f32_f16_f16_128x128x64_1x2x1_0_nnn_align8_stream_k_warpspecialized_cooperative_epi_tma,passed,success,universal,2048,4096,1024,f16:column,f16:column,f16:column,f16:column,1,0,serial,8,1,heuristic,invalid,invalid,false,false,1,tensorop,f32,128,128,64,1,2,1,0,0,0,6,4,2,1,64,128,16,90,90,29360128,17196646400,585,0.16478,165.941,104362
64,CUTLASS,gemm,cutlass3x_sm90_tensorop_s64x128x16gemm_f16_f16_f32_f16_f16_128x128x64_2x1x1_0_nnn_align8,passed,success,universal,2048,4096,1024,f16:column,f16:column,f16:column,f16:column,1,0,serial,8,1,heuristic,invalid,invalid,false,false,1,tensorop,f32,128,128,64,2,1,1,0,0,0,7,4,2,1,64,128,16,90,90,29360128,17196646400,585,0.0371664,735.712,462693
64,CUTLASS,gemm,cutlass3x_sm90_tensorop_s64x128x16gemm_f16_f16_f32_f16_f16_128x128x64_2x1x1_0_nnn_align8_warpspecialized_epi_nosmem,passed,success,universal,2048,4096,1024,f16:column,f16:column,f16:column,f16:column,1,0,serial,8,1,heuristic,invalid,invalid,false,false,1,tensorop,f32,128,128,64,2,1,1,0,0,0,7,4,1,1,64,128,16,90,90,29360128,17196646400,585,0.0431459,633.751,398569
64,CUTLASS,gemm,cutlass3x_sm90_tensorop_s64x128x16gemm_f16_f16_f32_f16_f16_128x128x64_2x1x1_0_nnn_align8_warpspecialized_pingpong_epi_tma,passed,success,universal,2048,4096,1024,f16:column,f16:column,f16:column,f16:column,1,0,serial,8,1,heuristic,invalid,invalid,false,false,1,tensorop,f32,128,128,64,2,1,1,0,0,0,6,4,1,1,64,128,16,90,90,29360128,17196646400,585,0.0296307,922.818,580365
64,CUTLASS,gemm,cutlass3x_sm90_tensorop_s64x128x16gemm_f16_f16_f32_f16_f16_128x128x64_2x1x1_0_nnn_align8_warpspecialized_pingpong_epi_nosmem,passed,success,universal,2048,4096,1024,f16:column,f16:column,f16:column,f16:column,1,0,serial,8,1,heuristic,invalid,invalid,false,false,1,tensorop,f32,128,128,64,2,1,1,0,0,0,7,4,1,1,64,128,16,90,90,29360128,17196646400,585,0.03236,844.986,531417
64,CUTLASS,gemm,cutlass3x_sm90_tensorop_s64x128x16gemm_f16_f16_f32_f16_f16_128x128x64_2x1x1_0_nnn_align8_warpspecialized_cooperative_epi_nosmem,passed,success,universal,2048,4096,1024,f16:column,f16:column,f16:column,f16:column,1,0,serial,8,1,heuristic,invalid,invalid,false,false,1,tensorop,f32,128,128,64,2,1,1,0,0,0,7,4,2,1,64,128,16,90,90,29360128,17196646400,585,0.0370205,738.611,464517
64,CUTLASS,gemm,cutlass3x_sm90_tensorop_s64x128x16gemm_f16_f16_f32_f16_f16_128x128x64_2x1x1_0_nnn_align8_warpspecialized_cooperative_epi_tma,passed,success,universal,2048,4096,1024,f16:column,f16:column,f16:column,f16:column,1,0,serial,8,1,heuristic,invalid,invalid,false,false,1,tensorop,f32,128,128,64,2,1,1,0,0,0,6,4,2,1,64,128,16,90,90,29360128,17196646400,585,0.0313587,871.966,548385
64,CUTLASS,gemm,cutlass3x_sm90_tensorop_s64x128x16gemm_f16_f16_f32_f16_f16_128x128x64_2x1x1_0_nnn_align8_stream_k_warpspecialized_cooperative_epi_nosmem,passed,success,universal,2048,4096,1024,f16:column,f16:column,f16:column,f16:column,1,0,serial,8,1,heuristic,invalid,invalid,false,false,1,tensorop,f32,128,128,64,2,1,1,0,0,0,7,4,2,1,64,128,16,90,90,29360128,17196646400,585,0.167639,163.111,102581
64,CUTLASS,gemm,cutlass3x_sm90_tensorop_s64x128x16gemm_f16_f16_f32_f16_f16_128x128x64_2x1x1_0_nnn_align8_stream_k_warpspecialized_cooperative_epi_tma,passed,success,universal,2048,4096,1024,f16:column,f16:column,f16:column,f16:column,1,0,serial,8,1,heuristic,invalid,invalid,false,false,1,tensorop,f32,128,128,64,2,1,1,0,0,0,6,4,2,1,64,128,16,90,90,29360128,17196646400,585,0.165949,164.772,103626
