Problem,Provider,OperationKind,Operation,Disposition,Status,gemm_kind,m,n,k,A,B,C,D,alpha,beta,split_k_mode,split_k_slices,batch_count,raster_order,runtime_input_datatype_a,runtime_input_datatype_b,use_pdl,enable_sm90_mixed_dtype_shuffle_test,swizzle_size,op_class,accum,cta_m,cta_n,cta_k,cluster_m,cluster_n,cluster_k,cluster_m_fallback,cluster_n_fallback,cluster_k_fallback,stages,warps_m,warps_n,warps_k,inst_m,inst_n,inst_k,min_cc,max_cc,Bytes,Flops,Flops/Byte,Runtime,GB/s,GFLOPs
1,CUTLASS,gemm,cutlass_tensorop_f16_s1688gemm_f16_256x128_32x2_nn_align8,passed,success,universal,128,14336,4096,f16:column,f16:column,f16:column,f16:column,1,0,serial,1,1,heuristic,invalid,invalid,false,false,1,tensorop,f32,256,128,32,1,1,1,0,0,0,2,4,2,1,16,8,8,75,1024,122159104,15036055552,123,0.16953,671.09,88692.8
1,CUTLASS,gemm,cutlass_tensorop_f16_s16816gemm_f16_256x128_32x3_nn_align8,passed,success,universal,128,14336,4096,f16:column,f16:column,f16:column,f16:column,1,0,serial,1,1,heuristic,invalid,invalid,false,false,1,tensorop,f32,256,128,32,1,1,1,0,0,0,3,4,2,1,16,8,16,80,1024,122159104,15036055552,123,0.0839968,1354.45,179007
1,CUTLASS,gemm,cutlass3x_sm90_tensorop_s64x128x16gemm_f16_f16_f32_f16_f16_128x128x64_1x2x1_0_nnn_align8,passed,success,universal,128,14336,4096,f16:column,f16:column,f16:column,f16:column,1,0,serial,1,1,heuristic,invalid,invalid,false,false,1,tensorop,f32,128,128,64,1,2,1,0,0,0,7,4,2,1,64,128,16,90,90,122159104,15036055552,123,0.0493526,2305.24,304666
1,CUTLASS,gemm,cutlass3x_sm90_tensorop_s64x128x16gemm_f16_f16_f32_f16_f16_128x128x64_1x2x1_0_nnn_align8_warpspecialized_epi_nosmem,passed,success,universal,128,14336,4096,f16:column,f16:column,f16:column,f16:column,1,0,serial,1,1,heuristic,invalid,invalid,false,false,1,tensorop,f32,128,128,64,1,2,1,0,0,0,7,4,1,1,64,128,16,90,90,122159104,15036055552,123,0.0484717,2347.13,310203
1,CUTLASS,gemm,cutlass3x_sm90_tensorop_s64x128x16gemm_f16_f16_f32_f16_f16_128x128x64_1x2x1_0_nnn_align8_warpspecialized_pingpong_epi_tma,passed,success,universal,128,14336,4096,f16:column,f16:column,f16:column,f16:column,1,0,serial,1,1,heuristic,invalid,invalid,false,false,1,tensorop,f32,128,128,64,1,2,1,0,0,0,6,4,1,1,64,128,16,90,90,122159104,15036055552,123,0.0485981,2341.03,309396
1,CUTLASS,gemm,cutlass3x_sm90_tensorop_s64x128x16gemm_f16_f16_f32_f16_f16_128x128x64_1x2x1_0_nnn_align8_warpspecialized_pingpong_epi_nosmem,passed,success,universal,128,14336,4096,f16:column,f16:column,f16:column,f16:column,1,0,serial,1,1,heuristic,invalid,invalid,false,false,1,tensorop,f32,128,128,64,1,2,1,0,0,0,7,4,1,1,64,128,16,90,90,122159104,15036055552,123,0.0486474,2338.66,309083
1,CUTLASS,gemm,cutlass3x_sm90_tensorop_s64x128x16gemm_f16_f16_f32_f16_f16_128x128x64_1x2x1_0_nnn_align8_warpspecialized_cooperative_epi_nosmem,passed,success,universal,128,14336,4096,f16:column,f16:column,f16:column,f16:column,1,0,serial,1,1,heuristic,invalid,invalid,false,false,1,tensorop,f32,128,128,64,1,2,1,0,0,0,7,4,2,1,64,128,16,90,90,122159104,15036055552,123,0.0491885,2312.93,305682
1,CUTLASS,gemm,cutlass3x_sm90_tensorop_s64x128x16gemm_f16_f16_f32_f16_f16_128x128x64_1x2x1_0_nnn_align8_warpspecialized_cooperative_epi_tma,passed,success,universal,128,14336,4096,f16:column,f16:column,f16:column,f16:column,1,0,serial,1,1,heuristic,invalid,invalid,false,false,1,tensorop,f32,128,128,64,1,2,1,0,0,0,6,4,2,1,64,128,16,90,90,122159104,15036055552,123,0.0481482,2362.91,312287
1,CUTLASS,gemm,cutlass3x_sm90_tensorop_s64x128x16gemm_f16_f16_f32_f16_f16_128x128x64_1x2x1_0_nnn_align8_stream_k_warpspecialized_cooperative_epi_nosmem,passed,success,universal,128,14336,4096,f16:column,f16:column,f16:column,f16:column,1,0,serial,1,1,heuristic,invalid,invalid,false,false,1,tensorop,f32,128,128,64,1,2,1,0,0,0,7,4,2,1,64,128,16,90,90,122159104,15036055552,123,0.0498403,2282.68,301685
1,CUTLASS,gemm,cutlass3x_sm90_tensorop_s64x128x16gemm_f16_f16_f32_f16_f16_128x128x64_1x2x1_0_nnn_align8_stream_k_warpspecialized_cooperative_epi_tma,passed,success,universal,128,14336,4096,f16:column,f16:column,f16:column,f16:column,1,0,serial,1,1,heuristic,invalid,invalid,false,false,1,tensorop,f32,128,128,64,1,2,1,0,0,0,6,4,2,1,64,128,16,90,90,122159104,15036055552,123,0.0487386,2334.28,308504
1,CUTLASS,gemm,cutlass3x_sm90_tensorop_s64x128x16gemm_f16_f16_f32_f16_f16_128x128x64_2x1x1_0_nnn_align8,passed,success,universal,128,14336,4096,f16:column,f16:column,f16:column,f16:column,1,0,serial,1,1,heuristic,invalid,invalid,false,false,1,tensorop,f32,128,128,64,2,1,1,0,0,0,7,4,2,1,64,128,16,90,90,122159104,15036055552,123,0.0668506,1701.85,224920
1,CUTLASS,gemm,cutlass3x_sm90_tensorop_s64x128x16gemm_f16_f16_f32_f16_f16_128x128x64_2x1x1_0_nnn_align8_warpspecialized_epi_nosmem,passed,success,universal,128,14336,4096,f16:column,f16:column,f16:column,f16:column,1,0,serial,1,1,heuristic,invalid,invalid,false,false,1,tensorop,f32,128,128,64,2,1,1,0,0,0,7,4,1,1,64,128,16,90,90,122159104,15036055552,123,0.0694883,1637.25,216382
1,CUTLASS,gemm,cutlass3x_sm90_tensorop_s64x128x16gemm_f16_f16_f32_f16_f16_128x128x64_2x1x1_0_nnn_align8_warpspecialized_pingpong_epi_tma,passed,success,universal,128,14336,4096,f16:column,f16:column,f16:column,f16:column,1,0,serial,1,1,heuristic,invalid,invalid,false,false,1,tensorop,f32,128,128,64,2,1,1,0,0,0,6,4,1,1,64,128,16,90,90,122159104,15036055552,123,0.0685142,1660.52,219459
1,CUTLASS,gemm,cutlass3x_sm90_tensorop_s64x128x16gemm_f16_f16_f32_f16_f16_128x128x64_2x1x1_0_nnn_align8_warpspecialized_pingpong_epi_nosmem,passed,success,universal,128,14336,4096,f16:column,f16:column,f16:column,f16:column,1,0,serial,1,1,heuristic,invalid,invalid,false,false,1,tensorop,f32,128,128,64,2,1,1,0,0,0,7,4,1,1,64,128,16,90,90,122159104,15036055552,123,0.0667405,1704.66,225291
1,CUTLASS,gemm,cutlass3x_sm90_tensorop_s64x128x16gemm_f16_f16_f32_f16_f16_128x128x64_2x1x1_0_nnn_align8_warpspecialized_cooperative_epi_nosmem,passed,success,universal,128,14336,4096,f16:column,f16:column,f16:column,f16:column,1,0,serial,1,1,heuristic,invalid,invalid,false,false,1,tensorop,f32,128,128,64,2,1,1,0,0,0,7,4,2,1,64,128,16,90,90,122159104,15036055552,123,0.066617,1707.82,225709
1,CUTLASS,gemm,cutlass3x_sm90_tensorop_s64x128x16gemm_f16_f16_f32_f16_f16_128x128x64_2x1x1_0_nnn_align8_warpspecialized_cooperative_epi_tma,passed,success,universal,128,14336,4096,f16:column,f16:column,f16:column,f16:column,1,0,serial,1,1,heuristic,invalid,invalid,false,false,1,tensorop,f32,128,128,64,2,1,1,0,0,0,6,4,2,1,64,128,16,90,90,122159104,15036055552,123,0.0674461,1686.82,222934
1,CUTLASS,gemm,cutlass3x_sm90_tensorop_s64x128x16gemm_f16_f16_f32_f16_f16_128x128x64_2x1x1_0_nnn_align8_stream_k_warpspecialized_cooperative_epi_nosmem,passed,success,universal,128,14336,4096,f16:column,f16:column,f16:column,f16:column,1,0,serial,1,1,heuristic,invalid,invalid,false,false,1,tensorop,f32,128,128,64,2,1,1,0,0,0,7,4,2,1,64,128,16,90,90,122159104,15036055552,123,0.0668301,1702.37,224989
1,CUTLASS,gemm,cutlass3x_sm90_tensorop_s64x128x16gemm_f16_f16_f32_f16_f16_128x128x64_2x1x1_0_nnn_align8_stream_k_warpspecialized_cooperative_epi_tma,passed,success,universal,128,14336,4096,f16:column,f16:column,f16:column,f16:column,1,0,serial,1,1,heuristic,invalid,invalid,false,false,1,tensorop,f32,128,128,64,2,1,1,0,0,0,6,4,2,1,64,128,16,90,90,122159104,15036055552,123,0.0685898,1658.7,219217
2,CUTLASS,gemm,cutlass_tensorop_f16_s1688gemm_f16_256x128_32x2_nn_align8,passed,success,universal,256,14336,4096,f16:column,f16:column,f16:column,f16:column,1,0,serial,1,1,heuristic,invalid,invalid,false,false,1,tensorop,f32,256,128,32,1,1,1,0,0,0,2,4,2,1,16,8,8,75,1024,126877696,30072111104,237,0.16859,700.897,178374
2,CUTLASS,gemm,cutlass_tensorop_f16_s16816gemm_f16_256x128_32x3_nn_align8,passed,success,universal,256,14336,4096,f16:column,f16:column,f16:column,f16:column,1,0,serial,1,1,heuristic,invalid,invalid,false,false,1,tensorop,f32,256,128,32,1,1,1,0,0,0,3,4,2,1,16,8,16,80,1024,126877696,30072111104,237,0.0855997,1380.43,351311
2,CUTLASS,gemm,cutlass3x_sm90_tensorop_s64x128x16gemm_f16_f16_f32_f16_f16_128x128x64_1x2x1_0_nnn_align8,passed,success,universal,256,14336,4096,f16:column,f16:column,f16:column,f16:column,1,0,serial,1,1,heuristic,invalid,invalid,false,false,1,tensorop,f32,128,128,64,1,2,1,0,0,0,7,4,2,1,64,128,16,90,90,126877696,30072111104,237,0.0616579,1916.45,487725
2,CUTLASS,gemm,cutlass3x_sm90_tensorop_s64x128x16gemm_f16_f16_f32_f16_f16_128x128x64_1x2x1_0_nnn_align8_warpspecialized_epi_nosmem,passed,success,universal,256,14336,4096,f16:column,f16:column,f16:column,f16:column,1,0,serial,1,1,heuristic,invalid,invalid,false,false,1,tensorop,f32,128,128,64,1,2,1,0,0,0,7,4,1,1,64,128,16,90,90,126877696,30072111104,237,0.0613866,1924.92,489881
2,CUTLASS,gemm,cutlass3x_sm90_tensorop_s64x128x16gemm_f16_f16_f32_f16_f16_128x128x64_1x2x1_0_nnn_align8_warpspecialized_pingpong_epi_tma,passed,success,universal,256,14336,4096,f16:column,f16:column,f16:column,f16:column,1,0,serial,1,1,heuristic,invalid,invalid,false,false,1,tensorop,f32,128,128,64,1,2,1,0,0,0,6,4,1,1,64,128,16,90,90,126877696,30072111104,237,0.0606643,1947.83,495713
2,CUTLASS,gemm,cutlass3x_sm90_tensorop_s64x128x16gemm_f16_f16_f32_f16_f16_128x128x64_1x2x1_0_nnn_align8_warpspecialized_pingpong_epi_nosmem,passed,success,universal,256,14336,4096,f16:column,f16:column,f16:column,f16:column,1,0,serial,1,1,heuristic,invalid,invalid,false,false,1,tensorop,f32,128,128,64,1,2,1,0,0,0,7,4,1,1,64,128,16,90,90,126877696,30072111104,237,0.0616643,1916.25,487674
2,CUTLASS,gemm,cutlass3x_sm90_tensorop_s64x128x16gemm_f16_f16_f32_f16_f16_128x128x64_1x2x1_0_nnn_align8_warpspecialized_cooperative_epi_nosmem,passed,success,universal,256,14336,4096,f16:column,f16:column,f16:column,f16:column,1,0,serial,1,1,heuristic,invalid,invalid,false,false,1,tensorop,f32,128,128,64,1,2,1,0,0,0,7,4,2,1,64,128,16,90,90,126877696,30072111104,237,0.061687,1915.54,487495
2,CUTLASS,gemm,cutlass3x_sm90_tensorop_s64x128x16gemm_f16_f16_f32_f16_f16_128x128x64_1x2x1_0_nnn_align8_warpspecialized_cooperative_epi_tma,passed,success,universal,256,14336,4096,f16:column,f16:column,f16:column,f16:column,1,0,serial,1,1,heuristic,invalid,invalid,false,false,1,tensorop,f32,128,128,64,1,2,1,0,0,0,6,4,2,1,64,128,16,90,90,126877696,30072111104,237,0.0596342,1981.48,504276
2,CUTLASS,gemm,cutlass3x_sm90_tensorop_s64x128x16gemm_f16_f16_f32_f16_f16_128x128x64_1x2x1_0_nnn_align8_stream_k_warpspecialized_cooperative_epi_nosmem,passed,success,universal,256,14336,4096,f16:column,f16:column,f16:column,f16:column,1,0,serial,1,1,heuristic,invalid,invalid,false,false,1,tensorop,f32,128,128,64,1,2,1,0,0,0,7,4,2,1,64,128,16,90,90,126877696,30072111104,237,0.0621869,1900.14,483576
2,CUTLASS,gemm,cutlass3x_sm90_tensorop_s64x128x16gemm_f16_f16_f32_f16_f16_128x128x64_1x2x1_0_nnn_align8_stream_k_warpspecialized_cooperative_epi_tma,passed,success,universal,256,14336,4096,f16:column,f16:column,f16:column,f16:column,1,0,serial,1,1,heuristic,invalid,invalid,false,false,1,tensorop,f32,128,128,64,1,2,1,0,0,0,6,4,2,1,64,128,16,90,90,126877696,30072111104,237,0.061008,1936.86,492921
2,CUTLASS,gemm,cutlass3x_sm90_tensorop_s64x128x16gemm_f16_f16_f32_f16_f16_128x128x64_2x1x1_0_nnn_align8,passed,success,universal,256,14336,4096,f16:column,f16:column,f16:column,f16:column,1,0,serial,1,1,heuristic,invalid,invalid,false,false,1,tensorop,f32,128,128,64,2,1,1,0,0,0,7,4,2,1,64,128,16,90,90,126877696,30072111104,237,0.0566938,2084.25,530431
2,CUTLASS,gemm,cutlass3x_sm90_tensorop_s64x128x16gemm_f16_f16_f32_f16_f16_128x128x64_2x1x1_0_nnn_align8_warpspecialized_epi_nosmem,passed,success,universal,256,14336,4096,f16:column,f16:column,f16:column,f16:column,1,0,serial,1,1,heuristic,invalid,invalid,false,false,1,tensorop,f32,128,128,64,2,1,1,0,0,0,7,4,1,1,64,128,16,90,90,126877696,30072111104,237,0.0568109,2079.95,529337
2,CUTLASS,gemm,cutlass3x_sm90_tensorop_s64x128x16gemm_f16_f16_f32_f16_f16_128x128x64_2x1x1_0_nnn_align8_warpspecialized_pingpong_epi_tma,passed,success,universal,256,14336,4096,f16:column,f16:column,f16:column,f16:column,1,0,serial,1,1,heuristic,invalid,invalid,false,false,1,tensorop,f32,128,128,64,2,1,1,0,0,0,6,4,1,1,64,128,16,90,90,126877696,30072111104,237,0.0558022,2117.55,538905
2,CUTLASS,gemm,cutlass3x_sm90_tensorop_s64x128x16gemm_f16_f16_f32_f16_f16_128x128x64_2x1x1_0_nnn_align8_warpspecialized_pingpong_epi_nosmem,passed,success,universal,256,14336,4096,f16:column,f16:column,f16:column,f16:column,1,0,serial,1,1,heuristic,invalid,invalid,false,false,1,tensorop,f32,128,128,64,2,1,1,0,0,0,7,4,1,1,64,128,16,90,90,126877696,30072111104,237,0.0544682,2169.42,552104
2,CUTLASS,gemm,cutlass3x_sm90_tensorop_s64x128x16gemm_f16_f16_f32_f16_f16_128x128x64_2x1x1_0_nnn_align8_warpspecialized_cooperative_epi_nosmem,passed,success,universal,256,14336,4096,f16:column,f16:column,f16:column,f16:column,1,0,serial,1,1,heuristic,invalid,invalid,false,false,1,tensorop,f32,128,128,64,2,1,1,0,0,0,7,4,2,1,64,128,16,90,90,126877696,30072111104,237,0.0566384,2086.29,530949
2,CUTLASS,gemm,cutlass3x_sm90_tensorop_s64x128x16gemm_f16_f16_f32_f16_f16_128x128x64_2x1x1_0_nnn_align8_warpspecialized_cooperative_epi_tma,passed,success,universal,256,14336,4096,f16:column,f16:column,f16:column,f16:column,1,0,serial,1,1,heuristic,invalid,invalid,false,false,1,tensorop,f32,128,128,64,2,1,1,0,0,0,6,4,2,1,64,128,16,90,90,126877696,30072111104,237,0.0557376,2120.01,539530
2,CUTLASS,gemm,cutlass3x_sm90_tensorop_s64x128x16gemm_f16_f16_f32_f16_f16_128x128x64_2x1x1_0_nnn_align8_stream_k_warpspecialized_cooperative_epi_nosmem,passed,success,universal,256,14336,4096,f16:column,f16:column,f16:column,f16:column,1,0,serial,1,1,heuristic,invalid,invalid,false,false,1,tensorop,f32,128,128,64,2,1,1,0,0,0,7,4,2,1,64,128,16,90,90,126877696,30072111104,237,0.057048,2071.31,527137
2,CUTLASS,gemm,cutlass3x_sm90_tensorop_s64x128x16gemm_f16_f16_f32_f16_f16_128x128x64_2x1x1_0_nnn_align8_stream_k_warpspecialized_cooperative_epi_tma,passed,success,universal,256,14336,4096,f16:column,f16:column,f16:column,f16:column,1,0,serial,1,1,heuristic,invalid,invalid,false,false,1,tensorop,f32,128,128,64,2,1,1,0,0,0,6,4,2,1,64,128,16,90,90,126877696,30072111104,237,0.0572157,2065.24,525592
3,CUTLASS,gemm,cutlass_tensorop_f16_s1688gemm_f16_256x128_32x2_nn_align8,passed,success,universal,384,14336,4096,f16:column,f16:column,f16:column,f16:column,1,0,serial,1,1,heuristic,invalid,invalid,false,false,1,tensorop,f32,256,128,32,1,1,1,0,0,0,2,4,2,1,16,8,8,75,1024,131596288,45108166656,342,0.333175,367.85,135389
3,CUTLASS,gemm,cutlass_tensorop_f16_s16816gemm_f16_256x128_32x3_nn_align8,passed,success,universal,384,14336,4096,f16:column,f16:column,f16:column,f16:column,1,0,serial,1,1,heuristic,invalid,invalid,false,false,1,tensorop,f32,256,128,32,1,1,1,0,0,0,3,4,2,1,16,8,16,80,1024,131596288,45108166656,342,0.152812,802.023,295188
3,CUTLASS,gemm,cutlass3x_sm90_tensorop_s64x128x16gemm_f16_f16_f32_f16_f16_128x128x64_1x2x1_0_nnn_align8,passed,success,universal,384,14336,4096,f16:column,f16:column,f16:column,f16:column,1,0,serial,1,1,heuristic,invalid,invalid,false,false,1,tensorop,f32,128,128,64,1,2,1,0,0,0,7,4,2,1,64,128,16,90,90,131596288,45108166656,342,0.0875571,1399.76,515186
3,CUTLASS,gemm,cutlass3x_sm90_tensorop_s64x128x16gemm_f16_f16_f32_f16_f16_128x128x64_1x2x1_0_nnn_align8_warpspecialized_epi_nosmem,passed,success,universal,384,14336,4096,f16:column,f16:column,f16:column,f16:column,1,0,serial,1,1,heuristic,invalid,invalid,false,false,1,tensorop,f32,128,128,64,1,2,1,0,0,0,7,4,1,1,64,128,16,90,90,131596288,45108166656,342,0.0877702,1396.36,513935
3,CUTLASS,gemm,cutlass3x_sm90_tensorop_s64x128x16gemm_f16_f16_f32_f16_f16_128x128x64_1x2x1_0_nnn_align8_warpspecialized_pingpong_epi_tma,passed,success,universal,384,14336,4096,f16:column,f16:column,f16:column,f16:column,1,0,serial,1,1,heuristic,invalid,invalid,false,false,1,tensorop,f32,128,128,64,1,2,1,0,0,0,6,4,1,1,64,128,16,90,90,131596288,45108166656,342,0.0813968,1505.69,554176
3,CUTLASS,gemm,cutlass3x_sm90_tensorop_s64x128x16gemm_f16_f16_f32_f16_f16_128x128x64_1x2x1_0_nnn_align8_warpspecialized_pingpong_epi_nosmem,passed,success,universal,384,14336,4096,f16:column,f16:column,f16:column,f16:column,1,0,serial,1,1,heuristic,invalid,invalid,false,false,1,tensorop,f32,128,128,64,1,2,1,0,0,0,7,4,1,1,64,128,16,90,90,131596288,45108166656,342,0.0838029,1462.46,538265
3,CUTLASS,gemm,cutlass3x_sm90_tensorop_s64x128x16gemm_f16_f16_f32_f16_f16_128x128x64_1x2x1_0_nnn_align8_warpspecialized_cooperative_epi_nosmem,passed,success,universal,384,14336,4096,f16:column,f16:column,f16:column,f16:column,1,0,serial,1,1,heuristic,invalid,invalid,false,false,1,tensorop,f32,128,128,64,1,2,1,0,0,0,7,4,2,1,64,128,16,90,90,131596288,45108166656,342,0.0874864,1400.89,515602
3,CUTLASS,gemm,cutlass3x_sm90_tensorop_s64x128x16gemm_f16_f16_f32_f16_f16_128x128x64_1x2x1_0_nnn_align8_warpspecialized_cooperative_epi_tma,passed,success,universal,384,14336,4096,f16:column,f16:column,f16:column,f16:column,1,0,serial,1,1,heuristic,invalid,invalid,false,false,1,tensorop,f32,128,128,64,1,2,1,0,0,0,6,4,2,1,64,128,16,90,90,131596288,45108166656,342,0.0828762,1478.82,544284
3,CUTLASS,gemm,cutlass3x_sm90_tensorop_s64x128x16gemm_f16_f16_f32_f16_f16_128x128x64_1x2x1_0_nnn_align8_stream_k_warpspecialized_cooperative_epi_nosmem,passed,success,universal,384,14336,4096,f16:column,f16:column,f16:column,f16:column,1,0,serial,1,1,heuristic,invalid,invalid,false,false,1,tensorop,f32,128,128,64,1,2,1,0,0,0,7,4,2,1,64,128,16,90,90,131596288,45108166656,342,0.0882022,1389.52,511417
3,CUTLASS,gemm,cutlass3x_sm90_tensorop_s64x128x16gemm_f16_f16_f32_f16_f16_128x128x64_1x2x1_0_nnn_align8_stream_k_warpspecialized_cooperative_epi_tma,passed,success,universal,384,14336,4096,f16:column,f16:column,f16:column,f16:column,1,0,serial,1,1,heuristic,invalid,invalid,false,false,1,tensorop,f32,128,128,64,1,2,1,0,0,0,6,4,2,1,64,128,16,90,90,131596288,45108166656,342,0.0849363,1442.95,531082
3,CUTLASS,gemm,cutlass3x_sm90_tensorop_s64x128x16gemm_f16_f16_f32_f16_f16_128x128x64_2x1x1_0_nnn_align8,passed,success,universal,384,14336,4096,f16:column,f16:column,f16:column,f16:column,1,0,serial,1,1,heuristic,invalid,invalid,false,false,1,tensorop,f32,128,128,64,2,1,1,0,0,0,7,4,2,1,64,128,16,90,90,131596288,45108166656,342,0.134826,909.011,334565
3,CUTLASS,gemm,cutlass3x_sm90_tensorop_s64x128x16gemm_f16_f16_f32_f16_f16_128x128x64_2x1x1_0_nnn_align8_warpspecialized_epi_nosmem,passed,success,universal,384,14336,4096,f16:column,f16:column,f16:column,f16:column,1,0,serial,1,1,heuristic,invalid,invalid,false,false,1,tensorop,f32,128,128,64,2,1,1,0,0,0,7,4,1,1,64,128,16,90,90,131596288,45108166656,342,0.120596,1016.28,374044
3,CUTLASS,gemm,cutlass3x_sm90_tensorop_s64x128x16gemm_f16_f16_f32_f16_f16_128x128x64_2x1x1_0_nnn_align8_warpspecialized_pingpong_epi_tma,passed,success,universal,384,14336,4096,f16:column,f16:column,f16:column,f16:column,1,0,serial,1,1,heuristic,invalid,invalid,false,false,1,tensorop,f32,128,128,64,2,1,1,0,0,0,6,4,1,1,64,128,16,90,90,131596288,45108166656,342,0.133724,916.507,337324
3,CUTLASS,gemm,cutlass3x_sm90_tensorop_s64x128x16gemm_f16_f16_f32_f16_f16_128x128x64_2x1x1_0_nnn_align8_warpspecialized_pingpong_epi_nosmem,passed,success,universal,384,14336,4096,f16:column,f16:column,f16:column,f16:column,1,0,serial,1,1,heuristic,invalid,invalid,false,false,1,tensorop,f32,128,128,64,2,1,1,0,0,0,7,4,1,1,64,128,16,90,90,131596288,45108166656,342,0.133519,917.911,337841
3,CUTLASS,gemm,cutlass3x_sm90_tensorop_s64x128x16gemm_f16_f16_f32_f16_f16_128x128x64_2x1x1_0_nnn_align8_warpspecialized_cooperative_epi_nosmem,passed,success,universal,384,14336,4096,f16:column,f16:column,f16:column,f16:column,1,0,serial,1,1,heuristic,invalid,invalid,false,false,1,tensorop,f32,128,128,64,2,1,1,0,0,0,7,4,2,1,64,128,16,90,90,131596288,45108166656,342,0.134322,912.422,335821
3,CUTLASS,gemm,cutlass3x_sm90_tensorop_s64x128x16gemm_f16_f16_f32_f16_f16_128x128x64_2x1x1_0_nnn_align8_warpspecialized_cooperative_epi_tma,passed,success,universal,384,14336,4096,f16:column,f16:column,f16:column,f16:column,1,0,serial,1,1,heuristic,invalid,invalid,false,false,1,tensorop,f32,128,128,64,2,1,1,0,0,0,6,4,2,1,64,128,16,90,90,131596288,45108166656,342,0.134087,914.025,336410
3,CUTLASS,gemm,cutlass3x_sm90_tensorop_s64x128x16gemm_f16_f16_f32_f16_f16_128x128x64_2x1x1_0_nnn_align8_stream_k_warpspecialized_cooperative_epi_nosmem,passed,success,universal,384,14336,4096,f16:column,f16:column,f16:column,f16:column,1,0,serial,1,1,heuristic,invalid,invalid,false,false,1,tensorop,f32,128,128,64,2,1,1,0,0,0,7,4,2,1,64,128,16,90,90,131596288,45108166656,342,0.127742,959.425,353120
3,CUTLASS,gemm,cutlass3x_sm90_tensorop_s64x128x16gemm_f16_f16_f32_f16_f16_128x128x64_2x1x1_0_nnn_align8_stream_k_warpspecialized_cooperative_epi_tma,passed,success,universal,384,14336,4096,f16:column,f16:column,f16:column,f16:column,1,0,serial,1,1,heuristic,invalid,invalid,false,false,1,tensorop,f32,128,128,64,2,1,1,0,0,0,6,4,2,1,64,128,16,90,90,131596288,45108166656,342,0.130642,938.126,345281
4,CUTLASS,gemm,cutlass_tensorop_f16_s1688gemm_f16_256x128_32x2_nn_align8,passed,success,universal,512,14336,4096,f16:column,f16:column,f16:column,f16:column,1,0,serial,1,1,heuristic,invalid,invalid,false,false,1,tensorop,f32,256,128,32,1,1,1,0,0,0,2,4,2,1,16,8,8,75,1024,136314880,60144222208,441,0.335533,378.363,179250
4,CUTLASS,gemm,cutlass_tensorop_f16_s16816gemm_f16_256x128_32x3_nn_align8,passed,success,universal,512,14336,4096,f16:column,f16:column,f16:column,f16:column,1,0,serial,1,1,heuristic,invalid,invalid,false,false,1,tensorop,f32,256,128,32,1,1,1,0,0,0,3,4,2,1,16,8,16,80,1024,136314880,60144222208,441,0.154072,823.986,390364
4,CUTLASS,gemm,cutlass3x_sm90_tensorop_s64x128x16gemm_f16_f16_f32_f16_f16_128x128x64_1x2x1_0_nnn_align8,passed,success,universal,512,14336,4096,f16:column,f16:column,f16:column,f16:column,1,0,serial,1,1,heuristic,invalid,invalid,false,false,1,tensorop,f32,128,128,64,1,2,1,0,0,0,7,4,2,1,64,128,16,90,90,136314880,60144222208,441,0.114718,1106.66,524280
4,CUTLASS,gemm,cutlass3x_sm90_tensorop_s64x128x16gemm_f16_f16_f32_f16_f16_128x128x64_1x2x1_0_nnn_align8_warpspecialized_epi_nosmem,passed,success,universal,512,14336,4096,f16:column,f16:column,f16:column,f16:column,1,0,serial,1,1,heuristic,invalid,invalid,false,false,1,tensorop,f32,128,128,64,1,2,1,0,0,0,7,4,1,1,64,128,16,90,90,136314880,60144222208,441,0.112245,1131.03,535829
4,CUTLASS,gemm,cutlass3x_sm90_tensorop_s64x128x16gemm_f16_f16_f32_f16_f16_128x128x64_1x2x1_0_nnn_align8_warpspecialized_pingpong_epi_tma,passed,success,universal,512,14336,4096,f16:column,f16:column,f16:column,f16:column,1,0,serial,1,1,heuristic,invalid,invalid,false,false,1,tensorop,f32,128,128,64,1,2,1,0,0,0,6,4,1,1,64,128,16,90,90,136314880,60144222208,441,0.107227,1183.97,560908
4,CUTLASS,gemm,cutlass3x_sm90_tensorop_s64x128x16gemm_f16_f16_f32_f16_f16_128x128x64_1x2x1_0_nnn_align8_warpspecialized_pingpong_epi_nosmem,passed,success,universal,512,14336,4096,f16:column,f16:column,f16:column,f16:column,1,0,serial,1,1,heuristic,invalid,invalid,false,false,1,tensorop,f32,128,128,64,1,2,1,0,0,0,7,4,1,1,64,128,16,90,90,136314880,60144222208,441,0.110465,1149.26,544463
4,CUTLASS,gemm,cutlass3x_sm90_tensorop_s64x128x16gemm_f16_f16_f32_f16_f16_128x128x64_1x2x1_0_nnn_align8_warpspecialized_cooperative_epi_nosmem,passed,success,universal,512,14336,4096,f16:column,f16:column,f16:column,f16:column,1,0,serial,1,1,heuristic,invalid,invalid,false,false,1,tensorop,f32,128,128,64,1,2,1,0,0,0,7,4,2,1,64,128,16,90,90,136314880,60144222208,441,0.114849,1105.39,523681
4,CUTLASS,gemm,cutlass3x_sm90_tensorop_s64x128x16gemm_f16_f16_f32_f16_f16_128x128x64_1x2x1_0_nnn_align8_warpspecialized_cooperative_epi_tma,passed,success,universal,512,14336,4096,f16:column,f16:column,f16:column,f16:column,1,0,serial,1,1,heuristic,invalid,invalid,false,false,1,tensorop,f32,128,128,64,1,2,1,0,0,0,6,4,2,1,64,128,16,90,90,136314880,60144222208,441,0.108655,1168.41,553534
4,CUTLASS,gemm,cutlass3x_sm90_tensorop_s64x128x16gemm_f16_f16_f32_f16_f16_128x128x64_1x2x1_0_nnn_align8_stream_k_warpspecialized_cooperative_epi_nosmem,passed,success,universal,512,14336,4096,f16:column,f16:column,f16:column,f16:column,1,0,serial,1,1,heuristic,invalid,invalid,false,false,1,tensorop,f32,128,128,64,1,2,1,0,0,0,7,4,2,1,64,128,16,90,90,136314880,60144222208,441,0.108357,1171.62,555057
4,CUTLASS,gemm,cutlass3x_sm90_tensorop_s64x128x16gemm_f16_f16_f32_f16_f16_128x128x64_1x2x1_0_nnn_align8_stream_k_warpspecialized_cooperative_epi_tma,passed,success,universal,512,14336,4096,f16:column,f16:column,f16:column,f16:column,1,0,serial,1,1,heuristic,invalid,invalid,false,false,1,tensorop,f32,128,128,64,1,2,1,0,0,0,6,4,2,1,64,128,16,90,90,136314880,60144222208,441,0.104059,1220.01,577983
4,CUTLASS,gemm,cutlass3x_sm90_tensorop_s64x128x16gemm_f16_f16_f32_f16_f16_128x128x64_2x1x1_0_nnn_align8,passed,success,universal,512,14336,4096,f16:column,f16:column,f16:column,f16:column,1,0,serial,1,1,heuristic,invalid,invalid,false,false,1,tensorop,f32,128,128,64,2,1,1,0,0,0,7,4,2,1,64,128,16,90,90,136314880,60144222208,441,0.0977712,1298.47,615153
4,CUTLASS,gemm,cutlass3x_sm90_tensorop_s64x128x16gemm_f16_f16_f32_f16_f16_128x128x64_2x1x1_0_nnn_align8_warpspecialized_epi_nosmem,passed,success,universal,512,14336,4096,f16:column,f16:column,f16:column,f16:column,1,0,serial,1,1,heuristic,invalid,invalid,false,false,1,tensorop,f32,128,128,64,2,1,1,0,0,0,7,4,1,1,64,128,16,90,90,136314880,60144222208,441,0.102486,1238.74,586853
4,CUTLASS,gemm,cutlass3x_sm90_tensorop_s64x128x16gemm_f16_f16_f32_f16_f16_128x128x64_2x1x1_0_nnn_align8_warpspecialized_pingpong_epi_tma,passed,success,universal,512,14336,4096,f16:column,f16:column,f16:column,f16:column,1,0,serial,1,1,heuristic,invalid,invalid,false,false,1,tensorop,f32,128,128,64,2,1,1,0,0,0,6,4,1,1,64,128,16,90,90,136314880,60144222208,441,0.0912202,1391.72,659330
4,CUTLASS,gemm,cutlass3x_sm90_tensorop_s64x128x16gemm_f16_f16_f32_f16_f16_128x128x64_2x1x1_0_nnn_align8_warpspecialized_pingpong_epi_nosmem,passed,success,universal,512,14336,4096,f16:column,f16:column,f16:column,f16:column,1,0,serial,1,1,heuristic,invalid,invalid,false,false,1,tensorop,f32,128,128,64,2,1,1,0,0,0,7,4,1,1,64,128,16,90,90,136314880,60144222208,441,0.0905709,1401.7,664057
4,CUTLASS,gemm,cutlass3x_sm90_tensorop_s64x128x16gemm_f16_f16_f32_f16_f16_128x128x64_2x1x1_0_nnn_align8_warpspecialized_cooperative_epi_nosmem,passed,success,universal,512,14336,4096,f16:column,f16:column,f16:column,f16:column,1,0,serial,1,1,heuristic,invalid,invalid,false,false,1,tensorop,f32,128,128,64,2,1,1,0,0,0,7,4,2,1,64,128,16,90,90,136314880,60144222208,441,0.0973958,1303.48,617524
4,CUTLASS,gemm,cutlass3x_sm90_tensorop_s64x128x16gemm_f16_f16_f32_f16_f16_128x128x64_2x1x1_0_nnn_align8_warpspecialized_cooperative_epi_tma,passed,success,universal,512,14336,4096,f16:column,f16:column,f16:column,f16:column,1,0,serial,1,1,heuristic,invalid,invalid,false,false,1,tensorop,f32,128,128,64,2,1,1,0,0,0,6,4,2,1,64,128,16,90,90,136314880,60144222208,441,0.0927136,1369.3,648710
4,CUTLASS,gemm,cutlass3x_sm90_tensorop_s64x128x16gemm_f16_f16_f32_f16_f16_128x128x64_2x1x1_0_nnn_align8_stream_k_warpspecialized_cooperative_epi_nosmem,passed,success,universal,512,14336,4096,f16:column,f16:column,f16:column,f16:column,1,0,serial,1,1,heuristic,invalid,invalid,false,false,1,tensorop,f32,128,128,64,2,1,1,0,0,0,7,4,2,1,64,128,16,90,90,136314880,60144222208,441,0.0970893,1307.59,619473
4,CUTLASS,gemm,cutlass3x_sm90_tensorop_s64x128x16gemm_f16_f16_f32_f16_f16_128x128x64_2x1x1_0_nnn_align8_stream_k_warpspecialized_cooperative_epi_tma,passed,success,universal,512,14336,4096,f16:column,f16:column,f16:column,f16:column,1,0,serial,1,1,heuristic,invalid,invalid,false,false,1,tensorop,f32,128,128,64,2,1,1,0,0,0,6,4,2,1,64,128,16,90,90,136314880,60144222208,441,0.0948582,1338.35,634043
5,CUTLASS,gemm,cutlass_tensorop_f16_s1688gemm_f16_256x128_32x2_nn_align8,passed,success,universal,640,14336,4096,f16:column,f16:column,f16:column,f16:column,1,0,serial,1,1,heuristic,invalid,invalid,false,false,1,tensorop,f32,256,128,32,1,1,1,0,0,0,2,4,2,1,16,8,8,75,1024,141033472,75180277760,533,0.507466,258.83,148148
5,CUTLASS,gemm,cutlass_tensorop_f16_s16816gemm_f16_256x128_32x3_nn_align8,passed,success,universal,640,14336,4096,f16:column,f16:column,f16:column,f16:column,1,0,serial,1,1,heuristic,invalid,invalid,false,false,1,tensorop,f32,256,128,32,1,1,1,0,0,0,3,4,2,1,16,8,16,80,1024,141033472,75180277760,533,0.231887,566.429,324210
5,CUTLASS,gemm,cutlass3x_sm90_tensorop_s64x128x16gemm_f16_f16_f32_f16_f16_128x128x64_1x2x1_0_nnn_align8,passed,success,universal,640,14336,4096,f16:column,f16:column,f16:column,f16:column,1,0,serial,1,1,heuristic,invalid,invalid,false,false,1,tensorop,f32,128,128,64,1,2,1,0,0,0,7,4,2,1,64,128,16,90,90,141033472,75180277760,533,0.143805,913.375,522794
5,CUTLASS,gemm,cutlass3x_sm90_tensorop_s64x128x16gemm_f16_f16_f32_f16_f16_128x128x64_1x2x1_0_nnn_align8_warpspecialized_epi_nosmem,passed,success,universal,640,14336,4096,f16:column,f16:column,f16:column,f16:column,1,0,serial,1,1,heuristic,invalid,invalid,false,false,1,tensorop,f32,128,128,64,1,2,1,0,0,0,7,4,1,1,64,128,16,90,90,141033472,75180277760,533,0.138663,947.241,542178
5,CUTLASS,gemm,cutlass3x_sm90_tensorop_s64x128x16gemm_f16_f16_f32_f16_f16_128x128x64_1x2x1_0_nnn_align8_warpspecialized_pingpong_epi_tma,passed,success,universal,640,14336,4096,f16:column,f16:column,f16:column,f16:column,1,0,serial,1,1,heuristic,invalid,invalid,false,false,1,tensorop,f32,128,128,64,1,2,1,0,0,0,6,4,1,1,64,128,16,90,90,141033472,75180277760,533,0.134276,978.19,559893
5,CUTLASS,gemm,cutlass3x_sm90_tensorop_s64x128x16gemm_f16_f16_f32_f16_f16_128x128x64_1x2x1_0_nnn_align8_warpspecialized_pingpong_epi_nosmem,passed,success,universal,640,14336,4096,f16:column,f16:column,f16:column,f16:column,1,0,serial,1,1,heuristic,invalid,invalid,false,false,1,tensorop,f32,128,128,64,1,2,1,0,0,0,7,4,1,1,64,128,16,90,90,141033472,75180277760,533,0.13593,966.292,553082
5,CUTLASS,gemm,cutlass3x_sm90_tensorop_s64x128x16gemm_f16_f16_f32_f16_f16_128x128x64_1x2x1_0_nnn_align8_warpspecialized_cooperative_epi_nosmem,passed,success,universal,640,14336,4096,f16:column,f16:column,f16:column,f16:column,1,0,serial,1,1,heuristic,invalid,invalid,false,false,1,tensorop,f32,128,128,64,1,2,1,0,0,0,7,4,2,1,64,128,16,90,90,141033472,75180277760,533,0.14389,912.836,522486
5,CUTLASS,gemm,cutlass3x_sm90_tensorop_s64x128x16gemm_f16_f16_f32_f16_f16_128x128x64_1x2x1_0_nnn_align8_warpspecialized_cooperative_epi_tma,passed,success,universal,640,14336,4096,f16:column,f16:column,f16:column,f16:column,1,0,serial,1,1,heuristic,invalid,invalid,false,false,1,tensorop,f32,128,128,64,1,2,1,0,0,0,6,4,2,1,64,128,16,90,90,141033472,75180277760,533,0.136063,965.342,552539
5,CUTLASS,gemm,cutlass3x_sm90_tensorop_s64x128x16gemm_f16_f16_f32_f16_f16_128x128x64_1x2x1_0_nnn_align8_stream_k_warpspecialized_cooperative_epi_nosmem,passed,success,universal,640,14336,4096,f16:column,f16:column,f16:column,f16:column,1,0,serial,1,1,heuristic,invalid,invalid,false,false,1,tensorop,f32,128,128,64,1,2,1,0,0,0,7,4,2,1,64,128,16,90,90,141033472,75180277760,533,0.133857,981.254,561646
5,CUTLASS,gemm,cutlass3x_sm90_tensorop_s64x128x16gemm_f16_f16_f32_f16_f16_128x128x64_1x2x1_0_nnn_align8_stream_k_warpspecialized_cooperative_epi_tma,passed,success,universal,640,14336,4096,f16:column,f16:column,f16:column,f16:column,1,0,serial,1,1,heuristic,invalid,invalid,false,false,1,tensorop,f32,128,128,64,1,2,1,0,0,0,6,4,2,1,64,128,16,90,90,141033472,75180277760,533,0.128758,1020.11,583886
5,CUTLASS,gemm,cutlass3x_sm90_tensorop_s64x128x16gemm_f16_f16_f32_f16_f16_128x128x64_2x1x1_0_nnn_align8,passed,success,universal,640,14336,4096,f16:column,f16:column,f16:column,f16:column,1,0,serial,1,1,heuristic,invalid,invalid,false,false,1,tensorop,f32,128,128,64,2,1,1,0,0,0,7,4,2,1,64,128,16,90,90,141033472,75180277760,533,0.188018,698.59,399856
5,CUTLASS,gemm,cutlass3x_sm90_tensorop_s64x128x16gemm_f16_f16_f32_f16_f16_128x128x64_2x1x1_0_nnn_align8_warpspecialized_epi_nosmem,passed,success,universal,640,14336,4096,f16:column,f16:column,f16:column,f16:column,1,0,serial,1,1,heuristic,invalid,invalid,false,false,1,tensorop,f32,128,128,64,2,1,1,0,0,0,7,4,1,1,64,128,16,90,90,141033472,75180277760,533,0.173467,757.193,433399
5,CUTLASS,gemm,cutlass3x_sm90_tensorop_s64x128x16gemm_f16_f16_f32_f16_f16_128x128x64_2x1x1_0_nnn_align8_warpspecialized_pingpong_epi_tma,passed,success,universal,640,14336,4096,f16:column,f16:column,f16:column,f16:column,1,0,serial,1,1,heuristic,invalid,invalid,false,false,1,tensorop,f32,128,128,64,2,1,1,0,0,0,6,4,1,1,64,128,16,90,90,141033472,75180277760,533,0.177402,740.395,423784
5,CUTLASS,gemm,cutlass3x_sm90_tensorop_s64x128x16gemm_f16_f16_f32_f16_f16_128x128x64_2x1x1_0_nnn_align8_warpspecialized_pingpong_epi_nosmem,passed,success,universal,640,14336,4096,f16:column,f16:column,f16:column,f16:column,1,0,serial,1,1,heuristic,invalid,invalid,false,false,1,tensorop,f32,128,128,64,2,1,1,0,0,0,7,4,1,1,64,128,16,90,90,141033472,75180277760,533,0.1811,725.278,415132
5,CUTLASS,gemm,cutlass3x_sm90_tensorop_s64x128x16gemm_f16_f16_f32_f16_f16_128x128x64_2x1x1_0_nnn_align8_warpspecialized_cooperative_epi_nosmem,passed,success,universal,640,14336,4096,f16:column,f16:column,f16:column,f16:column,1,0,serial,1,1,heuristic,invalid,invalid,false,false,1,tensorop,f32,128,128,64,2,1,1,0,0,0,7,4,2,1,64,128,16,90,90,141033472,75180277760,533,0.186431,704.539,403261
5,CUTLASS,gemm,cutlass3x_sm90_tensorop_s64x128x16gemm_f16_f16_f32_f16_f16_128x128x64_2x1x1_0_nnn_align8_warpspecialized_cooperative_epi_tma,passed,success,universal,640,14336,4096,f16:column,f16:column,f16:column,f16:column,1,0,serial,1,1,heuristic,invalid,invalid,false,false,1,tensorop,f32,128,128,64,2,1,1,0,0,0,6,4,2,1,64,128,16,90,90,141033472,75180277760,533,0.180862,726.231,415677
5,CUTLASS,gemm,cutlass3x_sm90_tensorop_s64x128x16gemm_f16_f16_f32_f16_f16_128x128x64_2x1x1_0_nnn_align8_stream_k_warpspecialized_cooperative_epi_nosmem,passed,success,universal,640,14336,4096,f16:column,f16:column,f16:column,f16:column,1,0,serial,1,1,heuristic,invalid,invalid,false,false,1,tensorop,f32,128,128,64,2,1,1,0,0,0,7,4,2,1,64,128,16,90,90,141033472,75180277760,533,0.19719,666.098,381259
5,CUTLASS,gemm,cutlass3x_sm90_tensorop_s64x128x16gemm_f16_f16_f32_f16_f16_128x128x64_2x1x1_0_nnn_align8_stream_k_warpspecialized_cooperative_epi_tma,passed,success,universal,640,14336,4096,f16:column,f16:column,f16:column,f16:column,1,0,serial,1,1,heuristic,invalid,invalid,false,false,1,tensorop,f32,128,128,64,2,1,1,0,0,0,6,4,2,1,64,128,16,90,90,141033472,75180277760,533,0.193278,679.577,388974
6,CUTLASS,gemm,cutlass_tensorop_f16_s1688gemm_f16_256x128_32x2_nn_align8,passed,success,universal,768,14336,4096,f16:column,f16:column,f16:column,f16:column,1,0,serial,1,1,heuristic,invalid,invalid,false,false,1,tensorop,f32,256,128,32,1,1,1,0,0,0,2,4,2,1,16,8,8,75,1024,145752064,90216333312,618,0.493964,274.802,182638
6,CUTLASS,gemm,cutlass_tensorop_f16_s16816gemm_f16_256x128_32x3_nn_align8,passed,success,universal,768,14336,4096,f16:column,f16:column,f16:column,f16:column,1,0,serial,1,1,heuristic,invalid,invalid,false,false,1,tensorop,f32,256,128,32,1,1,1,0,0,0,3,4,2,1,16,8,16,80,1024,145752064,90216333312,618,0.222349,610.49,405741
6,CUTLASS,gemm,cutlass3x_sm90_tensorop_s64x128x16gemm_f16_f16_f32_f16_f16_128x128x64_1x2x1_0_nnn_align8,passed,success,universal,768,14336,4096,f16:column,f16:column,f16:column,f16:column,1,0,serial,1,1,heuristic,invalid,invalid,false,false,1,tensorop,f32,128,128,64,1,2,1,0,0,0,7,4,2,1,64,128,16,90,90,145752064,90216333312,618,0.172796,785.564,522098
6,CUTLASS,gemm,cutlass3x_sm90_tensorop_s64x128x16gemm_f16_f16_f32_f16_f16_128x128x64_1x2x1_0_nnn_align8_warpspecialized_epi_nosmem,passed,success,universal,768,14336,4096,f16:column,f16:column,f16:column,f16:column,1,0,serial,1,1,heuristic,invalid,invalid,false,false,1,tensorop,f32,128,128,64,1,2,1,0,0,0,7,4,1,1,64,128,16,90,90,145752064,90216333312,618,0.148414,914.62,607870
6,CUTLASS,gemm,cutlass3x_sm90_tensorop_s64x128x16gemm_f16_f16_f32_f16_f16_128x128x64_1x2x1_0_nnn_align8_warpspecialized_pingpong_epi_tma,passed,success,universal,768,14336,4096,f16:column,f16:column,f16:column,f16:column,1,0,serial,1,1,heuristic,invalid,invalid,false,false,1,tensorop,f32,128,128,64,1,2,1,0,0,0,6,4,1,1,64,128,16,90,90,145752064,90216333312,618,0.155944,870.455,578517
6,CUTLASS,gemm,cutlass3x_sm90_tensorop_s64x128x16gemm_f16_f16_f32_f16_f16_128x128x64_1x2x1_0_nnn_align8_warpspecialized_pingpong_epi_nosmem,passed,success,universal,768,14336,4096,f16:column,f16:column,f16:column,f16:column,1,0,serial,1,1,heuristic,invalid,invalid,false,false,1,tensorop,f32,128,128,64,1,2,1,0,0,0,7,4,1,1,64,128,16,90,90,145752064,90216333312,618,0.159892,848.963,564233
6,CUTLASS,gemm,cutlass3x_sm90_tensorop_s64x128x16gemm_f16_f16_f32_f16_f16_128x128x64_1x2x1_0_nnn_align8_warpspecialized_cooperative_epi_nosmem,passed,success,universal,768,14336,4096,f16:column,f16:column,f16:column,f16:column,1,0,serial,1,1,heuristic,invalid,invalid,false,false,1,tensorop,f32,128,128,64,1,2,1,0,0,0,7,4,2,1,64,128,16,90,90,145752064,90216333312,618,0.171051,793.578,527424
6,CUTLASS,gemm,cutlass3x_sm90_tensorop_s64x128x16gemm_f16_f16_f32_f16_f16_128x128x64_1x2x1_0_nnn_align8_warpspecialized_cooperative_epi_tma,passed,success,universal,768,14336,4096,f16:column,f16:column,f16:column,f16:column,1,0,serial,1,1,heuristic,invalid,invalid,false,false,1,tensorop,f32,128,128,64,1,2,1,0,0,0,6,4,2,1,64,128,16,90,90,145752064,90216333312,618,0.158255,857.743,570069
6,CUTLASS,gemm,cutlass3x_sm90_tensorop_s64x128x16gemm_f16_f16_f32_f16_f16_128x128x64_1x2x1_0_nnn_align8_stream_k_warpspecialized_cooperative_epi_nosmem,passed,success,universal,768,14336,4096,f16:column,f16:column,f16:column,f16:column,1,0,serial,1,1,heuristic,invalid,invalid,false,false,1,tensorop,f32,128,128,64,1,2,1,0,0,0,7,4,2,1,64,128,16,90,90,145752064,90216333312,618,0.153629,883.569,587233
6,CUTLASS,gemm,cutlass3x_sm90_tensorop_s64x128x16gemm_f16_f16_f32_f16_f16_128x128x64_1x2x1_0_nnn_align8_stream_k_warpspecialized_cooperative_epi_tma,passed,success,universal,768,14336,4096,f16:column,f16:column,f16:column,f16:column,1,0,serial,1,1,heuristic,invalid,invalid,false,false,1,tensorop,f32,128,128,64,1,2,1,0,0,0,6,4,2,1,64,128,16,90,90,145752064,90216333312,618,0.149012,910.949,605431
6,CUTLASS,gemm,cutlass3x_sm90_tensorop_s64x128x16gemm_f16_f16_f32_f16_f16_128x128x64_2x1x1_0_nnn_align8,passed,success,universal,768,14336,4096,f16:column,f16:column,f16:column,f16:column,1,0,serial,1,1,heuristic,invalid,invalid,false,false,1,tensorop,f32,128,128,64,2,1,1,0,0,0,7,4,2,1,64,128,16,90,90,145752064,90216333312,618,0.151991,893.091,593562
6,CUTLASS,gemm,cutlass3x_sm90_tensorop_s64x128x16gemm_f16_f16_f32_f16_f16_128x128x64_2x1x1_0_nnn_align8_warpspecialized_epi_nosmem,passed,success,universal,768,14336,4096,f16:column,f16:column,f16:column,f16:column,1,0,serial,1,1,heuristic,invalid,invalid,false,false,1,tensorop,f32,128,128,64,2,1,1,0,0,0,7,4,1,1,64,128,16,90,90,145752064,90216333312,618,0.145474,933.101,620153
6,CUTLASS,gemm,cutlass3x_sm90_tensorop_s64x128x16gemm_f16_f16_f32_f16_f16_128x128x64_2x1x1_0_nnn_align8_warpspecialized_pingpong_epi_tma,passed,success,universal,768,14336,4096,f16:column,f16:column,f16:column,f16:column,1,0,serial,1,1,heuristic,invalid,invalid,false,false,1,tensorop,f32,128,128,64,2,1,1,0,0,0,6,4,1,1,64,128,16,90,90,145752064,90216333312,618,0.135801,999.565,664326
6,CUTLASS,gemm,cutlass3x_sm90_tensorop_s64x128x16gemm_f16_f16_f32_f16_f16_128x128x64_2x1x1_0_nnn_align8_warpspecialized_pingpong_epi_nosmem,passed,success,universal,768,14336,4096,f16:column,f16:column,f16:column,f16:column,1,0,serial,1,1,heuristic,invalid,invalid,false,false,1,tensorop,f32,128,128,64,2,1,1,0,0,0,7,4,1,1,64,128,16,90,90,145752064,90216333312,618,0.1344,1009.99,671253
6,CUTLASS,gemm,cutlass3x_sm90_tensorop_s64x128x16gemm_f16_f16_f32_f16_f16_128x128x64_2x1x1_0_nnn_align8_warpspecialized_cooperative_epi_nosmem,passed,success,universal,768,14336,4096,f16:column,f16:column,f16:column,f16:column,1,0,serial,1,1,heuristic,invalid,invalid,false,false,1,tensorop,f32,128,128,64,2,1,1,0,0,0,7,4,2,1,64,128,16,90,90,145752064,90216333312,618,0.152117,892.353,593072
6,CUTLASS,gemm,cutlass3x_sm90_tensorop_s64x128x16gemm_f16_f16_f32_f16_f16_128x128x64_2x1x1_0_nnn_align8_warpspecialized_cooperative_epi_tma,passed,success,universal,768,14336,4096,f16:column,f16:column,f16:column,f16:column,1,0,serial,1,1,heuristic,invalid,invalid,false,false,1,tensorop,f32,128,128,64,2,1,1,0,0,0,6,4,2,1,64,128,16,90,90,145752064,90216333312,618,0.134236,1011.22,672070
6,CUTLASS,gemm,cutlass3x_sm90_tensorop_s64x128x16gemm_f16_f16_f32_f16_f16_128x128x64_2x1x1_0_nnn_align8_stream_k_warpspecialized_cooperative_epi_nosmem,passed,success,universal,768,14336,4096,f16:column,f16:column,f16:column,f16:column,1,0,serial,1,1,heuristic,invalid,invalid,false,false,1,tensorop,f32,128,128,64,2,1,1,0,0,0,7,4,2,1,64,128,16,90,90,145752064,90216333312,618,0.147532,920.087,611504
6,CUTLASS,gemm,cutlass3x_sm90_tensorop_s64x128x16gemm_f16_f16_f32_f16_f16_128x128x64_2x1x1_0_nnn_align8_stream_k_warpspecialized_cooperative_epi_tma,passed,success,universal,768,14336,4096,f16:column,f16:column,f16:column,f16:column,1,0,serial,1,1,heuristic,invalid,invalid,false,false,1,tensorop,f32,128,128,64,2,1,1,0,0,0,6,4,2,1,64,128,16,90,90,145752064,90216333312,618,0.143801,943.961,627371
7,CUTLASS,gemm,cutlass_tensorop_f16_s1688gemm_f16_256x128_32x2_nn_align8,passed,success,universal,896,14336,4096,f16:column,f16:column,f16:column,f16:column,1,0,serial,1,1,heuristic,invalid,invalid,false,false,1,tensorop,f32,256,128,32,1,1,1,0,0,0,2,4,2,1,16,8,8,75,1024,150470656,105252388864,699,0.4967,282.135,211903
7,CUTLASS,gemm,cutlass_tensorop_f16_s16816gemm_f16_256x128_32x3_nn_align8,passed,success,universal,896,14336,4096,f16:column,f16:column,f16:column,f16:column,1,0,serial,1,1,heuristic,invalid,invalid,false,false,1,tensorop,f32,256,128,32,1,1,1,0,0,0,3,4,2,1,16,8,16,80,1024,150470656,105252388864,699,0.22582,620.568,466089
7,CUTLASS,gemm,cutlass3x_sm90_tensorop_s64x128x16gemm_f16_f16_f32_f16_f16_128x128x64_1x2x1_0_nnn_align8,passed,success,universal,896,14336,4096,f16:column,f16:column,f16:column,f16:column,1,0,serial,1,1,heuristic,invalid,invalid,false,false,1,tensorop,f32,128,128,64,1,2,1,0,0,0,7,4,2,1,64,128,16,90,90,150470656,105252388864,699,0.178358,785.706,590120
7,CUTLASS,gemm,cutlass3x_sm90_tensorop_s64x128x16gemm_f16_f16_f32_f16_f16_128x128x64_1x2x1_0_nnn_align8_warpspecialized_epi_nosmem,passed,success,universal,896,14336,4096,f16:column,f16:column,f16:column,f16:column,1,0,serial,1,1,heuristic,invalid,invalid,false,false,1,tensorop,f32,128,128,64,1,2,1,0,0,0,7,4,1,1,64,128,16,90,90,150470656,105252388864,699,0.174607,802.582,602795
7,CUTLASS,gemm,cutlass3x_sm90_tensorop_s64x128x16gemm_f16_f16_f32_f16_f16_128x128x64_1x2x1_0_nnn_align8_warpspecialized_pingpong_epi_tma,passed,success,universal,896,14336,4096,f16:column,f16:column,f16:column,f16:column,1,0,serial,1,1,heuristic,invalid,invalid,false,false,1,tensorop,f32,128,128,64,1,2,1,0,0,0,6,4,1,1,64,128,16,90,90,150470656,105252388864,699,0.164766,850.521,638800
7,CUTLASS,gemm,cutlass3x_sm90_tensorop_s64x128x16gemm_f16_f16_f32_f16_f16_128x128x64_1x2x1_0_nnn_align8_warpspecialized_pingpong_epi_nosmem,passed,success,universal,896,14336,4096,f16:column,f16:column,f16:column,f16:column,1,0,serial,1,1,heuristic,invalid,invalid,false,false,1,tensorop,f32,128,128,64,1,2,1,0,0,0,7,4,1,1,64,128,16,90,90,150470656,105252388864,699,0.169088,828.778,622470
7,CUTLASS,gemm,cutlass3x_sm90_tensorop_s64x128x16gemm_f16_f16_f32_f16_f16_128x128x64_1x2x1_0_nnn_align8_warpspecialized_cooperative_epi_nosmem,passed,success,universal,896,14336,4096,f16:column,f16:column,f16:column,f16:column,1,0,serial,1,1,heuristic,invalid,invalid,false,false,1,tensorop,f32,128,128,64,1,2,1,0,0,0,7,4,2,1,64,128,16,90,90,150470656,105252388864,699,0.178614,784.58,589274
7,CUTLASS,gemm,cutlass3x_sm90_tensorop_s64x128x16gemm_f16_f16_f32_f16_f16_128x128x64_1x2x1_0_nnn_align8_warpspecialized_cooperative_epi_tma,passed,success,universal,896,14336,4096,f16:column,f16:column,f16:column,f16:column,1,0,serial,1,1,heuristic,invalid,invalid,false,false,1,tensorop,f32,128,128,64,1,2,1,0,0,0,6,4,2,1,64,128,16,90,90,150470656,105252388864,699,0.166275,842.803,633004
7,CUTLASS,gemm,cutlass3x_sm90_tensorop_s64x128x16gemm_f16_f16_f32_f16_f16_128x128x64_1x2x1_0_nnn_align8_stream_k_warpspecialized_cooperative_epi_nosmem,passed,success,universal,896,14336,4096,f16:column,f16:column,f16:column,f16:column,1,0,serial,1,1,heuristic,invalid,invalid,false,false,1,tensorop,f32,128,128,64,1,2,1,0,0,0,7,4,2,1,64,128,16,90,90,150470656,105252388864,699,0.179962,778.702,584859
7,CUTLASS,gemm,cutlass3x_sm90_tensorop_s64x128x16gemm_f16_f16_f32_f16_f16_128x128x64_1x2x1_0_nnn_align8_stream_k_warpspecialized_cooperative_epi_tma,passed,success,universal,896,14336,4096,f16:column,f16:column,f16:column,f16:column,1,0,serial,1,1,heuristic,invalid,invalid,false,false,1,tensorop,f32,128,128,64,1,2,1,0,0,0,6,4,2,1,64,128,16,90,90,150470656,105252388864,699,0.16991,824.771,619461
7,CUTLASS,gemm,cutlass3x_sm90_tensorop_s64x128x16gemm_f16_f16_f32_f16_f16_128x128x64_2x1x1_0_nnn_align8,passed,success,universal,896,14336,4096,f16:column,f16:column,f16:column,f16:column,1,0,serial,1,1,heuristic,invalid,invalid,false,false,1,tensorop,f32,128,128,64,2,1,1,0,0,0,7,4,2,1,64,128,16,90,90,150470656,105252388864,699,0.23318,600.98,451377
7,CUTLASS,gemm,cutlass3x_sm90_tensorop_s64x128x16gemm_f16_f16_f32_f16_f16_128x128x64_2x1x1_0_nnn_align8_warpspecialized_epi_nosmem,passed,success,universal,896,14336,4096,f16:column,f16:column,f16:column,f16:column,1,0,serial,1,1,heuristic,invalid,invalid,false,false,1,tensorop,f32,128,128,64,2,1,1,0,0,0,7,4,1,1,64,128,16,90,90,150470656,105252388864,699,0.228463,613.388,460697
7,CUTLASS,gemm,cutlass3x_sm90_tensorop_s64x128x16gemm_f16_f16_f32_f16_f16_128x128x64_2x1x1_0_nnn_align8_warpspecialized_pingpong_epi_tma,passed,success,universal,896,14336,4096,f16:column,f16:column,f16:column,f16:column,1,0,serial,1,1,heuristic,invalid,invalid,false,false,1,tensorop,f32,128,128,64,2,1,1,0,0,0,6,4,1,1,64,128,16,90,90,150470656,105252388864,699,0.223156,627.978,471655
7,CUTLASS,gemm,cutlass3x_sm90_tensorop_s64x128x16gemm_f16_f16_f32_f16_f16_128x128x64_2x1x1_0_nnn_align8_warpspecialized_pingpong_epi_nosmem,passed,success,universal,896,14336,4096,f16:column,f16:column,f16:column,f16:column,1,0,serial,1,1,heuristic,invalid,invalid,false,false,1,tensorop,f32,128,128,64,2,1,1,0,0,0,7,4,1,1,64,128,16,90,90,150470656,105252388864,699,0.230828,607.106,455979
7,CUTLASS,gemm,cutlass3x_sm90_tensorop_s64x128x16gemm_f16_f16_f32_f16_f16_128x128x64_2x1x1_0_nnn_align8_warpspecialized_cooperative_epi_nosmem,passed,success,universal,896,14336,4096,f16:column,f16:column,f16:column,f16:column,1,0,serial,1,1,heuristic,invalid,invalid,false,false,1,tensorop,f32,128,128,64,2,1,1,0,0,0,7,4,2,1,64,128,16,90,90,150470656,105252388864,699,0.23397,598.953,449855
7,CUTLASS,gemm,cutlass3x_sm90_tensorop_s64x128x16gemm_f16_f16_f32_f16_f16_128x128x64_2x1x1_0_nnn_align8_warpspecialized_cooperative_epi_tma,passed,success,universal,896,14336,4096,f16:column,f16:column,f16:column,f16:column,1,0,serial,1,1,heuristic,invalid,invalid,false,false,1,tensorop,f32,128,128,64,2,1,1,0,0,0,6,4,2,1,64,128,16,90,90,150470656,105252388864,699,0.226973,617.416,463722
7,CUTLASS,gemm,cutlass3x_sm90_tensorop_s64x128x16gemm_f16_f16_f32_f16_f16_128x128x64_2x1x1_0_nnn_align8_stream_k_warpspecialized_cooperative_epi_nosmem,passed,success,universal,896,14336,4096,f16:column,f16:column,f16:column,f16:column,1,0,serial,1,1,heuristic,invalid,invalid,false,false,1,tensorop,f32,128,128,64,2,1,1,0,0,0,7,4,2,1,64,128,16,90,90,150470656,105252388864,699,0.235633,594.725,446680
7,CUTLASS,gemm,cutlass3x_sm90_tensorop_s64x128x16gemm_f16_f16_f32_f16_f16_128x128x64_2x1x1_0_nnn_align8_stream_k_warpspecialized_cooperative_epi_tma,passed,success,universal,896,14336,4096,f16:column,f16:column,f16:column,f16:column,1,0,serial,1,1,heuristic,invalid,invalid,false,false,1,tensorop,f32,128,128,64,2,1,1,0,0,0,6,4,2,1,64,128,16,90,90,150470656,105252388864,699,0.228999,611.954,459620
8,CUTLASS,gemm,cutlass_tensorop_f16_s1688gemm_f16_256x128_32x2_nn_align8,passed,success,universal,1024,14336,4096,f16:column,f16:column,f16:column,f16:column,1,0,serial,1,1,heuristic,invalid,invalid,false,false,1,tensorop,f32,256,128,32,1,1,1,0,0,0,2,4,2,1,16,8,8,75,1024,155189248,120288444416,775,0.648827,222.758,185394
8,CUTLASS,gemm,cutlass_tensorop_f16_s16816gemm_f16_256x128_32x3_nn_align8,passed,success,universal,1024,14336,4096,f16:column,f16:column,f16:column,f16:column,1,0,serial,1,1,heuristic,invalid,invalid,false,false,1,tensorop,f32,256,128,32,1,1,1,0,0,0,3,4,2,1,16,8,16,80,1024,155189248,120288444416,775,0.292943,493.377,410621
8,CUTLASS,gemm,cutlass3x_sm90_tensorop_s64x128x16gemm_f16_f16_f32_f16_f16_128x128x64_1x2x1_0_nnn_align8,passed,success,universal,1024,14336,4096,f16:column,f16:column,f16:column,f16:column,1,0,serial,1,1,heuristic,invalid,invalid,false,false,1,tensorop,f32,128,128,64,1,2,1,0,0,0,7,4,2,1,64,128,16,90,90,155189248,120288444416,775,0.199346,725.027,603416
8,CUTLASS,gemm,cutlass3x_sm90_tensorop_s64x128x16gemm_f16_f16_f32_f16_f16_128x128x64_1x2x1_0_nnn_align8_warpspecialized_epi_nosmem,passed,success,universal,1024,14336,4096,f16:column,f16:column,f16:column,f16:column,1,0,serial,1,1,heuristic,invalid,invalid,false,false,1,tensorop,f32,128,128,64,1,2,1,0,0,0,7,4,1,1,64,128,16,90,90,155189248,120288444416,775,0.189687,761.945,634141
8,CUTLASS,gemm,cutlass3x_sm90_tensorop_s64x128x16gemm_f16_f16_f32_f16_f16_128x128x64_1x2x1_0_nnn_align8_warpspecialized_pingpong_epi_tma,passed,success,universal,1024,14336,4096,f16:column,f16:column,f16:column,f16:column,1,0,serial,1,1,heuristic,invalid,invalid,false,false,1,tensorop,f32,128,128,64,1,2,1,0,0,0,6,4,1,1,64,128,16,90,90,155189248,120288444416,775,0.187514,770.777,641492
8,CUTLASS,gemm,cutlass3x_sm90_tensorop_s64x128x16gemm_f16_f16_f32_f16_f16_128x128x64_1x2x1_0_nnn_align8_warpspecialized_pingpong_epi_nosmem,passed,success,universal,1024,14336,4096,f16:column,f16:column,f16:column,f16:column,1,0,serial,1,1,heuristic,invalid,invalid,false,false,1,tensorop,f32,128,128,64,1,2,1,0,0,0,7,4,1,1,64,128,16,90,90,155189248,120288444416,775,0.190184,759.956,632486
8,CUTLASS,gemm,cutlass3x_sm90_tensorop_s64x128x16gemm_f16_f16_f32_f16_f16_128x128x64_1x2x1_0_nnn_align8_warpspecialized_cooperative_epi_nosmem,passed,success,universal,1024,14336,4096,f16:column,f16:column,f16:column,f16:column,1,0,serial,1,1,heuristic,invalid,invalid,false,false,1,tensorop,f32,128,128,64,1,2,1,0,0,0,7,4,2,1,64,128,16,90,90,155189248,120288444416,775,0.199291,725.229,603583
8,CUTLASS,gemm,cutlass3x_sm90_tensorop_s64x128x16gemm_f16_f16_f32_f16_f16_128x128x64_1x2x1_0_nnn_align8_warpspecialized_cooperative_epi_tma,passed,success,universal,1024,14336,4096,f16:column,f16:column,f16:column,f16:column,1,0,serial,1,1,heuristic,invalid,invalid,false,false,1,tensorop,f32,128,128,64,1,2,1,0,0,0,6,4,2,1,64,128,16,90,90,155189248,120288444416,775,0.189098,764.318,636116
8,CUTLASS,gemm,cutlass3x_sm90_tensorop_s64x128x16gemm_f16_f16_f32_f16_f16_128x128x64_1x2x1_0_nnn_align8_stream_k_warpspecialized_cooperative_epi_nosmem,passed,success,universal,1024,14336,4096,f16:column,f16:column,f16:column,f16:column,1,0,serial,1,1,heuristic,invalid,invalid,false,false,1,tensorop,f32,128,128,64,1,2,1,0,0,0,7,4,2,1,64,128,16,90,90,155189248,120288444416,775,0.202561,713.52,593838
8,CUTLASS,gemm,cutlass3x_sm90_tensorop_s64x128x16gemm_f16_f16_f32_f16_f16_128x128x64_1x2x1_0_nnn_align8_stream_k_warpspecialized_cooperative_epi_tma,passed,success,universal,1024,14336,4096,f16:column,f16:column,f16:column,f16:column,1,0,serial,1,1,heuristic,invalid,invalid,false,false,1,tensorop,f32,128,128,64,1,2,1,0,0,0,6,4,2,1,64,128,16,90,90,155189248,120288444416,775,0.19495,741.376,617022
8,CUTLASS,gemm,cutlass3x_sm90_tensorop_s64x128x16gemm_f16_f16_f32_f16_f16_128x128x64_2x1x1_0_nnn_align8,passed,success,universal,1024,14336,4096,f16:column,f16:column,f16:column,f16:column,1,0,serial,1,1,heuristic,invalid,invalid,false,false,1,tensorop,f32,128,128,64,2,1,1,0,0,0,7,4,2,1,64,128,16,90,90,155189248,120288444416,775,0.181592,795.913,662412
8,CUTLASS,gemm,cutlass3x_sm90_tensorop_s64x128x16gemm_f16_f16_f32_f16_f16_128x128x64_2x1x1_0_nnn_align8_warpspecialized_epi_nosmem,passed,success,universal,1024,14336,4096,f16:column,f16:column,f16:column,f16:column,1,0,serial,1,1,heuristic,invalid,invalid,false,false,1,tensorop,f32,128,128,64,2,1,1,0,0,0,7,4,1,1,64,128,16,90,90,155189248,120288444416,775,0.195517,739.226,615232
8,CUTLASS,gemm,cutlass3x_sm90_tensorop_s64x128x16gemm_f16_f16_f32_f16_f16_128x128x64_2x1x1_0_nnn_align8_warpspecialized_pingpong_epi_tma,passed,success,universal,1024,14336,4096,f16:column,f16:column,f16:column,f16:column,1,0,serial,1,1,heuristic,invalid,invalid,false,false,1,tensorop,f32,128,128,64,2,1,1,0,0,0,6,4,1,1,64,128,16,90,90,155189248,120288444416,775,0.169616,852.107,709180
8,CUTLASS,gemm,cutlass3x_sm90_tensorop_s64x128x16gemm_f16_f16_f32_f16_f16_128x128x64_2x1x1_0_nnn_align8_warpspecialized_pingpong_epi_nosmem,passed,success,universal,1024,14336,4096,f16:column,f16:column,f16:column,f16:column,1,0,serial,1,1,heuristic,invalid,invalid,false,false,1,tensorop,f32,128,128,64,2,1,1,0,0,0,7,4,1,1,64,128,16,90,90,155189248,120288444416,775,0.174666,827.472,688677
8,CUTLASS,gemm,cutlass3x_sm90_tensorop_s64x128x16gemm_f16_f16_f32_f16_f16_128x128x64_2x1x1_0_nnn_align8_warpspecialized_cooperative_epi_nosmem,passed,success,universal,1024,14336,4096,f16:column,f16:column,f16:column,f16:column,1,0,serial,1,1,heuristic,invalid,invalid,false,false,1,tensorop,f32,128,128,64,2,1,1,0,0,0,7,4,2,1,64,128,16,90,90,155189248,120288444416,775,0.181597,795.89,662392
8,CUTLASS,gemm,cutlass3x_sm90_tensorop_s64x128x16gemm_f16_f16_f32_f16_f16_128x128x64_2x1x1_0_nnn_align8_warpspecialized_cooperative_epi_tma,passed,success,universal,1024,14336,4096,f16:column,f16:column,f16:column,f16:column,1,0,serial,1,1,heuristic,invalid,invalid,false,false,1,tensorop,f32,128,128,64,2,1,1,0,0,0,6,4,2,1,64,128,16,90,90,155189248,120288444416,775,0.172724,836.776,696421
8,CUTLASS,gemm,cutlass3x_sm90_tensorop_s64x128x16gemm_f16_f16_f32_f16_f16_128x128x64_2x1x1_0_nnn_align8_stream_k_warpspecialized_cooperative_epi_nosmem,passed,success,universal,1024,14336,4096,f16:column,f16:column,f16:column,f16:column,1,0,serial,1,1,heuristic,invalid,invalid,false,false,1,tensorop,f32,128,128,64,2,1,1,0,0,0,7,4,2,1,64,128,16,90,90,155189248,120288444416,775,0.186776,773.821,644025
8,CUTLASS,gemm,cutlass3x_sm90_tensorop_s64x128x16gemm_f16_f16_f32_f16_f16_128x128x64_2x1x1_0_nnn_align8_stream_k_warpspecialized_cooperative_epi_tma,passed,success,universal,1024,14336,4096,f16:column,f16:column,f16:column,f16:column,1,0,serial,1,1,heuristic,invalid,invalid,false,false,1,tensorop,f32,128,128,64,2,1,1,0,0,0,6,4,2,1,64,128,16,90,90,155189248,120288444416,775,0.177628,813.675,677194
9,CUTLASS,gemm,cutlass_tensorop_f16_s1688gemm_f16_256x128_32x2_nn_align8,passed,success,universal,1152,14336,4096,f16:column,f16:column,f16:column,f16:column,1,0,serial,1,1,heuristic,invalid,invalid,false,false,1,tensorop,f32,256,128,32,1,1,1,0,0,0,2,4,2,1,16,8,8,75,1024,159907840,135324499968,846,0.661838,225.019,204468
9,CUTLASS,gemm,cutlass_tensorop_f16_s16816gemm_f16_256x128_32x3_nn_align8,passed,success,universal,1152,14336,4096,f16:column,f16:column,f16:column,f16:column,1,0,serial,1,1,heuristic,invalid,invalid,false,false,1,tensorop,f32,256,128,32,1,1,1,0,0,0,3,4,2,1,16,8,16,80,1024,159907840,135324499968,846,0.307645,484.084,439873
9,CUTLASS,gemm,cutlass3x_sm90_tensorop_s64x128x16gemm_f16_f16_f32_f16_f16_128x128x64_1x2x1_0_nnn_align8,passed,success,universal,1152,14336,4096,f16:column,f16:column,f16:column,f16:column,1,0,serial,1,1,heuristic,invalid,invalid,false,false,1,tensorop,f32,128,128,64,1,2,1,0,0,0,7,4,2,1,64,128,16,90,90,159907840,135324499968,846,0.229951,647.64,588492
9,CUTLASS,gemm,cutlass3x_sm90_tensorop_s64x128x16gemm_f16_f16_f32_f16_f16_128x128x64_1x2x1_0_nnn_align8_warpspecialized_epi_nosmem,passed,success,universal,1152,14336,4096,f16:column,f16:column,f16:column,f16:column,1,0,serial,1,1,heuristic,invalid,invalid,false,false,1,tensorop,f32,128,128,64,1,2,1,0,0,0,7,4,1,1,64,128,16,90,90,159907840,135324499968,846,0.220038,676.817,615004
9,CUTLASS,gemm,cutlass3x_sm90_tensorop_s64x128x16gemm_f16_f16_f32_f16_f16_128x128x64_1x2x1_0_nnn_align8_warpspecialized_pingpong_epi_tma,passed,success,universal,1152,14336,4096,f16:column,f16:column,f16:column,f16:column,1,0,serial,1,1,heuristic,invalid,invalid,false,false,1,tensorop,f32,128,128,64,1,2,1,0,0,0,6,4,1,1,64,128,16,90,90,159907840,135324499968,846,0.213355,698.02,634270
9,CUTLASS,gemm,cutlass3x_sm90_tensorop_s64x128x16gemm_f16_f16_f32_f16_f16_128x128x64_1x2x1_0_nnn_align8_warpspecialized_pingpong_epi_nosmem,passed,success,universal,1152,14336,4096,f16:column,f16:column,f16:column,f16:column,1,0,serial,1,1,heuristic,invalid,invalid,false,false,1,tensorop,f32,128,128,64,1,2,1,0,0,0,7,4,1,1,64,128,16,90,90,159907840,135324499968,846,0.216388,688.233,625378
9,CUTLASS,gemm,cutlass3x_sm90_tensorop_s64x128x16gemm_f16_f16_f32_f16_f16_128x128x64_1x2x1_0_nnn_align8_warpspecialized_cooperative_epi_nosmem,passed,success,universal,1152,14336,4096,f16:column,f16:column,f16:column,f16:column,1,0,serial,1,1,heuristic,invalid,invalid,false,false,1,tensorop,f32,128,128,64,1,2,1,0,0,0,7,4,2,1,64,128,16,90,90,159907840,135324499968,846,0.229999,647.507,588371
9,CUTLASS,gemm,cutlass3x_sm90_tensorop_s64x128x16gemm_f16_f16_f32_f16_f16_128x128x64_1x2x1_0_nnn_align8_warpspecialized_cooperative_epi_tma,passed,success,universal,1152,14336,4096,f16:column,f16:column,f16:column,f16:column,1,0,serial,1,1,heuristic,invalid,invalid,false,false,1,tensorop,f32,128,128,64,1,2,1,0,0,0,6,4,2,1,64,128,16,90,90,159907840,135324499968,846,0.215924,689.713,626722
9,CUTLASS,gemm,cutlass3x_sm90_tensorop_s64x128x16gemm_f16_f16_f32_f16_f16_128x128x64_1x2x1_0_nnn_align8_stream_k_warpspecialized_cooperative_epi_nosmem,passed,success,universal,1152,14336,4096,f16:column,f16:column,f16:column,f16:column,1,0,serial,1,1,heuristic,invalid,invalid,false,false,1,tensorop,f32,128,128,64,1,2,1,0,0,0,7,4,2,1,64,128,16,90,90,159907840,135324499968,846,0.232174,641.441,582859
9,CUTLASS,gemm,cutlass3x_sm90_tensorop_s64x128x16gemm_f16_f16_f32_f16_f16_128x128x64_1x2x1_0_nnn_align8_stream_k_warpspecialized_cooperative_epi_tma,passed,success,universal,1152,14336,4096,f16:column,f16:column,f16:column,f16:column,1,0,serial,1,1,heuristic,invalid,invalid,false,false,1,tensorop,f32,128,128,64,1,2,1,0,0,0,6,4,2,1,64,128,16,90,90,159907840,135324499968,846,0.221472,672.437,611024
9,CUTLASS,gemm,cutlass3x_sm90_tensorop_s64x128x16gemm_f16_f16_f32_f16_f16_128x128x64_2x1x1_0_nnn_align8,passed,success,universal,1152,14336,4096,f16:column,f16:column,f16:column,f16:column,1,0,serial,1,1,heuristic,invalid,invalid,false,false,1,tensorop,f32,128,128,64,2,1,1,0,0,0,7,4,2,1,64,128,16,90,90,159907840,135324499968,846,0.281818,528.447,480185
9,CUTLASS,gemm,cutlass3x_sm90_tensorop_s64x128x16gemm_f16_f16_f32_f16_f16_128x128x64_2x1x1_0_nnn_align8_warpspecialized_epi_nosmem,passed,success,universal,1152,14336,4096,f16:column,f16:column,f16:column,f16:column,1,0,serial,1,1,heuristic,invalid,invalid,false,false,1,tensorop,f32,128,128,64,2,1,1,0,0,0,7,4,1,1,64,128,16,90,90,159907840,135324499968,846,0.279939,531.993,483407
9,CUTLASS,gemm,cutlass3x_sm90_tensorop_s64x128x16gemm_f16_f16_f32_f16_f16_128x128x64_2x1x1_0_nnn_align8_warpspecialized_pingpong_epi_tma,passed,success,universal,1152,14336,4096,f16:column,f16:column,f16:column,f16:column,1,0,serial,1,1,heuristic,invalid,invalid,false,false,1,tensorop,f32,128,128,64,2,1,1,0,0,0,6,4,1,1,64,128,16,90,90,159907840,135324499968,846,0.274646,542.246,492723
9,CUTLASS,gemm,cutlass3x_sm90_tensorop_s64x128x16gemm_f16_f16_f32_f16_f16_128x128x64_2x1x1_0_nnn_align8_warpspecialized_pingpong_epi_nosmem,passed,success,universal,1152,14336,4096,f16:column,f16:column,f16:column,f16:column,1,0,serial,1,1,heuristic,invalid,invalid,false,false,1,tensorop,f32,128,128,64,2,1,1,0,0,0,7,4,1,1,64,128,16,90,90,159907840,135324499968,846,0.27843,534.877,486027
9,CUTLASS,gemm,cutlass3x_sm90_tensorop_s64x128x16gemm_f16_f16_f32_f16_f16_128x128x64_2x1x1_0_nnn_align8_warpspecialized_cooperative_epi_nosmem,passed,success,universal,1152,14336,4096,f16:column,f16:column,f16:column,f16:column,1,0,serial,1,1,heuristic,invalid,invalid,false,false,1,tensorop,f32,128,128,64,2,1,1,0,0,0,7,4,2,1,64,128,16,90,90,159907840,135324499968,846,0.282509,527.153,479009
9,CUTLASS,gemm,cutlass3x_sm90_tensorop_s64x128x16gemm_f16_f16_f32_f16_f16_128x128x64_2x1x1_0_nnn_align8_warpspecialized_cooperative_epi_tma,passed,success,universal,1152,14336,4096,f16:column,f16:column,f16:column,f16:column,1,0,serial,1,1,heuristic,invalid,invalid,false,false,1,tensorop,f32,128,128,64,2,1,1,0,0,0,6,4,2,1,64,128,16,90,90,159907840,135324499968,846,0.276773,538.078,488936
9,CUTLASS,gemm,cutlass3x_sm90_tensorop_s64x128x16gemm_f16_f16_f32_f16_f16_128x128x64_2x1x1_0_nnn_align8_stream_k_warpspecialized_cooperative_epi_nosmem,passed,success,universal,1152,14336,4096,f16:column,f16:column,f16:column,f16:column,1,0,serial,1,1,heuristic,invalid,invalid,false,false,1,tensorop,f32,128,128,64,2,1,1,0,0,0,7,4,2,1,64,128,16,90,90,159907840,135324499968,846,0.284817,522.883,475128
9,CUTLASS,gemm,cutlass3x_sm90_tensorop_s64x128x16gemm_f16_f16_f32_f16_f16_128x128x64_2x1x1_0_nnn_align8_stream_k_warpspecialized_cooperative_epi_tma,passed,success,universal,1152,14336,4096,f16:column,f16:column,f16:column,f16:column,1,0,serial,1,1,heuristic,invalid,invalid,false,false,1,tensorop,f32,128,128,64,2,1,1,0,0,0,6,4,2,1,64,128,16,90,90,159907840,135324499968,846,0.277591,536.494,487496
10,CUTLASS,gemm,cutlass_tensorop_f16_s1688gemm_f16_256x128_32x2_nn_align8,passed,success,universal,1280,14336,4096,f16:column,f16:column,f16:column,f16:column,1,0,serial,1,1,heuristic,invalid,invalid,false,false,1,tensorop,f32,256,128,32,1,1,1,0,0,0,2,4,2,1,16,8,8,75,1024,164626432,150360555520,913,0.828553,185.046,181474
10,CUTLASS,gemm,cutlass_tensorop_f16_s16816gemm_f16_256x128_32x3_nn_align8,passed,success,universal,1280,14336,4096,f16:column,f16:column,f16:column,f16:column,1,0,serial,1,1,heuristic,invalid,invalid,false,false,1,tensorop,f32,256,128,32,1,1,1,0,0,0,3,4,2,1,16,8,16,80,1024,164626432,150360555520,913,0.374429,409.478,401573
10,CUTLASS,gemm,cutlass3x_sm90_tensorop_s64x128x16gemm_f16_f16_f32_f16_f16_128x128x64_1x2x1_0_nnn_align8,passed,success,universal,1280,14336,4096,f16:column,f16:column,f16:column,f16:column,1,0,serial,1,1,heuristic,invalid,invalid,false,false,1,tensorop,f32,128,128,64,1,2,1,0,0,0,7,4,2,1,64,128,16,90,90,164626432,150360555520,913,0.253205,605.517,593828
10,CUTLASS,gemm,cutlass3x_sm90_tensorop_s64x128x16gemm_f16_f16_f32_f16_f16_128x128x64_1x2x1_0_nnn_align8_warpspecialized_epi_nosmem,passed,success,universal,1280,14336,4096,f16:column,f16:column,f16:column,f16:column,1,0,serial,1,1,heuristic,invalid,invalid,false,false,1,tensorop,f32,128,128,64,1,2,1,0,0,0,7,4,1,1,64,128,16,90,90,164626432,150360555520,913,0.24014,638.463,626137
10,CUTLASS,gemm,cutlass3x_sm90_tensorop_s64x128x16gemm_f16_f16_f32_f16_f16_128x128x64_1x2x1_0_nnn_align8_warpspecialized_pingpong_epi_tma,passed,success,universal,1280,14336,4096,f16:column,f16:column,f16:column,f16:column,1,0,serial,1,1,heuristic,invalid,invalid,false,false,1,tensorop,f32,128,128,64,1,2,1,0,0,0,6,4,1,1,64,128,16,90,90,164626432,150360555520,913,0.238479,642.91,630499
10,CUTLASS,gemm,cutlass3x_sm90_tensorop_s64x128x16gemm_f16_f16_f32_f16_f16_128x128x64_1x2x1_0_nnn_align8_warpspecialized_pingpong_epi_nosmem,passed,success,universal,1280,14336,4096,f16:column,f16:column,f16:column,f16:column,1,0,serial,1,1,heuristic,invalid,invalid,false,false,1,tensorop,f32,128,128,64,1,2,1,0,0,0,7,4,1,1,64,128,16,90,90,164626432,150360555520,913,0.240757,636.826,624532
10,CUTLASS,gemm,cutlass3x_sm90_tensorop_s64x128x16gemm_f16_f16_f32_f16_f16_128x128x64_1x2x1_0_nnn_align8_warpspecialized_cooperative_epi_nosmem,passed,success,universal,1280,14336,4096,f16:column,f16:column,f16:column,f16:column,1,0,serial,1,1,heuristic,invalid,invalid,false,false,1,tensorop,f32,128,128,64,1,2,1,0,0,0,7,4,2,1,64,128,16,90,90,164626432,150360555520,913,0.253376,605.109,593428
10,CUTLASS,gemm,cutlass3x_sm90_tensorop_s64x128x16gemm_f16_f16_f32_f16_f16_128x128x64_1x2x1_0_nnn_align8_warpspecialized_cooperative_epi_tma,passed,success,universal,1280,14336,4096,f16:column,f16:column,f16:column,f16:column,1,0,serial,1,1,heuristic,invalid,invalid,false,false,1,tensorop,f32,128,128,64,1,2,1,0,0,0,6,4,2,1,64,128,16,90,90,164626432,150360555520,913,0.240944,636.332,624048
10,CUTLASS,gemm,cutlass3x_sm90_tensorop_s64x128x16gemm_f16_f16_f32_f16_f16_128x128x64_1x2x1_0_nnn_align8_stream_k_warpspecialized_cooperative_epi_nosmem,passed,success,universal,1280,14336,4096,f16:column,f16:column,f16:column,f16:column,1,0,serial,1,1,heuristic,invalid,invalid,false,false,1,tensorop,f32,128,128,64,1,2,1,0,0,0,7,4,2,1,64,128,16,90,90,164626432,150360555520,913,0.247056,620.589,608609
10,CUTLASS,gemm,cutlass3x_sm90_tensorop_s64x128x16gemm_f16_f16_f32_f16_f16_128x128x64_1x2x1_0_nnn_align8_stream_k_warpspecialized_cooperative_epi_tma,passed,success,universal,1280,14336,4096,f16:column,f16:column,f16:column,f16:column,1,0,serial,1,1,heuristic,invalid,invalid,false,false,1,tensorop,f32,128,128,64,1,2,1,0,0,0,6,4,2,1,64,128,16,90,90,164626432,150360555520,913,0.242417,632.466,620257
10,CUTLASS,gemm,cutlass3x_sm90_tensorop_s64x128x16gemm_f16_f16_f32_f16_f16_128x128x64_2x1x1_0_nnn_align8,passed,success,universal,1280,14336,4096,f16:column,f16:column,f16:column,f16:column,1,0,serial,1,1,heuristic,invalid,invalid,false,false,1,tensorop,f32,128,128,64,2,1,1,0,0,0,7,4,2,1,64,128,16,90,90,164626432,150360555520,913,0.251218,610.308,598526
10,CUTLASS,gemm,cutlass3x_sm90_tensorop_s64x128x16gemm_f16_f16_f32_f16_f16_128x128x64_2x1x1_0_nnn_align8_warpspecialized_epi_nosmem,passed,success,universal,1280,14336,4096,f16:column,f16:column,f16:column,f16:column,1,0,serial,1,1,heuristic,invalid,invalid,false,false,1,tensorop,f32,128,128,64,2,1,1,0,0,0,7,4,1,1,64,128,16,90,90,164626432,150360555520,913,0.25429,602.936,591297
10,CUTLASS,gemm,cutlass3x_sm90_tensorop_s64x128x16gemm_f16_f16_f32_f16_f16_128x128x64_2x1x1_0_nnn_align8_warpspecialized_pingpong_epi_tma,passed,success,universal,1280,14336,4096,f16:column,f16:column,f16:column,f16:column,1,0,serial,1,1,heuristic,invalid,invalid,false,false,1,tensorop,f32,128,128,64,2,1,1,0,0,0,6,4,1,1,64,128,16,90,90,164626432,150360555520,913,0.236392,648.586,636065
10,CUTLASS,gemm,cutlass3x_sm90_tensorop_s64x128x16gemm_f16_f16_f32_f16_f16_128x128x64_2x1x1_0_nnn_align8_warpspecialized_pingpong_epi_nosmem,passed,success,universal,1280,14336,4096,f16:column,f16:column,f16:column,f16:column,1,0,serial,1,1,heuristic,invalid,invalid,false,false,1,tensorop,f32,128,128,64,2,1,1,0,0,0,7,4,1,1,64,128,16,90,90,164626432,150360555520,913,0.239649,639.77,627419
10,CUTLASS,gemm,cutlass3x_sm90_tensorop_s64x128x16gemm_f16_f16_f32_f16_f16_128x128x64_2x1x1_0_nnn_align8_warpspecialized_cooperative_epi_nosmem,passed,success,universal,1280,14336,4096,f16:column,f16:column,f16:column,f16:column,1,0,serial,1,1,heuristic,invalid,invalid,false,false,1,tensorop,f32,128,128,64,2,1,1,0,0,0,7,4,2,1,64,128,16,90,90,164626432,150360555520,913,0.252256,607.797,596063
10,CUTLASS,gemm,cutlass3x_sm90_tensorop_s64x128x16gemm_f16_f16_f32_f16_f16_128x128x64_2x1x1_0_nnn_align8_warpspecialized_cooperative_epi_tma,passed,success,universal,1280,14336,4096,f16:column,f16:column,f16:column,f16:column,1,0,serial,1,1,heuristic,invalid,invalid,false,false,1,tensorop,f32,128,128,64,2,1,1,0,0,0,6,4,2,1,64,128,16,90,90,164626432,150360555520,913,0.239326,640.634,628266
10,CUTLASS,gemm,cutlass3x_sm90_tensorop_s64x128x16gemm_f16_f16_f32_f16_f16_128x128x64_2x1x1_0_nnn_align8_stream_k_warpspecialized_cooperative_epi_nosmem,passed,success,universal,1280,14336,4096,f16:column,f16:column,f16:column,f16:column,1,0,serial,1,1,heuristic,invalid,invalid,false,false,1,tensorop,f32,128,128,64,2,1,1,0,0,0,7,4,2,1,64,128,16,90,90,164626432,150360555520,913,0.248791,616.261,604365
10,CUTLASS,gemm,cutlass3x_sm90_tensorop_s64x128x16gemm_f16_f16_f32_f16_f16_128x128x64_2x1x1_0_nnn_align8_stream_k_warpspecialized_cooperative_epi_tma,passed,success,universal,1280,14336,4096,f16:column,f16:column,f16:column,f16:column,1,0,serial,1,1,heuristic,invalid,invalid,false,false,1,tensorop,f32,128,128,64,2,1,1,0,0,0,6,4,2,1,64,128,16,90,90,164626432,150360555520,913,0.240731,636.896,624601
11,CUTLASS,gemm,cutlass_tensorop_f16_s1688gemm_f16_256x128_32x2_nn_align8,passed,success,universal,1408,14336,4096,f16:column,f16:column,f16:column,f16:column,1,0,serial,1,1,heuristic,invalid,invalid,false,false,1,tensorop,f32,256,128,32,1,1,1,0,0,0,2,4,2,1,16,8,8,75,1024,169345024,165396611072,976,0.824449,191.297,200615
11,CUTLASS,gemm,cutlass_tensorop_f16_s16816gemm_f16_256x128_32x3_nn_align8,passed,success,universal,1408,14336,4096,f16:column,f16:column,f16:column,f16:column,1,0,serial,1,1,heuristic,invalid,invalid,false,false,1,tensorop,f32,256,128,32,1,1,1,0,0,0,3,4,2,1,16,8,16,80,1024,169345024,165396611072,976,0.374697,420.913,441414
11,CUTLASS,gemm,cutlass3x_sm90_tensorop_s64x128x16gemm_f16_f16_f32_f16_f16_128x128x64_1x2x1_0_nnn_align8,passed,success,universal,1408,14336,4096,f16:column,f16:column,f16:column,f16:column,1,0,serial,1,1,heuristic,invalid,invalid,false,false,1,tensorop,f32,128,128,64,1,2,1,0,0,0,7,4,2,1,64,128,16,90,90,169345024,165396611072,976,0.282868,557.557,584713
11,CUTLASS,gemm,cutlass3x_sm90_tensorop_s64x128x16gemm_f16_f16_f32_f16_f16_128x128x64_1x2x1_0_nnn_align8_warpspecialized_epi_nosmem,passed,success,universal,1408,14336,4096,f16:column,f16:column,f16:column,f16:column,1,0,serial,1,1,heuristic,invalid,invalid,false,false,1,tensorop,f32,128,128,64,1,2,1,0,0,0,7,4,1,1,64,128,16,90,90,169345024,165396611072,976,0.262313,601.246,630531
11,CUTLASS,gemm,cutlass3x_sm90_tensorop_s64x128x16gemm_f16_f16_f32_f16_f16_128x128x64_1x2x1_0_nnn_align8_warpspecialized_pingpong_epi_tma,passed,success,universal,1408,14336,4096,f16:column,f16:column,f16:column,f16:column,1,0,serial,1,1,heuristic,invalid,invalid,false,false,1,tensorop,f32,128,128,64,1,2,1,0,0,0,6,4,1,1,64,128,16,90,90,169345024,165396611072,976,0.266172,592.53,621390
11,CUTLASS,gemm,cutlass3x_sm90_tensorop_s64x128x16gemm_f16_f16_f32_f16_f16_128x128x64_1x2x1_0_nnn_align8_warpspecialized_pingpong_epi_nosmem,passed,success,universal,1408,14336,4096,f16:column,f16:column,f16:column,f16:column,1,0,serial,1,1,heuristic,invalid,invalid,false,false,1,tensorop,f32,128,128,64,1,2,1,0,0,0,7,4,1,1,64,128,16,90,90,169345024,165396611072,976,0.266214,592.437,621292
11,CUTLASS,gemm,cutlass3x_sm90_tensorop_s64x128x16gemm_f16_f16_f32_f16_f16_128x128x64_1x2x1_0_nnn_align8_warpspecialized_cooperative_epi_nosmem,passed,success,universal,1408,14336,4096,f16:column,f16:column,f16:column,f16:column,1,0,serial,1,1,heuristic,invalid,invalid,false,false,1,tensorop,f32,128,128,64,1,2,1,0,0,0,7,4,2,1,64,128,16,90,90,169345024,165396611072,976,0.282753,557.783,584951
11,CUTLASS,gemm,cutlass3x_sm90_tensorop_s64x128x16gemm_f16_f16_f32_f16_f16_128x128x64_1x2x1_0_nnn_align8_warpspecialized_cooperative_epi_tma,passed,success,universal,1408,14336,4096,f16:column,f16:column,f16:column,f16:column,1,0,serial,1,1,heuristic,invalid,invalid,false,false,1,tensorop,f32,128,128,64,1,2,1,0,0,0,6,4,2,1,64,128,16,90,90,169345024,165396611072,976,0.266631,591.51,620320
11,CUTLASS,gemm,cutlass3x_sm90_tensorop_s64x128x16gemm_f16_f16_f32_f16_f16_128x128x64_1x2x1_0_nnn_align8_stream_k_warpspecialized_cooperative_epi_nosmem,passed,success,universal,1408,14336,4096,f16:column,f16:column,f16:column,f16:column,1,0,serial,1,1,heuristic,invalid,invalid,false,false,1,tensorop,f32,128,128,64,1,2,1,0,0,0,7,4,2,1,64,128,16,90,90,169345024,165396611072,976,0.273012,577.684,605821
11,CUTLASS,gemm,cutlass3x_sm90_tensorop_s64x128x16gemm_f16_f16_f32_f16_f16_128x128x64_1x2x1_0_nnn_align8_stream_k_warpspecialized_cooperative_epi_tma,passed,success,universal,1408,14336,4096,f16:column,f16:column,f16:column,f16:column,1,0,serial,1,1,heuristic,invalid,invalid,false,false,1,tensorop,f32,128,128,64,1,2,1,0,0,0,6,4,2,1,64,128,16,90,90,169345024,165396611072,976,0.264589,596.075,625107
11,CUTLASS,gemm,cutlass3x_sm90_tensorop_s64x128x16gemm_f16_f16_f32_f16_f16_128x128x64_2x1x1_0_nnn_align8,passed,success,universal,1408,14336,4096,f16:column,f16:column,f16:column,f16:column,1,0,serial,1,1,heuristic,invalid,invalid,false,false,1,tensorop,f32,128,128,64,2,1,1,0,0,0,7,4,2,1,64,128,16,90,90,169345024,165396611072,976,0.366201,430.678,451655
11,CUTLASS,gemm,cutlass3x_sm90_tensorop_s64x128x16gemm_f16_f16_f32_f16_f16_128x128x64_2x1x1_0_nnn_align8_warpspecialized_epi_nosmem,passed,success,universal,1408,14336,4096,f16:column,f16:column,f16:column,f16:column,1,0,serial,1,1,heuristic,invalid,invalid,false,false,1,tensorop,f32,128,128,64,2,1,1,0,0,0,7,4,1,1,64,128,16,90,90,169345024,165396611072,976,0.326304,483.338,506879
11,CUTLASS,gemm,cutlass3x_sm90_tensorop_s64x128x16gemm_f16_f16_f32_f16_f16_128x128x64_2x1x1_0_nnn_align8_warpspecialized_pingpong_epi_tma,passed,success,universal,1408,14336,4096,f16:column,f16:column,f16:column,f16:column,1,0,serial,1,1,heuristic,invalid,invalid,false,false,1,tensorop,f32,128,128,64,2,1,1,0,0,0,6,4,1,1,64,128,16,90,90,169345024,165396611072,976,0.354618,444.746,466408
11,CUTLASS,gemm,cutlass3x_sm90_tensorop_s64x128x16gemm_f16_f16_f32_f16_f16_128x128x64_2x1x1_0_nnn_align8_warpspecialized_pingpong_epi_nosmem,passed,success,universal,1408,14336,4096,f16:column,f16:column,f16:column,f16:column,1,0,serial,1,1,heuristic,invalid,invalid,false,false,1,tensorop,f32,128,128,64,2,1,1,0,0,0,7,4,1,1,64,128,16,90,90,169345024,165396611072,976,0.362698,434.838,456018
11,CUTLASS,gemm,cutlass3x_sm90_tensorop_s64x128x16gemm_f16_f16_f32_f16_f16_128x128x64_2x1x1_0_nnn_align8_warpspecialized_cooperative_epi_nosmem,passed,success,universal,1408,14336,4096,f16:column,f16:column,f16:column,f16:column,1,0,serial,1,1,heuristic,invalid,invalid,false,false,1,tensorop,f32,128,128,64,2,1,1,0,0,0,7,4,2,1,64,128,16,90,90,169345024,165396611072,976,0.36582,431.126,452125
11,CUTLASS,gemm,cutlass3x_sm90_tensorop_s64x128x16gemm_f16_f16_f32_f16_f16_128x128x64_2x1x1_0_nnn_align8_warpspecialized_cooperative_epi_tma,passed,success,universal,1408,14336,4096,f16:column,f16:column,f16:column,f16:column,1,0,serial,1,1,heuristic,invalid,invalid,false,false,1,tensorop,f32,128,128,64,2,1,1,0,0,0,6,4,2,1,64,128,16,90,90,169345024,165396611072,976,0.365846,431.096,452093
11,CUTLASS,gemm,cutlass3x_sm90_tensorop_s64x128x16gemm_f16_f16_f32_f16_f16_128x128x64_2x1x1_0_nnn_align8_stream_k_warpspecialized_cooperative_epi_nosmem,passed,success,universal,1408,14336,4096,f16:column,f16:column,f16:column,f16:column,1,0,serial,1,1,heuristic,invalid,invalid,false,false,1,tensorop,f32,128,128,64,2,1,1,0,0,0,7,4,2,1,64,128,16,90,90,169345024,165396611072,976,0.364615,432.552,453620
11,CUTLASS,gemm,cutlass3x_sm90_tensorop_s64x128x16gemm_f16_f16_f32_f16_f16_128x128x64_2x1x1_0_nnn_align8_stream_k_warpspecialized_cooperative_epi_tma,passed,success,universal,1408,14336,4096,f16:column,f16:column,f16:column,f16:column,1,0,serial,1,1,heuristic,invalid,invalid,false,false,1,tensorop,f32,128,128,64,2,1,1,0,0,0,6,4,2,1,64,128,16,90,90,169345024,165396611072,976,0.359931,438.181,459523
12,CUTLASS,gemm,cutlass_tensorop_f16_s1688gemm_f16_256x128_32x2_nn_align8,passed,success,universal,1536,14336,4096,f16:column,f16:column,f16:column,f16:column,1,0,serial,1,1,heuristic,invalid,invalid,false,false,1,tensorop,f32,256,128,32,1,1,1,0,0,0,2,4,2,1,16,8,8,75,1024,174063616,180432666624,1036,0.986116,164.392,182973
12,CUTLASS,gemm,cutlass_tensorop_f16_s16816gemm_f16_256x128_32x3_nn_align8,passed,success,universal,1536,14336,4096,f16:column,f16:column,f16:column,f16:column,1,0,serial,1,1,heuristic,invalid,invalid,false,false,1,tensorop,f32,256,128,32,1,1,1,0,0,0,3,4,2,1,16,8,16,80,1024,174063616,180432666624,1036,0.443431,365.58,406901
12,CUTLASS,gemm,cutlass3x_sm90_tensorop_s64x128x16gemm_f16_f16_f32_f16_f16_128x128x64_1x2x1_0_nnn_align8,passed,success,universal,1536,14336,4096,f16:column,f16:column,f16:column,f16:column,1,0,serial,1,1,heuristic,invalid,invalid,false,false,1,tensorop,f32,128,128,64,1,2,1,0,0,0,7,4,2,1,64,128,16,90,90,174063616,180432666624,1036,0.307482,527.216,586807
12,CUTLASS,gemm,cutlass3x_sm90_tensorop_s64x128x16gemm_f16_f16_f32_f16_f16_128x128x64_1x2x1_0_nnn_align8_warpspecialized_epi_nosmem,passed,success,universal,1536,14336,4096,f16:column,f16:column,f16:column,f16:column,1,0,serial,1,1,heuristic,invalid,invalid,false,false,1,tensorop,f32,128,128,64,1,2,1,0,0,0,7,4,1,1,64,128,16,90,90,174063616,180432666624,1036,0.282708,573.417,638230
12,CUTLASS,gemm,cutlass3x_sm90_tensorop_s64x128x16gemm_f16_f16_f32_f16_f16_128x128x64_1x2x1_0_nnn_align8_warpspecialized_pingpong_epi_tma,passed,success,universal,1536,14336,4096,f16:column,f16:column,f16:column,f16:column,1,0,serial,1,1,heuristic,invalid,invalid,false,false,1,tensorop,f32,128,128,64,1,2,1,0,0,0,6,4,1,1,64,128,16,90,90,174063616,180432666624,1036,0.289344,560.265,623592
12,CUTLASS,gemm,cutlass3x_sm90_tensorop_s64x128x16gemm_f16_f16_f32_f16_f16_128x128x64_1x2x1_0_nnn_align8_warpspecialized_pingpong_epi_nosmem,passed,success,universal,1536,14336,4096,f16:column,f16:column,f16:column,f16:column,1,0,serial,1,1,heuristic,invalid,invalid,false,false,1,tensorop,f32,128,128,64,1,2,1,0,0,0,7,4,1,1,64,128,16,90,90,174063616,180432666624,1036,0.29092,557.229,620213
12,CUTLASS,gemm,cutlass3x_sm90_tensorop_s64x128x16gemm_f16_f16_f32_f16_f16_128x128x64_1x2x1_0_nnn_align8_warpspecialized_cooperative_epi_nosmem,passed,success,universal,1536,14336,4096,f16:column,f16:column,f16:column,f16:column,1,0,serial,1,1,heuristic,invalid,invalid,false,false,1,tensorop,f32,128,128,64,1,2,1,0,0,0,7,4,2,1,64,128,16,90,90,174063616,180432666624,1036,0.308687,525.158,584516
12,CUTLASS,gemm,cutlass3x_sm90_tensorop_s64x128x16gemm_f16_f16_f32_f16_f16_128x128x64_1x2x1_0_nnn_align8_warpspecialized_cooperative_epi_tma,passed,success,universal,1536,14336,4096,f16:column,f16:column,f16:column,f16:column,1,0,serial,1,1,heuristic,invalid,invalid,false,false,1,tensorop,f32,128,128,64,1,2,1,0,0,0,6,4,2,1,64,128,16,90,90,174063616,180432666624,1036,0.292764,553.721,616309
12,CUTLASS,gemm,cutlass3x_sm90_tensorop_s64x128x16gemm_f16_f16_f32_f16_f16_128x128x64_1x2x1_0_nnn_align8_stream_k_warpspecialized_cooperative_epi_nosmem,passed,success,universal,1536,14336,4096,f16:column,f16:column,f16:column,f16:column,1,0,serial,1,1,heuristic,invalid,invalid,false,false,1,tensorop,f32,128,128,64,1,2,1,0,0,0,7,4,2,1,64,128,16,90,90,174063616,180432666624,1036,0.293875,551.627,613978
12,CUTLASS,gemm,cutlass3x_sm90_tensorop_s64x128x16gemm_f16_f16_f32_f16_f16_128x128x64_1x2x1_0_nnn_align8_stream_k_warpspecialized_cooperative_epi_tma,passed,success,universal,1536,14336,4096,f16:column,f16:column,f16:column,f16:column,1,0,serial,1,1,heuristic,invalid,invalid,false,false,1,tensorop,f32,128,128,64,1,2,1,0,0,0,6,4,2,1,64,128,16,90,90,174063616,180432666624,1036,0.28372,571.372,635954
12,CUTLASS,gemm,cutlass3x_sm90_tensorop_s64x128x16gemm_f16_f16_f32_f16_f16_128x128x64_2x1x1_0_nnn_align8,passed,success,universal,1536,14336,4096,f16:column,f16:column,f16:column,f16:column,1,0,serial,1,1,heuristic,invalid,invalid,false,false,1,tensorop,f32,128,128,64,2,1,1,0,0,0,7,4,2,1,64,128,16,90,90,174063616,180432666624,1036,0.303454,534.214,594596
12,CUTLASS,gemm,cutlass3x_sm90_tensorop_s64x128x16gemm_f16_f16_f32_f16_f16_128x128x64_2x1x1_0_nnn_align8_warpspecialized_epi_nosmem,passed,success,universal,1536,14336,4096,f16:column,f16:column,f16:column,f16:column,1,0,serial,1,1,heuristic,invalid,invalid,false,false,1,tensorop,f32,128,128,64,2,1,1,0,0,0,7,4,1,1,64,128,16,90,90,174063616,180432666624,1036,0.296411,546.907,608724
12,CUTLASS,gemm,cutlass3x_sm90_tensorop_s64x128x16gemm_f16_f16_f32_f16_f16_128x128x64_2x1x1_0_nnn_align8_warpspecialized_pingpong_epi_tma,passed,success,universal,1536,14336,4096,f16:column,f16:column,f16:column,f16:column,1,0,serial,1,1,heuristic,invalid,invalid,false,false,1,tensorop,f32,128,128,64,2,1,1,0,0,0,6,4,1,1,64,128,16,90,90,174063616,180432666624,1036,0.285188,568.431,632681
12,CUTLASS,gemm,cutlass3x_sm90_tensorop_s64x128x16gemm_f16_f16_f32_f16_f16_128x128x64_2x1x1_0_nnn_align8_warpspecialized_pingpong_epi_nosmem,passed,success,universal,1536,14336,4096,f16:column,f16:column,f16:column,f16:column,1,0,serial,1,1,heuristic,invalid,invalid,false,false,1,tensorop,f32,128,128,64,2,1,1,0,0,0,7,4,1,1,64,128,16,90,90,174063616,180432666624,1036,0.287873,563.128,626779
12,CUTLASS,gemm,cutlass3x_sm90_tensorop_s64x128x16gemm_f16_f16_f32_f16_f16_128x128x64_2x1x1_0_nnn_align8_warpspecialized_cooperative_epi_nosmem,passed,success,universal,1536,14336,4096,f16:column,f16:column,f16:column,f16:column,1,0,serial,1,1,heuristic,invalid,invalid,false,false,1,tensorop,f32,128,128,64,2,1,1,0,0,0,7,4,2,1,64,128,16,90,90,174063616,180432666624,1036,0.303026,534.969,595437
12,CUTLASS,gemm,cutlass3x_sm90_tensorop_s64x128x16gemm_f16_f16_f32_f16_f16_128x128x64_2x1x1_0_nnn_align8_warpspecialized_cooperative_epi_tma,passed,success,universal,1536,14336,4096,f16:column,f16:column,f16:column,f16:column,1,0,serial,1,1,heuristic,invalid,invalid,false,false,1,tensorop,f32,128,128,64,2,1,1,0,0,0,6,4,2,1,64,128,16,90,90,174063616,180432666624,1036,0.289429,560.1,623408
12,CUTLASS,gemm,cutlass3x_sm90_tensorop_s64x128x16gemm_f16_f16_f32_f16_f16_128x128x64_2x1x1_0_nnn_align8_stream_k_warpspecialized_cooperative_epi_nosmem,passed,success,universal,1536,14336,4096,f16:column,f16:column,f16:column,f16:column,1,0,serial,1,1,heuristic,invalid,invalid,false,false,1,tensorop,f32,128,128,64,2,1,1,0,0,0,7,4,2,1,64,128,16,90,90,174063616,180432666624,1036,0.296797,546.195,607932
12,CUTLASS,gemm,cutlass3x_sm90_tensorop_s64x128x16gemm_f16_f16_f32_f16_f16_128x128x64_2x1x1_0_nnn_align8_stream_k_warpspecialized_cooperative_epi_tma,passed,success,universal,1536,14336,4096,f16:column,f16:column,f16:column,f16:column,1,0,serial,1,1,heuristic,invalid,invalid,false,false,1,tensorop,f32,128,128,64,2,1,1,0,0,0,6,4,2,1,64,128,16,90,90,174063616,180432666624,1036,0.28674,565.353,629256
13,CUTLASS,gemm,cutlass_tensorop_f16_s1688gemm_f16_256x128_32x2_nn_align8,passed,success,universal,1664,14336,4096,f16:column,f16:column,f16:column,f16:column,1,0,serial,1,1,heuristic,invalid,invalid,false,false,1,tensorop,f32,256,128,32,1,1,1,0,0,0,2,4,2,1,16,8,8,75,1024,178782208,195468722176,1093,0.989192,168.323,197604
13,CUTLASS,gemm,cutlass_tensorop_f16_s16816gemm_f16_256x128_32x3_nn_align8,passed,success,universal,1664,14336,4096,f16:column,f16:column,f16:column,f16:column,1,0,serial,1,1,heuristic,invalid,invalid,false,false,1,tensorop,f32,256,128,32,1,1,1,0,0,0,3,4,2,1,16,8,16,80,1024,178782208,195468722176,1093,0.444999,374.167,439256
13,CUTLASS,gemm,cutlass3x_sm90_tensorop_s64x128x16gemm_f16_f16_f32_f16_f16_128x128x64_1x2x1_0_nnn_align8,passed,success,universal,1664,14336,4096,f16:column,f16:column,f16:column,f16:column,1,0,serial,1,1,heuristic,invalid,invalid,false,false,1,tensorop,f32,128,128,64,1,2,1,0,0,0,7,4,2,1,64,128,16,90,90,178782208,195468722176,1093,0.328942,506.18,594234
13,CUTLASS,gemm,cutlass3x_sm90_tensorop_s64x128x16gemm_f16_f16_f32_f16_f16_128x128x64_1x2x1_0_nnn_align8_warpspecialized_epi_nosmem,passed,success,universal,1664,14336,4096,f16:column,f16:column,f16:column,f16:column,1,0,serial,1,1,heuristic,invalid,invalid,false,false,1,tensorop,f32,128,128,64,1,2,1,0,0,0,7,4,1,1,64,128,16,90,90,178782208,195468722176,1093,0.304575,546.676,641775
13,CUTLASS,gemm,cutlass3x_sm90_tensorop_s64x128x16gemm_f16_f16_f32_f16_f16_128x128x64_1x2x1_0_nnn_align8_warpspecialized_pingpong_epi_tma,passed,success,universal,1664,14336,4096,f16:column,f16:column,f16:column,f16:column,1,0,serial,1,1,heuristic,invalid,invalid,false,false,1,tensorop,f32,128,128,64,1,2,1,0,0,0,6,4,1,1,64,128,16,90,90,178782208,195468722176,1093,0.309716,537.603,631123
13,CUTLASS,gemm,cutlass3x_sm90_tensorop_s64x128x16gemm_f16_f16_f32_f16_f16_128x128x64_1x2x1_0_nnn_align8_warpspecialized_pingpong_epi_nosmem,passed,success,universal,1664,14336,4096,f16:column,f16:column,f16:column,f16:column,1,0,serial,1,1,heuristic,invalid,invalid,false,false,1,tensorop,f32,128,128,64,1,2,1,0,0,0,7,4,1,1,64,128,16,90,90,178782208,195468722176,1093,0.314164,529.99,622186
13,CUTLASS,gemm,cutlass3x_sm90_tensorop_s64x128x16gemm_f16_f16_f32_f16_f16_128x128x64_1x2x1_0_nnn_align8_warpspecialized_cooperative_epi_nosmem,passed,success,universal,1664,14336,4096,f16:column,f16:column,f16:column,f16:column,1,0,serial,1,1,heuristic,invalid,invalid,false,false,1,tensorop,f32,128,128,64,1,2,1,0,0,0,7,4,2,1,64,128,16,90,90,178782208,195468722176,1093,0.329408,505.464,593393
13,CUTLASS,gemm,cutlass3x_sm90_tensorop_s64x128x16gemm_f16_f16_f32_f16_f16_128x128x64_1x2x1_0_nnn_align8_warpspecialized_cooperative_epi_tma,passed,success,universal,1664,14336,4096,f16:column,f16:column,f16:column,f16:column,1,0,serial,1,1,heuristic,invalid,invalid,false,false,1,tensorop,f32,128,128,64,1,2,1,0,0,0,6,4,2,1,64,128,16,90,90,178782208,195468722176,1093,0.30969,537.647,631175
13,CUTLASS,gemm,cutlass3x_sm90_tensorop_s64x128x16gemm_f16_f16_f32_f16_f16_128x128x64_1x2x1_0_nnn_align8_stream_k_warpspecialized_cooperative_epi_nosmem,passed,success,universal,1664,14336,4096,f16:column,f16:column,f16:column,f16:column,1,0,serial,1,1,heuristic,invalid,invalid,false,false,1,tensorop,f32,128,128,64,1,2,1,0,0,0,7,4,2,1,64,128,16,90,90,178782208,195468722176,1093,0.315828,527.197,618908
13,CUTLASS,gemm,cutlass3x_sm90_tensorop_s64x128x16gemm_f16_f16_f32_f16_f16_128x128x64_1x2x1_0_nnn_align8_stream_k_warpspecialized_cooperative_epi_tma,passed,success,universal,1664,14336,4096,f16:column,f16:column,f16:column,f16:column,1,0,serial,1,1,heuristic,invalid,invalid,false,false,1,tensorop,f32,128,128,64,1,2,1,0,0,0,6,4,2,1,64,128,16,90,90,178782208,195468722176,1093,0.307943,540.697,634756
13,CUTLASS,gemm,cutlass3x_sm90_tensorop_s64x128x16gemm_f16_f16_f32_f16_f16_128x128x64_2x1x1_0_nnn_align8,passed,success,universal,1664,14336,4096,f16:column,f16:column,f16:column,f16:column,1,0,serial,1,1,heuristic,invalid,invalid,false,false,1,tensorop,f32,128,128,64,2,1,1,0,0,0,7,4,2,1,64,128,16,90,90,178782208,195468722176,1093,0.366777,453.965,532937
13,CUTLASS,gemm,cutlass3x_sm90_tensorop_s64x128x16gemm_f16_f16_f32_f16_f16_128x128x64_2x1x1_0_nnn_align8_warpspecialized_epi_nosmem,passed,success,universal,1664,14336,4096,f16:column,f16:column,f16:column,f16:column,1,0,serial,1,1,heuristic,invalid,invalid,false,false,1,tensorop,f32,128,128,64,2,1,1,0,0,0,7,4,1,1,64,128,16,90,90,178782208,195468722176,1093,0.375591,443.312,520430
13,CUTLASS,gemm,cutlass3x_sm90_tensorop_s64x128x16gemm_f16_f16_f32_f16_f16_128x128x64_2x1x1_0_nnn_align8_warpspecialized_pingpong_epi_tma,passed,success,universal,1664,14336,4096,f16:column,f16:column,f16:column,f16:column,1,0,serial,1,1,heuristic,invalid,invalid,false,false,1,tensorop,f32,128,128,64,2,1,1,0,0,0,6,4,1,1,64,128,16,90,90,178782208,195468722176,1093,0.350359,475.238,557910
13,CUTLASS,gemm,cutlass3x_sm90_tensorop_s64x128x16gemm_f16_f16_f32_f16_f16_128x128x64_2x1x1_0_nnn_align8_warpspecialized_pingpong_epi_nosmem,passed,success,universal,1664,14336,4096,f16:column,f16:column,f16:column,f16:column,1,0,serial,1,1,heuristic,invalid,invalid,false,false,1,tensorop,f32,128,128,64,2,1,1,0,0,0,7,4,1,1,64,128,16,90,90,178782208,195468722176,1093,0.363635,457.887,537541
13,CUTLASS,gemm,cutlass3x_sm90_tensorop_s64x128x16gemm_f16_f16_f32_f16_f16_128x128x64_2x1x1_0_nnn_align8_warpspecialized_cooperative_epi_nosmem,passed,success,universal,1664,14336,4096,f16:column,f16:column,f16:column,f16:column,1,0,serial,1,1,heuristic,invalid,invalid,false,false,1,tensorop,f32,128,128,64,2,1,1,0,0,0,7,4,2,1,64,128,16,90,90,178782208,195468722176,1093,0.366415,454.413,533463
13,CUTLASS,gemm,cutlass3x_sm90_tensorop_s64x128x16gemm_f16_f16_f32_f16_f16_128x128x64_2x1x1_0_nnn_align8_warpspecialized_cooperative_epi_tma,passed,success,universal,1664,14336,4096,f16:column,f16:column,f16:column,f16:column,1,0,serial,1,1,heuristic,invalid,invalid,false,false,1,tensorop,f32,128,128,64,2,1,1,0,0,0,6,4,2,1,64,128,16,90,90,178782208,195468722176,1093,0.354567,469.598,551289
13,CUTLASS,gemm,cutlass3x_sm90_tensorop_s64x128x16gemm_f16_f16_f32_f16_f16_128x128x64_2x1x1_0_nnn_align8_stream_k_warpspecialized_cooperative_epi_nosmem,passed,success,universal,1664,14336,4096,f16:column,f16:column,f16:column,f16:column,1,0,serial,1,1,heuristic,invalid,invalid,false,false,1,tensorop,f32,128,128,64,2,1,1,0,0,0,7,4,2,1,64,128,16,90,90,178782208,195468722176,1093,0.369796,450.259,528585
13,CUTLASS,gemm,cutlass3x_sm90_tensorop_s64x128x16gemm_f16_f16_f32_f16_f16_128x128x64_2x1x1_0_nnn_align8_stream_k_warpspecialized_cooperative_epi_tma,passed,success,universal,1664,14336,4096,f16:column,f16:column,f16:column,f16:column,1,0,serial,1,1,heuristic,invalid,invalid,false,false,1,tensorop,f32,128,128,64,2,1,1,0,0,0,6,4,2,1,64,128,16,90,90,178782208,195468722176,1093,0.359748,462.835,543350
14,CUTLASS,gemm,cutlass_tensorop_f16_s1688gemm_f16_256x128_32x2_nn_align8,passed,success,universal,1792,14336,4096,f16:column,f16:column,f16:column,f16:column,1,0,serial,1,1,heuristic,invalid,invalid,false,false,1,tensorop,f32,256,128,32,1,1,1,0,0,0,2,4,2,1,16,8,8,75,1024,183500800,210504777728,1147,0.997205,171.377,211095
14,CUTLASS,gemm,cutlass_tensorop_f16_s16816gemm_f16_256x128_32x3_nn_align8,passed,success,universal,1792,14336,4096,f16:column,f16:column,f16:column,f16:column,1,0,serial,1,1,heuristic,invalid,invalid,false,false,1,tensorop,f32,256,128,32,1,1,1,0,0,0,3,4,2,1,16,8,16,80,1024,183500800,210504777728,1147,0.448171,381.324,469698
14,CUTLASS,gemm,cutlass3x_sm90_tensorop_s64x128x16gemm_f16_f16_f32_f16_f16_128x128x64_1x2x1_0_nnn_align8,passed,success,universal,1792,14336,4096,f16:column,f16:column,f16:column,f16:column,1,0,serial,1,1,heuristic,invalid,invalid,false,false,1,tensorop,f32,128,128,64,1,2,1,0,0,0,7,4,2,1,64,128,16,90,90,183500800,210504777728,1147,0.3413,500.729,616774
14,CUTLASS,gemm,cutlass3x_sm90_tensorop_s64x128x16gemm_f16_f16_f32_f16_f16_128x128x64_1x2x1_0_nnn_align8_warpspecialized_epi_nosmem,passed,success,universal,1792,14336,4096,f16:column,f16:column,f16:column,f16:column,1,0,serial,1,1,heuristic,invalid,invalid,false,false,1,tensorop,f32,128,128,64,1,2,1,0,0,0,7,4,1,1,64,128,16,90,90,183500800,210504777728,1147,0.33231,514.274,633459
14,CUTLASS,gemm,cutlass3x_sm90_tensorop_s64x128x16gemm_f16_f16_f32_f16_f16_128x128x64_1x2x1_0_nnn_align8_warpspecialized_pingpong_epi_tma,passed,success,universal,1792,14336,4096,f16:column,f16:column,f16:column,f16:column,1,0,serial,1,1,heuristic,invalid,invalid,false,false,1,tensorop,f32,128,128,64,1,2,1,0,0,0,6,4,1,1,64,128,16,90,90,183500800,210504777728,1147,0.317024,539.072,664003
14,CUTLASS,gemm,cutlass3x_sm90_tensorop_s64x128x16gemm_f16_f16_f32_f16_f16_128x128x64_1x2x1_0_nnn_align8_warpspecialized_pingpong_epi_nosmem,passed,success,universal,1792,14336,4096,f16:column,f16:column,f16:column,f16:column,1,0,serial,1,1,heuristic,invalid,invalid,false,false,1,tensorop,f32,128,128,64,1,2,1,0,0,0,7,4,1,1,64,128,16,90,90,183500800,210504777728,1147,0.325685,524.735,646344
14,CUTLASS,gemm,cutlass3x_sm90_tensorop_s64x128x16gemm_f16_f16_f32_f16_f16_128x128x64_1x2x1_0_nnn_align8_warpspecialized_cooperative_epi_nosmem,passed,success,universal,1792,14336,4096,f16:column,f16:column,f16:column,f16:column,1,0,serial,1,1,heuristic,invalid,invalid,false,false,1,tensorop,f32,128,128,64,1,2,1,0,0,0,7,4,2,1,64,128,16,90,90,183500800,210504777728,1147,0.341788,500.013,615893
14,CUTLASS,gemm,cutlass3x_sm90_tensorop_s64x128x16gemm_f16_f16_f32_f16_f16_128x128x64_1x2x1_0_nnn_align8_warpspecialized_cooperative_epi_tma,passed,success,universal,1792,14336,4096,f16:column,f16:column,f16:column,f16:column,1,0,serial,1,1,heuristic,invalid,invalid,false,false,1,tensorop,f32,128,128,64,1,2,1,0,0,0,6,4,2,1,64,128,16,90,90,183500800,210504777728,1147,0.321025,532.352,655727
14,CUTLASS,gemm,cutlass3x_sm90_tensorop_s64x128x16gemm_f16_f16_f32_f16_f16_128x128x64_1x2x1_0_nnn_align8_stream_k_warpspecialized_cooperative_epi_nosmem,passed,success,universal,1792,14336,4096,f16:column,f16:column,f16:column,f16:column,1,0,serial,1,1,heuristic,invalid,invalid,false,false,1,tensorop,f32,128,128,64,1,2,1,0,0,0,7,4,2,1,64,128,16,90,90,183500800,210504777728,1147,0.344873,495.541,610384
14,CUTLASS,gemm,cutlass3x_sm90_tensorop_s64x128x16gemm_f16_f16_f32_f16_f16_128x128x64_1x2x1_0_nnn_align8_stream_k_warpspecialized_cooperative_epi_tma,passed,success,universal,1792,14336,4096,f16:column,f16:column,f16:column,f16:column,1,0,serial,1,1,heuristic,invalid,invalid,false,false,1,tensorop,f32,128,128,64,1,2,1,0,0,0,6,4,2,1,64,128,16,90,90,183500800,210504777728,1147,0.329175,519.172,639492
14,CUTLASS,gemm,cutlass3x_sm90_tensorop_s64x128x16gemm_f16_f16_f32_f16_f16_128x128x64_2x1x1_0_nnn_align8,passed,success,universal,1792,14336,4096,f16:column,f16:column,f16:column,f16:column,1,0,serial,1,1,heuristic,invalid,invalid,false,false,1,tensorop,f32,128,128,64,2,1,1,0,0,0,7,4,2,1,64,128,16,90,90,183500800,210504777728,1147,0.333086,513.076,631984
14,CUTLASS,gemm,cutlass3x_sm90_tensorop_s64x128x16gemm_f16_f16_f32_f16_f16_128x128x64_2x1x1_0_nnn_align8_warpspecialized_epi_nosmem,passed,success,universal,1792,14336,4096,f16:column,f16:column,f16:column,f16:column,1,0,serial,1,1,heuristic,invalid,invalid,false,false,1,tensorop,f32,128,128,64,2,1,1,0,0,0,7,4,1,1,64,128,16,90,90,183500800,210504777728,1147,0.353258,483.778,595895
14,CUTLASS,gemm,cutlass3x_sm90_tensorop_s64x128x16gemm_f16_f16_f32_f16_f16_128x128x64_2x1x1_0_nnn_align8_warpspecialized_pingpong_epi_tma,passed,success,universal,1792,14336,4096,f16:column,f16:column,f16:column,f16:column,1,0,serial,1,1,heuristic,invalid,invalid,false,false,1,tensorop,f32,128,128,64,2,1,1,0,0,0,6,4,1,1,64,128,16,90,90,183500800,210504777728,1147,0.305946,558.59,688045
14,CUTLASS,gemm,cutlass3x_sm90_tensorop_s64x128x16gemm_f16_f16_f32_f16_f16_128x128x64_2x1x1_0_nnn_align8_warpspecialized_pingpong_epi_nosmem,passed,success,universal,1792,14336,4096,f16:column,f16:column,f16:column,f16:column,1,0,serial,1,1,heuristic,invalid,invalid,false,false,1,tensorop,f32,128,128,64,2,1,1,0,0,0,7,4,1,1,64,128,16,90,90,183500800,210504777728,1147,0.321615,531.375,654523
14,CUTLASS,gemm,cutlass3x_sm90_tensorop_s64x128x16gemm_f16_f16_f32_f16_f16_128x128x64_2x1x1_0_nnn_align8_warpspecialized_cooperative_epi_nosmem,passed,success,universal,1792,14336,4096,f16:column,f16:column,f16:column,f16:column,1,0,serial,1,1,heuristic,invalid,invalid,false,false,1,tensorop,f32,128,128,64,2,1,1,0,0,0,7,4,2,1,64,128,16,90,90,183500800,210504777728,1147,0.330688,516.796,636565
14,CUTLASS,gemm,cutlass3x_sm90_tensorop_s64x128x16gemm_f16_f16_f32_f16_f16_128x128x64_2x1x1_0_nnn_align8_warpspecialized_cooperative_epi_tma,passed,success,universal,1792,14336,4096,f16:column,f16:column,f16:column,f16:column,1,0,serial,1,1,heuristic,invalid,invalid,false,false,1,tensorop,f32,128,128,64,2,1,1,0,0,0,6,4,2,1,64,128,16,90,90,183500800,210504777728,1147,0.312789,546.37,672993
14,CUTLASS,gemm,cutlass3x_sm90_tensorop_s64x128x16gemm_f16_f16_f32_f16_f16_128x128x64_2x1x1_0_nnn_align8_stream_k_warpspecialized_cooperative_epi_nosmem,passed,success,universal,1792,14336,4096,f16:column,f16:column,f16:column,f16:column,1,0,serial,1,1,heuristic,invalid,invalid,false,false,1,tensorop,f32,128,128,64,2,1,1,0,0,0,7,4,2,1,64,128,16,90,90,183500800,210504777728,1147,0.338723,504.538,621467
14,CUTLASS,gemm,cutlass3x_sm90_tensorop_s64x128x16gemm_f16_f16_f32_f16_f16_128x128x64_2x1x1_0_nnn_align8_stream_k_warpspecialized_cooperative_epi_tma,passed,success,universal,1792,14336,4096,f16:column,f16:column,f16:column,f16:column,1,0,serial,1,1,heuristic,invalid,invalid,false,false,1,tensorop,f32,128,128,64,2,1,1,0,0,0,6,4,2,1,64,128,16,90,90,183500800,210504777728,1147,0.318647,536.326,660621
15,CUTLASS,gemm,cutlass_tensorop_f16_s1688gemm_f16_256x128_32x2_nn_align8,passed,success,universal,1920,14336,4096,f16:column,f16:column,f16:column,f16:column,1,0,serial,1,1,heuristic,invalid,invalid,false,false,1,tensorop,f32,256,128,32,1,1,1,0,0,0,2,4,2,1,16,8,8,75,1024,188219392,225540833280,1198,1.1603,151.075,194381
15,CUTLASS,gemm,cutlass_tensorop_f16_s16816gemm_f16_256x128_32x3_nn_align8,passed,success,universal,1920,14336,4096,f16:column,f16:column,f16:column,f16:column,1,0,serial,1,1,heuristic,invalid,invalid,false,false,1,tensorop,f32,256,128,32,1,1,1,0,0,0,3,4,2,1,16,8,16,80,1024,188219392,225540833280,1198,0.512359,342.129,440200
15,CUTLASS,gemm,cutlass3x_sm90_tensorop_s64x128x16gemm_f16_f16_f32_f16_f16_128x128x64_1x2x1_0_nnn_align8,passed,success,universal,1920,14336,4096,f16:column,f16:column,f16:column,f16:column,1,0,serial,1,1,heuristic,invalid,invalid,false,false,1,tensorop,f32,128,128,64,1,2,1,0,0,0,7,4,2,1,64,128,16,90,90,188219392,225540833280,1198,0.361929,484.329,623163
15,CUTLASS,gemm,cutlass3x_sm90_tensorop_s64x128x16gemm_f16_f16_f32_f16_f16_128x128x64_1x2x1_0_nnn_align8_warpspecialized_epi_nosmem,passed,success,universal,1920,14336,4096,f16:column,f16:column,f16:column,f16:column,1,0,serial,1,1,heuristic,invalid,invalid,false,false,1,tensorop,f32,128,128,64,1,2,1,0,0,0,7,4,1,1,64,128,16,90,90,188219392,225540833280,1198,0.34713,504.978,649731
15,CUTLASS,gemm,cutlass3x_sm90_tensorop_s64x128x16gemm_f16_f16_f32_f16_f16_128x128x64_1x2x1_0_nnn_align8_warpspecialized_pingpong_epi_tma,passed,success,universal,1920,14336,4096,f16:column,f16:column,f16:column,f16:column,1,0,serial,1,1,heuristic,invalid,invalid,false,false,1,tensorop,f32,128,128,64,1,2,1,0,0,0,6,4,1,1,64,128,16,90,90,188219392,225540833280,1198,0.341412,513.435,660611
15,CUTLASS,gemm,cutlass3x_sm90_tensorop_s64x128x16gemm_f16_f16_f32_f16_f16_128x128x64_1x2x1_0_nnn_align8_warpspecialized_pingpong_epi_nosmem,passed,success,universal,1920,14336,4096,f16:column,f16:column,f16:column,f16:column,1,0,serial,1,1,heuristic,invalid,invalid,false,false,1,tensorop,f32,128,128,64,1,2,1,0,0,0,7,4,1,1,64,128,16,90,90,188219392,225540833280,1198,0.345662,507.122,652489
15,CUTLASS,gemm,cutlass3x_sm90_tensorop_s64x128x16gemm_f16_f16_f32_f16_f16_128x128x64_1x2x1_0_nnn_align8_warpspecialized_cooperative_epi_nosmem,passed,success,universal,1920,14336,4096,f16:column,f16:column,f16:column,f16:column,1,0,serial,1,1,heuristic,invalid,invalid,false,false,1,tensorop,f32,128,128,64,1,2,1,0,0,0,7,4,2,1,64,128,16,90,90,188219392,225540833280,1198,0.359499,487.604,627376
15,CUTLASS,gemm,cutlass3x_sm90_tensorop_s64x128x16gemm_f16_f16_f32_f16_f16_128x128x64_1x2x1_0_nnn_align8_warpspecialized_cooperative_epi_tma,passed,success,universal,1920,14336,4096,f16:column,f16:column,f16:column,f16:column,1,0,serial,1,1,heuristic,invalid,invalid,false,false,1,tensorop,f32,128,128,64,1,2,1,0,0,0,6,4,2,1,64,128,16,90,90,188219392,225540833280,1198,0.342299,512.105,658900
15,CUTLASS,gemm,cutlass3x_sm90_tensorop_s64x128x16gemm_f16_f16_f32_f16_f16_128x128x64_1x2x1_0_nnn_align8_stream_k_warpspecialized_cooperative_epi_nosmem,passed,success,universal,1920,14336,4096,f16:column,f16:column,f16:column,f16:column,1,0,serial,1,1,heuristic,invalid,invalid,false,false,1,tensorop,f32,128,128,64,1,2,1,0,0,0,7,4,2,1,64,128,16,90,90,188219392,225540833280,1198,0.365544,479.54,617001
15,CUTLASS,gemm,cutlass3x_sm90_tensorop_s64x128x16gemm_f16_f16_f32_f16_f16_128x128x64_1x2x1_0_nnn_align8_stream_k_warpspecialized_cooperative_epi_tma,passed,success,universal,1920,14336,4096,f16:column,f16:column,f16:column,f16:column,1,0,serial,1,1,heuristic,invalid,invalid,false,false,1,tensorop,f32,128,128,64,1,2,1,0,0,0,6,4,2,1,64,128,16,90,90,188219392,225540833280,1198,0.350096,500.7,644226
15,CUTLASS,gemm,cutlass3x_sm90_tensorop_s64x128x16gemm_f16_f16_f32_f16_f16_128x128x64_2x1x1_0_nnn_align8,passed,success,universal,1920,14336,4096,f16:column,f16:column,f16:column,f16:column,1,0,serial,1,1,heuristic,invalid,invalid,false,false,1,tensorop,f32,128,128,64,2,1,1,0,0,0,7,4,2,1,64,128,16,90,90,188219392,225540833280,1198,0.43355,404.32,520219
15,CUTLASS,gemm,cutlass3x_sm90_tensorop_s64x128x16gemm_f16_f16_f32_f16_f16_128x128x64_2x1x1_0_nnn_align8_warpspecialized_epi_nosmem,passed,success,universal,1920,14336,4096,f16:column,f16:column,f16:column,f16:column,1,0,serial,1,1,heuristic,invalid,invalid,false,false,1,tensorop,f32,128,128,64,2,1,1,0,0,0,7,4,1,1,64,128,16,90,90,188219392,225540833280,1198,0.422896,414.506,533325
15,CUTLASS,gemm,cutlass3x_sm90_tensorop_s64x128x16gemm_f16_f16_f32_f16_f16_128x128x64_2x1x1_0_nnn_align8_warpspecialized_pingpong_epi_tma,passed,success,universal,1920,14336,4096,f16:column,f16:column,f16:column,f16:column,1,0,serial,1,1,heuristic,invalid,invalid,false,false,1,tensorop,f32,128,128,64,2,1,1,0,0,0,6,4,1,1,64,128,16,90,90,188219392,225540833280,1198,0.415428,421.958,542912
15,CUTLASS,gemm,cutlass3x_sm90_tensorop_s64x128x16gemm_f16_f16_f32_f16_f16_128x128x64_2x1x1_0_nnn_align8_warpspecialized_pingpong_epi_nosmem,passed,success,universal,1920,14336,4096,f16:column,f16:column,f16:column,f16:column,1,0,serial,1,1,heuristic,invalid,invalid,false,false,1,tensorop,f32,128,128,64,2,1,1,0,0,0,7,4,1,1,64,128,16,90,90,188219392,225540833280,1198,0.424989,412.465,530698
15,CUTLASS,gemm,cutlass3x_sm90_tensorop_s64x128x16gemm_f16_f16_f32_f16_f16_128x128x64_2x1x1_0_nnn_align8_warpspecialized_cooperative_epi_nosmem,passed,success,universal,1920,14336,4096,f16:column,f16:column,f16:column,f16:column,1,0,serial,1,1,heuristic,invalid,invalid,false,false,1,tensorop,f32,128,128,64,2,1,1,0,0,0,7,4,2,1,64,128,16,90,90,188219392,225540833280,1198,0.434984,402.987,518503
15,CUTLASS,gemm,cutlass3x_sm90_tensorop_s64x128x16gemm_f16_f16_f32_f16_f16_128x128x64_2x1x1_0_nnn_align8_warpspecialized_cooperative_epi_tma,passed,success,universal,1920,14336,4096,f16:column,f16:column,f16:column,f16:column,1,0,serial,1,1,heuristic,invalid,invalid,false,false,1,tensorop,f32,128,128,64,2,1,1,0,0,0,6,4,2,1,64,128,16,90,90,188219392,225540833280,1198,0.42047,416.898,536402
15,CUTLASS,gemm,cutlass3x_sm90_tensorop_s64x128x16gemm_f16_f16_f32_f16_f16_128x128x64_2x1x1_0_nnn_align8_stream_k_warpspecialized_cooperative_epi_nosmem,passed,success,universal,1920,14336,4096,f16:column,f16:column,f16:column,f16:column,1,0,serial,1,1,heuristic,invalid,invalid,false,false,1,tensorop,f32,128,128,64,2,1,1,0,0,0,7,4,2,1,64,128,16,90,90,188219392,225540833280,1198,0.439817,398.559,512806
15,CUTLASS,gemm,cutlass3x_sm90_tensorop_s64x128x16gemm_f16_f16_f32_f16_f16_128x128x64_2x1x1_0_nnn_align8_stream_k_warpspecialized_cooperative_epi_tma,passed,success,universal,1920,14336,4096,f16:column,f16:column,f16:column,f16:column,1,0,serial,1,1,heuristic,invalid,invalid,false,false,1,tensorop,f32,128,128,64,2,1,1,0,0,0,6,4,2,1,64,128,16,90,90,188219392,225540833280,1198,0.425893,411.589,529572
16,CUTLASS,gemm,cutlass_tensorop_f16_s1688gemm_f16_256x128_32x2_nn_align8,passed,success,universal,2048,14336,4096,f16:column,f16:column,f16:column,f16:column,1,0,serial,1,1,heuristic,invalid,invalid,false,false,1,tensorop,f32,256,128,32,1,1,1,0,0,0,2,4,2,1,16,8,8,75,1024,192937984,240576888832,1246,1.14416,157.048,210265
16,CUTLASS,gemm,cutlass_tensorop_f16_s16816gemm_f16_256x128_32x3_nn_align8,passed,success,universal,2048,14336,4096,f16:column,f16:column,f16:column,f16:column,1,0,serial,1,1,heuristic,invalid,invalid,false,false,1,tensorop,f32,256,128,32,1,1,1,0,0,0,3,4,2,1,16,8,16,80,1024,192937984,240576888832,1246,0.512482,350.622,469435
16,CUTLASS,gemm,cutlass3x_sm90_tensorop_s64x128x16gemm_f16_f16_f32_f16_f16_128x128x64_1x2x1_0_nnn_align8,passed,success,universal,2048,14336,4096,f16:column,f16:column,f16:column,f16:column,1,0,serial,1,1,heuristic,invalid,invalid,false,false,1,tensorop,f32,128,128,64,1,2,1,0,0,0,7,4,2,1,64,128,16,90,90,192937984,240576888832,1246,0.380023,472.833,633058
16,CUTLASS,gemm,cutlass3x_sm90_tensorop_s64x128x16gemm_f16_f16_f32_f16_f16_128x128x64_1x2x1_0_nnn_align8_warpspecialized_epi_nosmem,passed,success,universal,2048,14336,4096,f16:column,f16:column,f16:column,f16:column,1,0,serial,1,1,heuristic,invalid,invalid,false,false,1,tensorop,f32,128,128,64,1,2,1,0,0,0,7,4,1,1,64,128,16,90,90,192937984,240576888832,1246,0.361934,496.465,664699
16,CUTLASS,gemm,cutlass3x_sm90_tensorop_s64x128x16gemm_f16_f16_f32_f16_f16_128x128x64_1x2x1_0_nnn_align8_warpspecialized_pingpong_epi_tma,passed,success,universal,2048,14336,4096,f16:column,f16:column,f16:column,f16:column,1,0,serial,1,1,heuristic,invalid,invalid,false,false,1,tensorop,f32,128,128,64,1,2,1,0,0,0,6,4,1,1,64,128,16,90,90,192937984,240576888832,1246,0.355756,505.086,676240
16,CUTLASS,gemm,cutlass3x_sm90_tensorop_s64x128x16gemm_f16_f16_f32_f16_f16_128x128x64_1x2x1_0_nnn_align8_warpspecialized_pingpong_epi_nosmem,passed,success,universal,2048,14336,4096,f16:column,f16:column,f16:column,f16:column,1,0,serial,1,1,heuristic,invalid,invalid,false,false,1,tensorop,f32,128,128,64,1,2,1,0,0,0,7,4,1,1,64,128,16,90,90,192937984,240576888832,1246,0.364045,493.586,660844
16,CUTLASS,gemm,cutlass3x_sm90_tensorop_s64x128x16gemm_f16_f16_f32_f16_f16_128x128x64_1x2x1_0_nnn_align8_warpspecialized_cooperative_epi_nosmem,passed,success,universal,2048,14336,4096,f16:column,f16:column,f16:column,f16:column,1,0,serial,1,1,heuristic,invalid,invalid,false,false,1,tensorop,f32,128,128,64,1,2,1,0,0,0,7,4,2,1,64,128,16,90,90,192937984,240576888832,1246,0.378673,474.519,635316
16,CUTLASS,gemm,cutlass3x_sm90_tensorop_s64x128x16gemm_f16_f16_f32_f16_f16_128x128x64_1x2x1_0_nnn_align8_warpspecialized_cooperative_epi_tma,passed,success,universal,2048,14336,4096,f16:column,f16:column,f16:column,f16:column,1,0,serial,1,1,heuristic,invalid,invalid,false,false,1,tensorop,f32,128,128,64,1,2,1,0,0,0,6,4,2,1,64,128,16,90,90,192937984,240576888832,1246,0.352831,509.274,681848
16,CUTLASS,gemm,cutlass3x_sm90_tensorop_s64x128x16gemm_f16_f16_f32_f16_f16_128x128x64_1x2x1_0_nnn_align8_stream_k_warpspecialized_cooperative_epi_nosmem,passed,success,universal,2048,14336,4096,f16:column,f16:column,f16:column,f16:column,1,0,serial,1,1,heuristic,invalid,invalid,false,false,1,tensorop,f32,128,128,64,1,2,1,0,0,0,7,4,2,1,64,128,16,90,90,192937984,240576888832,1246,0.384961,466.769,624939
16,CUTLASS,gemm,cutlass3x_sm90_tensorop_s64x128x16gemm_f16_f16_f32_f16_f16_128x128x64_1x2x1_0_nnn_align8_stream_k_warpspecialized_cooperative_epi_tma,passed,success,universal,2048,14336,4096,f16:column,f16:column,f16:column,f16:column,1,0,serial,1,1,heuristic,invalid,invalid,false,false,1,tensorop,f32,128,128,64,1,2,1,0,0,0,6,4,2,1,64,128,16,90,90,192937984,240576888832,1246,0.366166,490.727,657016
16,CUTLASS,gemm,cutlass3x_sm90_tensorop_s64x128x16gemm_f16_f16_f32_f16_f16_128x128x64_2x1x1_0_nnn_align8,passed,success,universal,2048,14336,4096,f16:column,f16:column,f16:column,f16:column,1,0,serial,1,1,heuristic,invalid,invalid,false,false,1,tensorop,f32,128,128,64,2,1,1,0,0,0,7,4,2,1,64,128,16,90,90,192937984,240576888832,1246,0.379444,473.555,634026
16,CUTLASS,gemm,cutlass3x_sm90_tensorop_s64x128x16gemm_f16_f16_f32_f16_f16_128x128x64_2x1x1_0_nnn_align8_warpspecialized_epi_nosmem,passed,success,universal,2048,14336,4096,f16:column,f16:column,f16:column,f16:column,1,0,serial,1,1,heuristic,invalid,invalid,false,false,1,tensorop,f32,128,128,64,2,1,1,0,0,0,7,4,1,1,64,128,16,90,90,192937984,240576888832,1246,0.395929,453.838,607627
16,CUTLASS,gemm,cutlass3x_sm90_tensorop_s64x128x16gemm_f16_f16_f32_f16_f16_128x128x64_2x1x1_0_nnn_align8_warpspecialized_pingpong_epi_tma,passed,success,universal,2048,14336,4096,f16:column,f16:column,f16:column,f16:column,1,0,serial,1,1,heuristic,invalid,invalid,false,false,1,tensorop,f32,128,128,64,2,1,1,0,0,0,6,4,1,1,64,128,16,90,90,192937984,240576888832,1246,0.364497,492.974,660024
16,CUTLASS,gemm,cutlass3x_sm90_tensorop_s64x128x16gemm_f16_f16_f32_f16_f16_128x128x64_2x1x1_0_nnn_align8_warpspecialized_pingpong_epi_nosmem,passed,success,universal,2048,14336,4096,f16:column,f16:column,f16:column,f16:column,1,0,serial,1,1,heuristic,invalid,invalid,false,false,1,tensorop,f32,128,128,64,2,1,1,0,0,0,7,4,1,1,64,128,16,90,90,192937984,240576888832,1246,0.377057,476.553,638039
16,CUTLASS,gemm,cutlass3x_sm90_tensorop_s64x128x16gemm_f16_f16_f32_f16_f16_128x128x64_2x1x1_0_nnn_align8_warpspecialized_cooperative_epi_nosmem,passed,success,universal,2048,14336,4096,f16:column,f16:column,f16:column,f16:column,1,0,serial,1,1,heuristic,invalid,invalid,false,false,1,tensorop,f32,128,128,64,2,1,1,0,0,0,7,4,2,1,64,128,16,90,90,192937984,240576888832,1246,0.380789,471.882,631785
16,CUTLASS,gemm,cutlass3x_sm90_tensorop_s64x128x16gemm_f16_f16_f32_f16_f16_128x128x64_2x1x1_0_nnn_align8_warpspecialized_cooperative_epi_tma,passed,success,universal,2048,14336,4096,f16:column,f16:column,f16:column,f16:column,1,0,serial,1,1,heuristic,invalid,invalid,false,false,1,tensorop,f32,128,128,64,2,1,1,0,0,0,6,4,2,1,64,128,16,90,90,192937984,240576888832,1246,0.368004,488.276,653735
16,CUTLASS,gemm,cutlass3x_sm90_tensorop_s64x128x16gemm_f16_f16_f32_f16_f16_128x128x64_2x1x1_0_nnn_align8_stream_k_warpspecialized_cooperative_epi_nosmem,passed,success,universal,2048,14336,4096,f16:column,f16:column,f16:column,f16:column,1,0,serial,1,1,heuristic,invalid,invalid,false,false,1,tensorop,f32,128,128,64,2,1,1,0,0,0,7,4,2,1,64,128,16,90,90,192937984,240576888832,1246,0.391868,458.541,613923
16,CUTLASS,gemm,cutlass3x_sm90_tensorop_s64x128x16gemm_f16_f16_f32_f16_f16_128x128x64_2x1x1_0_nnn_align8_stream_k_warpspecialized_cooperative_epi_tma,passed,success,universal,2048,14336,4096,f16:column,f16:column,f16:column,f16:column,1,0,serial,1,1,heuristic,invalid,invalid,false,false,1,tensorop,f32,128,128,64,2,1,1,0,0,0,6,4,2,1,64,128,16,90,90,192937984,240576888832,1246,0.375159,478.963,641266
17,CUTLASS,gemm,cutlass_tensorop_f16_s1688gemm_f16_256x128_32x2_nn_align8,passed,success,universal,128,14336,4096,f16:column,f16:column,f16:column,f16:column,1,0,serial,2,1,heuristic,invalid,invalid,false,false,1,tensorop,f32,256,128,32,1,1,1,0,0,0,2,4,2,1,16,8,8,75,1024,122159104,15036055552,123,0.0987488,1152.11,152266
17,CUTLASS,gemm,cutlass_tensorop_f16_s16816gemm_f16_256x128_32x3_nn_align8,passed,success,universal,128,14336,4096,f16:column,f16:column,f16:column,f16:column,1,0,serial,2,1,heuristic,invalid,invalid,false,false,1,tensorop,f32,256,128,32,1,1,1,0,0,0,3,4,2,1,16,8,16,80,1024,122159104,15036055552,123,0.0598771,1900.05,251115
17,CUTLASS,gemm,cutlass3x_sm90_tensorop_s64x128x16gemm_f16_f16_f32_f16_f16_128x128x64_1x2x1_0_nnn_align8,passed,success,universal,128,14336,4096,f16:column,f16:column,f16:column,f16:column,1,0,serial,2,1,heuristic,invalid,invalid,false,false,1,tensorop,f32,128,128,64,1,2,1,0,0,0,7,4,2,1,64,128,16,90,90,122159104,15036055552,123,0.0492346,2310.77,305396
17,CUTLASS,gemm,cutlass3x_sm90_tensorop_s64x128x16gemm_f16_f16_f32_f16_f16_128x128x64_1x2x1_0_nnn_align8_warpspecialized_epi_nosmem,passed,success,universal,128,14336,4096,f16:column,f16:column,f16:column,f16:column,1,0,serial,2,1,heuristic,invalid,invalid,false,false,1,tensorop,f32,128,128,64,1,2,1,0,0,0,7,4,1,1,64,128,16,90,90,122159104,15036055552,123,0.048607,2340.6,309339
17,CUTLASS,gemm,cutlass3x_sm90_tensorop_s64x128x16gemm_f16_f16_f32_f16_f16_128x128x64_1x2x1_0_nnn_align8_warpspecialized_pingpong_epi_tma,passed,success,universal,128,14336,4096,f16:column,f16:column,f16:column,f16:column,1,0,serial,2,1,heuristic,invalid,invalid,false,false,1,tensorop,f32,128,128,64,1,2,1,0,0,0,6,4,1,1,64,128,16,90,90,122159104,15036055552,123,0.0488896,2327.07,307551
17,CUTLASS,gemm,cutlass3x_sm90_tensorop_s64x128x16gemm_f16_f16_f32_f16_f16_128x128x64_1x2x1_0_nnn_align8_warpspecialized_pingpong_epi_nosmem,passed,success,universal,128,14336,4096,f16:column,f16:column,f16:column,f16:column,1,0,serial,2,1,heuristic,invalid,invalid,false,false,1,tensorop,f32,128,128,64,1,2,1,0,0,0,7,4,1,1,64,128,16,90,90,122159104,15036055552,123,0.0485574,2342.99,309655
17,CUTLASS,gemm,cutlass3x_sm90_tensorop_s64x128x16gemm_f16_f16_f32_f16_f16_128x128x64_1x2x1_0_nnn_align8_warpspecialized_cooperative_epi_nosmem,passed,success,universal,128,14336,4096,f16:column,f16:column,f16:column,f16:column,1,0,serial,2,1,heuristic,invalid,invalid,false,false,1,tensorop,f32,128,128,64,1,2,1,0,0,0,7,4,2,1,64,128,16,90,90,122159104,15036055552,123,0.0492307,2310.95,305420
17,CUTLASS,gemm,cutlass3x_sm90_tensorop_s64x128x16gemm_f16_f16_f32_f16_f16_128x128x64_1x2x1_0_nnn_align8_warpspecialized_cooperative_epi_tma,passed,success,universal,128,14336,4096,f16:column,f16:column,f16:column,f16:column,1,0,serial,2,1,heuristic,invalid,invalid,false,false,1,tensorop,f32,128,128,64,1,2,1,0,0,0,6,4,2,1,64,128,16,90,90,122159104,15036055552,123,0.0477571,2382.25,314844
17,CUTLASS,gemm,cutlass3x_sm90_tensorop_s64x128x16gemm_f16_f16_f32_f16_f16_128x128x64_1x2x1_0_nnn_align8_stream_k_warpspecialized_cooperative_epi_nosmem,passed,success,universal,128,14336,4096,f16:column,f16:column,f16:column,f16:column,1,0,serial,2,1,heuristic,invalid,invalid,false,false,1,tensorop,f32,128,128,64,1,2,1,0,0,0,7,4,2,1,64,128,16,90,90,122159104,15036055552,123,0.0554112,2053.19,271354
17,CUTLASS,gemm,cutlass3x_sm90_tensorop_s64x128x16gemm_f16_f16_f32_f16_f16_128x128x64_1x2x1_0_nnn_align8_stream_k_warpspecialized_cooperative_epi_tma,passed,success,universal,128,14336,4096,f16:column,f16:column,f16:column,f16:column,1,0,serial,2,1,heuristic,invalid,invalid,false,false,1,tensorop,f32,128,128,64,1,2,1,0,0,0,6,4,2,1,64,128,16,90,90,122159104,15036055552,123,0.055769,2040.02,269613
17,CUTLASS,gemm,cutlass3x_sm90_tensorop_s64x128x16gemm_f16_f16_f32_f16_f16_128x128x64_2x1x1_0_nnn_align8,passed,success,universal,128,14336,4096,f16:column,f16:column,f16:column,f16:column,1,0,serial,2,1,heuristic,invalid,invalid,false,false,1,tensorop,f32,128,128,64,2,1,1,0,0,0,7,4,2,1,64,128,16,90,90,122159104,15036055552,123,0.0669606,1699.05,224551
17,CUTLASS,gemm,cutlass3x_sm90_tensorop_s64x128x16gemm_f16_f16_f32_f16_f16_128x128x64_2x1x1_0_nnn_align8_warpspecialized_epi_nosmem,passed,success,universal,128,14336,4096,f16:column,f16:column,f16:column,f16:column,1,0,serial,2,1,heuristic,invalid,invalid,false,false,1,tensorop,f32,128,128,64,2,1,1,0,0,0,7,4,1,1,64,128,16,90,90,122159104,15036055552,123,0.0695552,1635.67,216174
17,CUTLASS,gemm,cutlass3x_sm90_tensorop_s64x128x16gemm_f16_f16_f32_f16_f16_128x128x64_2x1x1_0_nnn_align8_warpspecialized_pingpong_epi_tma,passed,success,universal,128,14336,4096,f16:column,f16:column,f16:column,f16:column,1,0,serial,2,1,heuristic,invalid,invalid,false,false,1,tensorop,f32,128,128,64,2,1,1,0,0,0,6,4,1,1,64,128,16,90,90,122159104,15036055552,123,0.0693712,1640.01,216748
17,CUTLASS,gemm,cutlass3x_sm90_tensorop_s64x128x16gemm_f16_f16_f32_f16_f16_128x128x64_2x1x1_0_nnn_align8_warpspecialized_pingpong_epi_nosmem,passed,success,universal,128,14336,4096,f16:column,f16:column,f16:column,f16:column,1,0,serial,2,1,heuristic,invalid,invalid,false,false,1,tensorop,f32,128,128,64,2,1,1,0,0,0,7,4,1,1,64,128,16,90,90,122159104,15036055552,123,0.0672874,1690.8,223460
17,CUTLASS,gemm,cutlass3x_sm90_tensorop_s64x128x16gemm_f16_f16_f32_f16_f16_128x128x64_2x1x1_0_nnn_align8_warpspecialized_cooperative_epi_nosmem,passed,success,universal,128,14336,4096,f16:column,f16:column,f16:column,f16:column,1,0,serial,2,1,heuristic,invalid,invalid,false,false,1,tensorop,f32,128,128,64,2,1,1,0,0,0,7,4,2,1,64,128,16,90,90,122159104,15036055552,123,0.0671197,1695.02,224019
17,CUTLASS,gemm,cutlass3x_sm90_tensorop_s64x128x16gemm_f16_f16_f32_f16_f16_128x128x64_2x1x1_0_nnn_align8_warpspecialized_cooperative_epi_tma,passed,success,universal,128,14336,4096,f16:column,f16:column,f16:column,f16:column,1,0,serial,2,1,heuristic,invalid,invalid,false,false,1,tensorop,f32,128,128,64,2,1,1,0,0,0,6,4,2,1,64,128,16,90,90,122159104,15036055552,123,0.0678419,1676.98,221634
17,CUTLASS,gemm,cutlass3x_sm90_tensorop_s64x128x16gemm_f16_f16_f32_f16_f16_128x128x64_2x1x1_0_nnn_align8_stream_k_warpspecialized_cooperative_epi_nosmem,passed,success,universal,128,14336,4096,f16:column,f16:column,f16:column,f16:column,1,0,serial,2,1,heuristic,invalid,invalid,false,false,1,tensorop,f32,128,128,64,2,1,1,0,0,0,7,4,2,1,64,128,16,90,90,122159104,15036055552,123,0.0779197,1460.09,192969
17,CUTLASS,gemm,cutlass3x_sm90_tensorop_s64x128x16gemm_f16_f16_f32_f16_f16_128x128x64_2x1x1_0_nnn_align8_stream_k_warpspecialized_cooperative_epi_tma,passed,success,universal,128,14336,4096,f16:column,f16:column,f16:column,f16:column,1,0,serial,2,1,heuristic,invalid,invalid,false,false,1,tensorop,f32,128,128,64,2,1,1,0,0,0,6,4,2,1,64,128,16,90,90,122159104,15036055552,123,0.079385,1433.14,189407
18,CUTLASS,gemm,cutlass_tensorop_f16_s1688gemm_f16_256x128_32x2_nn_align8,passed,success,universal,256,14336,4096,f16:column,f16:column,f16:column,f16:column,1,0,serial,2,1,heuristic,invalid,invalid,false,false,1,tensorop,f32,256,128,32,1,1,1,0,0,0,2,4,2,1,16,8,8,75,1024,126877696,30072111104,237,0.177747,664.788,169185
18,CUTLASS,gemm,cutlass_tensorop_f16_s16816gemm_f16_256x128_32x3_nn_align8,passed,success,universal,256,14336,4096,f16:column,f16:column,f16:column,f16:column,1,0,serial,2,1,heuristic,invalid,invalid,false,false,1,tensorop,f32,256,128,32,1,1,1,0,0,0,3,4,2,1,16,8,16,80,1024,126877696,30072111104,237,0.0950909,1242.64,316246
18,CUTLASS,gemm,cutlass3x_sm90_tensorop_s64x128x16gemm_f16_f16_f32_f16_f16_128x128x64_1x2x1_0_nnn_align8,passed,success,universal,256,14336,4096,f16:column,f16:column,f16:column,f16:column,1,0,serial,2,1,heuristic,invalid,invalid,false,false,1,tensorop,f32,128,128,64,1,2,1,0,0,0,7,4,2,1,64,128,16,90,90,126877696,30072111104,237,0.0619686,1906.84,485279
18,CUTLASS,gemm,cutlass3x_sm90_tensorop_s64x128x16gemm_f16_f16_f32_f16_f16_128x128x64_1x2x1_0_nnn_align8_warpspecialized_epi_nosmem,passed,success,universal,256,14336,4096,f16:column,f16:column,f16:column,f16:column,1,0,serial,2,1,heuristic,invalid,invalid,false,false,1,tensorop,f32,128,128,64,1,2,1,0,0,0,7,4,1,1,64,128,16,90,90,126877696,30072111104,237,0.0612106,1930.45,491290
18,CUTLASS,gemm,cutlass3x_sm90_tensorop_s64x128x16gemm_f16_f16_f32_f16_f16_128x128x64_1x2x1_0_nnn_align8_warpspecialized_pingpong_epi_tma,passed,success,universal,256,14336,4096,f16:column,f16:column,f16:column,f16:column,1,0,serial,2,1,heuristic,invalid,invalid,false,false,1,tensorop,f32,128,128,64,1,2,1,0,0,0,6,4,1,1,64,128,16,90,90,126877696,30072111104,237,0.0600986,1966.17,500380
18,CUTLASS,gemm,cutlass3x_sm90_tensorop_s64x128x16gemm_f16_f16_f32_f16_f16_128x128x64_1x2x1_0_nnn_align8_warpspecialized_pingpong_epi_nosmem,passed,success,universal,256,14336,4096,f16:column,f16:column,f16:column,f16:column,1,0,serial,2,1,heuristic,invalid,invalid,false,false,1,tensorop,f32,128,128,64,1,2,1,0,0,0,7,4,1,1,64,128,16,90,90,126877696,30072111104,237,0.0618445,1910.66,486254
18,CUTLASS,gemm,cutlass3x_sm90_tensorop_s64x128x16gemm_f16_f16_f32_f16_f16_128x128x64_1x2x1_0_nnn_align8_warpspecialized_cooperative_epi_nosmem,passed,success,universal,256,14336,4096,f16:column,f16:column,f16:column,f16:column,1,0,serial,2,1,heuristic,invalid,invalid,false,false,1,tensorop,f32,128,128,64,1,2,1,0,0,0,7,4,2,1,64,128,16,90,90,126877696,30072111104,237,0.0620371,1904.73,484744
18,CUTLASS,gemm,cutlass3x_sm90_tensorop_s64x128x16gemm_f16_f16_f32_f16_f16_128x128x64_1x2x1_0_nnn_align8_warpspecialized_cooperative_epi_tma,passed,success,universal,256,14336,4096,f16:column,f16:column,f16:column,f16:column,1,0,serial,2,1,heuristic,invalid,invalid,false,false,1,tensorop,f32,128,128,64,1,2,1,0,0,0,6,4,2,1,64,128,16,90,90,126877696,30072111104,237,0.059256,1994.13,507495
18,CUTLASS,gemm,cutlass3x_sm90_tensorop_s64x128x16gemm_f16_f16_f32_f16_f16_128x128x64_1x2x1_0_nnn_align8_stream_k_warpspecialized_cooperative_epi_nosmem,passed,success,universal,256,14336,4096,f16:column,f16:column,f16:column,f16:column,1,0,serial,2,1,heuristic,invalid,invalid,false,false,1,tensorop,f32,128,128,64,1,2,1,0,0,0,7,4,2,1,64,128,16,90,90,126877696,30072111104,237,0.076872,1537.15,391197
18,CUTLASS,gemm,cutlass3x_sm90_tensorop_s64x128x16gemm_f16_f16_f32_f16_f16_128x128x64_1x2x1_0_nnn_align8_stream_k_warpspecialized_cooperative_epi_tma,passed,success,universal,256,14336,4096,f16:column,f16:column,f16:column,f16:column,1,0,serial,2,1,heuristic,invalid,invalid,false,false,1,tensorop,f32,128,128,64,1,2,1,0,0,0,6,4,2,1,64,128,16,90,90,126877696,30072111104,237,0.076496,1544.71,393120
18,CUTLASS,gemm,cutlass3x_sm90_tensorop_s64x128x16gemm_f16_f16_f32_f16_f16_128x128x64_2x1x1_0_nnn_align8,passed,success,universal,256,14336,4096,f16:column,f16:column,f16:column,f16:column,1,0,serial,2,1,heuristic,invalid,invalid,false,false,1,tensorop,f32,128,128,64,2,1,1,0,0,0,7,4,2,1,64,128,16,90,90,126877696,30072111104,237,0.0567082,2083.72,530296
18,CUTLASS,gemm,cutlass3x_sm90_tensorop_s64x128x16gemm_f16_f16_f32_f16_f16_128x128x64_2x1x1_0_nnn_align8_warpspecialized_epi_nosmem,passed,success,universal,256,14336,4096,f16:column,f16:column,f16:column,f16:column,1,0,serial,2,1,heuristic,invalid,invalid,false,false,1,tensorop,f32,128,128,64,2,1,1,0,0,0,7,4,1,1,64,128,16,90,90,126877696,30072111104,237,0.0566778,2084.84,530580
18,CUTLASS,gemm,cutlass3x_sm90_tensorop_s64x128x16gemm_f16_f16_f32_f16_f16_128x128x64_2x1x1_0_nnn_align8_warpspecialized_pingpong_epi_tma,passed,success,universal,256,14336,4096,f16:column,f16:column,f16:column,f16:column,1,0,serial,2,1,heuristic,invalid,invalid,false,false,1,tensorop,f32,128,128,64,2,1,1,0,0,0,6,4,1,1,64,128,16,90,90,126877696,30072111104,237,0.0558512,2115.69,538433
18,CUTLASS,gemm,cutlass3x_sm90_tensorop_s64x128x16gemm_f16_f16_f32_f16_f16_128x128x64_2x1x1_0_nnn_align8_warpspecialized_pingpong_epi_nosmem,passed,success,universal,256,14336,4096,f16:column,f16:column,f16:column,f16:column,1,0,serial,2,1,heuristic,invalid,invalid,false,false,1,tensorop,f32,128,128,64,2,1,1,0,0,0,7,4,1,1,64,128,16,90,90,126877696,30072111104,237,0.0543955,2172.31,552842
18,CUTLASS,gemm,cutlass3x_sm90_tensorop_s64x128x16gemm_f16_f16_f32_f16_f16_128x128x64_2x1x1_0_nnn_align8_warpspecialized_cooperative_epi_nosmem,passed,success,universal,256,14336,4096,f16:column,f16:column,f16:column,f16:column,1,0,serial,2,1,heuristic,invalid,invalid,false,false,1,tensorop,f32,128,128,64,2,1,1,0,0,0,7,4,2,1,64,128,16,90,90,126877696,30072111104,237,0.0567254,2083.09,530134
18,CUTLASS,gemm,cutlass3x_sm90_tensorop_s64x128x16gemm_f16_f16_f32_f16_f16_128x128x64_2x1x1_0_nnn_align8_warpspecialized_cooperative_epi_tma,passed,success,universal,256,14336,4096,f16:column,f16:column,f16:column,f16:column,1,0,serial,2,1,heuristic,invalid,invalid,false,false,1,tensorop,f32,128,128,64,2,1,1,0,0,0,6,4,2,1,64,128,16,90,90,126877696,30072111104,237,0.0557859,2118.17,539063
18,CUTLASS,gemm,cutlass3x_sm90_tensorop_s64x128x16gemm_f16_f16_f32_f16_f16_128x128x64_2x1x1_0_nnn_align8_stream_k_warpspecialized_cooperative_epi_nosmem,passed,success,universal,256,14336,4096,f16:column,f16:column,f16:column,f16:column,1,0,serial,2,1,heuristic,invalid,invalid,false,false,1,tensorop,f32,128,128,64,2,1,1,0,0,0,7,4,2,1,64,128,16,90,90,126877696,30072111104,237,0.0728554,1621.9,412765
18,CUTLASS,gemm,cutlass3x_sm90_tensorop_s64x128x16gemm_f16_f16_f32_f16_f16_128x128x64_2x1x1_0_nnn_align8_stream_k_warpspecialized_cooperative_epi_tma,passed,success,universal,256,14336,4096,f16:column,f16:column,f16:column,f16:column,1,0,serial,2,1,heuristic,invalid,invalid,false,false,1,tensorop,f32,128,128,64,2,1,1,0,0,0,6,4,2,1,64,128,16,90,90,126877696,30072111104,237,0.0733664,1610.6,409889
19,CUTLASS,gemm,cutlass_tensorop_f16_s1688gemm_f16_256x128_32x2_nn_align8,passed,success,universal,384,14336,4096,f16:column,f16:column,f16:column,f16:column,1,0,serial,2,1,heuristic,invalid,invalid,false,false,1,tensorop,f32,256,128,32,1,1,1,0,0,0,2,4,2,1,16,8,8,75,1024,131596288,45108166656,342,0.262203,467.419,172035
19,CUTLASS,gemm,cutlass_tensorop_f16_s16816gemm_f16_256x128_32x3_nn_align8,passed,success,universal,384,14336,4096,f16:column,f16:column,f16:column,f16:column,1,0,serial,2,1,heuristic,invalid,invalid,false,false,1,tensorop,f32,256,128,32,1,1,1,0,0,0,3,4,2,1,16,8,16,80,1024,131596288,45108166656,342,0.135504,904.463,332891
19,CUTLASS,gemm,cutlass3x_sm90_tensorop_s64x128x16gemm_f16_f16_f32_f16_f16_128x128x64_1x2x1_0_nnn_align8,passed,success,universal,384,14336,4096,f16:column,f16:column,f16:column,f16:column,1,0,serial,2,1,heuristic,invalid,invalid,false,false,1,tensorop,f32,128,128,64,1,2,1,0,0,0,7,4,2,1,64,128,16,90,90,131596288,45108166656,342,0.0878858,1394.52,513259
19,CUTLASS,gemm,cutlass3x_sm90_tensorop_s64x128x16gemm_f16_f16_f32_f16_f16_128x128x64_1x2x1_0_nnn_align8_warpspecialized_epi_nosmem,passed,success,universal,384,14336,4096,f16:column,f16:column,f16:column,f16:column,1,0,serial,2,1,heuristic,invalid,invalid,false,false,1,tensorop,f32,128,128,64,1,2,1,0,0,0,7,4,1,1,64,128,16,90,90,131596288,45108166656,342,0.0881571,1390.23,511679
19,CUTLASS,gemm,cutlass3x_sm90_tensorop_s64x128x16gemm_f16_f16_f32_f16_f16_128x128x64_1x2x1_0_nnn_align8_warpspecialized_pingpong_epi_tma,passed,success,universal,384,14336,4096,f16:column,f16:column,f16:column,f16:column,1,0,serial,2,1,heuristic,invalid,invalid,false,false,1,tensorop,f32,128,128,64,1,2,1,0,0,0,6,4,1,1,64,128,16,90,90,131596288,45108166656,342,0.0816797,1500.48,552257
19,CUTLASS,gemm,cutlass3x_sm90_tensorop_s64x128x16gemm_f16_f16_f32_f16_f16_128x128x64_1x2x1_0_nnn_align8_warpspecialized_pingpong_epi_nosmem,passed,success,universal,384,14336,4096,f16:column,f16:column,f16:column,f16:column,1,0,serial,2,1,heuristic,invalid,invalid,false,false,1,tensorop,f32,128,128,64,1,2,1,0,0,0,7,4,1,1,64,128,16,90,90,131596288,45108166656,342,0.0847507,1446.11,532245
19,CUTLASS,gemm,cutlass3x_sm90_tensorop_s64x128x16gemm_f16_f16_f32_f16_f16_128x128x64_1x2x1_0_nnn_align8_warpspecialized_cooperative_epi_nosmem,passed,success,universal,384,14336,4096,f16:column,f16:column,f16:column,f16:column,1,0,serial,2,1,heuristic,invalid,invalid,false,false,1,tensorop,f32,128,128,64,1,2,1,0,0,0,7,4,2,1,64,128,16,90,90,131596288,45108166656,342,0.0879843,1392.96,512684
19,CUTLASS,gemm,cutlass3x_sm90_tensorop_s64x128x16gemm_f16_f16_f32_f16_f16_128x128x64_1x2x1_0_nnn_align8_warpspecialized_cooperative_epi_tma,passed,success,universal,384,14336,4096,f16:column,f16:column,f16:column,f16:column,1,0,serial,2,1,heuristic,invalid,invalid,false,false,1,tensorop,f32,128,128,64,1,2,1,0,0,0,6,4,2,1,64,128,16,90,90,131596288,45108166656,342,0.0827443,1481.17,545151
19,CUTLASS,gemm,cutlass3x_sm90_tensorop_s64x128x16gemm_f16_f16_f32_f16_f16_128x128x64_1x2x1_0_nnn_align8_stream_k_warpspecialized_cooperative_epi_nosmem,passed,success,universal,384,14336,4096,f16:column,f16:column,f16:column,f16:column,1,0,serial,2,1,heuristic,invalid,invalid,false,false,1,tensorop,f32,128,128,64,1,2,1,0,0,0,7,4,2,1,64,128,16,90,90,131596288,45108166656,342,0.101374,1208.97,444967
19,CUTLASS,gemm,cutlass3x_sm90_tensorop_s64x128x16gemm_f16_f16_f32_f16_f16_128x128x64_1x2x1_0_nnn_align8_stream_k_warpspecialized_cooperative_epi_tma,passed,success,universal,384,14336,4096,f16:column,f16:column,f16:column,f16:column,1,0,serial,2,1,heuristic,invalid,invalid,false,false,1,tensorop,f32,128,128,64,1,2,1,0,0,0,6,4,2,1,64,128,16,90,90,131596288,45108166656,342,0.0990262,1237.64,455517
19,CUTLASS,gemm,cutlass3x_sm90_tensorop_s64x128x16gemm_f16_f16_f32_f16_f16_128x128x64_2x1x1_0_nnn_align8,passed,success,universal,384,14336,4096,f16:column,f16:column,f16:column,f16:column,1,0,serial,2,1,heuristic,invalid,invalid,false,false,1,tensorop,f32,128,128,64,2,1,1,0,0,0,7,4,2,1,64,128,16,90,90,131596288,45108166656,342,0.13424,912.981,336026
19,CUTLASS,gemm,cutlass3x_sm90_tensorop_s64x128x16gemm_f16_f16_f32_f16_f16_128x128x64_2x1x1_0_nnn_align8_warpspecialized_epi_nosmem,passed,success,universal,384,14336,4096,f16:column,f16:column,f16:column,f16:column,1,0,serial,2,1,heuristic,invalid,invalid,false,false,1,tensorop,f32,128,128,64,2,1,1,0,0,0,7,4,1,1,64,128,16,90,90,131596288,45108166656,342,0.120251,1019.19,375116
19,CUTLASS,gemm,cutlass3x_sm90_tensorop_s64x128x16gemm_f16_f16_f32_f16_f16_128x128x64_2x1x1_0_nnn_align8_warpspecialized_pingpong_epi_tma,passed,success,universal,384,14336,4096,f16:column,f16:column,f16:column,f16:column,1,0,serial,2,1,heuristic,invalid,invalid,false,false,1,tensorop,f32,128,128,64,2,1,1,0,0,0,6,4,1,1,64,128,16,90,90,131596288,45108166656,342,0.134447,911.573,335508
19,CUTLASS,gemm,cutlass3x_sm90_tensorop_s64x128x16gemm_f16_f16_f32_f16_f16_128x128x64_2x1x1_0_nnn_align8_warpspecialized_pingpong_epi_nosmem,passed,success,universal,384,14336,4096,f16:column,f16:column,f16:column,f16:column,1,0,serial,2,1,heuristic,invalid,invalid,false,false,1,tensorop,f32,128,128,64,2,1,1,0,0,0,7,4,1,1,64,128,16,90,90,131596288,45108166656,342,0.13389,915.368,336905
19,CUTLASS,gemm,cutlass3x_sm90_tensorop_s64x128x16gemm_f16_f16_f32_f16_f16_128x128x64_2x1x1_0_nnn_align8_warpspecialized_cooperative_epi_nosmem,passed,success,universal,384,14336,4096,f16:column,f16:column,f16:column,f16:column,1,0,serial,2,1,heuristic,invalid,invalid,false,false,1,tensorop,f32,128,128,64,2,1,1,0,0,0,7,4,2,1,64,128,16,90,90,131596288,45108166656,342,0.133869,915.511,336957
19,CUTLASS,gemm,cutlass3x_sm90_tensorop_s64x128x16gemm_f16_f16_f32_f16_f16_128x128x64_2x1x1_0_nnn_align8_warpspecialized_cooperative_epi_tma,passed,success,universal,384,14336,4096,f16:column,f16:column,f16:column,f16:column,1,0,serial,2,1,heuristic,invalid,invalid,false,false,1,tensorop,f32,128,128,64,2,1,1,0,0,0,6,4,2,1,64,128,16,90,90,131596288,45108166656,342,0.134242,912.966,336021
19,CUTLASS,gemm,cutlass3x_sm90_tensorop_s64x128x16gemm_f16_f16_f32_f16_f16_128x128x64_2x1x1_0_nnn_align8_stream_k_warpspecialized_cooperative_epi_nosmem,passed,success,universal,384,14336,4096,f16:column,f16:column,f16:column,f16:column,1,0,serial,2,1,heuristic,invalid,invalid,false,false,1,tensorop,f32,128,128,64,2,1,1,0,0,0,7,4,2,1,64,128,16,90,90,131596288,45108166656,342,0.138103,887.441,326626
19,CUTLASS,gemm,cutlass3x_sm90_tensorop_s64x128x16gemm_f16_f16_f32_f16_f16_128x128x64_2x1x1_0_nnn_align8_stream_k_warpspecialized_cooperative_epi_tma,passed,success,universal,384,14336,4096,f16:column,f16:column,f16:column,f16:column,1,0,serial,2,1,heuristic,invalid,invalid,false,false,1,tensorop,f32,128,128,64,2,1,1,0,0,0,6,4,2,1,64,128,16,90,90,131596288,45108166656,342,0.135511,904.418,332874
20,CUTLASS,gemm,cutlass_tensorop_f16_s1688gemm_f16_256x128_32x2_nn_align8,passed,success,universal,512,14336,4096,f16:column,f16:column,f16:column,f16:column,1,0,serial,2,1,heuristic,invalid,invalid,false,false,1,tensorop,f32,256,128,32,1,1,1,0,0,0,2,4,2,1,16,8,8,75,1024,136314880,60144222208,441,0.346881,365.984,173386
20,CUTLASS,gemm,cutlass_tensorop_f16_s16816gemm_f16_256x128_32x3_nn_align8,passed,success,universal,512,14336,4096,f16:column,f16:column,f16:column,f16:column,1,0,serial,2,1,heuristic,invalid,invalid,false,false,1,tensorop,f32,256,128,32,1,1,1,0,0,0,3,4,2,1,16,8,16,80,1024,136314880,60144222208,441,0.172692,735.144,348275
20,CUTLASS,gemm,cutlass3x_sm90_tensorop_s64x128x16gemm_f16_f16_f32_f16_f16_128x128x64_1x2x1_0_nnn_align8,passed,success,universal,512,14336,4096,f16:column,f16:column,f16:column,f16:column,1,0,serial,2,1,heuristic,invalid,invalid,false,false,1,tensorop,f32,128,128,64,1,2,1,0,0,0,7,4,2,1,64,128,16,90,90,136314880,60144222208,441,0.114675,1107.07,524476
20,CUTLASS,gemm,cutlass3x_sm90_tensorop_s64x128x16gemm_f16_f16_f32_f16_f16_128x128x64_1x2x1_0_nnn_align8_warpspecialized_epi_nosmem,passed,success,universal,512,14336,4096,f16:column,f16:column,f16:column,f16:column,1,0,serial,2,1,heuristic,invalid,invalid,false,false,1,tensorop,f32,128,128,64,1,2,1,0,0,0,7,4,1,1,64,128,16,90,90,136314880,60144222208,441,0.112194,1131.55,536072
20,CUTLASS,gemm,cutlass3x_sm90_tensorop_s64x128x16gemm_f16_f16_f32_f16_f16_128x128x64_1x2x1_0_nnn_align8_warpspecialized_pingpong_epi_tma,passed,success,universal,512,14336,4096,f16:column,f16:column,f16:column,f16:column,1,0,serial,2,1,heuristic,invalid,invalid,false,false,1,tensorop,f32,128,128,64,1,2,1,0,0,0,6,4,1,1,64,128,16,90,90,136314880,60144222208,441,0.10743,1181.73,559845
20,CUTLASS,gemm,cutlass3x_sm90_tensorop_s64x128x16gemm_f16_f16_f32_f16_f16_128x128x64_1x2x1_0_nnn_align8_warpspecialized_pingpong_epi_nosmem,passed,success,universal,512,14336,4096,f16:column,f16:column,f16:column,f16:column,1,0,serial,2,1,heuristic,invalid,invalid,false,false,1,tensorop,f32,128,128,64,1,2,1,0,0,0,7,4,1,1,64,128,16,90,90,136314880,60144222208,441,0.110499,1148.91,544297
20,CUTLASS,gemm,cutlass3x_sm90_tensorop_s64x128x16gemm_f16_f16_f32_f16_f16_128x128x64_1x2x1_0_nnn_align8_warpspecialized_cooperative_epi_nosmem,passed,success,universal,512,14336,4096,f16:column,f16:column,f16:column,f16:column,1,0,serial,2,1,heuristic,invalid,invalid,false,false,1,tensorop,f32,128,128,64,1,2,1,0,0,0,7,4,2,1,64,128,16,90,90,136314880,60144222208,441,0.114656,1107.26,524564
20,CUTLASS,gemm,cutlass3x_sm90_tensorop_s64x128x16gemm_f16_f16_f32_f16_f16_128x128x64_1x2x1_0_nnn_align8_warpspecialized_cooperative_epi_tma,passed,success,universal,512,14336,4096,f16:column,f16:column,f16:column,f16:column,1,0,serial,2,1,heuristic,invalid,invalid,false,false,1,tensorop,f32,128,128,64,1,2,1,0,0,0,6,4,2,1,64,128,16,90,90,136314880,60144222208,441,0.108472,1170.38,554468
20,CUTLASS,gemm,cutlass3x_sm90_tensorop_s64x128x16gemm_f16_f16_f32_f16_f16_128x128x64_1x2x1_0_nnn_align8_stream_k_warpspecialized_cooperative_epi_nosmem,passed,success,universal,512,14336,4096,f16:column,f16:column,f16:column,f16:column,1,0,serial,2,1,heuristic,invalid,invalid,false,false,1,tensorop,f32,128,128,64,1,2,1,0,0,0,7,4,2,1,64,128,16,90,90,136314880,60144222208,441,0.124232,1021.9,484127
20,CUTLASS,gemm,cutlass3x_sm90_tensorop_s64x128x16gemm_f16_f16_f32_f16_f16_128x128x64_1x2x1_0_nnn_align8_stream_k_warpspecialized_cooperative_epi_tma,passed,success,universal,512,14336,4096,f16:column,f16:column,f16:column,f16:column,1,0,serial,2,1,heuristic,invalid,invalid,false,false,1,tensorop,f32,128,128,64,1,2,1,0,0,0,6,4,2,1,64,128,16,90,90,136314880,60144222208,441,0.123512,1027.86,486952
20,CUTLASS,gemm,cutlass3x_sm90_tensorop_s64x128x16gemm_f16_f16_f32_f16_f16_128x128x64_2x1x1_0_nnn_align8,passed,success,universal,512,14336,4096,f16:column,f16:column,f16:column,f16:column,1,0,serial,2,1,heuristic,invalid,invalid,false,false,1,tensorop,f32,128,128,64,2,1,1,0,0,0,7,4,2,1,64,128,16,90,90,136314880,60144222208,441,0.0970906,1307.57,619465
20,CUTLASS,gemm,cutlass3x_sm90_tensorop_s64x128x16gemm_f16_f16_f32_f16_f16_128x128x64_2x1x1_0_nnn_align8_warpspecialized_epi_nosmem,passed,success,universal,512,14336,4096,f16:column,f16:column,f16:column,f16:column,1,0,serial,2,1,heuristic,invalid,invalid,false,false,1,tensorop,f32,128,128,64,2,1,1,0,0,0,7,4,1,1,64,128,16,90,90,136314880,60144222208,441,0.102713,1236,585556
20,CUTLASS,gemm,cutlass3x_sm90_tensorop_s64x128x16gemm_f16_f16_f32_f16_f16_128x128x64_2x1x1_0_nnn_align8_warpspecialized_pingpong_epi_tma,passed,success,universal,512,14336,4096,f16:column,f16:column,f16:column,f16:column,1,0,serial,2,1,heuristic,invalid,invalid,false,false,1,tensorop,f32,128,128,64,2,1,1,0,0,0,6,4,1,1,64,128,16,90,90,136314880,60144222208,441,0.0910493,1394.33,660568
20,CUTLASS,gemm,cutlass3x_sm90_tensorop_s64x128x16gemm_f16_f16_f32_f16_f16_128x128x64_2x1x1_0_nnn_align8_warpspecialized_pingpong_epi_nosmem,passed,success,universal,512,14336,4096,f16:column,f16:column,f16:column,f16:column,1,0,serial,2,1,heuristic,invalid,invalid,false,false,1,tensorop,f32,128,128,64,2,1,1,0,0,0,7,4,1,1,64,128,16,90,90,136314880,60144222208,441,0.0902707,1406.36,666265
20,CUTLASS,gemm,cutlass3x_sm90_tensorop_s64x128x16gemm_f16_f16_f32_f16_f16_128x128x64_2x1x1_0_nnn_align8_warpspecialized_cooperative_epi_nosmem,passed,success,universal,512,14336,4096,f16:column,f16:column,f16:column,f16:column,1,0,serial,2,1,heuristic,invalid,invalid,false,false,1,tensorop,f32,128,128,64,2,1,1,0,0,0,7,4,2,1,64,128,16,90,90,136314880,60144222208,441,0.0975165,1301.86,616760
20,CUTLASS,gemm,cutlass3x_sm90_tensorop_s64x128x16gemm_f16_f16_f32_f16_f16_128x128x64_2x1x1_0_nnn_align8_warpspecialized_cooperative_epi_tma,passed,success,universal,512,14336,4096,f16:column,f16:column,f16:column,f16:column,1,0,serial,2,1,heuristic,invalid,invalid,false,false,1,tensorop,f32,128,128,64,2,1,1,0,0,0,6,4,2,1,64,128,16,90,90,136314880,60144222208,441,0.0929306,1366.11,647195
20,CUTLASS,gemm,cutlass3x_sm90_tensorop_s64x128x16gemm_f16_f16_f32_f16_f16_128x128x64_2x1x1_0_nnn_align8_stream_k_warpspecialized_cooperative_epi_nosmem,passed,success,universal,512,14336,4096,f16:column,f16:column,f16:column,f16:column,1,0,serial,2,1,heuristic,invalid,invalid,false,false,1,tensorop,f32,128,128,64,2,1,1,0,0,0,7,4,2,1,64,128,16,90,90,136314880,60144222208,441,0.113814,1115.44,528441
20,CUTLASS,gemm,cutlass3x_sm90_tensorop_s64x128x16gemm_f16_f16_f32_f16_f16_128x128x64_2x1x1_0_nnn_align8_stream_k_warpspecialized_cooperative_epi_tma,passed,success,universal,512,14336,4096,f16:column,f16:column,f16:column,f16:column,1,0,serial,2,1,heuristic,invalid,invalid,false,false,1,tensorop,f32,128,128,64,2,1,1,0,0,0,6,4,2,1,64,128,16,90,90,136314880,60144222208,441,0.11269,1126.57,533714
21,CUTLASS,gemm,cutlass_tensorop_f16_s1688gemm_f16_256x128_32x2_nn_align8,passed,success,universal,640,14336,4096,f16:column,f16:column,f16:column,f16:column,1,0,serial,2,1,heuristic,invalid,invalid,false,false,1,tensorop,f32,256,128,32,1,1,1,0,0,0,2,4,2,1,16,8,8,75,1024,141033472,75180277760,533,0.441886,297.243,170135
21,CUTLASS,gemm,cutlass_tensorop_f16_s16816gemm_f16_256x128_32x3_nn_align8,passed,success,universal,640,14336,4096,f16:column,f16:column,f16:column,f16:column,1,0,serial,2,1,heuristic,invalid,invalid,false,false,1,tensorop,f32,256,128,32,1,1,1,0,0,0,3,4,2,1,16,8,16,80,1024,141033472,75180277760,533,0.22582,581.647,332921
21,CUTLASS,gemm,cutlass3x_sm90_tensorop_s64x128x16gemm_f16_f16_f32_f16_f16_128x128x64_1x2x1_0_nnn_align8,passed,success,universal,640,14336,4096,f16:column,f16:column,f16:column,f16:column,1,0,serial,2,1,heuristic,invalid,invalid,false,false,1,tensorop,f32,128,128,64,1,2,1,0,0,0,7,4,2,1,64,128,16,90,90,141033472,75180277760,533,0.144478,909.12,520359
21,CUTLASS,gemm,cutlass3x_sm90_tensorop_s64x128x16gemm_f16_f16_f32_f16_f16_128x128x64_1x2x1_0_nnn_align8_warpspecialized_epi_nosmem,passed,success,universal,640,14336,4096,f16:column,f16:column,f16:column,f16:column,1,0,serial,2,1,heuristic,invalid,invalid,false,false,1,tensorop,f32,128,128,64,1,2,1,0,0,0,7,4,1,1,64,128,16,90,90,141033472,75180277760,533,0.138734,946.756,541901
21,CUTLASS,gemm,cutlass3x_sm90_tensorop_s64x128x16gemm_f16_f16_f32_f16_f16_128x128x64_1x2x1_0_nnn_align8_warpspecialized_pingpong_epi_tma,passed,success,universal,640,14336,4096,f16:column,f16:column,f16:column,f16:column,1,0,serial,2,1,heuristic,invalid,invalid,false,false,1,tensorop,f32,128,128,64,1,2,1,0,0,0,6,4,1,1,64,128,16,90,90,141033472,75180277760,533,0.133065,987.092,564988
21,CUTLASS,gemm,cutlass3x_sm90_tensorop_s64x128x16gemm_f16_f16_f32_f16_f16_128x128x64_1x2x1_0_nnn_align8_warpspecialized_pingpong_epi_nosmem,passed,success,universal,640,14336,4096,f16:column,f16:column,f16:column,f16:column,1,0,serial,2,1,heuristic,invalid,invalid,false,false,1,tensorop,f32,128,128,64,1,2,1,0,0,0,7,4,1,1,64,128,16,90,90,141033472,75180277760,533,0.135916,966.385,553136
21,CUTLASS,gemm,cutlass3x_sm90_tensorop_s64x128x16gemm_f16_f16_f32_f16_f16_128x128x64_1x2x1_0_nnn_align8_warpspecialized_cooperative_epi_nosmem,passed,success,universal,640,14336,4096,f16:column,f16:column,f16:column,f16:column,1,0,serial,2,1,heuristic,invalid,invalid,false,false,1,tensorop,f32,128,128,64,1,2,1,0,0,0,7,4,2,1,64,128,16,90,90,141033472,75180277760,533,0.144684,907.825,519618
21,CUTLASS,gemm,cutlass3x_sm90_tensorop_s64x128x16gemm_f16_f16_f32_f16_f16_128x128x64_1x2x1_0_nnn_align8_warpspecialized_cooperative_epi_tma,passed,success,universal,640,14336,4096,f16:column,f16:column,f16:column,f16:column,1,0,serial,2,1,heuristic,invalid,invalid,false,false,1,tensorop,f32,128,128,64,1,2,1,0,0,0,6,4,2,1,64,128,16,90,90,141033472,75180277760,533,0.135579,968.791,554513
21,CUTLASS,gemm,cutlass3x_sm90_tensorop_s64x128x16gemm_f16_f16_f32_f16_f16_128x128x64_1x2x1_0_nnn_align8_stream_k_warpspecialized_cooperative_epi_nosmem,passed,success,universal,640,14336,4096,f16:column,f16:column,f16:column,f16:column,1,0,serial,2,1,heuristic,invalid,invalid,false,false,1,tensorop,f32,128,128,64,1,2,1,0,0,0,7,4,2,1,64,128,16,90,90,141033472,75180277760,533,0.161066,815.488,466766
21,CUTLASS,gemm,cutlass3x_sm90_tensorop_s64x128x16gemm_f16_f16_f32_f16_f16_128x128x64_1x2x1_0_nnn_align8_stream_k_warpspecialized_cooperative_epi_tma,passed,success,universal,640,14336,4096,f16:column,f16:column,f16:column,f16:column,1,0,serial,2,1,heuristic,invalid,invalid,false,false,1,tensorop,f32,128,128,64,1,2,1,0,0,0,6,4,2,1,64,128,16,90,90,141033472,75180277760,533,0.158953,826.332,472973
21,CUTLASS,gemm,cutlass3x_sm90_tensorop_s64x128x16gemm_f16_f16_f32_f16_f16_128x128x64_2x1x1_0_nnn_align8,passed,success,universal,640,14336,4096,f16:column,f16:column,f16:column,f16:column,1,0,serial,2,1,heuristic,invalid,invalid,false,false,1,tensorop,f32,128,128,64,2,1,1,0,0,0,7,4,2,1,64,128,16,90,90,141033472,75180277760,533,0.187793,699.429,400337
21,CUTLASS,gemm,cutlass3x_sm90_tensorop_s64x128x16gemm_f16_f16_f32_f16_f16_128x128x64_2x1x1_0_nnn_align8_warpspecialized_epi_nosmem,passed,success,universal,640,14336,4096,f16:column,f16:column,f16:column,f16:column,1,0,serial,2,1,heuristic,invalid,invalid,false,false,1,tensorop,f32,128,128,64,2,1,1,0,0,0,7,4,1,1,64,128,16,90,90,141033472,75180277760,533,0.173247,758.152,433948
21,CUTLASS,gemm,cutlass3x_sm90_tensorop_s64x128x16gemm_f16_f16_f32_f16_f16_128x128x64_2x1x1_0_nnn_align8_warpspecialized_pingpong_epi_tma,passed,success,universal,640,14336,4096,f16:column,f16:column,f16:column,f16:column,1,0,serial,2,1,heuristic,invalid,invalid,false,false,1,tensorop,f32,128,128,64,2,1,1,0,0,0,6,4,1,1,64,128,16,90,90,141033472,75180277760,533,0.180689,726.927,416076
21,CUTLASS,gemm,cutlass3x_sm90_tensorop_s64x128x16gemm_f16_f16_f32_f16_f16_128x128x64_2x1x1_0_nnn_align8_warpspecialized_pingpong_epi_nosmem,passed,success,universal,640,14336,4096,f16:column,f16:column,f16:column,f16:column,1,0,serial,2,1,heuristic,invalid,invalid,false,false,1,tensorop,f32,128,128,64,2,1,1,0,0,0,7,4,1,1,64,128,16,90,90,141033472,75180277760,533,0.186077,705.879,404028
21,CUTLASS,gemm,cutlass3x_sm90_tensorop_s64x128x16gemm_f16_f16_f32_f16_f16_128x128x64_2x1x1_0_nnn_align8_warpspecialized_cooperative_epi_nosmem,passed,success,universal,640,14336,4096,f16:column,f16:column,f16:column,f16:column,1,0,serial,2,1,heuristic,invalid,invalid,false,false,1,tensorop,f32,128,128,64,2,1,1,0,0,0,7,4,2,1,64,128,16,90,90,141033472,75180277760,533,0.181994,721.713,413092
21,CUTLASS,gemm,cutlass3x_sm90_tensorop_s64x128x16gemm_f16_f16_f32_f16_f16_128x128x64_2x1x1_0_nnn_align8_warpspecialized_cooperative_epi_tma,passed,success,universal,640,14336,4096,f16:column,f16:column,f16:column,f16:column,1,0,serial,2,1,heuristic,invalid,invalid,false,false,1,tensorop,f32,128,128,64,2,1,1,0,0,0,6,4,2,1,64,128,16,90,90,141033472,75180277760,533,0.179281,732.635,419343
21,CUTLASS,gemm,cutlass3x_sm90_tensorop_s64x128x16gemm_f16_f16_f32_f16_f16_128x128x64_2x1x1_0_nnn_align8_stream_k_warpspecialized_cooperative_epi_nosmem,passed,success,universal,640,14336,4096,f16:column,f16:column,f16:column,f16:column,1,0,serial,2,1,heuristic,invalid,invalid,false,false,1,tensorop,f32,128,128,64,2,1,1,0,0,0,7,4,2,1,64,128,16,90,90,141033472,75180277760,533,0.210608,623.66,356968
21,CUTLASS,gemm,cutlass3x_sm90_tensorop_s64x128x16gemm_f16_f16_f32_f16_f16_128x128x64_2x1x1_0_nnn_align8_stream_k_warpspecialized_cooperative_epi_tma,passed,success,universal,640,14336,4096,f16:column,f16:column,f16:column,f16:column,1,0,serial,2,1,heuristic,invalid,invalid,false,false,1,tensorop,f32,128,128,64,2,1,1,0,0,0,6,4,2,1,64,128,16,90,90,141033472,75180277760,533,0.207385,633.353,362516
22,CUTLASS,gemm,cutlass_tensorop_f16_s1688gemm_f16_256x128_32x2_nn_align8,passed,success,universal,768,14336,4096,f16:column,f16:column,f16:column,f16:column,1,0,serial,2,1,heuristic,invalid,invalid,false,false,1,tensorop,f32,256,128,32,1,1,1,0,0,0,2,4,2,1,16,8,8,75,1024,145752064,90216333312,618,0.51113,265.573,176504
22,CUTLASS,gemm,cutlass_tensorop_f16_s16816gemm_f16_256x128_32x3_nn_align8,passed,success,universal,768,14336,4096,f16:column,f16:column,f16:column,f16:column,1,0,serial,2,1,heuristic,invalid,invalid,false,false,1,tensorop,f32,256,128,32,1,1,1,0,0,0,3,4,2,1,16,8,16,80,1024,145752064,90216333312,618,0.252748,537.066,356943
22,CUTLASS,gemm,cutlass3x_sm90_tensorop_s64x128x16gemm_f16_f16_f32_f16_f16_128x128x64_1x2x1_0_nnn_align8,passed,success,universal,768,14336,4096,f16:column,f16:column,f16:column,f16:column,1,0,serial,2,1,heuristic,invalid,invalid,false,false,1,tensorop,f32,128,128,64,1,2,1,0,0,0,7,4,2,1,64,128,16,90,90,145752064,90216333312,618,0.170585,795.747,528866
22,CUTLASS,gemm,cutlass3x_sm90_tensorop_s64x128x16gemm_f16_f16_f32_f16_f16_128x128x64_1x2x1_0_nnn_align8_warpspecialized_epi_nosmem,passed,success,universal,768,14336,4096,f16:column,f16:column,f16:column,f16:column,1,0,serial,2,1,heuristic,invalid,invalid,false,false,1,tensorop,f32,128,128,64,1,2,1,0,0,0,7,4,1,1,64,128,16,90,90,145752064,90216333312,618,0.147706,919.005,610785
22,CUTLASS,gemm,cutlass3x_sm90_tensorop_s64x128x16gemm_f16_f16_f32_f16_f16_128x128x64_1x2x1_0_nnn_align8_warpspecialized_pingpong_epi_tma,passed,success,universal,768,14336,4096,f16:column,f16:column,f16:column,f16:column,1,0,serial,2,1,heuristic,invalid,invalid,false,false,1,tensorop,f32,128,128,64,1,2,1,0,0,0,6,4,1,1,64,128,16,90,90,145752064,90216333312,618,0.155977,870.271,578395
22,CUTLASS,gemm,cutlass3x_sm90_tensorop_s64x128x16gemm_f16_f16_f32_f16_f16_128x128x64_1x2x1_0_nnn_align8_warpspecialized_pingpong_epi_nosmem,passed,success,universal,768,14336,4096,f16:column,f16:column,f16:column,f16:column,1,0,serial,2,1,heuristic,invalid,invalid,false,false,1,tensorop,f32,128,128,64,1,2,1,0,0,0,7,4,1,1,64,128,16,90,90,145752064,90216333312,618,0.159246,852.405,566522
22,CUTLASS,gemm,cutlass3x_sm90_tensorop_s64x128x16gemm_f16_f16_f32_f16_f16_128x128x64_1x2x1_0_nnn_align8_warpspecialized_cooperative_epi_nosmem,passed,success,universal,768,14336,4096,f16:column,f16:column,f16:column,f16:column,1,0,serial,2,1,heuristic,invalid,invalid,false,false,1,tensorop,f32,128,128,64,1,2,1,0,0,0,7,4,2,1,64,128,16,90,90,145752064,90216333312,618,0.171104,793.332,527260
22,CUTLASS,gemm,cutlass3x_sm90_tensorop_s64x128x16gemm_f16_f16_f32_f16_f16_128x128x64_1x2x1_0_nnn_align8_warpspecialized_cooperative_epi_tma,passed,success,universal,768,14336,4096,f16:column,f16:column,f16:column,f16:column,1,0,serial,2,1,heuristic,invalid,invalid,false,false,1,tensorop,f32,128,128,64,1,2,1,0,0,0,6,4,2,1,64,128,16,90,90,145752064,90216333312,618,0.160373,846.415,562540
22,CUTLASS,gemm,cutlass3x_sm90_tensorop_s64x128x16gemm_f16_f16_f32_f16_f16_128x128x64_1x2x1_0_nnn_align8_stream_k_warpspecialized_cooperative_epi_nosmem,passed,success,universal,768,14336,4096,f16:column,f16:column,f16:column,f16:column,1,0,serial,2,1,heuristic,invalid,invalid,false,false,1,tensorop,f32,128,128,64,1,2,1,0,0,0,7,4,2,1,64,128,16,90,90,145752064,90216333312,618,0.195487,694.378,461494
22,CUTLASS,gemm,cutlass3x_sm90_tensorop_s64x128x16gemm_f16_f16_f32_f16_f16_128x128x64_1x2x1_0_nnn_align8_stream_k_warpspecialized_cooperative_epi_tma,passed,success,universal,768,14336,4096,f16:column,f16:column,f16:column,f16:column,1,0,serial,2,1,heuristic,invalid,invalid,false,false,1,tensorop,f32,128,128,64,1,2,1,0,0,0,6,4,2,1,64,128,16,90,90,145752064,90216333312,618,0.190439,712.787,473729
22,CUTLASS,gemm,cutlass3x_sm90_tensorop_s64x128x16gemm_f16_f16_f32_f16_f16_128x128x64_2x1x1_0_nnn_align8,passed,success,universal,768,14336,4096,f16:column,f16:column,f16:column,f16:column,1,0,serial,2,1,heuristic,invalid,invalid,false,false,1,tensorop,f32,128,128,64,2,1,1,0,0,0,7,4,2,1,64,128,16,90,90,145752064,90216333312,618,0.152028,892.875,593419
22,CUTLASS,gemm,cutlass3x_sm90_tensorop_s64x128x16gemm_f16_f16_f32_f16_f16_128x128x64_2x1x1_0_nnn_align8_warpspecialized_epi_nosmem,passed,success,universal,768,14336,4096,f16:column,f16:column,f16:column,f16:column,1,0,serial,2,1,heuristic,invalid,invalid,false,false,1,tensorop,f32,128,128,64,2,1,1,0,0,0,7,4,1,1,64,128,16,90,90,145752064,90216333312,618,0.145451,933.253,620254
22,CUTLASS,gemm,cutlass3x_sm90_tensorop_s64x128x16gemm_f16_f16_f32_f16_f16_128x128x64_2x1x1_0_nnn_align8_warpspecialized_pingpong_epi_tma,passed,success,universal,768,14336,4096,f16:column,f16:column,f16:column,f16:column,1,0,serial,2,1,heuristic,invalid,invalid,false,false,1,tensorop,f32,128,128,64,2,1,1,0,0,0,6,4,1,1,64,128,16,90,90,145752064,90216333312,618,0.136699,993.004,659965
22,CUTLASS,gemm,cutlass3x_sm90_tensorop_s64x128x16gemm_f16_f16_f32_f16_f16_128x128x64_2x1x1_0_nnn_align8_warpspecialized_pingpong_epi_nosmem,passed,success,universal,768,14336,4096,f16:column,f16:column,f16:column,f16:column,1,0,serial,2,1,heuristic,invalid,invalid,false,false,1,tensorop,f32,128,128,64,2,1,1,0,0,0,7,4,1,1,64,128,16,90,90,145752064,90216333312,618,0.136015,997.994,663282
22,CUTLASS,gemm,cutlass3x_sm90_tensorop_s64x128x16gemm_f16_f16_f32_f16_f16_128x128x64_2x1x1_0_nnn_align8_warpspecialized_cooperative_epi_nosmem,passed,success,universal,768,14336,4096,f16:column,f16:column,f16:column,f16:column,1,0,serial,2,1,heuristic,invalid,invalid,false,false,1,tensorop,f32,128,128,64,2,1,1,0,0,0,7,4,2,1,64,128,16,90,90,145752064,90216333312,618,0.152495,890.144,591603
22,CUTLASS,gemm,cutlass3x_sm90_tensorop_s64x128x16gemm_f16_f16_f32_f16_f16_128x128x64_2x1x1_0_nnn_align8_warpspecialized_cooperative_epi_tma,passed,success,universal,768,14336,4096,f16:column,f16:column,f16:column,f16:column,1,0,serial,2,1,heuristic,invalid,invalid,false,false,1,tensorop,f32,128,128,64,2,1,1,0,0,0,6,4,2,1,64,128,16,90,90,145752064,90216333312,618,0.134658,1008.05,669968
22,CUTLASS,gemm,cutlass3x_sm90_tensorop_s64x128x16gemm_f16_f16_f32_f16_f16_128x128x64_2x1x1_0_nnn_align8_stream_k_warpspecialized_cooperative_epi_nosmem,passed,success,universal,768,14336,4096,f16:column,f16:column,f16:column,f16:column,1,0,serial,2,1,heuristic,invalid,invalid,false,false,1,tensorop,f32,128,128,64,2,1,1,0,0,0,7,4,2,1,64,128,16,90,90,145752064,90216333312,618,0.178202,761.732,506259
22,CUTLASS,gemm,cutlass3x_sm90_tensorop_s64x128x16gemm_f16_f16_f32_f16_f16_128x128x64_2x1x1_0_nnn_align8_stream_k_warpspecialized_cooperative_epi_tma,passed,success,universal,768,14336,4096,f16:column,f16:column,f16:column,f16:column,1,0,serial,2,1,heuristic,invalid,invalid,false,false,1,tensorop,f32,128,128,64,2,1,1,0,0,0,6,4,2,1,64,128,16,90,90,145752064,90216333312,618,0.175506,773.432,514035
23,CUTLASS,gemm,cutlass_tensorop_f16_s1688gemm_f16_256x128_32x2_nn_align8,passed,success,universal,896,14336,4096,f16:column,f16:column,f16:column,f16:column,1,0,serial,2,1,heuristic,invalid,invalid,false,false,1,tensorop,f32,256,128,32,1,1,1,0,0,0,2,4,2,1,16,8,8,75,1024,150470656,105252388864,699,0.516964,271.076,203597
23,CUTLASS,gemm,cutlass_tensorop_f16_s16816gemm_f16_256x128_32x3_nn_align8,passed,success,universal,896,14336,4096,f16:column,f16:column,f16:column,f16:column,1,0,serial,2,1,heuristic,invalid,invalid,false,false,1,tensorop,f32,256,128,32,1,1,1,0,0,0,3,4,2,1,16,8,16,80,1024,150470656,105252388864,699,0.255589,548.29,411804
23,CUTLASS,gemm,cutlass3x_sm90_tensorop_s64x128x16gemm_f16_f16_f32_f16_f16_128x128x64_1x2x1_0_nnn_align8,passed,success,universal,896,14336,4096,f16:column,f16:column,f16:column,f16:column,1,0,serial,2,1,heuristic,invalid,invalid,false,false,1,tensorop,f32,128,128,64,1,2,1,0,0,0,7,4,2,1,64,128,16,90,90,150470656,105252388864,699,0.178932,783.182,588224
23,CUTLASS,gemm,cutlass3x_sm90_tensorop_s64x128x16gemm_f16_f16_f32_f16_f16_128x128x64_1x2x1_0_nnn_align8_warpspecialized_epi_nosmem,passed,success,universal,896,14336,4096,f16:column,f16:column,f16:column,f16:column,1,0,serial,2,1,heuristic,invalid,invalid,false,false,1,tensorop,f32,128,128,64,1,2,1,0,0,0,7,4,1,1,64,128,16,90,90,150470656,105252388864,699,0.17492,801.147,601717
23,CUTLASS,gemm,cutlass3x_sm90_tensorop_s64x128x16gemm_f16_f16_f32_f16_f16_128x128x64_1x2x1_0_nnn_align8_warpspecialized_pingpong_epi_tma,passed,success,universal,896,14336,4096,f16:column,f16:column,f16:column,f16:column,1,0,serial,2,1,heuristic,invalid,invalid,false,false,1,tensorop,f32,128,128,64,1,2,1,0,0,0,6,4,1,1,64,128,16,90,90,150470656,105252388864,699,0.165356,847.482,636518
23,CUTLASS,gemm,cutlass3x_sm90_tensorop_s64x128x16gemm_f16_f16_f32_f16_f16_128x128x64_1x2x1_0_nnn_align8_warpspecialized_pingpong_epi_nosmem,passed,success,universal,896,14336,4096,f16:column,f16:column,f16:column,f16:column,1,0,serial,2,1,heuristic,invalid,invalid,false,false,1,tensorop,f32,128,128,64,1,2,1,0,0,0,7,4,1,1,64,128,16,90,90,150470656,105252388864,699,0.168677,830.797,623986
23,CUTLASS,gemm,cutlass3x_sm90_tensorop_s64x128x16gemm_f16_f16_f32_f16_f16_128x128x64_1x2x1_0_nnn_align8_warpspecialized_cooperative_epi_nosmem,passed,success,universal,896,14336,4096,f16:column,f16:column,f16:column,f16:column,1,0,serial,2,1,heuristic,invalid,invalid,false,false,1,tensorop,f32,128,128,64,1,2,1,0,0,0,7,4,2,1,64,128,16,90,90,150470656,105252388864,699,0.179087,782.506,587716
23,CUTLASS,gemm,cutlass3x_sm90_tensorop_s64x128x16gemm_f16_f16_f32_f16_f16_128x128x64_1x2x1_0_nnn_align8_warpspecialized_cooperative_epi_tma,passed,success,universal,896,14336,4096,f16:column,f16:column,f16:column,f16:column,1,0,serial,2,1,heuristic,invalid,invalid,false,false,1,tensorop,f32,128,128,64,1,2,1,0,0,0,6,4,2,1,64,128,16,90,90,150470656,105252388864,699,0.16632,842.571,632829
23,CUTLASS,gemm,cutlass3x_sm90_tensorop_s64x128x16gemm_f16_f16_f32_f16_f16_128x128x64_1x2x1_0_nnn_align8_stream_k_warpspecialized_cooperative_epi_nosmem,passed,success,universal,896,14336,4096,f16:column,f16:column,f16:column,f16:column,1,0,serial,2,1,heuristic,invalid,invalid,false,false,1,tensorop,f32,128,128,64,1,2,1,0,0,0,7,4,2,1,64,128,16,90,90,150470656,105252388864,699,0.215026,651.721,489488
23,CUTLASS,gemm,cutlass3x_sm90_tensorop_s64x128x16gemm_f16_f16_f32_f16_f16_128x128x64_1x2x1_0_nnn_align8_stream_k_warpspecialized_cooperative_epi_tma,passed,success,universal,896,14336,4096,f16:column,f16:column,f16:column,f16:column,1,0,serial,2,1,heuristic,invalid,invalid,false,false,1,tensorop,f32,128,128,64,1,2,1,0,0,0,6,4,2,1,64,128,16,90,90,150470656,105252388864,699,0.208812,671.114,504053
23,CUTLASS,gemm,cutlass3x_sm90_tensorop_s64x128x16gemm_f16_f16_f32_f16_f16_128x128x64_2x1x1_0_nnn_align8,passed,success,universal,896,14336,4096,f16:column,f16:column,f16:column,f16:column,1,0,serial,2,1,heuristic,invalid,invalid,false,false,1,tensorop,f32,128,128,64,2,1,1,0,0,0,7,4,2,1,64,128,16,90,90,150470656,105252388864,699,0.231736,604.725,454190
23,CUTLASS,gemm,cutlass3x_sm90_tensorop_s64x128x16gemm_f16_f16_f32_f16_f16_128x128x64_2x1x1_0_nnn_align8_warpspecialized_epi_nosmem,passed,success,universal,896,14336,4096,f16:column,f16:column,f16:column,f16:column,1,0,serial,2,1,heuristic,invalid,invalid,false,false,1,tensorop,f32,128,128,64,2,1,1,0,0,0,7,4,1,1,64,128,16,90,90,150470656,105252388864,699,0.228741,612.643,460138
23,CUTLASS,gemm,cutlass3x_sm90_tensorop_s64x128x16gemm_f16_f16_f32_f16_f16_128x128x64_2x1x1_0_nnn_align8_warpspecialized_pingpong_epi_tma,passed,success,universal,896,14336,4096,f16:column,f16:column,f16:column,f16:column,1,0,serial,2,1,heuristic,invalid,invalid,false,false,1,tensorop,f32,128,128,64,2,1,1,0,0,0,6,4,1,1,64,128,16,90,90,150470656,105252388864,699,0.22446,624.33,468915
23,CUTLASS,gemm,cutlass3x_sm90_tensorop_s64x128x16gemm_f16_f16_f32_f16_f16_128x128x64_2x1x1_0_nnn_align8_warpspecialized_pingpong_epi_nosmem,passed,success,universal,896,14336,4096,f16:column,f16:column,f16:column,f16:column,1,0,serial,2,1,heuristic,invalid,invalid,false,false,1,tensorop,f32,128,128,64,2,1,1,0,0,0,7,4,1,1,64,128,16,90,90,150470656,105252388864,699,0.230401,608.229,456822
23,CUTLASS,gemm,cutlass3x_sm90_tensorop_s64x128x16gemm_f16_f16_f32_f16_f16_128x128x64_2x1x1_0_nnn_align8_warpspecialized_cooperative_epi_nosmem,passed,success,universal,896,14336,4096,f16:column,f16:column,f16:column,f16:column,1,0,serial,2,1,heuristic,invalid,invalid,false,false,1,tensorop,f32,128,128,64,2,1,1,0,0,0,7,4,2,1,64,128,16,90,90,150470656,105252388864,699,0.233481,600.207,450797
23,CUTLASS,gemm,cutlass3x_sm90_tensorop_s64x128x16gemm_f16_f16_f32_f16_f16_128x128x64_2x1x1_0_nnn_align8_warpspecialized_cooperative_epi_tma,passed,success,universal,896,14336,4096,f16:column,f16:column,f16:column,f16:column,1,0,serial,2,1,heuristic,invalid,invalid,false,false,1,tensorop,f32,128,128,64,2,1,1,0,0,0,6,4,2,1,64,128,16,90,90,150470656,105252388864,699,0.227117,617.024,463428
23,CUTLASS,gemm,cutlass3x_sm90_tensorop_s64x128x16gemm_f16_f16_f32_f16_f16_128x128x64_2x1x1_0_nnn_align8_stream_k_warpspecialized_cooperative_epi_nosmem,passed,success,universal,896,14336,4096,f16:column,f16:column,f16:column,f16:column,1,0,serial,2,1,heuristic,invalid,invalid,false,false,1,tensorop,f32,128,128,64,2,1,1,0,0,0,7,4,2,1,64,128,16,90,90,150470656,105252388864,699,0.254309,551.048,413875
23,CUTLASS,gemm,cutlass3x_sm90_tensorop_s64x128x16gemm_f16_f16_f32_f16_f16_128x128x64_2x1x1_0_nnn_align8_stream_k_warpspecialized_cooperative_epi_tma,passed,success,universal,896,14336,4096,f16:column,f16:column,f16:column,f16:column,1,0,serial,2,1,heuristic,invalid,invalid,false,false,1,tensorop,f32,128,128,64,2,1,1,0,0,0,6,4,2,1,64,128,16,90,90,150470656,105252388864,699,0.253279,553.291,415560
24,CUTLASS,gemm,cutlass_tensorop_f16_s1688gemm_f16_256x128_32x2_nn_align8,passed,success,universal,1024,14336,4096,f16:column,f16:column,f16:column,f16:column,1,0,serial,2,1,heuristic,invalid,invalid,false,false,1,tensorop,f32,256,128,32,1,1,1,0,0,0,2,4,2,1,16,8,8,75,1024,155189248,120288444416,775,0.591569,244.319,203338
24,CUTLASS,gemm,cutlass_tensorop_f16_s16816gemm_f16_256x128_32x3_nn_align8,passed,success,universal,1024,14336,4096,f16:column,f16:column,f16:column,f16:column,1,0,serial,2,1,heuristic,invalid,invalid,false,false,1,tensorop,f32,256,128,32,1,1,1,0,0,0,3,4,2,1,16,8,16,80,1024,155189248,120288444416,775,0.296727,487.085,405385
24,CUTLASS,gemm,cutlass3x_sm90_tensorop_s64x128x16gemm_f16_f16_f32_f16_f16_128x128x64_1x2x1_0_nnn_align8,passed,success,universal,1024,14336,4096,f16:column,f16:column,f16:column,f16:column,1,0,serial,2,1,heuristic,invalid,invalid,false,false,1,tensorop,f32,128,128,64,1,2,1,0,0,0,7,4,2,1,64,128,16,90,90,155189248,120288444416,775,0.199202,725.553,603853
24,CUTLASS,gemm,cutlass3x_sm90_tensorop_s64x128x16gemm_f16_f16_f32_f16_f16_128x128x64_1x2x1_0_nnn_align8_warpspecialized_epi_nosmem,passed,success,universal,1024,14336,4096,f16:column,f16:column,f16:column,f16:column,1,0,serial,2,1,heuristic,invalid,invalid,false,false,1,tensorop,f32,128,128,64,1,2,1,0,0,0,7,4,1,1,64,128,16,90,90,155189248,120288444416,775,0.189722,761.807,634026
24,CUTLASS,gemm,cutlass3x_sm90_tensorop_s64x128x16gemm_f16_f16_f32_f16_f16_128x128x64_1x2x1_0_nnn_align8_warpspecialized_pingpong_epi_tma,passed,success,universal,1024,14336,4096,f16:column,f16:column,f16:column,f16:column,1,0,serial,2,1,heuristic,invalid,invalid,false,false,1,tensorop,f32,128,128,64,1,2,1,0,0,0,6,4,1,1,64,128,16,90,90,155189248,120288444416,775,0.187929,769.074,640074
24,CUTLASS,gemm,cutlass3x_sm90_tensorop_s64x128x16gemm_f16_f16_f32_f16_f16_128x128x64_1x2x1_0_nnn_align8_warpspecialized_pingpong_epi_nosmem,passed,success,universal,1024,14336,4096,f16:column,f16:column,f16:column,f16:column,1,0,serial,2,1,heuristic,invalid,invalid,false,false,1,tensorop,f32,128,128,64,1,2,1,0,0,0,7,4,1,1,64,128,16,90,90,155189248,120288444416,775,0.190525,758.594,631352
24,CUTLASS,gemm,cutlass3x_sm90_tensorop_s64x128x16gemm_f16_f16_f32_f16_f16_128x128x64_1x2x1_0_nnn_align8_warpspecialized_cooperative_epi_nosmem,passed,success,universal,1024,14336,4096,f16:column,f16:column,f16:column,f16:column,1,0,serial,2,1,heuristic,invalid,invalid,false,false,1,tensorop,f32,128,128,64,1,2,1,0,0,0,7,4,2,1,64,128,16,90,90,155189248,120288444416,775,0.199585,724.159,602693
24,CUTLASS,gemm,cutlass3x_sm90_tensorop_s64x128x16gemm_f16_f16_f32_f16_f16_128x128x64_1x2x1_0_nnn_align8_warpspecialized_cooperative_epi_tma,passed,success,universal,1024,14336,4096,f16:column,f16:column,f16:column,f16:column,1,0,serial,2,1,heuristic,invalid,invalid,false,false,1,tensorop,f32,128,128,64,1,2,1,0,0,0,6,4,2,1,64,128,16,90,90,155189248,120288444416,775,0.188989,764.76,636483
24,CUTLASS,gemm,cutlass3x_sm90_tensorop_s64x128x16gemm_f16_f16_f32_f16_f16_128x128x64_1x2x1_0_nnn_align8_stream_k_warpspecialized_cooperative_epi_nosmem,passed,success,universal,1024,14336,4096,f16:column,f16:column,f16:column,f16:column,1,0,serial,2,1,heuristic,invalid,invalid,false,false,1,tensorop,f32,128,128,64,1,2,1,0,0,0,7,4,2,1,64,128,16,90,90,155189248,120288444416,775,0.242607,595.741,495815
24,CUTLASS,gemm,cutlass3x_sm90_tensorop_s64x128x16gemm_f16_f16_f32_f16_f16_128x128x64_1x2x1_0_nnn_align8_stream_k_warpspecialized_cooperative_epi_tma,passed,success,universal,1024,14336,4096,f16:column,f16:column,f16:column,f16:column,1,0,serial,2,1,heuristic,invalid,invalid,false,false,1,tensorop,f32,128,128,64,1,2,1,0,0,0,6,4,2,1,64,128,16,90,90,155189248,120288444416,775,0.237592,608.318,506282
24,CUTLASS,gemm,cutlass3x_sm90_tensorop_s64x128x16gemm_f16_f16_f32_f16_f16_128x128x64_2x1x1_0_nnn_align8,passed,success,universal,1024,14336,4096,f16:column,f16:column,f16:column,f16:column,1,0,serial,2,1,heuristic,invalid,invalid,false,false,1,tensorop,f32,128,128,64,2,1,1,0,0,0,7,4,2,1,64,128,16,90,90,155189248,120288444416,775,0.180856,799.15,665105
24,CUTLASS,gemm,cutlass3x_sm90_tensorop_s64x128x16gemm_f16_f16_f32_f16_f16_128x128x64_2x1x1_0_nnn_align8_warpspecialized_epi_nosmem,passed,success,universal,1024,14336,4096,f16:column,f16:column,f16:column,f16:column,1,0,serial,2,1,heuristic,invalid,invalid,false,false,1,tensorop,f32,128,128,64,2,1,1,0,0,0,7,4,1,1,64,128,16,90,90,155189248,120288444416,775,0.19589,737.82,614062
24,CUTLASS,gemm,cutlass3x_sm90_tensorop_s64x128x16gemm_f16_f16_f32_f16_f16_128x128x64_2x1x1_0_nnn_align8_warpspecialized_pingpong_epi_tma,passed,success,universal,1024,14336,4096,f16:column,f16:column,f16:column,f16:column,1,0,serial,2,1,heuristic,invalid,invalid,false,false,1,tensorop,f32,128,128,64,2,1,1,0,0,0,6,4,1,1,64,128,16,90,90,155189248,120288444416,775,0.169242,853.99,710747
24,CUTLASS,gemm,cutlass3x_sm90_tensorop_s64x128x16gemm_f16_f16_f32_f16_f16_128x128x64_2x1x1_0_nnn_align8_warpspecialized_pingpong_epi_nosmem,passed,success,universal,1024,14336,4096,f16:column,f16:column,f16:column,f16:column,1,0,serial,2,1,heuristic,invalid,invalid,false,false,1,tensorop,f32,128,128,64,2,1,1,0,0,0,7,4,1,1,64,128,16,90,90,155189248,120288444416,775,0.173557,832.757,693076
24,CUTLASS,gemm,cutlass3x_sm90_tensorop_s64x128x16gemm_f16_f16_f32_f16_f16_128x128x64_2x1x1_0_nnn_align8_warpspecialized_cooperative_epi_nosmem,passed,success,universal,1024,14336,4096,f16:column,f16:column,f16:column,f16:column,1,0,serial,2,1,heuristic,invalid,invalid,false,false,1,tensorop,f32,128,128,64,2,1,1,0,0,0,7,4,2,1,64,128,16,90,90,155189248,120288444416,775,0.181267,797.34,663599
24,CUTLASS,gemm,cutlass3x_sm90_tensorop_s64x128x16gemm_f16_f16_f32_f16_f16_128x128x64_2x1x1_0_nnn_align8_warpspecialized_cooperative_epi_tma,passed,success,universal,1024,14336,4096,f16:column,f16:column,f16:column,f16:column,1,0,serial,2,1,heuristic,invalid,invalid,false,false,1,tensorop,f32,128,128,64,2,1,1,0,0,0,6,4,2,1,64,128,16,90,90,155189248,120288444416,775,0.172329,838.694,698016
24,CUTLASS,gemm,cutlass3x_sm90_tensorop_s64x128x16gemm_f16_f16_f32_f16_f16_128x128x64_2x1x1_0_nnn_align8_stream_k_warpspecialized_cooperative_epi_nosmem,passed,success,universal,1024,14336,4096,f16:column,f16:column,f16:column,f16:column,1,0,serial,2,1,heuristic,invalid,invalid,false,false,1,tensorop,f32,128,128,64,2,1,1,0,0,0,7,4,2,1,64,128,16,90,90,155189248,120288444416,775,0.223305,647.236,538673
24,CUTLASS,gemm,cutlass3x_sm90_tensorop_s64x128x16gemm_f16_f16_f32_f16_f16_128x128x64_2x1x1_0_nnn_align8_stream_k_warpspecialized_cooperative_epi_tma,passed,success,universal,1024,14336,4096,f16:column,f16:column,f16:column,f16:column,1,0,serial,2,1,heuristic,invalid,invalid,false,false,1,tensorop,f32,128,128,64,2,1,1,0,0,0,6,4,2,1,64,128,16,90,90,155189248,120288444416,775,0.222421,649.808,540813
25,CUTLASS,gemm,cutlass_tensorop_f16_s1688gemm_f16_256x128_32x2_nn_align8,passed,success,universal,1152,14336,4096,f16:column,f16:column,f16:column,f16:column,1,0,serial,2,1,heuristic,invalid,invalid,false,false,1,tensorop,f32,256,128,32,1,1,1,0,0,0,2,4,2,1,16,8,8,75,1024,159907840,135324499968,846,0.68145,218.542,198583
25,CUTLASS,gemm,cutlass_tensorop_f16_s16816gemm_f16_256x128_32x3_nn_align8,passed,success,universal,1152,14336,4096,f16:column,f16:column,f16:column,f16:column,1,0,serial,2,1,heuristic,invalid,invalid,false,false,1,tensorop,f32,256,128,32,1,1,1,0,0,0,3,4,2,1,16,8,16,80,1024,159907840,135324499968,846,0.347443,428.634,389487
25,CUTLASS,gemm,cutlass3x_sm90_tensorop_s64x128x16gemm_f16_f16_f32_f16_f16_128x128x64_1x2x1_0_nnn_align8,passed,success,universal,1152,14336,4096,f16:column,f16:column,f16:column,f16:column,1,0,serial,2,1,heuristic,invalid,invalid,false,false,1,tensorop,f32,128,128,64,1,2,1,0,0,0,7,4,2,1,64,128,16,90,90,159907840,135324499968,846,0.229749,648.21,589010
25,CUTLASS,gemm,cutlass3x_sm90_tensorop_s64x128x16gemm_f16_f16_f32_f16_f16_128x128x64_1x2x1_0_nnn_align8_warpspecialized_epi_nosmem,passed,success,universal,1152,14336,4096,f16:column,f16:column,f16:column,f16:column,1,0,serial,2,1,heuristic,invalid,invalid,false,false,1,tensorop,f32,128,128,64,1,2,1,0,0,0,7,4,1,1,64,128,16,90,90,159907840,135324499968,846,0.220249,676.17,614416
25,CUTLASS,gemm,cutlass3x_sm90_tensorop_s64x128x16gemm_f16_f16_f32_f16_f16_128x128x64_1x2x1_0_nnn_align8_warpspecialized_pingpong_epi_tma,passed,success,universal,1152,14336,4096,f16:column,f16:column,f16:column,f16:column,1,0,serial,2,1,heuristic,invalid,invalid,false,false,1,tensorop,f32,128,128,64,1,2,1,0,0,0,6,4,1,1,64,128,16,90,90,159907840,135324499968,846,0.213613,697.174,633502
25,CUTLASS,gemm,cutlass3x_sm90_tensorop_s64x128x16gemm_f16_f16_f32_f16_f16_128x128x64_1x2x1_0_nnn_align8_warpspecialized_pingpong_epi_nosmem,passed,success,universal,1152,14336,4096,f16:column,f16:column,f16:column,f16:column,1,0,serial,2,1,heuristic,invalid,invalid,false,false,1,tensorop,f32,128,128,64,1,2,1,0,0,0,7,4,1,1,64,128,16,90,90,159907840,135324499968,846,0.217107,685.955,623307
25,CUTLASS,gemm,cutlass3x_sm90_tensorop_s64x128x16gemm_f16_f16_f32_f16_f16_128x128x64_1x2x1_0_nnn_align8_warpspecialized_cooperative_epi_nosmem,passed,success,universal,1152,14336,4096,f16:column,f16:column,f16:column,f16:column,1,0,serial,2,1,heuristic,invalid,invalid,false,false,1,tensorop,f32,128,128,64,1,2,1,0,0,0,7,4,2,1,64,128,16,90,90,159907840,135324499968,846,0.229378,649.259,589962
25,CUTLASS,gemm,cutlass3x_sm90_tensorop_s64x128x16gemm_f16_f16_f32_f16_f16_128x128x64_1x2x1_0_nnn_align8_warpspecialized_cooperative_epi_tma,passed,success,universal,1152,14336,4096,f16:column,f16:column,f16:column,f16:column,1,0,serial,2,1,heuristic,invalid,invalid,false,false,1,tensorop,f32,128,128,64,1,2,1,0,0,0,6,4,2,1,64,128,16,90,90,159907840,135324499968,846,0.21626,688.641,625748
25,CUTLASS,gemm,cutlass3x_sm90_tensorop_s64x128x16gemm_f16_f16_f32_f16_f16_128x128x64_1x2x1_0_nnn_align8_stream_k_warpspecialized_cooperative_epi_nosmem,passed,success,universal,1152,14336,4096,f16:column,f16:column,f16:column,f16:column,1,0,serial,2,1,heuristic,invalid,invalid,false,false,1,tensorop,f32,128,128,64,1,2,1,0,0,0,7,4,2,1,64,128,16,90,90,159907840,135324499968,846,0.275537,540.492,491130
25,CUTLASS,gemm,cutlass3x_sm90_tensorop_s64x128x16gemm_f16_f16_f32_f16_f16_128x128x64_1x2x1_0_nnn_align8_stream_k_warpspecialized_cooperative_epi_tma,passed,success,universal,1152,14336,4096,f16:column,f16:column,f16:column,f16:column,1,0,serial,2,1,heuristic,invalid,invalid,false,false,1,tensorop,f32,128,128,64,1,2,1,0,0,0,6,4,2,1,64,128,16,90,90,159907840,135324499968,846,0.267923,555.853,505088
25,CUTLASS,gemm,cutlass3x_sm90_tensorop_s64x128x16gemm_f16_f16_f32_f16_f16_128x128x64_2x1x1_0_nnn_align8,passed,success,universal,1152,14336,4096,f16:column,f16:column,f16:column,f16:column,1,0,serial,2,1,heuristic,invalid,invalid,false,false,1,tensorop,f32,128,128,64,2,1,1,0,0,0,7,4,2,1,64,128,16,90,90,159907840,135324499968,846,0.280568,530.801,482323
25,CUTLASS,gemm,cutlass3x_sm90_tensorop_s64x128x16gemm_f16_f16_f32_f16_f16_128x128x64_2x1x1_0_nnn_align8_warpspecialized_epi_nosmem,passed,success,universal,1152,14336,4096,f16:column,f16:column,f16:column,f16:column,1,0,serial,2,1,heuristic,invalid,invalid,false,false,1,tensorop,f32,128,128,64,2,1,1,0,0,0,7,4,1,1,64,128,16,90,90,159907840,135324499968,846,0.2791,533.592,484859
25,CUTLASS,gemm,cutlass3x_sm90_tensorop_s64x128x16gemm_f16_f16_f32_f16_f16_128x128x64_2x1x1_0_nnn_align8_warpspecialized_pingpong_epi_tma,passed,success,universal,1152,14336,4096,f16:column,f16:column,f16:column,f16:column,1,0,serial,2,1,heuristic,invalid,invalid,false,false,1,tensorop,f32,128,128,64,2,1,1,0,0,0,6,4,1,1,64,128,16,90,90,159907840,135324499968,846,0.275337,540.886,491487
25,CUTLASS,gemm,cutlass3x_sm90_tensorop_s64x128x16gemm_f16_f16_f32_f16_f16_128x128x64_2x1x1_0_nnn_align8_warpspecialized_pingpong_epi_nosmem,passed,success,universal,1152,14336,4096,f16:column,f16:column,f16:column,f16:column,1,0,serial,2,1,heuristic,invalid,invalid,false,false,1,tensorop,f32,128,128,64,2,1,1,0,0,0,7,4,1,1,64,128,16,90,90,159907840,135324499968,846,0.277458,536.751,487730
25,CUTLASS,gemm,cutlass3x_sm90_tensorop_s64x128x16gemm_f16_f16_f32_f16_f16_128x128x64_2x1x1_0_nnn_align8_warpspecialized_cooperative_epi_nosmem,passed,success,universal,1152,14336,4096,f16:column,f16:column,f16:column,f16:column,1,0,serial,2,1,heuristic,invalid,invalid,false,false,1,tensorop,f32,128,128,64,2,1,1,0,0,0,7,4,2,1,64,128,16,90,90,159907840,135324499968,846,0.281366,529.295,480955
25,CUTLASS,gemm,cutlass3x_sm90_tensorop_s64x128x16gemm_f16_f16_f32_f16_f16_128x128x64_2x1x1_0_nnn_align8_warpspecialized_cooperative_epi_tma,passed,success,universal,1152,14336,4096,f16:column,f16:column,f16:column,f16:column,1,0,serial,2,1,heuristic,invalid,invalid,false,false,1,tensorop,f32,128,128,64,2,1,1,0,0,0,6,4,2,1,64,128,16,90,90,159907840,135324499968,846,0.276987,537.663,488559
25,CUTLASS,gemm,cutlass3x_sm90_tensorop_s64x128x16gemm_f16_f16_f32_f16_f16_128x128x64_2x1x1_0_nnn_align8_stream_k_warpspecialized_cooperative_epi_nosmem,passed,success,universal,1152,14336,4096,f16:column,f16:column,f16:column,f16:column,1,0,serial,2,1,heuristic,invalid,invalid,false,false,1,tensorop,f32,128,128,64,2,1,1,0,0,0,7,4,2,1,64,128,16,90,90,159907840,135324499968,846,0.302488,492.336,447371
25,CUTLASS,gemm,cutlass3x_sm90_tensorop_s64x128x16gemm_f16_f16_f32_f16_f16_128x128x64_2x1x1_0_nnn_align8_stream_k_warpspecialized_cooperative_epi_tma,passed,success,universal,1152,14336,4096,f16:column,f16:column,f16:column,f16:column,1,0,serial,2,1,heuristic,invalid,invalid,false,false,1,tensorop,f32,128,128,64,2,1,1,0,0,0,6,4,2,1,64,128,16,90,90,159907840,135324499968,846,0.30179,493.475,448406
26,CUTLASS,gemm,cutlass_tensorop_f16_s1688gemm_f16_256x128_32x2_nn_align8,passed,success,universal,1280,14336,4096,f16:column,f16:column,f16:column,f16:column,1,0,serial,2,1,heuristic,invalid,invalid,false,false,1,tensorop,f32,256,128,32,1,1,1,0,0,0,2,4,2,1,16,8,8,75,1024,164626432,150360555520,913,0.770981,198.864,195025
26,CUTLASS,gemm,cutlass_tensorop_f16_s16816gemm_f16_256x128_32x3_nn_align8,passed,success,universal,1280,14336,4096,f16:column,f16:column,f16:column,f16:column,1,0,serial,2,1,heuristic,invalid,invalid,false,false,1,tensorop,f32,256,128,32,1,1,1,0,0,0,3,4,2,1,16,8,16,80,1024,164626432,150360555520,913,0.385716,397.495,389821
26,CUTLASS,gemm,cutlass3x_sm90_tensorop_s64x128x16gemm_f16_f16_f32_f16_f16_128x128x64_1x2x1_0_nnn_align8,passed,success,universal,1280,14336,4096,f16:column,f16:column,f16:column,f16:column,1,0,serial,2,1,heuristic,invalid,invalid,false,false,1,tensorop,f32,128,128,64,1,2,1,0,0,0,7,4,2,1,64,128,16,90,90,164626432,150360555520,913,0.253533,604.734,593060
26,CUTLASS,gemm,cutlass3x_sm90_tensorop_s64x128x16gemm_f16_f16_f32_f16_f16_128x128x64_1x2x1_0_nnn_align8_warpspecialized_epi_nosmem,passed,success,universal,1280,14336,4096,f16:column,f16:column,f16:column,f16:column,1,0,serial,2,1,heuristic,invalid,invalid,false,false,1,tensorop,f32,128,128,64,1,2,1,0,0,0,7,4,1,1,64,128,16,90,90,164626432,150360555520,913,0.23908,641.293,628913
26,CUTLASS,gemm,cutlass3x_sm90_tensorop_s64x128x16gemm_f16_f16_f32_f16_f16_128x128x64_1x2x1_0_nnn_align8_warpspecialized_pingpong_epi_tma,passed,success,universal,1280,14336,4096,f16:column,f16:column,f16:column,f16:column,1,0,serial,2,1,heuristic,invalid,invalid,false,false,1,tensorop,f32,128,128,64,1,2,1,0,0,0,6,4,1,1,64,128,16,90,90,164626432,150360555520,913,0.238741,642.202,629805
26,CUTLASS,gemm,cutlass3x_sm90_tensorop_s64x128x16gemm_f16_f16_f32_f16_f16_128x128x64_1x2x1_0_nnn_align8_warpspecialized_pingpong_epi_nosmem,passed,success,universal,1280,14336,4096,f16:column,f16:column,f16:column,f16:column,1,0,serial,2,1,heuristic,invalid,invalid,false,false,1,tensorop,f32,128,128,64,1,2,1,0,0,0,7,4,1,1,64,128,16,90,90,164626432,150360555520,913,0.241663,634.439,622192
26,CUTLASS,gemm,cutlass3x_sm90_tensorop_s64x128x16gemm_f16_f16_f32_f16_f16_128x128x64_1x2x1_0_nnn_align8_warpspecialized_cooperative_epi_nosmem,passed,success,universal,1280,14336,4096,f16:column,f16:column,f16:column,f16:column,1,0,serial,2,1,heuristic,invalid,invalid,false,false,1,tensorop,f32,128,128,64,1,2,1,0,0,0,7,4,2,1,64,128,16,90,90,164626432,150360555520,913,0.253965,603.707,592053
26,CUTLASS,gemm,cutlass3x_sm90_tensorop_s64x128x16gemm_f16_f16_f32_f16_f16_128x128x64_1x2x1_0_nnn_align8_warpspecialized_cooperative_epi_tma,passed,success,universal,1280,14336,4096,f16:column,f16:column,f16:column,f16:column,1,0,serial,2,1,heuristic,invalid,invalid,false,false,1,tensorop,f32,128,128,64,1,2,1,0,0,0,6,4,2,1,64,128,16,90,90,164626432,150360555520,913,0.243215,630.391,618221
26,CUTLASS,gemm,cutlass3x_sm90_tensorop_s64x128x16gemm_f16_f16_f32_f16_f16_128x128x64_1x2x1_0_nnn_align8_stream_k_warpspecialized_cooperative_epi_nosmem,passed,success,universal,1280,14336,4096,f16:column,f16:column,f16:column,f16:column,1,0,serial,2,1,heuristic,invalid,invalid,false,false,1,tensorop,f32,128,128,64,1,2,1,0,0,0,7,4,2,1,64,128,16,90,90,164626432,150360555520,913,0.291359,526.225,516066
26,CUTLASS,gemm,cutlass3x_sm90_tensorop_s64x128x16gemm_f16_f16_f32_f16_f16_128x128x64_1x2x1_0_nnn_align8_stream_k_warpspecialized_cooperative_epi_tma,passed,success,universal,1280,14336,4096,f16:column,f16:column,f16:column,f16:column,1,0,serial,2,1,heuristic,invalid,invalid,false,false,1,tensorop,f32,128,128,64,1,2,1,0,0,0,6,4,2,1,64,128,16,90,90,164626432,150360555520,913,0.286693,534.788,524465
26,CUTLASS,gemm,cutlass3x_sm90_tensorop_s64x128x16gemm_f16_f16_f32_f16_f16_128x128x64_2x1x1_0_nnn_align8,passed,success,universal,1280,14336,4096,f16:column,f16:column,f16:column,f16:column,1,0,serial,2,1,heuristic,invalid,invalid,false,false,1,tensorop,f32,128,128,64,2,1,1,0,0,0,7,4,2,1,64,128,16,90,90,164626432,150360555520,913,0.251606,609.367,597604
26,CUTLASS,gemm,cutlass3x_sm90_tensorop_s64x128x16gemm_f16_f16_f32_f16_f16_128x128x64_2x1x1_0_nnn_align8_warpspecialized_epi_nosmem,passed,success,universal,1280,14336,4096,f16:column,f16:column,f16:column,f16:column,1,0,serial,2,1,heuristic,invalid,invalid,false,false,1,tensorop,f32,128,128,64,2,1,1,0,0,0,7,4,1,1,64,128,16,90,90,164626432,150360555520,913,0.255049,601.141,589536
26,CUTLASS,gemm,cutlass3x_sm90_tensorop_s64x128x16gemm_f16_f16_f32_f16_f16_128x128x64_2x1x1_0_nnn_align8_warpspecialized_pingpong_epi_tma,passed,success,universal,1280,14336,4096,f16:column,f16:column,f16:column,f16:column,1,0,serial,2,1,heuristic,invalid,invalid,false,false,1,tensorop,f32,128,128,64,2,1,1,0,0,0,6,4,1,1,64,128,16,90,90,164626432,150360555520,913,0.236506,648.273,635759
26,CUTLASS,gemm,cutlass3x_sm90_tensorop_s64x128x16gemm_f16_f16_f32_f16_f16_128x128x64_2x1x1_0_nnn_align8_warpspecialized_pingpong_epi_nosmem,passed,success,universal,1280,14336,4096,f16:column,f16:column,f16:column,f16:column,1,0,serial,2,1,heuristic,invalid,invalid,false,false,1,tensorop,f32,128,128,64,2,1,1,0,0,0,7,4,1,1,64,128,16,90,90,164626432,150360555520,913,0.242576,632.051,619850
26,CUTLASS,gemm,cutlass3x_sm90_tensorop_s64x128x16gemm_f16_f16_f32_f16_f16_128x128x64_2x1x1_0_nnn_align8_warpspecialized_cooperative_epi_nosmem,passed,success,universal,1280,14336,4096,f16:column,f16:column,f16:column,f16:column,1,0,serial,2,1,heuristic,invalid,invalid,false,false,1,tensorop,f32,128,128,64,2,1,1,0,0,0,7,4,2,1,64,128,16,90,90,164626432,150360555520,913,0.252101,608.171,596430
26,CUTLASS,gemm,cutlass3x_sm90_tensorop_s64x128x16gemm_f16_f16_f32_f16_f16_128x128x64_2x1x1_0_nnn_align8_warpspecialized_cooperative_epi_tma,passed,success,universal,1280,14336,4096,f16:column,f16:column,f16:column,f16:column,1,0,serial,2,1,heuristic,invalid,invalid,false,false,1,tensorop,f32,128,128,64,2,1,1,0,0,0,6,4,2,1,64,128,16,90,90,164626432,150360555520,913,0.239566,639.993,627638
26,CUTLASS,gemm,cutlass3x_sm90_tensorop_s64x128x16gemm_f16_f16_f32_f16_f16_128x128x64_2x1x1_0_nnn_align8_stream_k_warpspecialized_cooperative_epi_nosmem,passed,success,universal,1280,14336,4096,f16:column,f16:column,f16:column,f16:column,1,0,serial,2,1,heuristic,invalid,invalid,false,false,1,tensorop,f32,128,128,64,2,1,1,0,0,0,7,4,2,1,64,128,16,90,90,164626432,150360555520,913,0.285285,537.428,527054
26,CUTLASS,gemm,cutlass3x_sm90_tensorop_s64x128x16gemm_f16_f16_f32_f16_f16_128x128x64_2x1x1_0_nnn_align8_stream_k_warpspecialized_cooperative_epi_tma,passed,success,universal,1280,14336,4096,f16:column,f16:column,f16:column,f16:column,1,0,serial,2,1,heuristic,invalid,invalid,false,false,1,tensorop,f32,128,128,64,2,1,1,0,0,0,6,4,2,1,64,128,16,90,90,164626432,150360555520,913,0.282008,543.673,533178
27,CUTLASS,gemm,cutlass_tensorop_f16_s1688gemm_f16_256x128_32x2_nn_align8,passed,success,universal,1408,14336,4096,f16:column,f16:column,f16:column,f16:column,1,0,serial,2,1,heuristic,invalid,invalid,false,false,1,tensorop,f32,256,128,32,1,1,1,0,0,0,2,4,2,1,16,8,8,75,1024,169345024,165396611072,976,0.859468,183.503,192441
27,CUTLASS,gemm,cutlass_tensorop_f16_s16816gemm_f16_256x128_32x3_nn_align8,passed,success,universal,1408,14336,4096,f16:column,f16:column,f16:column,f16:column,1,0,serial,2,1,heuristic,invalid,invalid,false,false,1,tensorop,f32,256,128,32,1,1,1,0,0,0,3,4,2,1,16,8,16,80,1024,169345024,165396611072,976,0.425249,370.876,388940
27,CUTLASS,gemm,cutlass3x_sm90_tensorop_s64x128x16gemm_f16_f16_f32_f16_f16_128x128x64_1x2x1_0_nnn_align8,passed,success,universal,1408,14336,4096,f16:column,f16:column,f16:column,f16:column,1,0,serial,2,1,heuristic,invalid,invalid,false,false,1,tensorop,f32,128,128,64,1,2,1,0,0,0,7,4,2,1,64,128,16,90,90,169345024,165396611072,976,0.28154,560.186,587471
27,CUTLASS,gemm,cutlass3x_sm90_tensorop_s64x128x16gemm_f16_f16_f32_f16_f16_128x128x64_1x2x1_0_nnn_align8_warpspecialized_epi_nosmem,passed,success,universal,1408,14336,4096,f16:column,f16:column,f16:column,f16:column,1,0,serial,2,1,heuristic,invalid,invalid,false,false,1,tensorop,f32,128,128,64,1,2,1,0,0,0,7,4,1,1,64,128,16,90,90,169345024,165396611072,976,0.260835,604.653,634104
27,CUTLASS,gemm,cutlass3x_sm90_tensorop_s64x128x16gemm_f16_f16_f32_f16_f16_128x128x64_1x2x1_0_nnn_align8_warpspecialized_pingpong_epi_tma,passed,success,universal,1408,14336,4096,f16:column,f16:column,f16:column,f16:column,1,0,serial,2,1,heuristic,invalid,invalid,false,false,1,tensorop,f32,128,128,64,1,2,1,0,0,0,6,4,1,1,64,128,16,90,90,169345024,165396611072,976,0.265782,593.399,622302
27,CUTLASS,gemm,cutlass3x_sm90_tensorop_s64x128x16gemm_f16_f16_f32_f16_f16_128x128x64_1x2x1_0_nnn_align8_warpspecialized_pingpong_epi_nosmem,passed,success,universal,1408,14336,4096,f16:column,f16:column,f16:column,f16:column,1,0,serial,2,1,heuristic,invalid,invalid,false,false,1,tensorop,f32,128,128,64,1,2,1,0,0,0,7,4,1,1,64,128,16,90,90,169345024,165396611072,976,0.266943,590.819,619596
27,CUTLASS,gemm,cutlass3x_sm90_tensorop_s64x128x16gemm_f16_f16_f32_f16_f16_128x128x64_1x2x1_0_nnn_align8_warpspecialized_cooperative_epi_nosmem,passed,success,universal,1408,14336,4096,f16:column,f16:column,f16:column,f16:column,1,0,serial,2,1,heuristic,invalid,invalid,false,false,1,tensorop,f32,128,128,64,1,2,1,0,0,0,7,4,2,1,64,128,16,90,90,169345024,165396611072,976,0.282674,557.939,585115
27,CUTLASS,gemm,cutlass3x_sm90_tensorop_s64x128x16gemm_f16_f16_f32_f16_f16_128x128x64_1x2x1_0_nnn_align8_warpspecialized_cooperative_epi_tma,passed,success,universal,1408,14336,4096,f16:column,f16:column,f16:column,f16:column,1,0,serial,2,1,heuristic,invalid,invalid,false,false,1,tensorop,f32,128,128,64,1,2,1,0,0,0,6,4,2,1,64,128,16,90,90,169345024,165396611072,976,0.26724,590.163,618907
27,CUTLASS,gemm,cutlass3x_sm90_tensorop_s64x128x16gemm_f16_f16_f32_f16_f16_128x128x64_1x2x1_0_nnn_align8_stream_k_warpspecialized_cooperative_epi_nosmem,passed,success,universal,1408,14336,4096,f16:column,f16:column,f16:column,f16:column,1,0,serial,2,1,heuristic,invalid,invalid,false,false,1,tensorop,f32,128,128,64,1,2,1,0,0,0,7,4,2,1,64,128,16,90,90,169345024,165396611072,976,0.32221,489.478,513319
27,CUTLASS,gemm,cutlass3x_sm90_tensorop_s64x128x16gemm_f16_f16_f32_f16_f16_128x128x64_1x2x1_0_nnn_align8_stream_k_warpspecialized_cooperative_epi_tma,passed,success,universal,1408,14336,4096,f16:column,f16:column,f16:column,f16:column,1,0,serial,2,1,heuristic,invalid,invalid,false,false,1,tensorop,f32,128,128,64,1,2,1,0,0,0,6,4,2,1,64,128,16,90,90,169345024,165396611072,976,0.315505,499.881,524229
27,CUTLASS,gemm,cutlass3x_sm90_tensorop_s64x128x16gemm_f16_f16_f32_f16_f16_128x128x64_2x1x1_0_nnn_align8,passed,success,universal,1408,14336,4096,f16:column,f16:column,f16:column,f16:column,1,0,serial,2,1,heuristic,invalid,invalid,false,false,1,tensorop,f32,128,128,64,2,1,1,0,0,0,7,4,2,1,64,128,16,90,90,169345024,165396611072,976,0.365291,431.751,452781
27,CUTLASS,gemm,cutlass3x_sm90_tensorop_s64x128x16gemm_f16_f16_f32_f16_f16_128x128x64_2x1x1_0_nnn_align8_warpspecialized_epi_nosmem,passed,success,universal,1408,14336,4096,f16:column,f16:column,f16:column,f16:column,1,0,serial,2,1,heuristic,invalid,invalid,false,false,1,tensorop,f32,128,128,64,2,1,1,0,0,0,7,4,1,1,64,128,16,90,90,169345024,165396611072,976,0.326705,482.744,506257
27,CUTLASS,gemm,cutlass3x_sm90_tensorop_s64x128x16gemm_f16_f16_f32_f16_f16_128x128x64_2x1x1_0_nnn_align8_warpspecialized_pingpong_epi_tma,passed,success,universal,1408,14336,4096,f16:column,f16:column,f16:column,f16:column,1,0,serial,2,1,heuristic,invalid,invalid,false,false,1,tensorop,f32,128,128,64,2,1,1,0,0,0,6,4,1,1,64,128,16,90,90,169345024,165396611072,976,0.35963,438.547,459907
27,CUTLASS,gemm,cutlass3x_sm90_tensorop_s64x128x16gemm_f16_f16_f32_f16_f16_128x128x64_2x1x1_0_nnn_align8_warpspecialized_pingpong_epi_nosmem,passed,success,universal,1408,14336,4096,f16:column,f16:column,f16:column,f16:column,1,0,serial,2,1,heuristic,invalid,invalid,false,false,1,tensorop,f32,128,128,64,2,1,1,0,0,0,7,4,1,1,64,128,16,90,90,169345024,165396611072,976,0.3617,436.038,457276
27,CUTLASS,gemm,cutlass3x_sm90_tensorop_s64x128x16gemm_f16_f16_f32_f16_f16_128x128x64_2x1x1_0_nnn_align8_warpspecialized_cooperative_epi_nosmem,passed,success,universal,1408,14336,4096,f16:column,f16:column,f16:column,f16:column,1,0,serial,2,1,heuristic,invalid,invalid,false,false,1,tensorop,f32,128,128,64,2,1,1,0,0,0,7,4,2,1,64,128,16,90,90,169345024,165396611072,976,0.363474,433.91,455044
27,CUTLASS,gemm,cutlass3x_sm90_tensorop_s64x128x16gemm_f16_f16_f32_f16_f16_128x128x64_2x1x1_0_nnn_align8_warpspecialized_cooperative_epi_tma,passed,success,universal,1408,14336,4096,f16:column,f16:column,f16:column,f16:column,1,0,serial,2,1,heuristic,invalid,invalid,false,false,1,tensorop,f32,128,128,64,2,1,1,0,0,0,6,4,2,1,64,128,16,90,90,169345024,165396611072,976,0.367296,429.394,450308
27,CUTLASS,gemm,cutlass3x_sm90_tensorop_s64x128x16gemm_f16_f16_f32_f16_f16_128x128x64_2x1x1_0_nnn_align8_stream_k_warpspecialized_cooperative_epi_nosmem,passed,success,universal,1408,14336,4096,f16:column,f16:column,f16:column,f16:column,1,0,serial,2,1,heuristic,invalid,invalid,false,false,1,tensorop,f32,128,128,64,2,1,1,0,0,0,7,4,2,1,64,128,16,90,90,169345024,165396611072,976,0.391772,402.567,422175
27,CUTLASS,gemm,cutlass3x_sm90_tensorop_s64x128x16gemm_f16_f16_f32_f16_f16_128x128x64_2x1x1_0_nnn_align8_stream_k_warpspecialized_cooperative_epi_tma,passed,success,universal,1408,14336,4096,f16:column,f16:column,f16:column,f16:column,1,0,serial,2,1,heuristic,invalid,invalid,false,false,1,tensorop,f32,128,128,64,2,1,1,0,0,0,6,4,2,1,64,128,16,90,90,169345024,165396611072,976,0.383787,410.944,430960
28,CUTLASS,gemm,cutlass_tensorop_f16_s1688gemm_f16_256x128_32x2_nn_align8,passed,success,universal,1536,14336,4096,f16:column,f16:column,f16:column,f16:column,1,0,serial,2,1,heuristic,invalid,invalid,false,false,1,tensorop,f32,256,128,32,1,1,1,0,0,0,2,4,2,1,16,8,8,75,1024,174063616,180432666624,1036,0.94011,172.437,191927
28,CUTLASS,gemm,cutlass_tensorop_f16_s16816gemm_f16_256x128_32x3_nn_align8,passed,success,universal,1536,14336,4096,f16:column,f16:column,f16:column,f16:column,1,0,serial,2,1,heuristic,invalid,invalid,false,false,1,tensorop,f32,256,128,32,1,1,1,0,0,0,3,4,2,1,16,8,16,80,1024,174063616,180432666624,1036,0.464487,349.008,388456
28,CUTLASS,gemm,cutlass3x_sm90_tensorop_s64x128x16gemm_f16_f16_f32_f16_f16_128x128x64_1x2x1_0_nnn_align8,passed,success,universal,1536,14336,4096,f16:column,f16:column,f16:column,f16:column,1,0,serial,2,1,heuristic,invalid,invalid,false,false,1,tensorop,f32,128,128,64,1,2,1,0,0,0,7,4,2,1,64,128,16,90,90,174063616,180432666624,1036,0.307318,527.498,587121
28,CUTLASS,gemm,cutlass3x_sm90_tensorop_s64x128x16gemm_f16_f16_f32_f16_f16_128x128x64_1x2x1_0_nnn_align8_warpspecialized_epi_nosmem,passed,success,universal,1536,14336,4096,f16:column,f16:column,f16:column,f16:column,1,0,serial,2,1,heuristic,invalid,invalid,false,false,1,tensorop,f32,128,128,64,1,2,1,0,0,0,7,4,1,1,64,128,16,90,90,174063616,180432666624,1036,0.281178,576.537,641703
28,CUTLASS,gemm,cutlass3x_sm90_tensorop_s64x128x16gemm_f16_f16_f32_f16_f16_128x128x64_1x2x1_0_nnn_align8_warpspecialized_pingpong_epi_tma,passed,success,universal,1536,14336,4096,f16:column,f16:column,f16:column,f16:column,1,0,serial,2,1,heuristic,invalid,invalid,false,false,1,tensorop,f32,128,128,64,1,2,1,0,0,0,6,4,1,1,64,128,16,90,90,174063616,180432666624,1036,0.290476,558.083,621163
28,CUTLASS,gemm,cutlass3x_sm90_tensorop_s64x128x16gemm_f16_f16_f32_f16_f16_128x128x64_1x2x1_0_nnn_align8_warpspecialized_pingpong_epi_nosmem,passed,success,universal,1536,14336,4096,f16:column,f16:column,f16:column,f16:column,1,0,serial,2,1,heuristic,invalid,invalid,false,false,1,tensorop,f32,128,128,64,1,2,1,0,0,0,7,4,1,1,64,128,16,90,90,174063616,180432666624,1036,0.291276,556.549,619456
28,CUTLASS,gemm,cutlass3x_sm90_tensorop_s64x128x16gemm_f16_f16_f32_f16_f16_128x128x64_1x2x1_0_nnn_align8_warpspecialized_cooperative_epi_nosmem,passed,success,universal,1536,14336,4096,f16:column,f16:column,f16:column,f16:column,1,0,serial,2,1,heuristic,invalid,invalid,false,false,1,tensorop,f32,128,128,64,1,2,1,0,0,0,7,4,2,1,64,128,16,90,90,174063616,180432666624,1036,0.307945,526.423,585924
28,CUTLASS,gemm,cutlass3x_sm90_tensorop_s64x128x16gemm_f16_f16_f32_f16_f16_128x128x64_1x2x1_0_nnn_align8_warpspecialized_cooperative_epi_tma,passed,success,universal,1536,14336,4096,f16:column,f16:column,f16:column,f16:column,1,0,serial,2,1,heuristic,invalid,invalid,false,false,1,tensorop,f32,128,128,64,1,2,1,0,0,0,6,4,2,1,64,128,16,90,90,174063616,180432666624,1036,0.292281,554.636,617327
28,CUTLASS,gemm,cutlass3x_sm90_tensorop_s64x128x16gemm_f16_f16_f32_f16_f16_128x128x64_1x2x1_0_nnn_align8_stream_k_warpspecialized_cooperative_epi_nosmem,passed,success,universal,1536,14336,4096,f16:column,f16:column,f16:column,f16:column,1,0,serial,2,1,heuristic,invalid,invalid,false,false,1,tensorop,f32,128,128,64,1,2,1,0,0,0,7,4,2,1,64,128,16,90,90,174063616,180432666624,1036,0.354244,457.621,509346
28,CUTLASS,gemm,cutlass3x_sm90_tensorop_s64x128x16gemm_f16_f16_f32_f16_f16_128x128x64_1x2x1_0_nnn_align8_stream_k_warpspecialized_cooperative_epi_tma,passed,success,universal,1536,14336,4096,f16:column,f16:column,f16:column,f16:column,1,0,serial,2,1,heuristic,invalid,invalid,false,false,1,tensorop,f32,128,128,64,1,2,1,0,0,0,6,4,2,1,64,128,16,90,90,174063616,180432666624,1036,0.346875,467.342,520166
28,CUTLASS,gemm,cutlass3x_sm90_tensorop_s64x128x16gemm_f16_f16_f32_f16_f16_128x128x64_2x1x1_0_nnn_align8,passed,success,universal,1536,14336,4096,f16:column,f16:column,f16:column,f16:column,1,0,serial,2,1,heuristic,invalid,invalid,false,false,1,tensorop,f32,128,128,64,2,1,1,0,0,0,7,4,2,1,64,128,16,90,90,174063616,180432666624,1036,0.303356,534.386,594788
28,CUTLASS,gemm,cutlass3x_sm90_tensorop_s64x128x16gemm_f16_f16_f32_f16_f16_128x128x64_2x1x1_0_nnn_align8_warpspecialized_epi_nosmem,passed,success,universal,1536,14336,4096,f16:column,f16:column,f16:column,f16:column,1,0,serial,2,1,heuristic,invalid,invalid,false,false,1,tensorop,f32,128,128,64,2,1,1,0,0,0,7,4,1,1,64,128,16,90,90,174063616,180432666624,1036,0.296034,547.605,609501
28,CUTLASS,gemm,cutlass3x_sm90_tensorop_s64x128x16gemm_f16_f16_f32_f16_f16_128x128x64_2x1x1_0_nnn_align8_warpspecialized_pingpong_epi_tma,passed,success,universal,1536,14336,4096,f16:column,f16:column,f16:column,f16:column,1,0,serial,2,1,heuristic,invalid,invalid,false,false,1,tensorop,f32,128,128,64,2,1,1,0,0,0,6,4,1,1,64,128,16,90,90,174063616,180432666624,1036,0.283981,570.846,635369
28,CUTLASS,gemm,cutlass3x_sm90_tensorop_s64x128x16gemm_f16_f16_f32_f16_f16_128x128x64_2x1x1_0_nnn_align8_warpspecialized_pingpong_epi_nosmem,passed,success,universal,1536,14336,4096,f16:column,f16:column,f16:column,f16:column,1,0,serial,2,1,heuristic,invalid,invalid,false,false,1,tensorop,f32,128,128,64,2,1,1,0,0,0,7,4,1,1,64,128,16,90,90,174063616,180432666624,1036,0.287313,564.226,628000
28,CUTLASS,gemm,cutlass3x_sm90_tensorop_s64x128x16gemm_f16_f16_f32_f16_f16_128x128x64_2x1x1_0_nnn_align8_warpspecialized_cooperative_epi_nosmem,passed,success,universal,1536,14336,4096,f16:column,f16:column,f16:column,f16:column,1,0,serial,2,1,heuristic,invalid,invalid,false,false,1,tensorop,f32,128,128,64,2,1,1,0,0,0,7,4,2,1,64,128,16,90,90,174063616,180432666624,1036,0.302558,535.796,596357
28,CUTLASS,gemm,cutlass3x_sm90_tensorop_s64x128x16gemm_f16_f16_f32_f16_f16_128x128x64_2x1x1_0_nnn_align8_warpspecialized_cooperative_epi_tma,passed,success,universal,1536,14336,4096,f16:column,f16:column,f16:column,f16:column,1,0,serial,2,1,heuristic,invalid,invalid,false,false,1,tensorop,f32,128,128,64,2,1,1,0,0,0,6,4,2,1,64,128,16,90,90,174063616,180432666624,1036,0.288,562.88,626502
28,CUTLASS,gemm,cutlass3x_sm90_tensorop_s64x128x16gemm_f16_f16_f32_f16_f16_128x128x64_2x1x1_0_nnn_align8_stream_k_warpspecialized_cooperative_epi_nosmem,passed,success,universal,1536,14336,4096,f16:column,f16:column,f16:column,f16:column,1,0,serial,2,1,heuristic,invalid,invalid,false,false,1,tensorop,f32,128,128,64,2,1,1,0,0,0,7,4,2,1,64,128,16,90,90,174063616,180432666624,1036,0.348899,464.632,517149
28,CUTLASS,gemm,cutlass3x_sm90_tensorop_s64x128x16gemm_f16_f16_f32_f16_f16_128x128x64_2x1x1_0_nnn_align8_stream_k_warpspecialized_cooperative_epi_tma,passed,success,universal,1536,14336,4096,f16:column,f16:column,f16:column,f16:column,1,0,serial,2,1,heuristic,invalid,invalid,false,false,1,tensorop,f32,128,128,64,2,1,1,0,0,0,6,4,2,1,64,128,16,90,90,174063616,180432666624,1036,0.339794,477.082,531007
29,CUTLASS,gemm,cutlass_tensorop_f16_s1688gemm_f16_256x128_32x2_nn_align8,passed,success,universal,1664,14336,4096,f16:column,f16:column,f16:column,f16:column,1,0,serial,2,1,heuristic,invalid,invalid,false,false,1,tensorop,f32,256,128,32,1,1,1,0,0,0,2,4,2,1,16,8,8,75,1024,178782208,195468722176,1093,1.02774,162.01,190193
29,CUTLASS,gemm,cutlass_tensorop_f16_s16816gemm_f16_256x128_32x3_nn_align8,passed,success,universal,1664,14336,4096,f16:column,f16:column,f16:column,f16:column,1,0,serial,2,1,heuristic,invalid,invalid,false,false,1,tensorop,f32,256,128,32,1,1,1,0,0,0,3,4,2,1,16,8,16,80,1024,178782208,195468722176,1093,0.502677,331.235,388856
29,CUTLASS,gemm,cutlass3x_sm90_tensorop_s64x128x16gemm_f16_f16_f32_f16_f16_128x128x64_1x2x1_0_nnn_align8,passed,success,universal,1664,14336,4096,f16:column,f16:column,f16:column,f16:column,1,0,serial,2,1,heuristic,invalid,invalid,false,false,1,tensorop,f32,128,128,64,1,2,1,0,0,0,7,4,2,1,64,128,16,90,90,178782208,195468722176,1093,0.331375,502.464,589872
29,CUTLASS,gemm,cutlass3x_sm90_tensorop_s64x128x16gemm_f16_f16_f32_f16_f16_128x128x64_1x2x1_0_nnn_align8_warpspecialized_epi_nosmem,passed,success,universal,1664,14336,4096,f16:column,f16:column,f16:column,f16:column,1,0,serial,2,1,heuristic,invalid,invalid,false,false,1,tensorop,f32,128,128,64,1,2,1,0,0,0,7,4,1,1,64,128,16,90,90,178782208,195468722176,1093,0.304345,547.09,642261
29,CUTLASS,gemm,cutlass3x_sm90_tensorop_s64x128x16gemm_f16_f16_f32_f16_f16_128x128x64_1x2x1_0_nnn_align8_warpspecialized_pingpong_epi_tma,passed,success,universal,1664,14336,4096,f16:column,f16:column,f16:column,f16:column,1,0,serial,2,1,heuristic,invalid,invalid,false,false,1,tensorop,f32,128,128,64,1,2,1,0,0,0,6,4,1,1,64,128,16,90,90,178782208,195468722176,1093,0.307563,541.365,635541
29,CUTLASS,gemm,cutlass3x_sm90_tensorop_s64x128x16gemm_f16_f16_f32_f16_f16_128x128x64_1x2x1_0_nnn_align8_warpspecialized_pingpong_epi_nosmem,passed,success,universal,1664,14336,4096,f16:column,f16:column,f16:column,f16:column,1,0,serial,2,1,heuristic,invalid,invalid,false,false,1,tensorop,f32,128,128,64,1,2,1,0,0,0,7,4,1,1,64,128,16,90,90,178782208,195468722176,1093,0.313069,531.843,624362
29,CUTLASS,gemm,cutlass3x_sm90_tensorop_s64x128x16gemm_f16_f16_f32_f16_f16_128x128x64_1x2x1_0_nnn_align8_warpspecialized_cooperative_epi_nosmem,passed,success,universal,1664,14336,4096,f16:column,f16:column,f16:column,f16:column,1,0,serial,2,1,heuristic,invalid,invalid,false,false,1,tensorop,f32,128,128,64,1,2,1,0,0,0,7,4,2,1,64,128,16,90,90,178782208,195468722176,1093,0.329645,505.101,592968
29,CUTLASS,gemm,cutlass3x_sm90_tensorop_s64x128x16gemm_f16_f16_f32_f16_f16_128x128x64_1x2x1_0_nnn_align8_warpspecialized_cooperative_epi_tma,passed,success,universal,1664,14336,4096,f16:column,f16:column,f16:column,f16:column,1,0,serial,2,1,heuristic,invalid,invalid,false,false,1,tensorop,f32,128,128,64,1,2,1,0,0,0,6,4,2,1,64,128,16,90,90,178782208,195468722176,1093,0.309404,538.143,631758
29,CUTLASS,gemm,cutlass3x_sm90_tensorop_s64x128x16gemm_f16_f16_f32_f16_f16_128x128x64_1x2x1_0_nnn_align8_stream_k_warpspecialized_cooperative_epi_nosmem,passed,success,universal,1664,14336,4096,f16:column,f16:column,f16:column,f16:column,1,0,serial,2,1,heuristic,invalid,invalid,false,false,1,tensorop,f32,128,128,64,1,2,1,0,0,0,7,4,2,1,64,128,16,90,90,178782208,195468722176,1093,0.383222,434.484,510066
29,CUTLASS,gemm,cutlass3x_sm90_tensorop_s64x128x16gemm_f16_f16_f32_f16_f16_128x128x64_1x2x1_0_nnn_align8_stream_k_warpspecialized_cooperative_epi_tma,passed,success,universal,1664,14336,4096,f16:column,f16:column,f16:column,f16:column,1,0,serial,2,1,heuristic,invalid,invalid,false,false,1,tensorop,f32,128,128,64,1,2,1,0,0,0,6,4,2,1,64,128,16,90,90,178782208,195468722176,1093,0.367586,452.966,531764
29,CUTLASS,gemm,cutlass3x_sm90_tensorop_s64x128x16gemm_f16_f16_f32_f16_f16_128x128x64_2x1x1_0_nnn_align8,passed,success,universal,1664,14336,4096,f16:column,f16:column,f16:column,f16:column,1,0,serial,2,1,heuristic,invalid,invalid,false,false,1,tensorop,f32,128,128,64,2,1,1,0,0,0,7,4,2,1,64,128,16,90,90,178782208,195468722176,1093,0.365149,455.988,535312
29,CUTLASS,gemm,cutlass3x_sm90_tensorop_s64x128x16gemm_f16_f16_f32_f16_f16_128x128x64_2x1x1_0_nnn_align8_warpspecialized_epi_nosmem,passed,success,universal,1664,14336,4096,f16:column,f16:column,f16:column,f16:column,1,0,serial,2,1,heuristic,invalid,invalid,false,false,1,tensorop,f32,128,128,64,2,1,1,0,0,0,7,4,1,1,64,128,16,90,90,178782208,195468722176,1093,0.375521,443.394,520526
29,CUTLASS,gemm,cutlass3x_sm90_tensorop_s64x128x16gemm_f16_f16_f32_f16_f16_128x128x64_2x1x1_0_nnn_align8_warpspecialized_pingpong_epi_tma,passed,success,universal,1664,14336,4096,f16:column,f16:column,f16:column,f16:column,1,0,serial,2,1,heuristic,invalid,invalid,false,false,1,tensorop,f32,128,128,64,2,1,1,0,0,0,6,4,1,1,64,128,16,90,90,178782208,195468722176,1093,0.354547,469.625,551320
29,CUTLASS,gemm,cutlass3x_sm90_tensorop_s64x128x16gemm_f16_f16_f32_f16_f16_128x128x64_2x1x1_0_nnn_align8_warpspecialized_pingpong_epi_nosmem,passed,success,universal,1664,14336,4096,f16:column,f16:column,f16:column,f16:column,1,0,serial,2,1,heuristic,invalid,invalid,false,false,1,tensorop,f32,128,128,64,2,1,1,0,0,0,7,4,1,1,64,128,16,90,90,178782208,195468722176,1093,0.361359,460.772,540927
29,CUTLASS,gemm,cutlass3x_sm90_tensorop_s64x128x16gemm_f16_f16_f32_f16_f16_128x128x64_2x1x1_0_nnn_align8_warpspecialized_cooperative_epi_nosmem,passed,success,universal,1664,14336,4096,f16:column,f16:column,f16:column,f16:column,1,0,serial,2,1,heuristic,invalid,invalid,false,false,1,tensorop,f32,128,128,64,2,1,1,0,0,0,7,4,2,1,64,128,16,90,90,178782208,195468722176,1093,0.365215,455.906,535215
29,CUTLASS,gemm,cutlass3x_sm90_tensorop_s64x128x16gemm_f16_f16_f32_f16_f16_128x128x64_2x1x1_0_nnn_align8_warpspecialized_cooperative_epi_tma,passed,success,universal,1664,14336,4096,f16:column,f16:column,f16:column,f16:column,1,0,serial,2,1,heuristic,invalid,invalid,false,false,1,tensorop,f32,128,128,64,2,1,1,0,0,0,6,4,2,1,64,128,16,90,90,178782208,195468722176,1093,0.35414,470.165,551954
29,CUTLASS,gemm,cutlass3x_sm90_tensorop_s64x128x16gemm_f16_f16_f32_f16_f16_128x128x64_2x1x1_0_nnn_align8_stream_k_warpspecialized_cooperative_epi_nosmem,passed,success,universal,1664,14336,4096,f16:column,f16:column,f16:column,f16:column,1,0,serial,2,1,heuristic,invalid,invalid,false,false,1,tensorop,f32,128,128,64,2,1,1,0,0,0,7,4,2,1,64,128,16,90,90,178782208,195468722176,1093,0.409479,406.623,477359
29,CUTLASS,gemm,cutlass3x_sm90_tensorop_s64x128x16gemm_f16_f16_f32_f16_f16_128x128x64_2x1x1_0_nnn_align8_stream_k_warpspecialized_cooperative_epi_tma,passed,success,universal,1664,14336,4096,f16:column,f16:column,f16:column,f16:column,1,0,serial,2,1,heuristic,invalid,invalid,false,false,1,tensorop,f32,128,128,64,2,1,1,0,0,0,6,4,2,1,64,128,16,90,90,178782208,195468722176,1093,0.408161,407.937,478901
30,CUTLASS,gemm,cutlass_tensorop_f16_s1688gemm_f16_256x128_32x2_nn_align8,passed,success,universal,1792,14336,4096,f16:column,f16:column,f16:column,f16:column,1,0,serial,2,1,heuristic,invalid,invalid,false,false,1,tensorop,f32,256,128,32,1,1,1,0,0,0,2,4,2,1,16,8,8,75,1024,183500800,210504777728,1147,1.03777,164.679,202844
30,CUTLASS,gemm,cutlass_tensorop_f16_s16816gemm_f16_256x128_32x3_nn_align8,passed,success,universal,1792,14336,4096,f16:column,f16:column,f16:column,f16:column,1,0,serial,2,1,heuristic,invalid,invalid,false,false,1,tensorop,f32,256,128,32,1,1,1,0,0,0,3,4,2,1,16,8,16,80,1024,183500800,210504777728,1147,0.510296,334.901,412515
30,CUTLASS,gemm,cutlass3x_sm90_tensorop_s64x128x16gemm_f16_f16_f32_f16_f16_128x128x64_1x2x1_0_nnn_align8,passed,success,universal,1792,14336,4096,f16:column,f16:column,f16:column,f16:column,1,0,serial,2,1,heuristic,invalid,invalid,false,false,1,tensorop,f32,128,128,64,1,2,1,0,0,0,7,4,2,1,64,128,16,90,90,183500800,210504777728,1147,0.341545,500.368,616330
30,CUTLASS,gemm,cutlass3x_sm90_tensorop_s64x128x16gemm_f16_f16_f32_f16_f16_128x128x64_1x2x1_0_nnn_align8_warpspecialized_epi_nosmem,passed,success,universal,1792,14336,4096,f16:column,f16:column,f16:column,f16:column,1,0,serial,2,1,heuristic,invalid,invalid,false,false,1,tensorop,f32,128,128,64,1,2,1,0,0,0,7,4,1,1,64,128,16,90,90,183500800,210504777728,1147,0.331624,515.338,634769
30,CUTLASS,gemm,cutlass3x_sm90_tensorop_s64x128x16gemm_f16_f16_f32_f16_f16_128x128x64_1x2x1_0_nnn_align8_warpspecialized_pingpong_epi_tma,passed,success,universal,1792,14336,4096,f16:column,f16:column,f16:column,f16:column,1,0,serial,2,1,heuristic,invalid,invalid,false,false,1,tensorop,f32,128,128,64,1,2,1,0,0,0,6,4,1,1,64,128,16,90,90,183500800,210504777728,1147,0.317698,537.927,662593
30,CUTLASS,gemm,cutlass3x_sm90_tensorop_s64x128x16gemm_f16_f16_f32_f16_f16_128x128x64_1x2x1_0_nnn_align8_warpspecialized_pingpong_epi_nosmem,passed,success,universal,1792,14336,4096,f16:column,f16:column,f16:column,f16:column,1,0,serial,2,1,heuristic,invalid,invalid,false,false,1,tensorop,f32,128,128,64,1,2,1,0,0,0,7,4,1,1,64,128,16,90,90,183500800,210504777728,1147,0.322356,530.154,653019
30,CUTLASS,gemm,cutlass3x_sm90_tensorop_s64x128x16gemm_f16_f16_f32_f16_f16_128x128x64_1x2x1_0_nnn_align8_warpspecialized_cooperative_epi_nosmem,passed,success,universal,1792,14336,4096,f16:column,f16:column,f16:column,f16:column,1,0,serial,2,1,heuristic,invalid,invalid,false,false,1,tensorop,f32,128,128,64,1,2,1,0,0,0,7,4,2,1,64,128,16,90,90,183500800,210504777728,1147,0.341361,500.638,616663
30,CUTLASS,gemm,cutlass3x_sm90_tensorop_s64x128x16gemm_f16_f16_f32_f16_f16_128x128x64_1x2x1_0_nnn_align8_warpspecialized_cooperative_epi_tma,passed,success,universal,1792,14336,4096,f16:column,f16:column,f16:column,f16:column,1,0,serial,2,1,heuristic,invalid,invalid,false,false,1,tensorop,f32,128,128,64,1,2,1,0,0,0,6,4,2,1,64,128,16,90,90,183500800,210504777728,1147,0.320434,533.335,656937
30,CUTLASS,gemm,cutlass3x_sm90_tensorop_s64x128x16gemm_f16_f16_f32_f16_f16_128x128x64_1x2x1_0_nnn_align8_stream_k_warpspecialized_cooperative_epi_nosmem,passed,success,universal,1792,14336,4096,f16:column,f16:column,f16:column,f16:column,1,0,serial,2,1,heuristic,invalid,invalid,false,false,1,tensorop,f32,128,128,64,1,2,1,0,0,0,7,4,2,1,64,128,16,90,90,183500800,210504777728,1147,0.406873,420.029,517372
30,CUTLASS,gemm,cutlass3x_sm90_tensorop_s64x128x16gemm_f16_f16_f32_f16_f16_128x128x64_1x2x1_0_nnn_align8_stream_k_warpspecialized_cooperative_epi_tma,passed,success,universal,1792,14336,4096,f16:column,f16:column,f16:column,f16:column,1,0,serial,2,1,heuristic,invalid,invalid,false,false,1,tensorop,f32,128,128,64,1,2,1,0,0,0,6,4,2,1,64,128,16,90,90,183500800,210504777728,1147,0.393666,434.12,534729
30,CUTLASS,gemm,cutlass3x_sm90_tensorop_s64x128x16gemm_f16_f16_f32_f16_f16_128x128x64_2x1x1_0_nnn_align8,passed,success,universal,1792,14336,4096,f16:column,f16:column,f16:column,f16:column,1,0,serial,2,1,heuristic,invalid,invalid,false,false,1,tensorop,f32,128,128,64,2,1,1,0,0,0,7,4,2,1,64,128,16,90,90,183500800,210504777728,1147,0.333015,513.185,632117
30,CUTLASS,gemm,cutlass3x_sm90_tensorop_s64x128x16gemm_f16_f16_f32_f16_f16_128x128x64_2x1x1_0_nnn_align8_warpspecialized_epi_nosmem,passed,success,universal,1792,14336,4096,f16:column,f16:column,f16:column,f16:column,1,0,serial,2,1,heuristic,invalid,invalid,false,false,1,tensorop,f32,128,128,64,2,1,1,0,0,0,7,4,1,1,64,128,16,90,90,183500800,210504777728,1147,0.352392,484.967,597360
30,CUTLASS,gemm,cutlass3x_sm90_tensorop_s64x128x16gemm_f16_f16_f32_f16_f16_128x128x64_2x1x1_0_nnn_align8_warpspecialized_pingpong_epi_tma,passed,success,universal,1792,14336,4096,f16:column,f16:column,f16:column,f16:column,1,0,serial,2,1,heuristic,invalid,invalid,false,false,1,tensorop,f32,128,128,64,2,1,1,0,0,0,6,4,1,1,64,128,16,90,90,183500800,210504777728,1147,0.314316,543.716,669724
30,CUTLASS,gemm,cutlass3x_sm90_tensorop_s64x128x16gemm_f16_f16_f32_f16_f16_128x128x64_2x1x1_0_nnn_align8_warpspecialized_pingpong_epi_nosmem,passed,success,universal,1792,14336,4096,f16:column,f16:column,f16:column,f16:column,1,0,serial,2,1,heuristic,invalid,invalid,false,false,1,tensorop,f32,128,128,64,2,1,1,0,0,0,7,4,1,1,64,128,16,90,90,183500800,210504777728,1147,0.318421,536.706,661089
30,CUTLASS,gemm,cutlass3x_sm90_tensorop_s64x128x16gemm_f16_f16_f32_f16_f16_128x128x64_2x1x1_0_nnn_align8_warpspecialized_cooperative_epi_nosmem,passed,success,universal,1792,14336,4096,f16:column,f16:column,f16:column,f16:column,1,0,serial,2,1,heuristic,invalid,invalid,false,false,1,tensorop,f32,128,128,64,2,1,1,0,0,0,7,4,2,1,64,128,16,90,90,183500800,210504777728,1147,0.333036,513.152,632077
30,CUTLASS,gemm,cutlass3x_sm90_tensorop_s64x128x16gemm_f16_f16_f32_f16_f16_128x128x64_2x1x1_0_nnn_align8_warpspecialized_cooperative_epi_tma,passed,success,universal,1792,14336,4096,f16:column,f16:column,f16:column,f16:column,1,0,serial,2,1,heuristic,invalid,invalid,false,false,1,tensorop,f32,128,128,64,2,1,1,0,0,0,6,4,2,1,64,128,16,90,90,183500800,210504777728,1147,0.313699,544.785,671041
30,CUTLASS,gemm,cutlass3x_sm90_tensorop_s64x128x16gemm_f16_f16_f32_f16_f16_128x128x64_2x1x1_0_nnn_align8_stream_k_warpspecialized_cooperative_epi_nosmem,passed,success,universal,1792,14336,4096,f16:column,f16:column,f16:column,f16:column,1,0,serial,2,1,heuristic,invalid,invalid,false,false,1,tensorop,f32,128,128,64,2,1,1,0,0,0,7,4,2,1,64,128,16,90,90,183500800,210504777728,1147,0.389478,438.788,540479
30,CUTLASS,gemm,cutlass3x_sm90_tensorop_s64x128x16gemm_f16_f16_f32_f16_f16_128x128x64_2x1x1_0_nnn_align8_stream_k_warpspecialized_cooperative_epi_tma,passed,success,universal,1792,14336,4096,f16:column,f16:column,f16:column,f16:column,1,0,serial,2,1,heuristic,invalid,invalid,false,false,1,tensorop,f32,128,128,64,2,1,1,0,0,0,6,4,2,1,64,128,16,90,90,183500800,210504777728,1147,0.38523,443.627,546439
31,CUTLASS,gemm,cutlass_tensorop_f16_s1688gemm_f16_256x128_32x2_nn_align8,passed,success,universal,1920,14336,4096,f16:column,f16:column,f16:column,f16:column,1,0,serial,2,1,heuristic,invalid,invalid,false,false,1,tensorop,f32,256,128,32,1,1,1,0,0,0,2,4,2,1,16,8,8,75,1024,188219392,225540833280,1198,1.11484,157.236,202308
31,CUTLASS,gemm,cutlass_tensorop_f16_s16816gemm_f16_256x128_32x3_nn_align8,passed,success,universal,1920,14336,4096,f16:column,f16:column,f16:column,f16:column,1,0,serial,2,1,heuristic,invalid,invalid,false,false,1,tensorop,f32,256,128,32,1,1,1,0,0,0,3,4,2,1,16,8,16,80,1024,188219392,225540833280,1198,0.549591,318.952,410379
31,CUTLASS,gemm,cutlass3x_sm90_tensorop_s64x128x16gemm_f16_f16_f32_f16_f16_128x128x64_1x2x1_0_nnn_align8,passed,success,universal,1920,14336,4096,f16:column,f16:column,f16:column,f16:column,1,0,serial,2,1,heuristic,invalid,invalid,false,false,1,tensorop,f32,128,128,64,1,2,1,0,0,0,7,4,2,1,64,128,16,90,90,188219392,225540833280,1198,0.360177,486.686,626195
31,CUTLASS,gemm,cutlass3x_sm90_tensorop_s64x128x16gemm_f16_f16_f32_f16_f16_128x128x64_1x2x1_0_nnn_align8_warpspecialized_epi_nosmem,passed,success,universal,1920,14336,4096,f16:column,f16:column,f16:column,f16:column,1,0,serial,2,1,heuristic,invalid,invalid,false,false,1,tensorop,f32,128,128,64,1,2,1,0,0,0,7,4,1,1,64,128,16,90,90,188219392,225540833280,1198,0.347248,504.807,649510
31,CUTLASS,gemm,cutlass3x_sm90_tensorop_s64x128x16gemm_f16_f16_f32_f16_f16_128x128x64_1x2x1_0_nnn_align8_warpspecialized_pingpong_epi_tma,passed,success,universal,1920,14336,4096,f16:column,f16:column,f16:column,f16:column,1,0,serial,2,1,heuristic,invalid,invalid,false,false,1,tensorop,f32,128,128,64,1,2,1,0,0,0,6,4,1,1,64,128,16,90,90,188219392,225540833280,1198,0.34048,514.841,662420
31,CUTLASS,gemm,cutlass3x_sm90_tensorop_s64x128x16gemm_f16_f16_f32_f16_f16_128x128x64_1x2x1_0_nnn_align8_warpspecialized_pingpong_epi_nosmem,passed,success,universal,1920,14336,4096,f16:column,f16:column,f16:column,f16:column,1,0,serial,2,1,heuristic,invalid,invalid,false,false,1,tensorop,f32,128,128,64,1,2,1,0,0,0,7,4,1,1,64,128,16,90,90,188219392,225540833280,1198,0.345613,507.195,652582
31,CUTLASS,gemm,cutlass3x_sm90_tensorop_s64x128x16gemm_f16_f16_f32_f16_f16_128x128x64_1x2x1_0_nnn_align8_warpspecialized_cooperative_epi_nosmem,passed,success,universal,1920,14336,4096,f16:column,f16:column,f16:column,f16:column,1,0,serial,2,1,heuristic,invalid,invalid,false,false,1,tensorop,f32,128,128,64,1,2,1,0,0,0,7,4,2,1,64,128,16,90,90,188219392,225540833280,1198,0.358726,488.654,628727
31,CUTLASS,gemm,cutlass3x_sm90_tensorop_s64x128x16gemm_f16_f16_f32_f16_f16_128x128x64_1x2x1_0_nnn_align8_warpspecialized_cooperative_epi_tma,passed,success,universal,1920,14336,4096,f16:column,f16:column,f16:column,f16:column,1,0,serial,2,1,heuristic,invalid,invalid,false,false,1,tensorop,f32,128,128,64,1,2,1,0,0,0,6,4,2,1,64,128,16,90,90,188219392,225540833280,1198,0.343264,510.665,657047
31,CUTLASS,gemm,cutlass3x_sm90_tensorop_s64x128x16gemm_f16_f16_f32_f16_f16_128x128x64_1x2x1_0_nnn_align8_stream_k_warpspecialized_cooperative_epi_nosmem,passed,success,universal,1920,14336,4096,f16:column,f16:column,f16:column,f16:column,1,0,serial,2,1,heuristic,invalid,invalid,false,false,1,tensorop,f32,128,128,64,1,2,1,0,0,0,7,4,2,1,64,128,16,90,90,188219392,225540833280,1198,0.429858,407.793,524687
31,CUTLASS,gemm,cutlass3x_sm90_tensorop_s64x128x16gemm_f16_f16_f32_f16_f16_128x128x64_1x2x1_0_nnn_align8_stream_k_warpspecialized_cooperative_epi_tma,passed,success,universal,1920,14336,4096,f16:column,f16:column,f16:column,f16:column,1,0,serial,2,1,heuristic,invalid,invalid,false,false,1,tensorop,f32,128,128,64,1,2,1,0,0,0,6,4,2,1,64,128,16,90,90,188219392,225540833280,1198,0.423913,413.512,532046
31,CUTLASS,gemm,cutlass3x_sm90_tensorop_s64x128x16gemm_f16_f16_f32_f16_f16_128x128x64_2x1x1_0_nnn_align8,passed,success,universal,1920,14336,4096,f16:column,f16:column,f16:column,f16:column,1,0,serial,2,1,heuristic,invalid,invalid,false,false,1,tensorop,f32,128,128,64,2,1,1,0,0,0,7,4,2,1,64,128,16,90,90,188219392,225540833280,1198,0.434937,403.031,518560
31,CUTLASS,gemm,cutlass3x_sm90_tensorop_s64x128x16gemm_f16_f16_f32_f16_f16_128x128x64_2x1x1_0_nnn_align8_warpspecialized_epi_nosmem,passed,success,universal,1920,14336,4096,f16:column,f16:column,f16:column,f16:column,1,0,serial,2,1,heuristic,invalid,invalid,false,false,1,tensorop,f32,128,128,64,2,1,1,0,0,0,7,4,1,1,64,128,16,90,90,188219392,225540833280,1198,0.421508,415.871,535080
31,CUTLASS,gemm,cutlass3x_sm90_tensorop_s64x128x16gemm_f16_f16_f32_f16_f16_128x128x64_2x1x1_0_nnn_align8_warpspecialized_pingpong_epi_tma,passed,success,universal,1920,14336,4096,f16:column,f16:column,f16:column,f16:column,1,0,serial,2,1,heuristic,invalid,invalid,false,false,1,tensorop,f32,128,128,64,2,1,1,0,0,0,6,4,1,1,64,128,16,90,90,188219392,225540833280,1198,0.417761,419.601,539880
31,CUTLASS,gemm,cutlass3x_sm90_tensorop_s64x128x16gemm_f16_f16_f32_f16_f16_128x128x64_2x1x1_0_nnn_align8_warpspecialized_pingpong_epi_nosmem,passed,success,universal,1920,14336,4096,f16:column,f16:column,f16:column,f16:column,1,0,serial,2,1,heuristic,invalid,invalid,false,false,1,tensorop,f32,128,128,64,2,1,1,0,0,0,7,4,1,1,64,128,16,90,90,188219392,225540833280,1198,0.427195,410.335,527957
31,CUTLASS,gemm,cutlass3x_sm90_tensorop_s64x128x16gemm_f16_f16_f32_f16_f16_128x128x64_2x1x1_0_nnn_align8_warpspecialized_cooperative_epi_nosmem,passed,success,universal,1920,14336,4096,f16:column,f16:column,f16:column,f16:column,1,0,serial,2,1,heuristic,invalid,invalid,false,false,1,tensorop,f32,128,128,64,2,1,1,0,0,0,7,4,2,1,64,128,16,90,90,188219392,225540833280,1198,0.434212,403.704,519425
31,CUTLASS,gemm,cutlass3x_sm90_tensorop_s64x128x16gemm_f16_f16_f32_f16_f16_128x128x64_2x1x1_0_nnn_align8_warpspecialized_cooperative_epi_tma,passed,success,universal,1920,14336,4096,f16:column,f16:column,f16:column,f16:column,1,0,serial,2,1,heuristic,invalid,invalid,false,false,1,tensorop,f32,128,128,64,2,1,1,0,0,0,6,4,2,1,64,128,16,90,90,188219392,225540833280,1198,0.422252,415.138,534138
31,CUTLASS,gemm,cutlass3x_sm90_tensorop_s64x128x16gemm_f16_f16_f32_f16_f16_128x128x64_2x1x1_0_nnn_align8_stream_k_warpspecialized_cooperative_epi_nosmem,passed,success,universal,1920,14336,4096,f16:column,f16:column,f16:column,f16:column,1,0,serial,2,1,heuristic,invalid,invalid,false,false,1,tensorop,f32,128,128,64,2,1,1,0,0,0,7,4,2,1,64,128,16,90,90,188219392,225540833280,1198,0.468377,374.256,481537
31,CUTLASS,gemm,cutlass3x_sm90_tensorop_s64x128x16gemm_f16_f16_f32_f16_f16_128x128x64_2x1x1_0_nnn_align8_stream_k_warpspecialized_cooperative_epi_tma,passed,success,universal,1920,14336,4096,f16:column,f16:column,f16:column,f16:column,1,0,serial,2,1,heuristic,invalid,invalid,false,false,1,tensorop,f32,128,128,64,2,1,1,0,0,0,6,4,2,1,64,128,16,90,90,188219392,225540833280,1198,0.464868,377.082,485172
32,CUTLASS,gemm,cutlass_tensorop_f16_s1688gemm_f16_256x128_32x2_nn_align8,passed,success,universal,2048,14336,4096,f16:column,f16:column,f16:column,f16:column,1,0,serial,2,1,heuristic,invalid,invalid,false,false,1,tensorop,f32,256,128,32,1,1,1,0,0,0,2,4,2,1,16,8,8,75,1024,192937984,240576888832,1246,1.1884,151.201,202438
32,CUTLASS,gemm,cutlass_tensorop_f16_s16816gemm_f16_256x128_32x3_nn_align8,passed,success,universal,2048,14336,4096,f16:column,f16:column,f16:column,f16:column,1,0,serial,2,1,heuristic,invalid,invalid,false,false,1,tensorop,f32,256,128,32,1,1,1,0,0,0,3,4,2,1,16,8,16,80,1024,192937984,240576888832,1246,0.583782,307.799,412100
32,CUTLASS,gemm,cutlass3x_sm90_tensorop_s64x128x16gemm_f16_f16_f32_f16_f16_128x128x64_1x2x1_0_nnn_align8,passed,success,universal,2048,14336,4096,f16:column,f16:column,f16:column,f16:column,1,0,serial,2,1,heuristic,invalid,invalid,false,false,1,tensorop,f32,128,128,64,1,2,1,0,0,0,7,4,2,1,64,128,16,90,90,192937984,240576888832,1246,0.381755,470.689,630187
32,CUTLASS,gemm,cutlass3x_sm90_tensorop_s64x128x16gemm_f16_f16_f32_f16_f16_128x128x64_1x2x1_0_nnn_align8_warpspecialized_epi_nosmem,passed,success,universal,2048,14336,4096,f16:column,f16:column,f16:column,f16:column,1,0,serial,2,1,heuristic,invalid,invalid,false,false,1,tensorop,f32,128,128,64,1,2,1,0,0,0,7,4,1,1,64,128,16,90,90,192937984,240576888832,1246,0.36323,494.694,662327
32,CUTLASS,gemm,cutlass3x_sm90_tensorop_s64x128x16gemm_f16_f16_f32_f16_f16_128x128x64_1x2x1_0_nnn_align8_warpspecialized_pingpong_epi_tma,passed,success,universal,2048,14336,4096,f16:column,f16:column,f16:column,f16:column,1,0,serial,2,1,heuristic,invalid,invalid,false,false,1,tensorop,f32,128,128,64,1,2,1,0,0,0,6,4,1,1,64,128,16,90,90,192937984,240576888832,1246,0.360227,498.818,667849
32,CUTLASS,gemm,cutlass3x_sm90_tensorop_s64x128x16gemm_f16_f16_f32_f16_f16_128x128x64_1x2x1_0_nnn_align8_warpspecialized_pingpong_epi_nosmem,passed,success,universal,2048,14336,4096,f16:column,f16:column,f16:column,f16:column,1,0,serial,2,1,heuristic,invalid,invalid,false,false,1,tensorop,f32,128,128,64,1,2,1,0,0,0,7,4,1,1,64,128,16,90,90,192937984,240576888832,1246,0.366859,489.8,655774
32,CUTLASS,gemm,cutlass3x_sm90_tensorop_s64x128x16gemm_f16_f16_f32_f16_f16_128x128x64_1x2x1_0_nnn_align8_warpspecialized_cooperative_epi_nosmem,passed,success,universal,2048,14336,4096,f16:column,f16:column,f16:column,f16:column,1,0,serial,2,1,heuristic,invalid,invalid,false,false,1,tensorop,f32,128,128,64,1,2,1,0,0,0,7,4,2,1,64,128,16,90,90,192937984,240576888832,1246,0.380815,471.85,631743
32,CUTLASS,gemm,cutlass3x_sm90_tensorop_s64x128x16gemm_f16_f16_f32_f16_f16_128x128x64_1x2x1_0_nnn_align8_warpspecialized_cooperative_epi_tma,passed,success,universal,2048,14336,4096,f16:column,f16:column,f16:column,f16:column,1,0,serial,2,1,heuristic,invalid,invalid,false,false,1,tensorop,f32,128,128,64,1,2,1,0,0,0,6,4,2,1,64,128,16,90,90,192937984,240576888832,1246,0.362251,496.031,664117
32,CUTLASS,gemm,cutlass3x_sm90_tensorop_s64x128x16gemm_f16_f16_f32_f16_f16_128x128x64_1x2x1_0_nnn_align8_stream_k_warpspecialized_cooperative_epi_nosmem,passed,success,universal,2048,14336,4096,f16:column,f16:column,f16:column,f16:column,1,0,serial,2,1,heuristic,invalid,invalid,false,false,1,tensorop,f32,128,128,64,1,2,1,0,0,0,7,4,2,1,64,128,16,90,90,192937984,240576888832,1246,0.455021,394.9,528716
32,CUTLASS,gemm,cutlass3x_sm90_tensorop_s64x128x16gemm_f16_f16_f32_f16_f16_128x128x64_1x2x1_0_nnn_align8_stream_k_warpspecialized_cooperative_epi_tma,passed,success,universal,2048,14336,4096,f16:column,f16:column,f16:column,f16:column,1,0,serial,2,1,heuristic,invalid,invalid,false,false,1,tensorop,f32,128,128,64,1,2,1,0,0,0,6,4,2,1,64,128,16,90,90,192937984,240576888832,1246,0.447989,401.098,537015
32,CUTLASS,gemm,cutlass3x_sm90_tensorop_s64x128x16gemm_f16_f16_f32_f16_f16_128x128x64_2x1x1_0_nnn_align8,passed,success,universal,2048,14336,4096,f16:column,f16:column,f16:column,f16:column,1,0,serial,2,1,heuristic,invalid,invalid,false,false,1,tensorop,f32,128,128,64,2,1,1,0,0,0,7,4,2,1,64,128,16,90,90,192937984,240576888832,1246,0.380659,472.043,632001
32,CUTLASS,gemm,cutlass3x_sm90_tensorop_s64x128x16gemm_f16_f16_f32_f16_f16_128x128x64_2x1x1_0_nnn_align8_warpspecialized_epi_nosmem,passed,success,universal,2048,14336,4096,f16:column,f16:column,f16:column,f16:column,1,0,serial,2,1,heuristic,invalid,invalid,false,false,1,tensorop,f32,128,128,64,2,1,1,0,0,0,7,4,1,1,64,128,16,90,90,192937984,240576888832,1246,0.396066,453.681,607416
32,CUTLASS,gemm,cutlass3x_sm90_tensorop_s64x128x16gemm_f16_f16_f32_f16_f16_128x128x64_2x1x1_0_nnn_align8_warpspecialized_pingpong_epi_tma,passed,success,universal,2048,14336,4096,f16:column,f16:column,f16:column,f16:column,1,0,serial,2,1,heuristic,invalid,invalid,false,false,1,tensorop,f32,128,128,64,2,1,1,0,0,0,6,4,1,1,64,128,16,90,90,192937984,240576888832,1246,0.364277,493.271,660422
32,CUTLASS,gemm,cutlass3x_sm90_tensorop_s64x128x16gemm_f16_f16_f32_f16_f16_128x128x64_2x1x1_0_nnn_align8_warpspecialized_pingpong_epi_nosmem,passed,success,universal,2048,14336,4096,f16:column,f16:column,f16:column,f16:column,1,0,serial,2,1,heuristic,invalid,invalid,false,false,1,tensorop,f32,128,128,64,2,1,1,0,0,0,7,4,1,1,64,128,16,90,90,192937984,240576888832,1246,0.370808,484.584,648791
32,CUTLASS,gemm,cutlass3x_sm90_tensorop_s64x128x16gemm_f16_f16_f32_f16_f16_128x128x64_2x1x1_0_nnn_align8_warpspecialized_cooperative_epi_nosmem,passed,success,universal,2048,14336,4096,f16:column,f16:column,f16:column,f16:column,1,0,serial,2,1,heuristic,invalid,invalid,false,false,1,tensorop,f32,128,128,64,2,1,1,0,0,0,7,4,2,1,64,128,16,90,90,192937984,240576888832,1246,0.380485,472.259,632290
32,CUTLASS,gemm,cutlass3x_sm90_tensorop_s64x128x16gemm_f16_f16_f32_f16_f16_128x128x64_2x1x1_0_nnn_align8_warpspecialized_cooperative_epi_tma,passed,success,universal,2048,14336,4096,f16:column,f16:column,f16:column,f16:column,1,0,serial,2,1,heuristic,invalid,invalid,false,false,1,tensorop,f32,128,128,64,2,1,1,0,0,0,6,4,2,1,64,128,16,90,90,192937984,240576888832,1246,0.36721,489.332,655148
32,CUTLASS,gemm,cutlass3x_sm90_tensorop_s64x128x16gemm_f16_f16_f32_f16_f16_128x128x64_2x1x1_0_nnn_align8_stream_k_warpspecialized_cooperative_epi_nosmem,passed,success,universal,2048,14336,4096,f16:column,f16:column,f16:column,f16:column,1,0,serial,2,1,heuristic,invalid,invalid,false,false,1,tensorop,f32,128,128,64,2,1,1,0,0,0,7,4,2,1,64,128,16,90,90,192937984,240576888832,1246,0.447185,401.819,537981
32,CUTLASS,gemm,cutlass3x_sm90_tensorop_s64x128x16gemm_f16_f16_f32_f16_f16_128x128x64_2x1x1_0_nnn_align8_stream_k_warpspecialized_cooperative_epi_tma,passed,success,universal,2048,14336,4096,f16:column,f16:column,f16:column,f16:column,1,0,serial,2,1,heuristic,invalid,invalid,false,false,1,tensorop,f32,128,128,64,2,1,1,0,0,0,6,4,2,1,64,128,16,90,90,192937984,240576888832,1246,0.44055,407.871,546083
33,CUTLASS,gemm,cutlass_tensorop_f16_s1688gemm_f16_256x128_32x2_nn_align8,passed,success,universal,128,14336,4096,f16:column,f16:column,f16:column,f16:column,1,0,serial,4,1,heuristic,invalid,invalid,false,false,1,tensorop,f32,256,128,32,1,1,1,0,0,0,2,4,2,1,16,8,8,75,1024,122159104,15036055552,123,0.106383,1069.44,141339
33,CUTLASS,gemm,cutlass_tensorop_f16_s16816gemm_f16_256x128_32x3_nn_align8,passed,success,universal,128,14336,4096,f16:column,f16:column,f16:column,f16:column,1,0,serial,4,1,heuristic,invalid,invalid,false,false,1,tensorop,f32,256,128,32,1,1,1,0,0,0,3,4,2,1,16,8,16,80,1024,122159104,15036055552,123,0.0690038,1648.74,217902
33,CUTLASS,gemm,cutlass3x_sm90_tensorop_s64x128x16gemm_f16_f16_f32_f16_f16_128x128x64_1x2x1_0_nnn_align8,passed,success,universal,128,14336,4096,f16:column,f16:column,f16:column,f16:column,1,0,serial,4,1,heuristic,invalid,invalid,false,false,1,tensorop,f32,128,128,64,1,2,1,0,0,0,7,4,2,1,64,128,16,90,90,122159104,15036055552,123,0.0493898,2303.5,304437
33,CUTLASS,gemm,cutlass3x_sm90_tensorop_s64x128x16gemm_f16_f16_f32_f16_f16_128x128x64_1x2x1_0_nnn_align8_warpspecialized_epi_nosmem,passed,success,universal,128,14336,4096,f16:column,f16:column,f16:column,f16:column,1,0,serial,4,1,heuristic,invalid,invalid,false,false,1,tensorop,f32,128,128,64,1,2,1,0,0,0,7,4,1,1,64,128,16,90,90,122159104,15036055552,123,0.0486682,2337.66,308951
33,CUTLASS,gemm,cutlass3x_sm90_tensorop_s64x128x16gemm_f16_f16_f32_f16_f16_128x128x64_1x2x1_0_nnn_align8_warpspecialized_pingpong_epi_tma,passed,success,universal,128,14336,4096,f16:column,f16:column,f16:column,f16:column,1,0,serial,4,1,heuristic,invalid,invalid,false,false,1,tensorop,f32,128,128,64,1,2,1,0,0,0,6,4,1,1,64,128,16,90,90,122159104,15036055552,123,0.0489072,2326.23,307441
33,CUTLASS,gemm,cutlass3x_sm90_tensorop_s64x128x16gemm_f16_f16_f32_f16_f16_128x128x64_1x2x1_0_nnn_align8_warpspecialized_pingpong_epi_nosmem,passed,success,universal,128,14336,4096,f16:column,f16:column,f16:column,f16:column,1,0,serial,4,1,heuristic,invalid,invalid,false,false,1,tensorop,f32,128,128,64,1,2,1,0,0,0,7,4,1,1,64,128,16,90,90,122159104,15036055552,123,0.0488317,2329.83,307916
33,CUTLASS,gemm,cutlass3x_sm90_tensorop_s64x128x16gemm_f16_f16_f32_f16_f16_128x128x64_1x2x1_0_nnn_align8_warpspecialized_cooperative_epi_nosmem,passed,success,universal,128,14336,4096,f16:column,f16:column,f16:column,f16:column,1,0,serial,4,1,heuristic,invalid,invalid,false,false,1,tensorop,f32,128,128,64,1,2,1,0,0,0,7,4,2,1,64,128,16,90,90,122159104,15036055552,123,0.0492314,2310.92,305416
33,CUTLASS,gemm,cutlass3x_sm90_tensorop_s64x128x16gemm_f16_f16_f32_f16_f16_128x128x64_1x2x1_0_nnn_align8_warpspecialized_cooperative_epi_tma,passed,success,universal,128,14336,4096,f16:column,f16:column,f16:column,f16:column,1,0,serial,4,1,heuristic,invalid,invalid,false,false,1,tensorop,f32,128,128,64,1,2,1,0,0,0,6,4,2,1,64,128,16,90,90,122159104,15036055552,123,0.0480829,2366.11,312711
33,CUTLASS,gemm,cutlass3x_sm90_tensorop_s64x128x16gemm_f16_f16_f32_f16_f16_128x128x64_1x2x1_0_nnn_align8_stream_k_warpspecialized_cooperative_epi_nosmem,passed,success,universal,128,14336,4096,f16:column,f16:column,f16:column,f16:column,1,0,serial,4,1,heuristic,invalid,invalid,false,false,1,tensorop,f32,128,128,64,1,2,1,0,0,0,7,4,2,1,64,128,16,90,90,122159104,15036055552,123,0.0644659,1764.8,233240
33,CUTLASS,gemm,cutlass3x_sm90_tensorop_s64x128x16gemm_f16_f16_f32_f16_f16_128x128x64_1x2x1_0_nnn_align8_stream_k_warpspecialized_cooperative_epi_tma,passed,success,universal,128,14336,4096,f16:column,f16:column,f16:column,f16:column,1,0,serial,4,1,heuristic,invalid,invalid,false,false,1,tensorop,f32,128,128,64,1,2,1,0,0,0,6,4,2,1,64,128,16,90,90,122159104,15036055552,123,0.0645386,1762.81,232978
33,CUTLASS,gemm,cutlass3x_sm90_tensorop_s64x128x16gemm_f16_f16_f32_f16_f16_128x128x64_2x1x1_0_nnn_align8,passed,success,universal,128,14336,4096,f16:column,f16:column,f16:column,f16:column,1,0,serial,4,1,heuristic,invalid,invalid,false,false,1,tensorop,f32,128,128,64,2,1,1,0,0,0,7,4,2,1,64,128,16,90,90,122159104,15036055552,123,0.067144,1694.41,223937
33,CUTLASS,gemm,cutlass3x_sm90_tensorop_s64x128x16gemm_f16_f16_f32_f16_f16_128x128x64_2x1x1_0_nnn_align8_warpspecialized_epi_nosmem,passed,success,universal,128,14336,4096,f16:column,f16:column,f16:column,f16:column,1,0,serial,4,1,heuristic,invalid,invalid,false,false,1,tensorop,f32,128,128,64,2,1,1,0,0,0,7,4,1,1,64,128,16,90,90,122159104,15036055552,123,0.0702326,1619.9,214089
33,CUTLASS,gemm,cutlass3x_sm90_tensorop_s64x128x16gemm_f16_f16_f32_f16_f16_128x128x64_2x1x1_0_nnn_align8_warpspecialized_pingpong_epi_tma,passed,success,universal,128,14336,4096,f16:column,f16:column,f16:column,f16:column,1,0,serial,4,1,heuristic,invalid,invalid,false,false,1,tensorop,f32,128,128,64,2,1,1,0,0,0,6,4,1,1,64,128,16,90,90,122159104,15036055552,123,0.0684342,1662.47,219715
33,CUTLASS,gemm,cutlass3x_sm90_tensorop_s64x128x16gemm_f16_f16_f32_f16_f16_128x128x64_2x1x1_0_nnn_align8_warpspecialized_pingpong_epi_nosmem,passed,success,universal,128,14336,4096,f16:column,f16:column,f16:column,f16:column,1,0,serial,4,1,heuristic,invalid,invalid,false,false,1,tensorop,f32,128,128,64,2,1,1,0,0,0,7,4,1,1,64,128,16,90,90,122159104,15036055552,123,0.0674272,1687.29,222997
33,CUTLASS,gemm,cutlass3x_sm90_tensorop_s64x128x16gemm_f16_f16_f32_f16_f16_128x128x64_2x1x1_0_nnn_align8_warpspecialized_cooperative_epi_nosmem,passed,success,universal,128,14336,4096,f16:column,f16:column,f16:column,f16:column,1,0,serial,4,1,heuristic,invalid,invalid,false,false,1,tensorop,f32,128,128,64,2,1,1,0,0,0,7,4,2,1,64,128,16,90,90,122159104,15036055552,123,0.0671507,1694.24,223915
33,CUTLASS,gemm,cutlass3x_sm90_tensorop_s64x128x16gemm_f16_f16_f32_f16_f16_128x128x64_2x1x1_0_nnn_align8_warpspecialized_cooperative_epi_tma,passed,success,universal,128,14336,4096,f16:column,f16:column,f16:column,f16:column,1,0,serial,4,1,heuristic,invalid,invalid,false,false,1,tensorop,f32,128,128,64,2,1,1,0,0,0,6,4,2,1,64,128,16,90,90,122159104,15036055552,123,0.0681443,1669.54,220650
33,CUTLASS,gemm,cutlass3x_sm90_tensorop_s64x128x16gemm_f16_f16_f32_f16_f16_128x128x64_2x1x1_0_nnn_align8_stream_k_warpspecialized_cooperative_epi_nosmem,passed,success,universal,128,14336,4096,f16:column,f16:column,f16:column,f16:column,1,0,serial,4,1,heuristic,invalid,invalid,false,false,1,tensorop,f32,128,128,64,2,1,1,0,0,0,7,4,2,1,64,128,16,90,90,122159104,15036055552,123,0.0890509,1277.58,168848
33,CUTLASS,gemm,cutlass3x_sm90_tensorop_s64x128x16gemm_f16_f16_f32_f16_f16_128x128x64_2x1x1_0_nnn_align8_stream_k_warpspecialized_cooperative_epi_tma,passed,success,universal,128,14336,4096,f16:column,f16:column,f16:column,f16:column,1,0,serial,4,1,heuristic,invalid,invalid,false,false,1,tensorop,f32,128,128,64,2,1,1,0,0,0,6,4,2,1,64,128,16,90,90,122159104,15036055552,123,0.0900979,1262.73,166886
34,CUTLASS,gemm,cutlass_tensorop_f16_s1688gemm_f16_256x128_32x2_nn_align8,passed,success,universal,256,14336,4096,f16:column,f16:column,f16:column,f16:column,1,0,serial,4,1,heuristic,invalid,invalid,false,false,1,tensorop,f32,256,128,32,1,1,1,0,0,0,2,4,2,1,16,8,8,75,1024,126877696,30072111104,237,0.188729,626.106,159340
34,CUTLASS,gemm,cutlass_tensorop_f16_s16816gemm_f16_256x128_32x3_nn_align8,passed,success,universal,256,14336,4096,f16:column,f16:column,f16:column,f16:column,1,0,serial,4,1,heuristic,invalid,invalid,false,false,1,tensorop,f32,256,128,32,1,1,1,0,0,0,3,4,2,1,16,8,16,80,1024,126877696,30072111104,237,0.10915,1082.58,275512
34,CUTLASS,gemm,cutlass3x_sm90_tensorop_s64x128x16gemm_f16_f16_f32_f16_f16_128x128x64_1x2x1_0_nnn_align8,passed,success,universal,256,14336,4096,f16:column,f16:column,f16:column,f16:column,1,0,serial,4,1,heuristic,invalid,invalid,false,false,1,tensorop,f32,128,128,64,1,2,1,0,0,0,7,4,2,1,64,128,16,90,90,126877696,30072111104,237,0.0615987,1918.29,488194
34,CUTLASS,gemm,cutlass3x_sm90_tensorop_s64x128x16gemm_f16_f16_f32_f16_f16_128x128x64_1x2x1_0_nnn_align8_warpspecialized_epi_nosmem,passed,success,universal,256,14336,4096,f16:column,f16:column,f16:column,f16:column,1,0,serial,4,1,heuristic,invalid,invalid,false,false,1,tensorop,f32,128,128,64,1,2,1,0,0,0,7,4,1,1,64,128,16,90,90,126877696,30072111104,237,0.0617232,1914.42,487209
34,CUTLASS,gemm,cutlass3x_sm90_tensorop_s64x128x16gemm_f16_f16_f32_f16_f16_128x128x64_1x2x1_0_nnn_align8_warpspecialized_pingpong_epi_tma,passed,success,universal,256,14336,4096,f16:column,f16:column,f16:column,f16:column,1,0,serial,4,1,heuristic,invalid,invalid,false,false,1,tensorop,f32,128,128,64,1,2,1,0,0,0,6,4,1,1,64,128,16,90,90,126877696,30072111104,237,0.0598822,1973.27,502187
34,CUTLASS,gemm,cutlass3x_sm90_tensorop_s64x128x16gemm_f16_f16_f32_f16_f16_128x128x64_1x2x1_0_nnn_align8_warpspecialized_pingpong_epi_nosmem,passed,success,universal,256,14336,4096,f16:column,f16:column,f16:column,f16:column,1,0,serial,4,1,heuristic,invalid,invalid,false,false,1,tensorop,f32,128,128,64,1,2,1,0,0,0,7,4,1,1,64,128,16,90,90,126877696,30072111104,237,0.0617696,1912.98,486843
34,CUTLASS,gemm,cutlass3x_sm90_tensorop_s64x128x16gemm_f16_f16_f32_f16_f16_128x128x64_1x2x1_0_nnn_align8_warpspecialized_cooperative_epi_nosmem,passed,success,universal,256,14336,4096,f16:column,f16:column,f16:column,f16:column,1,0,serial,4,1,heuristic,invalid,invalid,false,false,1,tensorop,f32,128,128,64,1,2,1,0,0,0,7,4,2,1,64,128,16,90,90,126877696,30072111104,237,0.0620707,1903.7,484481
34,CUTLASS,gemm,cutlass3x_sm90_tensorop_s64x128x16gemm_f16_f16_f32_f16_f16_128x128x64_1x2x1_0_nnn_align8_warpspecialized_cooperative_epi_tma,passed,success,universal,256,14336,4096,f16:column,f16:column,f16:column,f16:column,1,0,serial,4,1,heuristic,invalid,invalid,false,false,1,tensorop,f32,128,128,64,1,2,1,0,0,0,6,4,2,1,64,128,16,90,90,126877696,30072111104,237,0.0594294,1988.31,506014
34,CUTLASS,gemm,cutlass3x_sm90_tensorop_s64x128x16gemm_f16_f16_f32_f16_f16_128x128x64_1x2x1_0_nnn_align8_stream_k_warpspecialized_cooperative_epi_nosmem,passed,success,universal,256,14336,4096,f16:column,f16:column,f16:column,f16:column,1,0,serial,4,1,heuristic,invalid,invalid,false,false,1,tensorop,f32,128,128,64,1,2,1,0,0,0,7,4,2,1,64,128,16,90,90,126877696,30072111104,237,0.0917235,1288.26,327856
34,CUTLASS,gemm,cutlass3x_sm90_tensorop_s64x128x16gemm_f16_f16_f32_f16_f16_128x128x64_1x2x1_0_nnn_align8_stream_k_warpspecialized_cooperative_epi_tma,passed,success,universal,256,14336,4096,f16:column,f16:column,f16:column,f16:column,1,0,serial,4,1,heuristic,invalid,invalid,false,false,1,tensorop,f32,128,128,64,1,2,1,0,0,0,6,4,2,1,64,128,16,90,90,126877696,30072111104,237,0.0910605,1297.64,330243
34,CUTLASS,gemm,cutlass3x_sm90_tensorop_s64x128x16gemm_f16_f16_f32_f16_f16_128x128x64_2x1x1_0_nnn_align8,passed,success,universal,256,14336,4096,f16:column,f16:column,f16:column,f16:column,1,0,serial,4,1,heuristic,invalid,invalid,false,false,1,tensorop,f32,128,128,64,2,1,1,0,0,0,7,4,2,1,64,128,16,90,90,126877696,30072111104,237,0.056632,2086.52,531009
34,CUTLASS,gemm,cutlass3x_sm90_tensorop_s64x128x16gemm_f16_f16_f32_f16_f16_128x128x64_2x1x1_0_nnn_align8_warpspecialized_epi_nosmem,passed,success,universal,256,14336,4096,f16:column,f16:column,f16:column,f16:column,1,0,serial,4,1,heuristic,invalid,invalid,false,false,1,tensorop,f32,128,128,64,2,1,1,0,0,0,7,4,1,1,64,128,16,90,90,126877696,30072111104,237,0.0567267,2083.04,530123
34,CUTLASS,gemm,cutlass3x_sm90_tensorop_s64x128x16gemm_f16_f16_f32_f16_f16_128x128x64_2x1x1_0_nnn_align8_warpspecialized_pingpong_epi_tma,passed,success,universal,256,14336,4096,f16:column,f16:column,f16:column,f16:column,1,0,serial,4,1,heuristic,invalid,invalid,false,false,1,tensorop,f32,128,128,64,2,1,1,0,0,0,6,4,1,1,64,128,16,90,90,126877696,30072111104,237,0.0557088,2121.1,539809
34,CUTLASS,gemm,cutlass3x_sm90_tensorop_s64x128x16gemm_f16_f16_f32_f16_f16_128x128x64_2x1x1_0_nnn_align8_warpspecialized_pingpong_epi_nosmem,passed,success,universal,256,14336,4096,f16:column,f16:column,f16:column,f16:column,1,0,serial,4,1,heuristic,invalid,invalid,false,false,1,tensorop,f32,128,128,64,2,1,1,0,0,0,7,4,1,1,64,128,16,90,90,126877696,30072111104,237,0.0542346,2178.76,554482
34,CUTLASS,gemm,cutlass3x_sm90_tensorop_s64x128x16gemm_f16_f16_f32_f16_f16_128x128x64_2x1x1_0_nnn_align8_warpspecialized_cooperative_epi_nosmem,passed,success,universal,256,14336,4096,f16:column,f16:column,f16:column,f16:column,1,0,serial,4,1,heuristic,invalid,invalid,false,false,1,tensorop,f32,128,128,64,2,1,1,0,0,0,7,4,2,1,64,128,16,90,90,126877696,30072111104,237,0.0567526,2082.09,529880
34,CUTLASS,gemm,cutlass3x_sm90_tensorop_s64x128x16gemm_f16_f16_f32_f16_f16_128x128x64_2x1x1_0_nnn_align8_warpspecialized_cooperative_epi_tma,passed,success,universal,256,14336,4096,f16:column,f16:column,f16:column,f16:column,1,0,serial,4,1,heuristic,invalid,invalid,false,false,1,tensorop,f32,128,128,64,2,1,1,0,0,0,6,4,2,1,64,128,16,90,90,126877696,30072111104,237,0.0557437,2119.78,539471
34,CUTLASS,gemm,cutlass3x_sm90_tensorop_s64x128x16gemm_f16_f16_f32_f16_f16_128x128x64_2x1x1_0_nnn_align8_stream_k_warpspecialized_cooperative_epi_nosmem,passed,success,universal,256,14336,4096,f16:column,f16:column,f16:column,f16:column,1,0,serial,4,1,heuristic,invalid,invalid,false,false,1,tensorop,f32,128,128,64,2,1,1,0,0,0,7,4,2,1,64,128,16,90,90,126877696,30072111104,237,0.0880051,1342.7,341709
34,CUTLASS,gemm,cutlass3x_sm90_tensorop_s64x128x16gemm_f16_f16_f32_f16_f16_128x128x64_2x1x1_0_nnn_align8_stream_k_warpspecialized_cooperative_epi_tma,passed,success,universal,256,14336,4096,f16:column,f16:column,f16:column,f16:column,1,0,serial,4,1,heuristic,invalid,invalid,false,false,1,tensorop,f32,128,128,64,2,1,1,0,0,0,6,4,2,1,64,128,16,90,90,126877696,30072111104,237,0.087689,1347.54,342941
35,CUTLASS,gemm,cutlass_tensorop_f16_s1688gemm_f16_256x128_32x2_nn_align8,passed,success,universal,384,14336,4096,f16:column,f16:column,f16:column,f16:column,1,0,serial,4,1,heuristic,invalid,invalid,false,false,1,tensorop,f32,256,128,32,1,1,1,0,0,0,2,4,2,1,16,8,8,75,1024,131596288,45108166656,342,0.279488,438.511,161396
35,CUTLASS,gemm,cutlass_tensorop_f16_s16816gemm_f16_256x128_32x3_nn_align8,passed,success,universal,384,14336,4096,f16:column,f16:column,f16:column,f16:column,1,0,serial,4,1,heuristic,invalid,invalid,false,false,1,tensorop,f32,256,128,32,1,1,1,0,0,0,3,4,2,1,16,8,16,80,1024,131596288,45108166656,342,0.156659,782.328,287939
35,CUTLASS,gemm,cutlass3x_sm90_tensorop_s64x128x16gemm_f16_f16_f32_f16_f16_128x128x64_1x2x1_0_nnn_align8,passed,success,universal,384,14336,4096,f16:column,f16:column,f16:column,f16:column,1,0,serial,4,1,heuristic,invalid,invalid,false,false,1,tensorop,f32,128,128,64,1,2,1,0,0,0,7,4,2,1,64,128,16,90,90,131596288,45108166656,342,0.0873373,1403.28,516482
35,CUTLASS,gemm,cutlass3x_sm90_tensorop_s64x128x16gemm_f16_f16_f32_f16_f16_128x128x64_1x2x1_0_nnn_align8_warpspecialized_epi_nosmem,passed,success,universal,384,14336,4096,f16:column,f16:column,f16:column,f16:column,1,0,serial,4,1,heuristic,invalid,invalid,false,false,1,tensorop,f32,128,128,64,1,2,1,0,0,0,7,4,1,1,64,128,16,90,90,131596288,45108166656,342,0.0877866,1396.1,513839
35,CUTLASS,gemm,cutlass3x_sm90_tensorop_s64x128x16gemm_f16_f16_f32_f16_f16_128x128x64_1x2x1_0_nnn_align8_warpspecialized_pingpong_epi_tma,passed,success,universal,384,14336,4096,f16:column,f16:column,f16:column,f16:column,1,0,serial,4,1,heuristic,invalid,invalid,false,false,1,tensorop,f32,128,128,64,1,2,1,0,0,0,6,4,1,1,64,128,16,90,90,131596288,45108166656,342,0.0814026,1505.59,554137
35,CUTLASS,gemm,cutlass3x_sm90_tensorop_s64x128x16gemm_f16_f16_f32_f16_f16_128x128x64_1x2x1_0_nnn_align8_warpspecialized_pingpong_epi_nosmem,passed,success,universal,384,14336,4096,f16:column,f16:column,f16:column,f16:column,1,0,serial,4,1,heuristic,invalid,invalid,false,false,1,tensorop,f32,128,128,64,1,2,1,0,0,0,7,4,1,1,64,128,16,90,90,131596288,45108166656,342,0.0840211,1458.66,536867
35,CUTLASS,gemm,cutlass3x_sm90_tensorop_s64x128x16gemm_f16_f16_f32_f16_f16_128x128x64_1x2x1_0_nnn_align8_warpspecialized_cooperative_epi_nosmem,passed,success,universal,384,14336,4096,f16:column,f16:column,f16:column,f16:column,1,0,serial,4,1,heuristic,invalid,invalid,false,false,1,tensorop,f32,128,128,64,1,2,1,0,0,0,7,4,2,1,64,128,16,90,90,131596288,45108166656,342,0.0879814,1393.01,512701
35,CUTLASS,gemm,cutlass3x_sm90_tensorop_s64x128x16gemm_f16_f16_f32_f16_f16_128x128x64_1x2x1_0_nnn_align8_warpspecialized_cooperative_epi_tma,passed,success,universal,384,14336,4096,f16:column,f16:column,f16:column,f16:column,1,0,serial,4,1,heuristic,invalid,invalid,false,false,1,tensorop,f32,128,128,64,1,2,1,0,0,0,6,4,2,1,64,128,16,90,90,131596288,45108166656,342,0.0820192,1494.27,549971
35,CUTLASS,gemm,cutlass3x_sm90_tensorop_s64x128x16gemm_f16_f16_f32_f16_f16_128x128x64_1x2x1_0_nnn_align8_stream_k_warpspecialized_cooperative_epi_nosmem,passed,success,universal,384,14336,4096,f16:column,f16:column,f16:column,f16:column,1,0,serial,4,1,heuristic,invalid,invalid,false,false,1,tensorop,f32,128,128,64,1,2,1,0,0,0,7,4,2,1,64,128,16,90,90,131596288,45108166656,342,0.131437,932.453,343193
35,CUTLASS,gemm,cutlass3x_sm90_tensorop_s64x128x16gemm_f16_f16_f32_f16_f16_128x128x64_1x2x1_0_nnn_align8_stream_k_warpspecialized_cooperative_epi_tma,passed,success,universal,384,14336,4096,f16:column,f16:column,f16:column,f16:column,1,0,serial,4,1,heuristic,invalid,invalid,false,false,1,tensorop,f32,128,128,64,1,2,1,0,0,0,6,4,2,1,64,128,16,90,90,131596288,45108166656,342,0.130915,936.168,344560
35,CUTLASS,gemm,cutlass3x_sm90_tensorop_s64x128x16gemm_f16_f16_f32_f16_f16_128x128x64_2x1x1_0_nnn_align8,passed,success,universal,384,14336,4096,f16:column,f16:column,f16:column,f16:column,1,0,serial,4,1,heuristic,invalid,invalid,false,false,1,tensorop,f32,128,128,64,2,1,1,0,0,0,7,4,2,1,64,128,16,90,90,131596288,45108166656,342,0.133988,914.695,336657
35,CUTLASS,gemm,cutlass3x_sm90_tensorop_s64x128x16gemm_f16_f16_f32_f16_f16_128x128x64_2x1x1_0_nnn_align8_warpspecialized_epi_nosmem,passed,success,universal,384,14336,4096,f16:column,f16:column,f16:column,f16:column,1,0,serial,4,1,heuristic,invalid,invalid,false,false,1,tensorop,f32,128,128,64,2,1,1,0,0,0,7,4,1,1,64,128,16,90,90,131596288,45108166656,342,0.120379,1018.1,374717
35,CUTLASS,gemm,cutlass3x_sm90_tensorop_s64x128x16gemm_f16_f16_f32_f16_f16_128x128x64_2x1x1_0_nnn_align8_warpspecialized_pingpong_epi_tma,passed,success,universal,384,14336,4096,f16:column,f16:column,f16:column,f16:column,1,0,serial,4,1,heuristic,invalid,invalid,false,false,1,tensorop,f32,128,128,64,2,1,1,0,0,0,6,4,1,1,64,128,16,90,90,131596288,45108166656,342,0.133954,914.933,336745
35,CUTLASS,gemm,cutlass3x_sm90_tensorop_s64x128x16gemm_f16_f16_f32_f16_f16_128x128x64_2x1x1_0_nnn_align8_warpspecialized_pingpong_epi_nosmem,passed,success,universal,384,14336,4096,f16:column,f16:column,f16:column,f16:column,1,0,serial,4,1,heuristic,invalid,invalid,false,false,1,tensorop,f32,128,128,64,2,1,1,0,0,0,7,4,1,1,64,128,16,90,90,131596288,45108166656,342,0.133708,916.61,337362
35,CUTLASS,gemm,cutlass3x_sm90_tensorop_s64x128x16gemm_f16_f16_f32_f16_f16_128x128x64_2x1x1_0_nnn_align8_warpspecialized_cooperative_epi_nosmem,passed,success,universal,384,14336,4096,f16:column,f16:column,f16:column,f16:column,1,0,serial,4,1,heuristic,invalid,invalid,false,false,1,tensorop,f32,128,128,64,2,1,1,0,0,0,7,4,2,1,64,128,16,90,90,131596288,45108166656,342,0.133925,915.126,336816
35,CUTLASS,gemm,cutlass3x_sm90_tensorop_s64x128x16gemm_f16_f16_f32_f16_f16_128x128x64_2x1x1_0_nnn_align8_warpspecialized_cooperative_epi_tma,passed,success,universal,384,14336,4096,f16:column,f16:column,f16:column,f16:column,1,0,serial,4,1,heuristic,invalid,invalid,false,false,1,tensorop,f32,128,128,64,2,1,1,0,0,0,6,4,2,1,64,128,16,90,90,131596288,45108166656,342,0.134638,910.28,335032
35,CUTLASS,gemm,cutlass3x_sm90_tensorop_s64x128x16gemm_f16_f16_f32_f16_f16_128x128x64_2x1x1_0_nnn_align8_stream_k_warpspecialized_cooperative_epi_nosmem,passed,success,universal,384,14336,4096,f16:column,f16:column,f16:column,f16:column,1,0,serial,4,1,heuristic,invalid,invalid,false,false,1,tensorop,f32,128,128,64,2,1,1,0,0,0,7,4,2,1,64,128,16,90,90,131596288,45108166656,342,0.161385,759.416,279506
35,CUTLASS,gemm,cutlass3x_sm90_tensorop_s64x128x16gemm_f16_f16_f32_f16_f16_128x128x64_2x1x1_0_nnn_align8_stream_k_warpspecialized_cooperative_epi_tma,passed,success,universal,384,14336,4096,f16:column,f16:column,f16:column,f16:column,1,0,serial,4,1,heuristic,invalid,invalid,false,false,1,tensorop,f32,128,128,64,2,1,1,0,0,0,6,4,2,1,64,128,16,90,90,131596288,45108166656,342,0.16217,755.742,278154
36,CUTLASS,gemm,cutlass_tensorop_f16_s1688gemm_f16_256x128_32x2_nn_align8,passed,success,universal,512,14336,4096,f16:column,f16:column,f16:column,f16:column,1,0,serial,4,1,heuristic,invalid,invalid,false,false,1,tensorop,f32,256,128,32,1,1,1,0,0,0,2,4,2,1,16,8,8,75,1024,136314880,60144222208,441,0.322411,393.762,186545
36,CUTLASS,gemm,cutlass_tensorop_f16_s16816gemm_f16_256x128_32x3_nn_align8,passed,success,universal,512,14336,4096,f16:column,f16:column,f16:column,f16:column,1,0,serial,4,1,heuristic,invalid,invalid,false,false,1,tensorop,f32,256,128,32,1,1,1,0,0,0,3,4,2,1,16,8,16,80,1024,136314880,60144222208,441,0.185084,685.921,324956
36,CUTLASS,gemm,cutlass3x_sm90_tensorop_s64x128x16gemm_f16_f16_f32_f16_f16_128x128x64_1x2x1_0_nnn_align8,passed,success,universal,512,14336,4096,f16:column,f16:column,f16:column,f16:column,1,0,serial,4,1,heuristic,invalid,invalid,false,false,1,tensorop,f32,128,128,64,1,2,1,0,0,0,7,4,2,1,64,128,16,90,90,136314880,60144222208,441,0.114703,1106.8,524349
36,CUTLASS,gemm,cutlass3x_sm90_tensorop_s64x128x16gemm_f16_f16_f32_f16_f16_128x128x64_1x2x1_0_nnn_align8_warpspecialized_epi_nosmem,passed,success,universal,512,14336,4096,f16:column,f16:column,f16:column,f16:column,1,0,serial,4,1,heuristic,invalid,invalid,false,false,1,tensorop,f32,128,128,64,1,2,1,0,0,0,7,4,1,1,64,128,16,90,90,136314880,60144222208,441,0.112589,1127.58,534192
36,CUTLASS,gemm,cutlass3x_sm90_tensorop_s64x128x16gemm_f16_f16_f32_f16_f16_128x128x64_1x2x1_0_nnn_align8_warpspecialized_pingpong_epi_tma,passed,success,universal,512,14336,4096,f16:column,f16:column,f16:column,f16:column,1,0,serial,4,1,heuristic,invalid,invalid,false,false,1,tensorop,f32,128,128,64,1,2,1,0,0,0,6,4,1,1,64,128,16,90,90,136314880,60144222208,441,0.107219,1184.05,560946
36,CUTLASS,gemm,cutlass3x_sm90_tensorop_s64x128x16gemm_f16_f16_f32_f16_f16_128x128x64_1x2x1_0_nnn_align8_warpspecialized_pingpong_epi_nosmem,passed,success,universal,512,14336,4096,f16:column,f16:column,f16:column,f16:column,1,0,serial,4,1,heuristic,invalid,invalid,false,false,1,tensorop,f32,128,128,64,1,2,1,0,0,0,7,4,1,1,64,128,16,90,90,136314880,60144222208,441,0.110565,1148.22,543971
36,CUTLASS,gemm,cutlass3x_sm90_tensorop_s64x128x16gemm_f16_f16_f32_f16_f16_128x128x64_1x2x1_0_nnn_align8_warpspecialized_cooperative_epi_nosmem,passed,success,universal,512,14336,4096,f16:column,f16:column,f16:column,f16:column,1,0,serial,4,1,heuristic,invalid,invalid,false,false,1,tensorop,f32,128,128,64,1,2,1,0,0,0,7,4,2,1,64,128,16,90,90,136314880,60144222208,441,0.114723,1106.61,524258
36,CUTLASS,gemm,cutlass3x_sm90_tensorop_s64x128x16gemm_f16_f16_f32_f16_f16_128x128x64_1x2x1_0_nnn_align8_warpspecialized_cooperative_epi_tma,passed,success,universal,512,14336,4096,f16:column,f16:column,f16:column,f16:column,1,0,serial,4,1,heuristic,invalid,invalid,false,false,1,tensorop,f32,128,128,64,1,2,1,0,0,0,6,4,2,1,64,128,16,90,90,136314880,60144222208,441,0.10861,1168.89,553765
36,CUTLASS,gemm,cutlass3x_sm90_tensorop_s64x128x16gemm_f16_f16_f32_f16_f16_128x128x64_1x2x1_0_nnn_align8_stream_k_warpspecialized_cooperative_epi_nosmem,passed,success,universal,512,14336,4096,f16:column,f16:column,f16:column,f16:column,1,0,serial,4,1,heuristic,invalid,invalid,false,false,1,tensorop,f32,128,128,64,1,2,1,0,0,0,7,4,2,1,64,128,16,90,90,136314880,60144222208,441,0.164424,772.108,365787
36,CUTLASS,gemm,cutlass3x_sm90_tensorop_s64x128x16gemm_f16_f16_f32_f16_f16_128x128x64_1x2x1_0_nnn_align8_stream_k_warpspecialized_cooperative_epi_tma,passed,success,universal,512,14336,4096,f16:column,f16:column,f16:column,f16:column,1,0,serial,4,1,heuristic,invalid,invalid,false,false,1,tensorop,f32,128,128,64,1,2,1,0,0,0,6,4,2,1,64,128,16,90,90,136314880,60144222208,441,0.162022,783.554,371210
36,CUTLASS,gemm,cutlass3x_sm90_tensorop_s64x128x16gemm_f16_f16_f32_f16_f16_128x128x64_2x1x1_0_nnn_align8,passed,success,universal,512,14336,4096,f16:column,f16:column,f16:column,f16:column,1,0,serial,4,1,heuristic,invalid,invalid,false,false,1,tensorop,f32,128,128,64,2,1,1,0,0,0,7,4,2,1,64,128,16,90,90,136314880,60144222208,441,0.0973654,1303.88,617716
36,CUTLASS,gemm,cutlass3x_sm90_tensorop_s64x128x16gemm_f16_f16_f32_f16_f16_128x128x64_2x1x1_0_nnn_align8_warpspecialized_epi_nosmem,passed,success,universal,512,14336,4096,f16:column,f16:column,f16:column,f16:column,1,0,serial,4,1,heuristic,invalid,invalid,false,false,1,tensorop,f32,128,128,64,2,1,1,0,0,0,7,4,1,1,64,128,16,90,90,136314880,60144222208,441,0.102557,1237.88,586448
36,CUTLASS,gemm,cutlass3x_sm90_tensorop_s64x128x16gemm_f16_f16_f32_f16_f16_128x128x64_2x1x1_0_nnn_align8_warpspecialized_pingpong_epi_tma,passed,success,universal,512,14336,4096,f16:column,f16:column,f16:column,f16:column,1,0,serial,4,1,heuristic,invalid,invalid,false,false,1,tensorop,f32,128,128,64,2,1,1,0,0,0,6,4,1,1,64,128,16,90,90,136314880,60144222208,441,0.0911494,1392.8,659842
36,CUTLASS,gemm,cutlass3x_sm90_tensorop_s64x128x16gemm_f16_f16_f32_f16_f16_128x128x64_2x1x1_0_nnn_align8_warpspecialized_pingpong_epi_nosmem,passed,success,universal,512,14336,4096,f16:column,f16:column,f16:column,f16:column,1,0,serial,4,1,heuristic,invalid,invalid,false,false,1,tensorop,f32,128,128,64,2,1,1,0,0,0,7,4,1,1,64,128,16,90,90,136314880,60144222208,441,0.0900902,1409.18,667600
36,CUTLASS,gemm,cutlass3x_sm90_tensorop_s64x128x16gemm_f16_f16_f32_f16_f16_128x128x64_2x1x1_0_nnn_align8_warpspecialized_cooperative_epi_nosmem,passed,success,universal,512,14336,4096,f16:column,f16:column,f16:column,f16:column,1,0,serial,4,1,heuristic,invalid,invalid,false,false,1,tensorop,f32,128,128,64,2,1,1,0,0,0,7,4,2,1,64,128,16,90,90,136314880,60144222208,441,0.097304,1304.71,618106
36,CUTLASS,gemm,cutlass3x_sm90_tensorop_s64x128x16gemm_f16_f16_f32_f16_f16_128x128x64_2x1x1_0_nnn_align8_warpspecialized_cooperative_epi_tma,passed,success,universal,512,14336,4096,f16:column,f16:column,f16:column,f16:column,1,0,serial,4,1,heuristic,invalid,invalid,false,false,1,tensorop,f32,128,128,64,2,1,1,0,0,0,6,4,2,1,64,128,16,90,90,136314880,60144222208,441,0.0929734,1365.48,646897
36,CUTLASS,gemm,cutlass3x_sm90_tensorop_s64x128x16gemm_f16_f16_f32_f16_f16_128x128x64_2x1x1_0_nnn_align8_stream_k_warpspecialized_cooperative_epi_nosmem,passed,success,universal,512,14336,4096,f16:column,f16:column,f16:column,f16:column,1,0,serial,4,1,heuristic,invalid,invalid,false,false,1,tensorop,f32,128,128,64,2,1,1,0,0,0,7,4,2,1,64,128,16,90,90,136314880,60144222208,441,0.161686,785.181,371981
36,CUTLASS,gemm,cutlass3x_sm90_tensorop_s64x128x16gemm_f16_f16_f32_f16_f16_128x128x64_2x1x1_0_nnn_align8_stream_k_warpspecialized_cooperative_epi_tma,passed,success,universal,512,14336,4096,f16:column,f16:column,f16:column,f16:column,1,0,serial,4,1,heuristic,invalid,invalid,false,false,1,tensorop,f32,128,128,64,2,1,1,0,0,0,6,4,2,1,64,128,16,90,90,136314880,60144222208,441,0.162872,779.464,369272
37,CUTLASS,gemm,cutlass_tensorop_f16_s1688gemm_f16_256x128_32x2_nn_align8,passed,success,universal,640,14336,4096,f16:column,f16:column,f16:column,f16:column,1,0,serial,4,1,heuristic,invalid,invalid,false,false,1,tensorop,f32,256,128,32,1,1,1,0,0,0,2,4,2,1,16,8,8,75,1024,141033472,75180277760,533,0.426536,307.94,176258
37,CUTLASS,gemm,cutlass_tensorop_f16_s16816gemm_f16_256x128_32x3_nn_align8,passed,success,universal,640,14336,4096,f16:column,f16:column,f16:column,f16:column,1,0,serial,4,1,heuristic,invalid,invalid,false,false,1,tensorop,f32,256,128,32,1,1,1,0,0,0,3,4,2,1,16,8,16,80,1024,141033472,75180277760,533,0.247563,530.563,303682
37,CUTLASS,gemm,cutlass3x_sm90_tensorop_s64x128x16gemm_f16_f16_f32_f16_f16_128x128x64_1x2x1_0_nnn_align8,passed,success,universal,640,14336,4096,f16:column,f16:column,f16:column,f16:column,1,0,serial,4,1,heuristic,invalid,invalid,false,false,1,tensorop,f32,128,128,64,1,2,1,0,0,0,7,4,2,1,64,128,16,90,90,141033472,75180277760,533,0.144059,911.766,521873
37,CUTLASS,gemm,cutlass3x_sm90_tensorop_s64x128x16gemm_f16_f16_f32_f16_f16_128x128x64_1x2x1_0_nnn_align8_warpspecialized_epi_nosmem,passed,success,universal,640,14336,4096,f16:column,f16:column,f16:column,f16:column,1,0,serial,4,1,heuristic,invalid,invalid,false,false,1,tensorop,f32,128,128,64,1,2,1,0,0,0,7,4,1,1,64,128,16,90,90,141033472,75180277760,533,0.138969,945.16,540987
37,CUTLASS,gemm,cutlass3x_sm90_tensorop_s64x128x16gemm_f16_f16_f32_f16_f16_128x128x64_1x2x1_0_nnn_align8_warpspecialized_pingpong_epi_tma,passed,success,universal,640,14336,4096,f16:column,f16:column,f16:column,f16:column,1,0,serial,4,1,heuristic,invalid,invalid,false,false,1,tensorop,f32,128,128,64,1,2,1,0,0,0,6,4,1,1,64,128,16,90,90,141033472,75180277760,533,0.133958,980.513,561222
37,CUTLASS,gemm,cutlass3x_sm90_tensorop_s64x128x16gemm_f16_f16_f32_f16_f16_128x128x64_1x2x1_0_nnn_align8_warpspecialized_pingpong_epi_nosmem,passed,success,universal,640,14336,4096,f16:column,f16:column,f16:column,f16:column,1,0,serial,4,1,heuristic,invalid,invalid,false,false,1,tensorop,f32,128,128,64,1,2,1,0,0,0,7,4,1,1,64,128,16,90,90,141033472,75180277760,533,0.136411,962.88,551130
37,CUTLASS,gemm,cutlass3x_sm90_tensorop_s64x128x16gemm_f16_f16_f32_f16_f16_128x128x64_1x2x1_0_nnn_align8_warpspecialized_cooperative_epi_nosmem,passed,success,universal,640,14336,4096,f16:column,f16:column,f16:column,f16:column,1,0,serial,4,1,heuristic,invalid,invalid,false,false,1,tensorop,f32,128,128,64,1,2,1,0,0,0,7,4,2,1,64,128,16,90,90,141033472,75180277760,533,0.143889,912.842,522489
37,CUTLASS,gemm,cutlass3x_sm90_tensorop_s64x128x16gemm_f16_f16_f32_f16_f16_128x128x64_1x2x1_0_nnn_align8_warpspecialized_cooperative_epi_tma,passed,success,universal,640,14336,4096,f16:column,f16:column,f16:column,f16:column,1,0,serial,4,1,heuristic,invalid,invalid,false,false,1,tensorop,f32,128,128,64,1,2,1,0,0,0,6,4,2,1,64,128,16,90,90,141033472,75180277760,533,0.136075,965.258,552491
37,CUTLASS,gemm,cutlass3x_sm90_tensorop_s64x128x16gemm_f16_f16_f32_f16_f16_128x128x64_1x2x1_0_nnn_align8_stream_k_warpspecialized_cooperative_epi_nosmem,passed,success,universal,640,14336,4096,f16:column,f16:column,f16:column,f16:column,1,0,serial,4,1,heuristic,invalid,invalid,false,false,1,tensorop,f32,128,128,64,1,2,1,0,0,0,7,4,2,1,64,128,16,90,90,141033472,75180277760,533,0.203469,645.542,369493
37,CUTLASS,gemm,cutlass3x_sm90_tensorop_s64x128x16gemm_f16_f16_f32_f16_f16_128x128x64_1x2x1_0_nnn_align8_stream_k_warpspecialized_cooperative_epi_tma,passed,success,universal,640,14336,4096,f16:column,f16:column,f16:column,f16:column,1,0,serial,4,1,heuristic,invalid,invalid,false,false,1,tensorop,f32,128,128,64,1,2,1,0,0,0,6,4,2,1,64,128,16,90,90,141033472,75180277760,533,0.199073,659.798,377652
37,CUTLASS,gemm,cutlass3x_sm90_tensorop_s64x128x16gemm_f16_f16_f32_f16_f16_128x128x64_2x1x1_0_nnn_align8,passed,success,universal,640,14336,4096,f16:column,f16:column,f16:column,f16:column,1,0,serial,4,1,heuristic,invalid,invalid,false,false,1,tensorop,f32,128,128,64,2,1,1,0,0,0,7,4,2,1,64,128,16,90,90,141033472,75180277760,533,0.180942,725.91,415494
37,CUTLASS,gemm,cutlass3x_sm90_tensorop_s64x128x16gemm_f16_f16_f32_f16_f16_128x128x64_2x1x1_0_nnn_align8_warpspecialized_epi_nosmem,passed,success,universal,640,14336,4096,f16:column,f16:column,f16:column,f16:column,1,0,serial,4,1,heuristic,invalid,invalid,false,false,1,tensorop,f32,128,128,64,2,1,1,0,0,0,7,4,1,1,64,128,16,90,90,141033472,75180277760,533,0.173548,756.84,433197
37,CUTLASS,gemm,cutlass3x_sm90_tensorop_s64x128x16gemm_f16_f16_f32_f16_f16_128x128x64_2x1x1_0_nnn_align8_warpspecialized_pingpong_epi_tma,passed,success,universal,640,14336,4096,f16:column,f16:column,f16:column,f16:column,1,0,serial,4,1,heuristic,invalid,invalid,false,false,1,tensorop,f32,128,128,64,2,1,1,0,0,0,6,4,1,1,64,128,16,90,90,141033472,75180277760,533,0.176541,744.005,425851
37,CUTLASS,gemm,cutlass3x_sm90_tensorop_s64x128x16gemm_f16_f16_f32_f16_f16_128x128x64_2x1x1_0_nnn_align8_warpspecialized_pingpong_epi_nosmem,passed,success,universal,640,14336,4096,f16:column,f16:column,f16:column,f16:column,1,0,serial,4,1,heuristic,invalid,invalid,false,false,1,tensorop,f32,128,128,64,2,1,1,0,0,0,7,4,1,1,64,128,16,90,90,141033472,75180277760,533,0.181548,723.488,414107
37,CUTLASS,gemm,cutlass3x_sm90_tensorop_s64x128x16gemm_f16_f16_f32_f16_f16_128x128x64_2x1x1_0_nnn_align8_warpspecialized_cooperative_epi_nosmem,passed,success,universal,640,14336,4096,f16:column,f16:column,f16:column,f16:column,1,0,serial,4,1,heuristic,invalid,invalid,false,false,1,tensorop,f32,128,128,64,2,1,1,0,0,0,7,4,2,1,64,128,16,90,90,141033472,75180277760,533,0.181307,724.449,414658
37,CUTLASS,gemm,cutlass3x_sm90_tensorop_s64x128x16gemm_f16_f16_f32_f16_f16_128x128x64_2x1x1_0_nnn_align8_warpspecialized_cooperative_epi_tma,passed,success,universal,640,14336,4096,f16:column,f16:column,f16:column,f16:column,1,0,serial,4,1,heuristic,invalid,invalid,false,false,1,tensorop,f32,128,128,64,2,1,1,0,0,0,6,4,2,1,64,128,16,90,90,141033472,75180277760,533,0.177836,738.589,422751
37,CUTLASS,gemm,cutlass3x_sm90_tensorop_s64x128x16gemm_f16_f16_f32_f16_f16_128x128x64_2x1x1_0_nnn_align8_stream_k_warpspecialized_cooperative_epi_nosmem,passed,success,universal,640,14336,4096,f16:column,f16:column,f16:column,f16:column,1,0,serial,4,1,heuristic,invalid,invalid,false,false,1,tensorop,f32,128,128,64,2,1,1,0,0,0,7,4,2,1,64,128,16,90,90,141033472,75180277760,533,0.239331,548.812,314127
37,CUTLASS,gemm,cutlass3x_sm90_tensorop_s64x128x16gemm_f16_f16_f32_f16_f16_128x128x64_2x1x1_0_nnn_align8_stream_k_warpspecialized_cooperative_epi_tma,passed,success,universal,640,14336,4096,f16:column,f16:column,f16:column,f16:column,1,0,serial,4,1,heuristic,invalid,invalid,false,false,1,tensorop,f32,128,128,64,2,1,1,0,0,0,6,4,2,1,64,128,16,90,90,141033472,75180277760,533,0.239469,548.494,313945
38,CUTLASS,gemm,cutlass_tensorop_f16_s1688gemm_f16_256x128_32x2_nn_align8,passed,success,universal,768,14336,4096,f16:column,f16:column,f16:column,f16:column,1,0,serial,4,1,heuristic,invalid,invalid,false,false,1,tensorop,f32,256,128,32,1,1,1,0,0,0,2,4,2,1,16,8,8,75,1024,145752064,90216333312,618,0.48573,279.46,185734
38,CUTLASS,gemm,cutlass_tensorop_f16_s16816gemm_f16_256x128_32x3_nn_align8,passed,success,universal,768,14336,4096,f16:column,f16:column,f16:column,f16:column,1,0,serial,4,1,heuristic,invalid,invalid,false,false,1,tensorop,f32,256,128,32,1,1,1,0,0,0,3,4,2,1,16,8,16,80,1024,145752064,90216333312,618,0.282109,481.17,319793
38,CUTLASS,gemm,cutlass3x_sm90_tensorop_s64x128x16gemm_f16_f16_f32_f16_f16_128x128x64_1x2x1_0_nnn_align8,passed,success,universal,768,14336,4096,f16:column,f16:column,f16:column,f16:column,1,0,serial,4,1,heuristic,invalid,invalid,false,false,1,tensorop,f32,128,128,64,1,2,1,0,0,0,7,4,2,1,64,128,16,90,90,145752064,90216333312,618,0.170875,794.397,527968
38,CUTLASS,gemm,cutlass3x_sm90_tensorop_s64x128x16gemm_f16_f16_f32_f16_f16_128x128x64_1x2x1_0_nnn_align8_warpspecialized_epi_nosmem,passed,success,universal,768,14336,4096,f16:column,f16:column,f16:column,f16:column,1,0,serial,4,1,heuristic,invalid,invalid,false,false,1,tensorop,f32,128,128,64,1,2,1,0,0,0,7,4,1,1,64,128,16,90,90,145752064,90216333312,618,0.148117,916.45,609087
38,CUTLASS,gemm,cutlass3x_sm90_tensorop_s64x128x16gemm_f16_f16_f32_f16_f16_128x128x64_1x2x1_0_nnn_align8_warpspecialized_pingpong_epi_tma,passed,success,universal,768,14336,4096,f16:column,f16:column,f16:column,f16:column,1,0,serial,4,1,heuristic,invalid,invalid,false,false,1,tensorop,f32,128,128,64,1,2,1,0,0,0,6,4,1,1,64,128,16,90,90,145752064,90216333312,618,0.156442,867.682,576675
38,CUTLASS,gemm,cutlass3x_sm90_tensorop_s64x128x16gemm_f16_f16_f32_f16_f16_128x128x64_1x2x1_0_nnn_align8_warpspecialized_pingpong_epi_nosmem,passed,success,universal,768,14336,4096,f16:column,f16:column,f16:column,f16:column,1,0,serial,4,1,heuristic,invalid,invalid,false,false,1,tensorop,f32,128,128,64,1,2,1,0,0,0,7,4,1,1,64,128,16,90,90,145752064,90216333312,618,0.160099,847.863,563503
38,CUTLASS,gemm,cutlass3x_sm90_tensorop_s64x128x16gemm_f16_f16_f32_f16_f16_128x128x64_1x2x1_0_nnn_align8_warpspecialized_cooperative_epi_nosmem,passed,success,universal,768,14336,4096,f16:column,f16:column,f16:column,f16:column,1,0,serial,4,1,heuristic,invalid,invalid,false,false,1,tensorop,f32,128,128,64,1,2,1,0,0,0,7,4,2,1,64,128,16,90,90,145752064,90216333312,618,0.170618,795.592,528762
38,CUTLASS,gemm,cutlass3x_sm90_tensorop_s64x128x16gemm_f16_f16_f32_f16_f16_128x128x64_1x2x1_0_nnn_align8_warpspecialized_cooperative_epi_tma,passed,success,universal,768,14336,4096,f16:column,f16:column,f16:column,f16:column,1,0,serial,4,1,heuristic,invalid,invalid,false,false,1,tensorop,f32,128,128,64,1,2,1,0,0,0,6,4,2,1,64,128,16,90,90,145752064,90216333312,618,0.157811,860.157,571674
38,CUTLASS,gemm,cutlass3x_sm90_tensorop_s64x128x16gemm_f16_f16_f32_f16_f16_128x128x64_1x2x1_0_nnn_align8_stream_k_warpspecialized_cooperative_epi_nosmem,passed,success,universal,768,14336,4096,f16:column,f16:column,f16:column,f16:column,1,0,serial,4,1,heuristic,invalid,invalid,false,false,1,tensorop,f32,128,128,64,1,2,1,0,0,0,7,4,2,1,64,128,16,90,90,145752064,90216333312,618,0.248725,545.751,362715
38,CUTLASS,gemm,cutlass3x_sm90_tensorop_s64x128x16gemm_f16_f16_f32_f16_f16_128x128x64_1x2x1_0_nnn_align8_stream_k_warpspecialized_cooperative_epi_tma,passed,success,universal,768,14336,4096,f16:column,f16:column,f16:column,f16:column,1,0,serial,4,1,heuristic,invalid,invalid,false,false,1,tensorop,f32,128,128,64,1,2,1,0,0,0,6,4,2,1,64,128,16,90,90,145752064,90216333312,618,0.242793,559.086,371577
38,CUTLASS,gemm,cutlass3x_sm90_tensorop_s64x128x16gemm_f16_f16_f32_f16_f16_128x128x64_2x1x1_0_nnn_align8,passed,success,universal,768,14336,4096,f16:column,f16:column,f16:column,f16:column,1,0,serial,4,1,heuristic,invalid,invalid,false,false,1,tensorop,f32,128,128,64,2,1,1,0,0,0,7,4,2,1,64,128,16,90,90,145752064,90216333312,618,0.152287,891.359,592411
38,CUTLASS,gemm,cutlass3x_sm90_tensorop_s64x128x16gemm_f16_f16_f32_f16_f16_128x128x64_2x1x1_0_nnn_align8_warpspecialized_epi_nosmem,passed,success,universal,768,14336,4096,f16:column,f16:column,f16:column,f16:column,1,0,serial,4,1,heuristic,invalid,invalid,false,false,1,tensorop,f32,128,128,64,2,1,1,0,0,0,7,4,1,1,64,128,16,90,90,145752064,90216333312,618,0.146212,928.396,617026
38,CUTLASS,gemm,cutlass3x_sm90_tensorop_s64x128x16gemm_f16_f16_f32_f16_f16_128x128x64_2x1x1_0_nnn_align8_warpspecialized_pingpong_epi_tma,passed,success,universal,768,14336,4096,f16:column,f16:column,f16:column,f16:column,1,0,serial,4,1,heuristic,invalid,invalid,false,false,1,tensorop,f32,128,128,64,2,1,1,0,0,0,6,4,1,1,64,128,16,90,90,145752064,90216333312,618,0.137072,990.296,658166
38,CUTLASS,gemm,cutlass3x_sm90_tensorop_s64x128x16gemm_f16_f16_f32_f16_f16_128x128x64_2x1x1_0_nnn_align8_warpspecialized_pingpong_epi_nosmem,passed,success,universal,768,14336,4096,f16:column,f16:column,f16:column,f16:column,1,0,serial,4,1,heuristic,invalid,invalid,false,false,1,tensorop,f32,128,128,64,2,1,1,0,0,0,7,4,1,1,64,128,16,90,90,145752064,90216333312,618,0.136194,996.681,662409
38,CUTLASS,gemm,cutlass3x_sm90_tensorop_s64x128x16gemm_f16_f16_f32_f16_f16_128x128x64_2x1x1_0_nnn_align8_warpspecialized_cooperative_epi_nosmem,passed,success,universal,768,14336,4096,f16:column,f16:column,f16:column,f16:column,1,0,serial,4,1,heuristic,invalid,invalid,false,false,1,tensorop,f32,128,128,64,2,1,1,0,0,0,7,4,2,1,64,128,16,90,90,145752064,90216333312,618,0.152059,892.697,593300
38,CUTLASS,gemm,cutlass3x_sm90_tensorop_s64x128x16gemm_f16_f16_f32_f16_f16_128x128x64_2x1x1_0_nnn_align8_warpspecialized_cooperative_epi_tma,passed,success,universal,768,14336,4096,f16:column,f16:column,f16:column,f16:column,1,0,serial,4,1,heuristic,invalid,invalid,false,false,1,tensorop,f32,128,128,64,2,1,1,0,0,0,6,4,2,1,64,128,16,90,90,145752064,90216333312,618,0.137547,986.882,655897
38,CUTLASS,gemm,cutlass3x_sm90_tensorop_s64x128x16gemm_f16_f16_f32_f16_f16_128x128x64_2x1x1_0_nnn_align8_stream_k_warpspecialized_cooperative_epi_nosmem,passed,success,universal,768,14336,4096,f16:column,f16:column,f16:column,f16:column,1,0,serial,4,1,heuristic,invalid,invalid,false,false,1,tensorop,f32,128,128,64,2,1,1,0,0,0,7,4,2,1,64,128,16,90,90,145752064,90216333312,618,0.241654,561.72,373328
38,CUTLASS,gemm,cutlass3x_sm90_tensorop_s64x128x16gemm_f16_f16_f32_f16_f16_128x128x64_2x1x1_0_nnn_align8_stream_k_warpspecialized_cooperative_epi_tma,passed,success,universal,768,14336,4096,f16:column,f16:column,f16:column,f16:column,1,0,serial,4,1,heuristic,invalid,invalid,false,false,1,tensorop,f32,128,128,64,2,1,1,0,0,0,6,4,2,1,64,128,16,90,90,145752064,90216333312,618,0.238398,569.392,378427
39,CUTLASS,gemm,cutlass_tensorop_f16_s1688gemm_f16_256x128_32x2_nn_align8,passed,success,universal,896,14336,4096,f16:column,f16:column,f16:column,f16:column,1,0,serial,4,1,heuristic,invalid,invalid,false,false,1,tensorop,f32,256,128,32,1,1,1,0,0,0,2,4,2,1,16,8,8,75,1024,150470656,105252388864,699,0.527819,265.502,199410
39,CUTLASS,gemm,cutlass_tensorop_f16_s16816gemm_f16_256x128_32x3_nn_align8,passed,success,universal,896,14336,4096,f16:column,f16:column,f16:column,f16:column,1,0,serial,4,1,heuristic,invalid,invalid,false,false,1,tensorop,f32,256,128,32,1,1,1,0,0,0,3,4,2,1,16,8,16,80,1024,150470656,105252388864,699,0.311209,450.298,338205
39,CUTLASS,gemm,cutlass3x_sm90_tensorop_s64x128x16gemm_f16_f16_f32_f16_f16_128x128x64_1x2x1_0_nnn_align8,passed,success,universal,896,14336,4096,f16:column,f16:column,f16:column,f16:column,1,0,serial,4,1,heuristic,invalid,invalid,false,false,1,tensorop,f32,128,128,64,1,2,1,0,0,0,7,4,2,1,64,128,16,90,90,150470656,105252388864,699,0.178957,783.076,588144
39,CUTLASS,gemm,cutlass3x_sm90_tensorop_s64x128x16gemm_f16_f16_f32_f16_f16_128x128x64_1x2x1_0_nnn_align8_warpspecialized_epi_nosmem,passed,success,universal,896,14336,4096,f16:column,f16:column,f16:column,f16:column,1,0,serial,4,1,heuristic,invalid,invalid,false,false,1,tensorop,f32,128,128,64,1,2,1,0,0,0,7,4,1,1,64,128,16,90,90,150470656,105252388864,699,0.175301,799.404,600408
39,CUTLASS,gemm,cutlass3x_sm90_tensorop_s64x128x16gemm_f16_f16_f32_f16_f16_128x128x64_1x2x1_0_nnn_align8_warpspecialized_pingpong_epi_tma,passed,success,universal,896,14336,4096,f16:column,f16:column,f16:column,f16:column,1,0,serial,4,1,heuristic,invalid,invalid,false,false,1,tensorop,f32,128,128,64,1,2,1,0,0,0,6,4,1,1,64,128,16,90,90,150470656,105252388864,699,0.164858,850.044,638442
39,CUTLASS,gemm,cutlass3x_sm90_tensorop_s64x128x16gemm_f16_f16_f32_f16_f16_128x128x64_1x2x1_0_nnn_align8_warpspecialized_pingpong_epi_nosmem,passed,success,universal,896,14336,4096,f16:column,f16:column,f16:column,f16:column,1,0,serial,4,1,heuristic,invalid,invalid,false,false,1,tensorop,f32,128,128,64,1,2,1,0,0,0,7,4,1,1,64,128,16,90,90,150470656,105252388864,699,0.170342,822.677,617887
39,CUTLASS,gemm,cutlass3x_sm90_tensorop_s64x128x16gemm_f16_f16_f32_f16_f16_128x128x64_1x2x1_0_nnn_align8_warpspecialized_cooperative_epi_nosmem,passed,success,universal,896,14336,4096,f16:column,f16:column,f16:column,f16:column,1,0,serial,4,1,heuristic,invalid,invalid,false,false,1,tensorop,f32,128,128,64,1,2,1,0,0,0,7,4,2,1,64,128,16,90,90,150470656,105252388864,699,0.178691,784.241,589019
39,CUTLASS,gemm,cutlass3x_sm90_tensorop_s64x128x16gemm_f16_f16_f32_f16_f16_128x128x64_1x2x1_0_nnn_align8_warpspecialized_cooperative_epi_tma,passed,success,universal,896,14336,4096,f16:column,f16:column,f16:column,f16:column,1,0,serial,4,1,heuristic,invalid,invalid,false,false,1,tensorop,f32,128,128,64,1,2,1,0,0,0,6,4,2,1,64,128,16,90,90,150470656,105252388864,699,0.165899,844.71,634436
39,CUTLASS,gemm,cutlass3x_sm90_tensorop_s64x128x16gemm_f16_f16_f32_f16_f16_128x128x64_1x2x1_0_nnn_align8_stream_k_warpspecialized_cooperative_epi_nosmem,passed,success,universal,896,14336,4096,f16:column,f16:column,f16:column,f16:column,1,0,serial,4,1,heuristic,invalid,invalid,false,false,1,tensorop,f32,128,128,64,1,2,1,0,0,0,7,4,2,1,64,128,16,90,90,150470656,105252388864,699,0.282872,495.407,372085
39,CUTLASS,gemm,cutlass3x_sm90_tensorop_s64x128x16gemm_f16_f16_f32_f16_f16_128x128x64_1x2x1_0_nnn_align8_stream_k_warpspecialized_cooperative_epi_tma,passed,success,universal,896,14336,4096,f16:column,f16:column,f16:column,f16:column,1,0,serial,4,1,heuristic,invalid,invalid,false,false,1,tensorop,f32,128,128,64,1,2,1,0,0,0,6,4,2,1,64,128,16,90,90,150470656,105252388864,699,0.276286,507.216,380954
39,CUTLASS,gemm,cutlass3x_sm90_tensorop_s64x128x16gemm_f16_f16_f32_f16_f16_128x128x64_2x1x1_0_nnn_align8,passed,success,universal,896,14336,4096,f16:column,f16:column,f16:column,f16:column,1,0,serial,4,1,heuristic,invalid,invalid,false,false,1,tensorop,f32,128,128,64,2,1,1,0,0,0,7,4,2,1,64,128,16,90,90,150470656,105252388864,699,0.234309,598.086,449204
39,CUTLASS,gemm,cutlass3x_sm90_tensorop_s64x128x16gemm_f16_f16_f32_f16_f16_128x128x64_2x1x1_0_nnn_align8_warpspecialized_epi_nosmem,passed,success,universal,896,14336,4096,f16:column,f16:column,f16:column,f16:column,1,0,serial,4,1,heuristic,invalid,invalid,false,false,1,tensorop,f32,128,128,64,2,1,1,0,0,0,7,4,1,1,64,128,16,90,90,150470656,105252388864,699,0.228353,613.684,460919
39,CUTLASS,gemm,cutlass3x_sm90_tensorop_s64x128x16gemm_f16_f16_f32_f16_f16_128x128x64_2x1x1_0_nnn_align8_warpspecialized_pingpong_epi_tma,passed,success,universal,896,14336,4096,f16:column,f16:column,f16:column,f16:column,1,0,serial,4,1,heuristic,invalid,invalid,false,false,1,tensorop,f32,128,128,64,2,1,1,0,0,0,6,4,1,1,64,128,16,90,90,150470656,105252388864,699,0.223282,627.623,471389
39,CUTLASS,gemm,cutlass3x_sm90_tensorop_s64x128x16gemm_f16_f16_f32_f16_f16_128x128x64_2x1x1_0_nnn_align8_warpspecialized_pingpong_epi_nosmem,passed,success,universal,896,14336,4096,f16:column,f16:column,f16:column,f16:column,1,0,serial,4,1,heuristic,invalid,invalid,false,false,1,tensorop,f32,128,128,64,2,1,1,0,0,0,7,4,1,1,64,128,16,90,90,150470656,105252388864,699,0.229255,611.269,459105
39,CUTLASS,gemm,cutlass3x_sm90_tensorop_s64x128x16gemm_f16_f16_f32_f16_f16_128x128x64_2x1x1_0_nnn_align8_warpspecialized_cooperative_epi_nosmem,passed,success,universal,896,14336,4096,f16:column,f16:column,f16:column,f16:column,1,0,serial,4,1,heuristic,invalid,invalid,false,false,1,tensorop,f32,128,128,64,2,1,1,0,0,0,7,4,2,1,64,128,16,90,90,150470656,105252388864,699,0.234142,598.511,449523
39,CUTLASS,gemm,cutlass3x_sm90_tensorop_s64x128x16gemm_f16_f16_f32_f16_f16_128x128x64_2x1x1_0_nnn_align8_warpspecialized_cooperative_epi_tma,passed,success,universal,896,14336,4096,f16:column,f16:column,f16:column,f16:column,1,0,serial,4,1,heuristic,invalid,invalid,false,false,1,tensorop,f32,128,128,64,2,1,1,0,0,0,6,4,2,1,64,128,16,90,90,150470656,105252388864,699,0.225496,621.46,466759
39,CUTLASS,gemm,cutlass3x_sm90_tensorop_s64x128x16gemm_f16_f16_f32_f16_f16_128x128x64_2x1x1_0_nnn_align8_stream_k_warpspecialized_cooperative_epi_nosmem,passed,success,universal,896,14336,4096,f16:column,f16:column,f16:column,f16:column,1,0,serial,4,1,heuristic,invalid,invalid,false,false,1,tensorop,f32,128,128,64,2,1,1,0,0,0,7,4,2,1,64,128,16,90,90,150470656,105252388864,699,0.312683,448.176,336611
39,CUTLASS,gemm,cutlass3x_sm90_tensorop_s64x128x16gemm_f16_f16_f32_f16_f16_128x128x64_2x1x1_0_nnn_align8_stream_k_warpspecialized_cooperative_epi_tma,passed,success,universal,896,14336,4096,f16:column,f16:column,f16:column,f16:column,1,0,serial,4,1,heuristic,invalid,invalid,false,false,1,tensorop,f32,128,128,64,2,1,1,0,0,0,6,4,2,1,64,128,16,90,90,150470656,105252388864,699,0.309984,452.077,339541
40,CUTLASS,gemm,cutlass_tensorop_f16_s1688gemm_f16_256x128_32x2_nn_align8,passed,success,universal,1024,14336,4096,f16:column,f16:column,f16:column,f16:column,1,0,serial,4,1,heuristic,invalid,invalid,false,false,1,tensorop,f32,256,128,32,1,1,1,0,0,0,2,4,2,1,16,8,8,75,1024,155189248,120288444416,775,0.605781,238.587,198568
40,CUTLASS,gemm,cutlass_tensorop_f16_s16816gemm_f16_256x128_32x3_nn_align8,passed,success,universal,1024,14336,4096,f16:column,f16:column,f16:column,f16:column,1,0,serial,4,1,heuristic,invalid,invalid,false,false,1,tensorop,f32,256,128,32,1,1,1,0,0,0,3,4,2,1,16,8,16,80,1024,155189248,120288444416,775,0.356584,405.321,337335
40,CUTLASS,gemm,cutlass3x_sm90_tensorop_s64x128x16gemm_f16_f16_f32_f16_f16_128x128x64_1x2x1_0_nnn_align8,passed,success,universal,1024,14336,4096,f16:column,f16:column,f16:column,f16:column,1,0,serial,4,1,heuristic,invalid,invalid,false,false,1,tensorop,f32,128,128,64,1,2,1,0,0,0,7,4,2,1,64,128,16,90,90,155189248,120288444416,775,0.199495,724.484,602964
40,CUTLASS,gemm,cutlass3x_sm90_tensorop_s64x128x16gemm_f16_f16_f32_f16_f16_128x128x64_1x2x1_0_nnn_align8_warpspecialized_epi_nosmem,passed,success,universal,1024,14336,4096,f16:column,f16:column,f16:column,f16:column,1,0,serial,4,1,heuristic,invalid,invalid,false,false,1,tensorop,f32,128,128,64,1,2,1,0,0,0,7,4,1,1,64,128,16,90,90,155189248,120288444416,775,0.189796,761.509,633778
40,CUTLASS,gemm,cutlass3x_sm90_tensorop_s64x128x16gemm_f16_f16_f32_f16_f16_128x128x64_1x2x1_0_nnn_align8_warpspecialized_pingpong_epi_tma,passed,success,universal,1024,14336,4096,f16:column,f16:column,f16:column,f16:column,1,0,serial,4,1,heuristic,invalid,invalid,false,false,1,tensorop,f32,128,128,64,1,2,1,0,0,0,6,4,1,1,64,128,16,90,90,155189248,120288444416,775,0.185739,778.143,647622
40,CUTLASS,gemm,cutlass3x_sm90_tensorop_s64x128x16gemm_f16_f16_f32_f16_f16_128x128x64_1x2x1_0_nnn_align8_warpspecialized_pingpong_epi_nosmem,passed,success,universal,1024,14336,4096,f16:column,f16:column,f16:column,f16:column,1,0,serial,4,1,heuristic,invalid,invalid,false,false,1,tensorop,f32,128,128,64,1,2,1,0,0,0,7,4,1,1,64,128,16,90,90,155189248,120288444416,775,0.191142,756.146,629314
40,CUTLASS,gemm,cutlass3x_sm90_tensorop_s64x128x16gemm_f16_f16_f32_f16_f16_128x128x64_1x2x1_0_nnn_align8_warpspecialized_cooperative_epi_nosmem,passed,success,universal,1024,14336,4096,f16:column,f16:column,f16:column,f16:column,1,0,serial,4,1,heuristic,invalid,invalid,false,false,1,tensorop,f32,128,128,64,1,2,1,0,0,0,7,4,2,1,64,128,16,90,90,155189248,120288444416,775,0.199334,725.07,603451
40,CUTLASS,gemm,cutlass3x_sm90_tensorop_s64x128x16gemm_f16_f16_f32_f16_f16_128x128x64_1x2x1_0_nnn_align8_warpspecialized_cooperative_epi_tma,passed,success,universal,1024,14336,4096,f16:column,f16:column,f16:column,f16:column,1,0,serial,4,1,heuristic,invalid,invalid,false,false,1,tensorop,f32,128,128,64,1,2,1,0,0,0,6,4,2,1,64,128,16,90,90,155189248,120288444416,775,0.186827,773.611,643850
40,CUTLASS,gemm,cutlass3x_sm90_tensorop_s64x128x16gemm_f16_f16_f32_f16_f16_128x128x64_1x2x1_0_nnn_align8_stream_k_warpspecialized_cooperative_epi_nosmem,passed,success,universal,1024,14336,4096,f16:column,f16:column,f16:column,f16:column,1,0,serial,4,1,heuristic,invalid,invalid,false,false,1,tensorop,f32,128,128,64,1,2,1,0,0,0,7,4,2,1,64,128,16,90,90,155189248,120288444416,775,0.316352,456.869,380236
40,CUTLASS,gemm,cutlass3x_sm90_tensorop_s64x128x16gemm_f16_f16_f32_f16_f16_128x128x64_1x2x1_0_nnn_align8_stream_k_warpspecialized_cooperative_epi_tma,passed,success,universal,1024,14336,4096,f16:column,f16:column,f16:column,f16:column,1,0,serial,4,1,heuristic,invalid,invalid,false,false,1,tensorop,f32,128,128,64,1,2,1,0,0,0,6,4,2,1,64,128,16,90,90,155189248,120288444416,775,0.317696,454.935,378627
40,CUTLASS,gemm,cutlass3x_sm90_tensorop_s64x128x16gemm_f16_f16_f32_f16_f16_128x128x64_2x1x1_0_nnn_align8,passed,success,universal,1024,14336,4096,f16:column,f16:column,f16:column,f16:column,1,0,serial,4,1,heuristic,invalid,invalid,false,false,1,tensorop,f32,128,128,64,2,1,1,0,0,0,7,4,2,1,64,128,16,90,90,155189248,120288444416,775,0.181175,797.742,663934
40,CUTLASS,gemm,cutlass3x_sm90_tensorop_s64x128x16gemm_f16_f16_f32_f16_f16_128x128x64_2x1x1_0_nnn_align8_warpspecialized_epi_nosmem,passed,success,universal,1024,14336,4096,f16:column,f16:column,f16:column,f16:column,1,0,serial,4,1,heuristic,invalid,invalid,false,false,1,tensorop,f32,128,128,64,2,1,1,0,0,0,7,4,1,1,64,128,16,90,90,155189248,120288444416,775,0.195597,738.923,614981
40,CUTLASS,gemm,cutlass3x_sm90_tensorop_s64x128x16gemm_f16_f16_f32_f16_f16_128x128x64_2x1x1_0_nnn_align8_warpspecialized_pingpong_epi_tma,passed,success,universal,1024,14336,4096,f16:column,f16:column,f16:column,f16:column,1,0,serial,4,1,heuristic,invalid,invalid,false,false,1,tensorop,f32,128,128,64,2,1,1,0,0,0,6,4,1,1,64,128,16,90,90,155189248,120288444416,775,0.16756,862.564,717883
40,CUTLASS,gemm,cutlass3x_sm90_tensorop_s64x128x16gemm_f16_f16_f32_f16_f16_128x128x64_2x1x1_0_nnn_align8_warpspecialized_pingpong_epi_nosmem,passed,success,universal,1024,14336,4096,f16:column,f16:column,f16:column,f16:column,1,0,serial,4,1,heuristic,invalid,invalid,false,false,1,tensorop,f32,128,128,64,2,1,1,0,0,0,7,4,1,1,64,128,16,90,90,155189248,120288444416,775,0.175308,824.444,686157
40,CUTLASS,gemm,cutlass3x_sm90_tensorop_s64x128x16gemm_f16_f16_f32_f16_f16_128x128x64_2x1x1_0_nnn_align8_warpspecialized_cooperative_epi_nosmem,passed,success,universal,1024,14336,4096,f16:column,f16:column,f16:column,f16:column,1,0,serial,4,1,heuristic,invalid,invalid,false,false,1,tensorop,f32,128,128,64,2,1,1,0,0,0,7,4,2,1,64,128,16,90,90,155189248,120288444416,775,0.180353,801.379,666960
40,CUTLASS,gemm,cutlass3x_sm90_tensorop_s64x128x16gemm_f16_f16_f32_f16_f16_128x128x64_2x1x1_0_nnn_align8_warpspecialized_cooperative_epi_tma,passed,success,universal,1024,14336,4096,f16:column,f16:column,f16:column,f16:column,1,0,serial,4,1,heuristic,invalid,invalid,false,false,1,tensorop,f32,128,128,64,2,1,1,0,0,0,6,4,2,1,64,128,16,90,90,155189248,120288444416,775,0.173291,834.04,694143
40,CUTLASS,gemm,cutlass3x_sm90_tensorop_s64x128x16gemm_f16_f16_f32_f16_f16_128x128x64_2x1x1_0_nnn_align8_stream_k_warpspecialized_cooperative_epi_nosmem,passed,success,universal,1024,14336,4096,f16:column,f16:column,f16:column,f16:column,1,0,serial,4,1,heuristic,invalid,invalid,false,false,1,tensorop,f32,128,128,64,2,1,1,0,0,0,7,4,2,1,64,128,16,90,90,155189248,120288444416,775,0.310826,464.991,386997
40,CUTLASS,gemm,cutlass3x_sm90_tensorop_s64x128x16gemm_f16_f16_f32_f16_f16_128x128x64_2x1x1_0_nnn_align8_stream_k_warpspecialized_cooperative_epi_tma,passed,success,universal,1024,14336,4096,f16:column,f16:column,f16:column,f16:column,1,0,serial,4,1,heuristic,invalid,invalid,false,false,1,tensorop,f32,128,128,64,2,1,1,0,0,0,6,4,2,1,64,128,16,90,90,155189248,120288444416,775,0.312209,462.931,385281
41,CUTLASS,gemm,cutlass_tensorop_f16_s1688gemm_f16_256x128_32x2_nn_align8,passed,success,universal,1152,14336,4096,f16:column,f16:column,f16:column,f16:column,1,0,serial,4,1,heuristic,invalid,invalid,false,false,1,tensorop,f32,256,128,32,1,1,1,0,0,0,2,4,2,1,16,8,8,75,1024,159907840,135324499968,846,0.698203,213.299,193818
41,CUTLASS,gemm,cutlass_tensorop_f16_s16816gemm_f16_256x128_32x3_nn_align8,passed,success,universal,1152,14336,4096,f16:column,f16:column,f16:column,f16:column,1,0,serial,4,1,heuristic,invalid,invalid,false,false,1,tensorop,f32,256,128,32,1,1,1,0,0,0,3,4,2,1,16,8,16,80,1024,159907840,135324499968,846,0.417093,357.056,324446
41,CUTLASS,gemm,cutlass3x_sm90_tensorop_s64x128x16gemm_f16_f16_f32_f16_f16_128x128x64_1x2x1_0_nnn_align8,passed,success,universal,1152,14336,4096,f16:column,f16:column,f16:column,f16:column,1,0,serial,4,1,heuristic,invalid,invalid,false,false,1,tensorop,f32,128,128,64,1,2,1,0,0,0,7,4,2,1,64,128,16,90,90,159907840,135324499968,846,0.229493,648.933,589666
41,CUTLASS,gemm,cutlass3x_sm90_tensorop_s64x128x16gemm_f16_f16_f32_f16_f16_128x128x64_1x2x1_0_nnn_align8_warpspecialized_epi_nosmem,passed,success,universal,1152,14336,4096,f16:column,f16:column,f16:column,f16:column,1,0,serial,4,1,heuristic,invalid,invalid,false,false,1,tensorop,f32,128,128,64,1,2,1,0,0,0,7,4,1,1,64,128,16,90,90,159907840,135324499968,846,0.219459,678.605,616629
41,CUTLASS,gemm,cutlass3x_sm90_tensorop_s64x128x16gemm_f16_f16_f32_f16_f16_128x128x64_1x2x1_0_nnn_align8_warpspecialized_pingpong_epi_tma,passed,success,universal,1152,14336,4096,f16:column,f16:column,f16:column,f16:column,1,0,serial,4,1,heuristic,invalid,invalid,false,false,1,tensorop,f32,128,128,64,1,2,1,0,0,0,6,4,1,1,64,128,16,90,90,159907840,135324499968,846,0.21317,698.626,634821
41,CUTLASS,gemm,cutlass3x_sm90_tensorop_s64x128x16gemm_f16_f16_f32_f16_f16_128x128x64_1x2x1_0_nnn_align8_warpspecialized_pingpong_epi_nosmem,passed,success,universal,1152,14336,4096,f16:column,f16:column,f16:column,f16:column,1,0,serial,4,1,heuristic,invalid,invalid,false,false,1,tensorop,f32,128,128,64,1,2,1,0,0,0,7,4,1,1,64,128,16,90,90,159907840,135324499968,846,0.216272,688.604,625714
41,CUTLASS,gemm,cutlass3x_sm90_tensorop_s64x128x16gemm_f16_f16_f32_f16_f16_128x128x64_1x2x1_0_nnn_align8_warpspecialized_cooperative_epi_nosmem,passed,success,universal,1152,14336,4096,f16:column,f16:column,f16:column,f16:column,1,0,serial,4,1,heuristic,invalid,invalid,false,false,1,tensorop,f32,128,128,64,1,2,1,0,0,0,7,4,2,1,64,128,16,90,90,159907840,135324499968,846,0.229629,648.548,589317
41,CUTLASS,gemm,cutlass3x_sm90_tensorop_s64x128x16gemm_f16_f16_f32_f16_f16_128x128x64_1x2x1_0_nnn_align8_warpspecialized_cooperative_epi_tma,passed,success,universal,1152,14336,4096,f16:column,f16:column,f16:column,f16:column,1,0,serial,4,1,heuristic,invalid,invalid,false,false,1,tensorop,f32,128,128,64,1,2,1,0,0,0,6,4,2,1,64,128,16,90,90,159907840,135324499968,846,0.216483,687.933,625105
41,CUTLASS,gemm,cutlass3x_sm90_tensorop_s64x128x16gemm_f16_f16_f32_f16_f16_128x128x64_1x2x1_0_nnn_align8_stream_k_warpspecialized_cooperative_epi_nosmem,passed,success,universal,1152,14336,4096,f16:column,f16:column,f16:column,f16:column,1,0,serial,4,1,heuristic,invalid,invalid,false,false,1,tensorop,f32,128,128,64,1,2,1,0,0,0,7,4,2,1,64,128,16,90,90,159907840,135324499968,846,0.355569,418.838,380586
41,CUTLASS,gemm,cutlass3x_sm90_tensorop_s64x128x16gemm_f16_f16_f32_f16_f16_128x128x64_1x2x1_0_nnn_align8_stream_k_warpspecialized_cooperative_epi_tma,passed,success,universal,1152,14336,4096,f16:column,f16:column,f16:column,f16:column,1,0,serial,4,1,heuristic,invalid,invalid,false,false,1,tensorop,f32,128,128,64,1,2,1,0,0,0,6,4,2,1,64,128,16,90,90,159907840,135324499968,846,0.346987,429.198,389999
41,CUTLASS,gemm,cutlass3x_sm90_tensorop_s64x128x16gemm_f16_f16_f32_f16_f16_128x128x64_2x1x1_0_nnn_align8,passed,success,universal,1152,14336,4096,f16:column,f16:column,f16:column,f16:column,1,0,serial,4,1,heuristic,invalid,invalid,false,false,1,tensorop,f32,128,128,64,2,1,1,0,0,0,7,4,2,1,64,128,16,90,90,159907840,135324499968,846,0.282116,527.889,479677
41,CUTLASS,gemm,cutlass3x_sm90_tensorop_s64x128x16gemm_f16_f16_f32_f16_f16_128x128x64_2x1x1_0_nnn_align8_warpspecialized_epi_nosmem,passed,success,universal,1152,14336,4096,f16:column,f16:column,f16:column,f16:column,1,0,serial,4,1,heuristic,invalid,invalid,false,false,1,tensorop,f32,128,128,64,2,1,1,0,0,0,7,4,1,1,64,128,16,90,90,159907840,135324499968,846,0.279956,531.961,483377
41,CUTLASS,gemm,cutlass3x_sm90_tensorop_s64x128x16gemm_f16_f16_f32_f16_f16_128x128x64_2x1x1_0_nnn_align8_warpspecialized_pingpong_epi_tma,passed,success,universal,1152,14336,4096,f16:column,f16:column,f16:column,f16:column,1,0,serial,4,1,heuristic,invalid,invalid,false,false,1,tensorop,f32,128,128,64,2,1,1,0,0,0,6,4,1,1,64,128,16,90,90,159907840,135324499968,846,0.274184,543.161,493554
41,CUTLASS,gemm,cutlass3x_sm90_tensorop_s64x128x16gemm_f16_f16_f32_f16_f16_128x128x64_2x1x1_0_nnn_align8_warpspecialized_pingpong_epi_nosmem,passed,success,universal,1152,14336,4096,f16:column,f16:column,f16:column,f16:column,1,0,serial,4,1,heuristic,invalid,invalid,false,false,1,tensorop,f32,128,128,64,2,1,1,0,0,0,7,4,1,1,64,128,16,90,90,159907840,135324499968,846,0.276524,538.563,489376
41,CUTLASS,gemm,cutlass3x_sm90_tensorop_s64x128x16gemm_f16_f16_f32_f16_f16_128x128x64_2x1x1_0_nnn_align8_warpspecialized_cooperative_epi_nosmem,passed,success,universal,1152,14336,4096,f16:column,f16:column,f16:column,f16:column,1,0,serial,4,1,heuristic,invalid,invalid,false,false,1,tensorop,f32,128,128,64,2,1,1,0,0,0,7,4,2,1,64,128,16,90,90,159907840,135324499968,846,0.282345,527.46,479288
41,CUTLASS,gemm,cutlass3x_sm90_tensorop_s64x128x16gemm_f16_f16_f32_f16_f16_128x128x64_2x1x1_0_nnn_align8_warpspecialized_cooperative_epi_tma,passed,success,universal,1152,14336,4096,f16:column,f16:column,f16:column,f16:column,1,0,serial,4,1,heuristic,invalid,invalid,false,false,1,tensorop,f32,128,128,64,2,1,1,0,0,0,6,4,2,1,64,128,16,90,90,159907840,135324499968,846,0.278159,535.398,486500
41,CUTLASS,gemm,cutlass3x_sm90_tensorop_s64x128x16gemm_f16_f16_f32_f16_f16_128x128x64_2x1x1_0_nnn_align8_stream_k_warpspecialized_cooperative_epi_nosmem,passed,success,universal,1152,14336,4096,f16:column,f16:column,f16:column,f16:column,1,0,serial,4,1,heuristic,invalid,invalid,false,false,1,tensorop,f32,128,128,64,2,1,1,0,0,0,7,4,2,1,64,128,16,90,90,159907840,135324499968,846,0.384134,387.692,352284
41,CUTLASS,gemm,cutlass3x_sm90_tensorop_s64x128x16gemm_f16_f16_f32_f16_f16_128x128x64_2x1x1_0_nnn_align8_stream_k_warpspecialized_cooperative_epi_tma,passed,success,universal,1152,14336,4096,f16:column,f16:column,f16:column,f16:column,1,0,serial,4,1,heuristic,invalid,invalid,false,false,1,tensorop,f32,128,128,64,2,1,1,0,0,0,6,4,2,1,64,128,16,90,90,159907840,135324499968,846,0.37982,392.095,356286
42,CUTLASS,gemm,cutlass_tensorop_f16_s1688gemm_f16_256x128_32x2_nn_align8,passed,success,universal,1280,14336,4096,f16:column,f16:column,f16:column,f16:column,1,0,serial,4,1,heuristic,invalid,invalid,false,false,1,tensorop,f32,256,128,32,1,1,1,0,0,0,2,4,2,1,16,8,8,75,1024,164626432,150360555520,913,0.759322,201.917,198020
42,CUTLASS,gemm,cutlass_tensorop_f16_s16816gemm_f16_256x128_32x3_nn_align8,passed,success,universal,1280,14336,4096,f16:column,f16:column,f16:column,f16:column,1,0,serial,4,1,heuristic,invalid,invalid,false,false,1,tensorop,f32,256,128,32,1,1,1,0,0,0,3,4,2,1,16,8,16,80,1024,164626432,150360555520,913,0.448219,342.066,335462
42,CUTLASS,gemm,cutlass3x_sm90_tensorop_s64x128x16gemm_f16_f16_f32_f16_f16_128x128x64_1x2x1_0_nnn_align8,passed,success,universal,1280,14336,4096,f16:column,f16:column,f16:column,f16:column,1,0,serial,4,1,heuristic,invalid,invalid,false,false,1,tensorop,f32,128,128,64,1,2,1,0,0,0,7,4,2,1,64,128,16,90,90,164626432,150360555520,913,0.253588,604.603,592931
42,CUTLASS,gemm,cutlass3x_sm90_tensorop_s64x128x16gemm_f16_f16_f32_f16_f16_128x128x64_1x2x1_0_nnn_align8_warpspecialized_epi_nosmem,passed,success,universal,1280,14336,4096,f16:column,f16:column,f16:column,f16:column,1,0,serial,4,1,heuristic,invalid,invalid,false,false,1,tensorop,f32,128,128,64,1,2,1,0,0,0,7,4,1,1,64,128,16,90,90,164626432,150360555520,913,0.239316,640.661,628293
42,CUTLASS,gemm,cutlass3x_sm90_tensorop_s64x128x16gemm_f16_f16_f32_f16_f16_128x128x64_1x2x1_0_nnn_align8_warpspecialized_pingpong_epi_tma,passed,success,universal,1280,14336,4096,f16:column,f16:column,f16:column,f16:column,1,0,serial,4,1,heuristic,invalid,invalid,false,false,1,tensorop,f32,128,128,64,1,2,1,0,0,0,6,4,1,1,64,128,16,90,90,164626432,150360555520,913,0.236667,647.832,635326
42,CUTLASS,gemm,cutlass3x_sm90_tensorop_s64x128x16gemm_f16_f16_f32_f16_f16_128x128x64_1x2x1_0_nnn_align8_warpspecialized_pingpong_epi_nosmem,passed,success,universal,1280,14336,4096,f16:column,f16:column,f16:column,f16:column,1,0,serial,4,1,heuristic,invalid,invalid,false,false,1,tensorop,f32,128,128,64,1,2,1,0,0,0,7,4,1,1,64,128,16,90,90,164626432,150360555520,913,0.24083,636.633,624343
42,CUTLASS,gemm,cutlass3x_sm90_tensorop_s64x128x16gemm_f16_f16_f32_f16_f16_128x128x64_1x2x1_0_nnn_align8_warpspecialized_cooperative_epi_nosmem,passed,success,universal,1280,14336,4096,f16:column,f16:column,f16:column,f16:column,1,0,serial,4,1,heuristic,invalid,invalid,false,false,1,tensorop,f32,128,128,64,1,2,1,0,0,0,7,4,2,1,64,128,16,90,90,164626432,150360555520,913,0.253237,605.442,593754
42,CUTLASS,gemm,cutlass3x_sm90_tensorop_s64x128x16gemm_f16_f16_f32_f16_f16_128x128x64_1x2x1_0_nnn_align8_warpspecialized_cooperative_epi_tma,passed,success,universal,1280,14336,4096,f16:column,f16:column,f16:column,f16:column,1,0,serial,4,1,heuristic,invalid,invalid,false,false,1,tensorop,f32,128,128,64,1,2,1,0,0,0,6,4,2,1,64,128,16,90,90,164626432,150360555520,913,0.239466,640.259,627899
42,CUTLASS,gemm,cutlass3x_sm90_tensorop_s64x128x16gemm_f16_f16_f32_f16_f16_128x128x64_1x2x1_0_nnn_align8_stream_k_warpspecialized_cooperative_epi_nosmem,passed,success,universal,1280,14336,4096,f16:column,f16:column,f16:column,f16:column,1,0,serial,4,1,heuristic,invalid,invalid,false,false,1,tensorop,f32,128,128,64,1,2,1,0,0,0,7,4,2,1,64,128,16,90,90,164626432,150360555520,913,0.388617,394.528,386912
42,CUTLASS,gemm,cutlass3x_sm90_tensorop_s64x128x16gemm_f16_f16_f32_f16_f16_128x128x64_1x2x1_0_nnn_align8_stream_k_warpspecialized_cooperative_epi_tma,passed,success,universal,1280,14336,4096,f16:column,f16:column,f16:column,f16:column,1,0,serial,4,1,heuristic,invalid,invalid,false,false,1,tensorop,f32,128,128,64,1,2,1,0,0,0,6,4,2,1,64,128,16,90,90,164626432,150360555520,913,0.379094,404.439,396631
42,CUTLASS,gemm,cutlass3x_sm90_tensorop_s64x128x16gemm_f16_f16_f32_f16_f16_128x128x64_2x1x1_0_nnn_align8,passed,success,universal,1280,14336,4096,f16:column,f16:column,f16:column,f16:column,1,0,serial,4,1,heuristic,invalid,invalid,false,false,1,tensorop,f32,128,128,64,2,1,1,0,0,0,7,4,2,1,64,128,16,90,90,164626432,150360555520,913,0.251314,610.076,598299
42,CUTLASS,gemm,cutlass3x_sm90_tensorop_s64x128x16gemm_f16_f16_f32_f16_f16_128x128x64_2x1x1_0_nnn_align8_warpspecialized_epi_nosmem,passed,success,universal,1280,14336,4096,f16:column,f16:column,f16:column,f16:column,1,0,serial,4,1,heuristic,invalid,invalid,false,false,1,tensorop,f32,128,128,64,2,1,1,0,0,0,7,4,1,1,64,128,16,90,90,164626432,150360555520,913,0.254501,602.435,590806
42,CUTLASS,gemm,cutlass3x_sm90_tensorop_s64x128x16gemm_f16_f16_f32_f16_f16_128x128x64_2x1x1_0_nnn_align8_warpspecialized_pingpong_epi_tma,passed,success,universal,1280,14336,4096,f16:column,f16:column,f16:column,f16:column,1,0,serial,4,1,heuristic,invalid,invalid,false,false,1,tensorop,f32,128,128,64,2,1,1,0,0,0,6,4,1,1,64,128,16,90,90,164626432,150360555520,913,0.235218,651.822,639239
42,CUTLASS,gemm,cutlass3x_sm90_tensorop_s64x128x16gemm_f16_f16_f32_f16_f16_128x128x64_2x1x1_0_nnn_align8_warpspecialized_pingpong_epi_nosmem,passed,success,universal,1280,14336,4096,f16:column,f16:column,f16:column,f16:column,1,0,serial,4,1,heuristic,invalid,invalid,false,false,1,tensorop,f32,128,128,64,2,1,1,0,0,0,7,4,1,1,64,128,16,90,90,164626432,150360555520,913,0.238826,641.975,629582
42,CUTLASS,gemm,cutlass3x_sm90_tensorop_s64x128x16gemm_f16_f16_f32_f16_f16_128x128x64_2x1x1_0_nnn_align8_warpspecialized_cooperative_epi_nosmem,passed,success,universal,1280,14336,4096,f16:column,f16:column,f16:column,f16:column,1,0,serial,4,1,heuristic,invalid,invalid,false,false,1,tensorop,f32,128,128,64,2,1,1,0,0,0,7,4,2,1,64,128,16,90,90,164626432,150360555520,913,0.251068,610.672,598883
42,CUTLASS,gemm,cutlass3x_sm90_tensorop_s64x128x16gemm_f16_f16_f32_f16_f16_128x128x64_2x1x1_0_nnn_align8_warpspecialized_cooperative_epi_tma,passed,success,universal,1280,14336,4096,f16:column,f16:column,f16:column,f16:column,1,0,serial,4,1,heuristic,invalid,invalid,false,false,1,tensorop,f32,128,128,64,2,1,1,0,0,0,6,4,2,1,64,128,16,90,90,164626432,150360555520,913,0.236654,647.867,635360
42,CUTLASS,gemm,cutlass3x_sm90_tensorop_s64x128x16gemm_f16_f16_f32_f16_f16_128x128x64_2x1x1_0_nnn_align8_stream_k_warpspecialized_cooperative_epi_nosmem,passed,success,universal,1280,14336,4096,f16:column,f16:column,f16:column,f16:column,1,0,serial,4,1,heuristic,invalid,invalid,false,false,1,tensorop,f32,128,128,64,2,1,1,0,0,0,7,4,2,1,64,128,16,90,90,164626432,150360555520,913,0.383681,399.604,391890
42,CUTLASS,gemm,cutlass3x_sm90_tensorop_s64x128x16gemm_f16_f16_f32_f16_f16_128x128x64_2x1x1_0_nnn_align8_stream_k_warpspecialized_cooperative_epi_tma,passed,success,universal,1280,14336,4096,f16:column,f16:column,f16:column,f16:column,1,0,serial,4,1,heuristic,invalid,invalid,false,false,1,tensorop,f32,128,128,64,2,1,1,0,0,0,6,4,2,1,64,128,16,90,90,164626432,150360555520,913,0.383646,399.64,391926
43,CUTLASS,gemm,cutlass_tensorop_f16_s1688gemm_f16_256x128_32x2_nn_align8,passed,success,universal,1408,14336,4096,f16:column,f16:column,f16:column,f16:column,1,0,serial,4,1,heuristic,invalid,invalid,false,false,1,tensorop,f32,256,128,32,1,1,1,0,0,0,2,4,2,1,16,8,8,75,1024,169345024,165396611072,976,0.841173,187.494,196626
43,CUTLASS,gemm,cutlass_tensorop_f16_s16816gemm_f16_256x128_32x3_nn_align8,passed,success,universal,1408,14336,4096,f16:column,f16:column,f16:column,f16:column,1,0,serial,4,1,heuristic,invalid,invalid,false,false,1,tensorop,f32,256,128,32,1,1,1,0,0,0,3,4,2,1,16,8,16,80,1024,169345024,165396611072,976,0.495434,318.337,333842
43,CUTLASS,gemm,cutlass3x_sm90_tensorop_s64x128x16gemm_f16_f16_f32_f16_f16_128x128x64_1x2x1_0_nnn_align8,passed,success,universal,1408,14336,4096,f16:column,f16:column,f16:column,f16:column,1,0,serial,4,1,heuristic,invalid,invalid,false,false,1,tensorop,f32,128,128,64,1,2,1,0,0,0,7,4,2,1,64,128,16,90,90,169345024,165396611072,976,0.282355,558.569,585775
43,CUTLASS,gemm,cutlass3x_sm90_tensorop_s64x128x16gemm_f16_f16_f32_f16_f16_128x128x64_1x2x1_0_nnn_align8_warpspecialized_epi_nosmem,passed,success,universal,1408,14336,4096,f16:column,f16:column,f16:column,f16:column,1,0,serial,4,1,heuristic,invalid,invalid,false,false,1,tensorop,f32,128,128,64,1,2,1,0,0,0,7,4,1,1,64,128,16,90,90,169345024,165396611072,976,0.262124,601.679,630985
43,CUTLASS,gemm,cutlass3x_sm90_tensorop_s64x128x16gemm_f16_f16_f32_f16_f16_128x128x64_1x2x1_0_nnn_align8_warpspecialized_pingpong_epi_tma,passed,success,universal,1408,14336,4096,f16:column,f16:column,f16:column,f16:column,1,0,serial,4,1,heuristic,invalid,invalid,false,false,1,tensorop,f32,128,128,64,1,2,1,0,0,0,6,4,1,1,64,128,16,90,90,169345024,165396611072,976,0.264215,596.919,625992
43,CUTLASS,gemm,cutlass3x_sm90_tensorop_s64x128x16gemm_f16_f16_f32_f16_f16_128x128x64_1x2x1_0_nnn_align8_warpspecialized_pingpong_epi_nosmem,passed,success,universal,1408,14336,4096,f16:column,f16:column,f16:column,f16:column,1,0,serial,4,1,heuristic,invalid,invalid,false,false,1,tensorop,f32,128,128,64,1,2,1,0,0,0,7,4,1,1,64,128,16,90,90,169345024,165396611072,976,0.265689,593.606,622519
43,CUTLASS,gemm,cutlass3x_sm90_tensorop_s64x128x16gemm_f16_f16_f32_f16_f16_128x128x64_1x2x1_0_nnn_align8_warpspecialized_cooperative_epi_nosmem,passed,success,universal,1408,14336,4096,f16:column,f16:column,f16:column,f16:column,1,0,serial,4,1,heuristic,invalid,invalid,false,false,1,tensorop,f32,128,128,64,1,2,1,0,0,0,7,4,2,1,64,128,16,90,90,169345024,165396611072,976,0.281751,559.766,587030
43,CUTLASS,gemm,cutlass3x_sm90_tensorop_s64x128x16gemm_f16_f16_f32_f16_f16_128x128x64_1x2x1_0_nnn_align8_warpspecialized_cooperative_epi_tma,passed,success,universal,1408,14336,4096,f16:column,f16:column,f16:column,f16:column,1,0,serial,4,1,heuristic,invalid,invalid,false,false,1,tensorop,f32,128,128,64,1,2,1,0,0,0,6,4,2,1,64,128,16,90,90,169345024,165396611072,976,0.267332,589.96,618695
43,CUTLASS,gemm,cutlass3x_sm90_tensorop_s64x128x16gemm_f16_f16_f32_f16_f16_128x128x64_1x2x1_0_nnn_align8_stream_k_warpspecialized_cooperative_epi_nosmem,passed,success,universal,1408,14336,4096,f16:column,f16:column,f16:column,f16:column,1,0,serial,4,1,heuristic,invalid,invalid,false,false,1,tensorop,f32,128,128,64,1,2,1,0,0,0,7,4,2,1,64,128,16,90,90,169345024,165396611072,976,0.426849,369.486,387483
43,CUTLASS,gemm,cutlass3x_sm90_tensorop_s64x128x16gemm_f16_f16_f32_f16_f16_128x128x64_1x2x1_0_nnn_align8_stream_k_warpspecialized_cooperative_epi_tma,passed,success,universal,1408,14336,4096,f16:column,f16:column,f16:column,f16:column,1,0,serial,4,1,heuristic,invalid,invalid,false,false,1,tensorop,f32,128,128,64,1,2,1,0,0,0,6,4,2,1,64,128,16,90,90,169345024,165396611072,976,0.415033,380.006,398515
43,CUTLASS,gemm,cutlass3x_sm90_tensorop_s64x128x16gemm_f16_f16_f32_f16_f16_128x128x64_2x1x1_0_nnn_align8,passed,success,universal,1408,14336,4096,f16:column,f16:column,f16:column,f16:column,1,0,serial,4,1,heuristic,invalid,invalid,false,false,1,tensorop,f32,128,128,64,2,1,1,0,0,0,7,4,2,1,64,128,16,90,90,169345024,165396611072,976,0.3642,433.045,454137
43,CUTLASS,gemm,cutlass3x_sm90_tensorop_s64x128x16gemm_f16_f16_f32_f16_f16_128x128x64_2x1x1_0_nnn_align8_warpspecialized_epi_nosmem,passed,success,universal,1408,14336,4096,f16:column,f16:column,f16:column,f16:column,1,0,serial,4,1,heuristic,invalid,invalid,false,false,1,tensorop,f32,128,128,64,2,1,1,0,0,0,7,4,1,1,64,128,16,90,90,169345024,165396611072,976,0.326442,483.133,506665
43,CUTLASS,gemm,cutlass3x_sm90_tensorop_s64x128x16gemm_f16_f16_f32_f16_f16_128x128x64_2x1x1_0_nnn_align8_warpspecialized_pingpong_epi_tma,passed,success,universal,1408,14336,4096,f16:column,f16:column,f16:column,f16:column,1,0,serial,4,1,heuristic,invalid,invalid,false,false,1,tensorop,f32,128,128,64,2,1,1,0,0,0,6,4,1,1,64,128,16,90,90,169345024,165396611072,976,0.36402,433.259,454361
43,CUTLASS,gemm,cutlass3x_sm90_tensorop_s64x128x16gemm_f16_f16_f32_f16_f16_128x128x64_2x1x1_0_nnn_align8_warpspecialized_pingpong_epi_nosmem,passed,success,universal,1408,14336,4096,f16:column,f16:column,f16:column,f16:column,1,0,serial,4,1,heuristic,invalid,invalid,false,false,1,tensorop,f32,128,128,64,2,1,1,0,0,0,7,4,1,1,64,128,16,90,90,169345024,165396611072,976,0.357571,441.073,462556
43,CUTLASS,gemm,cutlass3x_sm90_tensorop_s64x128x16gemm_f16_f16_f32_f16_f16_128x128x64_2x1x1_0_nnn_align8_warpspecialized_cooperative_epi_nosmem,passed,success,universal,1408,14336,4096,f16:column,f16:column,f16:column,f16:column,1,0,serial,4,1,heuristic,invalid,invalid,false,false,1,tensorop,f32,128,128,64,2,1,1,0,0,0,7,4,2,1,64,128,16,90,90,169345024,165396611072,976,0.372466,423.434,444058
43,CUTLASS,gemm,cutlass3x_sm90_tensorop_s64x128x16gemm_f16_f16_f32_f16_f16_128x128x64_2x1x1_0_nnn_align8_warpspecialized_cooperative_epi_tma,passed,success,universal,1408,14336,4096,f16:column,f16:column,f16:column,f16:column,1,0,serial,4,1,heuristic,invalid,invalid,false,false,1,tensorop,f32,128,128,64,2,1,1,0,0,0,6,4,2,1,64,128,16,90,90,169345024,165396611072,976,0.359879,438.244,459589
43,CUTLASS,gemm,cutlass3x_sm90_tensorop_s64x128x16gemm_f16_f16_f32_f16_f16_128x128x64_2x1x1_0_nnn_align8_stream_k_warpspecialized_cooperative_epi_nosmem,passed,success,universal,1408,14336,4096,f16:column,f16:column,f16:column,f16:column,1,0,serial,4,1,heuristic,invalid,invalid,false,false,1,tensorop,f32,128,128,64,2,1,1,0,0,0,7,4,2,1,64,128,16,90,90,169345024,165396611072,976,0.454286,347.171,364080
43,CUTLASS,gemm,cutlass3x_sm90_tensorop_s64x128x16gemm_f16_f16_f32_f16_f16_128x128x64_2x1x1_0_nnn_align8_stream_k_warpspecialized_cooperative_epi_tma,passed,success,universal,1408,14336,4096,f16:column,f16:column,f16:column,f16:column,1,0,serial,4,1,heuristic,invalid,invalid,false,false,1,tensorop,f32,128,128,64,2,1,1,0,0,0,6,4,2,1,64,128,16,90,90,169345024,165396611072,976,0.454689,346.863,363757
44,CUTLASS,gemm,cutlass_tensorop_f16_s1688gemm_f16_256x128_32x2_nn_align8,passed,success,universal,1536,14336,4096,f16:column,f16:column,f16:column,f16:column,1,0,serial,4,1,heuristic,invalid,invalid,false,false,1,tensorop,f32,256,128,32,1,1,1,0,0,0,2,4,2,1,16,8,8,75,1024,174063616,180432666624,1036,0.919199,176.359,196293
44,CUTLASS,gemm,cutlass_tensorop_f16_s16816gemm_f16_256x128_32x3_nn_align8,passed,success,universal,1536,14336,4096,f16:column,f16:column,f16:column,f16:column,1,0,serial,4,1,heuristic,invalid,invalid,false,false,1,tensorop,f32,256,128,32,1,1,1,0,0,0,3,4,2,1,16,8,16,80,1024,174063616,180432666624,1036,0.540335,300.016,333927
44,CUTLASS,gemm,cutlass3x_sm90_tensorop_s64x128x16gemm_f16_f16_f32_f16_f16_128x128x64_1x2x1_0_nnn_align8,passed,success,universal,1536,14336,4096,f16:column,f16:column,f16:column,f16:column,1,0,serial,4,1,heuristic,invalid,invalid,false,false,1,tensorop,f32,128,128,64,1,2,1,0,0,0,7,4,2,1,64,128,16,90,90,174063616,180432666624,1036,0.30794,526.432,585935
44,CUTLASS,gemm,cutlass3x_sm90_tensorop_s64x128x16gemm_f16_f16_f32_f16_f16_128x128x64_1x2x1_0_nnn_align8_warpspecialized_epi_nosmem,passed,success,universal,1536,14336,4096,f16:column,f16:column,f16:column,f16:column,1,0,serial,4,1,heuristic,invalid,invalid,false,false,1,tensorop,f32,128,128,64,1,2,1,0,0,0,7,4,1,1,64,128,16,90,90,174063616,180432666624,1036,0.2812,576.492,641653
44,CUTLASS,gemm,cutlass3x_sm90_tensorop_s64x128x16gemm_f16_f16_f32_f16_f16_128x128x64_1x2x1_0_nnn_align8_warpspecialized_pingpong_epi_tma,passed,success,universal,1536,14336,4096,f16:column,f16:column,f16:column,f16:column,1,0,serial,4,1,heuristic,invalid,invalid,false,false,1,tensorop,f32,128,128,64,1,2,1,0,0,0,6,4,1,1,64,128,16,90,90,174063616,180432666624,1036,0.288663,561.586,625063
44,CUTLASS,gemm,cutlass3x_sm90_tensorop_s64x128x16gemm_f16_f16_f32_f16_f16_128x128x64_1x2x1_0_nnn_align8_warpspecialized_pingpong_epi_nosmem,passed,success,universal,1536,14336,4096,f16:column,f16:column,f16:column,f16:column,1,0,serial,4,1,heuristic,invalid,invalid,false,false,1,tensorop,f32,128,128,64,1,2,1,0,0,0,7,4,1,1,64,128,16,90,90,174063616,180432666624,1036,0.290752,557.552,620572
44,CUTLASS,gemm,cutlass3x_sm90_tensorop_s64x128x16gemm_f16_f16_f32_f16_f16_128x128x64_1x2x1_0_nnn_align8_warpspecialized_cooperative_epi_nosmem,passed,success,universal,1536,14336,4096,f16:column,f16:column,f16:column,f16:column,1,0,serial,4,1,heuristic,invalid,invalid,false,false,1,tensorop,f32,128,128,64,1,2,1,0,0,0,7,4,2,1,64,128,16,90,90,174063616,180432666624,1036,0.308264,525.879,585319
44,CUTLASS,gemm,cutlass3x_sm90_tensorop_s64x128x16gemm_f16_f16_f32_f16_f16_128x128x64_1x2x1_0_nnn_align8_warpspecialized_cooperative_epi_tma,passed,success,universal,1536,14336,4096,f16:column,f16:column,f16:column,f16:column,1,0,serial,4,1,heuristic,invalid,invalid,false,false,1,tensorop,f32,128,128,64,1,2,1,0,0,0,6,4,2,1,64,128,16,90,90,174063616,180432666624,1036,0.293106,553.074,615588
44,CUTLASS,gemm,cutlass3x_sm90_tensorop_s64x128x16gemm_f16_f16_f32_f16_f16_128x128x64_1x2x1_0_nnn_align8_stream_k_warpspecialized_cooperative_epi_nosmem,passed,success,universal,1536,14336,4096,f16:column,f16:column,f16:column,f16:column,1,0,serial,4,1,heuristic,invalid,invalid,false,false,1,tensorop,f32,128,128,64,1,2,1,0,0,0,7,4,2,1,64,128,16,90,90,174063616,180432666624,1036,0.461545,351.232,390932
44,CUTLASS,gemm,cutlass3x_sm90_tensorop_s64x128x16gemm_f16_f16_f32_f16_f16_128x128x64_1x2x1_0_nnn_align8_stream_k_warpspecialized_cooperative_epi_tma,passed,success,universal,1536,14336,4096,f16:column,f16:column,f16:column,f16:column,1,0,serial,4,1,heuristic,invalid,invalid,false,false,1,tensorop,f32,128,128,64,1,2,1,0,0,0,6,4,2,1,64,128,16,90,90,174063616,180432666624,1036,0.452932,357.911,398366
44,CUTLASS,gemm,cutlass3x_sm90_tensorop_s64x128x16gemm_f16_f16_f32_f16_f16_128x128x64_2x1x1_0_nnn_align8,passed,success,universal,1536,14336,4096,f16:column,f16:column,f16:column,f16:column,1,0,serial,4,1,heuristic,invalid,invalid,false,false,1,tensorop,f32,128,128,64,2,1,1,0,0,0,7,4,2,1,64,128,16,90,90,174063616,180432666624,1036,0.303705,533.773,594105
44,CUTLASS,gemm,cutlass3x_sm90_tensorop_s64x128x16gemm_f16_f16_f32_f16_f16_128x128x64_2x1x1_0_nnn_align8_warpspecialized_epi_nosmem,passed,success,universal,1536,14336,4096,f16:column,f16:column,f16:column,f16:column,1,0,serial,4,1,heuristic,invalid,invalid,false,false,1,tensorop,f32,128,128,64,2,1,1,0,0,0,7,4,1,1,64,128,16,90,90,174063616,180432666624,1036,0.296374,546.976,608800
44,CUTLASS,gemm,cutlass3x_sm90_tensorop_s64x128x16gemm_f16_f16_f32_f16_f16_128x128x64_2x1x1_0_nnn_align8_warpspecialized_pingpong_epi_tma,passed,success,universal,1536,14336,4096,f16:column,f16:column,f16:column,f16:column,1,0,serial,4,1,heuristic,invalid,invalid,false,false,1,tensorop,f32,128,128,64,2,1,1,0,0,0,6,4,1,1,64,128,16,90,90,174063616,180432666624,1036,0.284775,569.254,633597
44,CUTLASS,gemm,cutlass3x_sm90_tensorop_s64x128x16gemm_f16_f16_f32_f16_f16_128x128x64_2x1x1_0_nnn_align8_warpspecialized_pingpong_epi_nosmem,passed,success,universal,1536,14336,4096,f16:column,f16:column,f16:column,f16:column,1,0,serial,4,1,heuristic,invalid,invalid,false,false,1,tensorop,f32,128,128,64,2,1,1,0,0,0,7,4,1,1,64,128,16,90,90,174063616,180432666624,1036,0.289148,560.646,624016
44,CUTLASS,gemm,cutlass3x_sm90_tensorop_s64x128x16gemm_f16_f16_f32_f16_f16_128x128x64_2x1x1_0_nnn_align8_warpspecialized_cooperative_epi_nosmem,passed,success,universal,1536,14336,4096,f16:column,f16:column,f16:column,f16:column,1,0,serial,4,1,heuristic,invalid,invalid,false,false,1,tensorop,f32,128,128,64,2,1,1,0,0,0,7,4,2,1,64,128,16,90,90,174063616,180432666624,1036,0.303734,533.721,594048
44,CUTLASS,gemm,cutlass3x_sm90_tensorop_s64x128x16gemm_f16_f16_f32_f16_f16_128x128x64_2x1x1_0_nnn_align8_warpspecialized_cooperative_epi_tma,passed,success,universal,1536,14336,4096,f16:column,f16:column,f16:column,f16:column,1,0,serial,4,1,heuristic,invalid,invalid,false,false,1,tensorop,f32,128,128,64,2,1,1,0,0,0,6,4,2,1,64,128,16,90,90,174063616,180432666624,1036,0.288472,561.959,625477
44,CUTLASS,gemm,cutlass3x_sm90_tensorop_s64x128x16gemm_f16_f16_f32_f16_f16_128x128x64_2x1x1_0_nnn_align8_stream_k_warpspecialized_cooperative_epi_nosmem,passed,success,universal,1536,14336,4096,f16:column,f16:column,f16:column,f16:column,1,0,serial,4,1,heuristic,invalid,invalid,false,false,1,tensorop,f32,128,128,64,2,1,1,0,0,0,7,4,2,1,64,128,16,90,90,174063616,180432666624,1036,0.463128,350.031,389596
44,CUTLASS,gemm,cutlass3x_sm90_tensorop_s64x128x16gemm_f16_f16_f32_f16_f16_128x128x64_2x1x1_0_nnn_align8_stream_k_warpspecialized_cooperative_epi_tma,passed,success,universal,1536,14336,4096,f16:column,f16:column,f16:column,f16:column,1,0,serial,4,1,heuristic,invalid,invalid,false,false,1,tensorop,f32,128,128,64,2,1,1,0,0,0,6,4,2,1,64,128,16,90,90,174063616,180432666624,1036,0.463103,350.051,389617
45,CUTLASS,gemm,cutlass_tensorop_f16_s1688gemm_f16_256x128_32x2_nn_align8,passed,success,universal,1664,14336,4096,f16:column,f16:column,f16:column,f16:column,1,0,serial,4,1,heuristic,invalid,invalid,false,false,1,tensorop,f32,256,128,32,1,1,1,0,0,0,2,4,2,1,16,8,8,75,1024,178782208,195468722176,1093,0.976716,170.473,200128
45,CUTLASS,gemm,cutlass_tensorop_f16_s16816gemm_f16_256x128_32x3_nn_align8,passed,success,universal,1664,14336,4096,f16:column,f16:column,f16:column,f16:column,1,0,serial,4,1,heuristic,invalid,invalid,false,false,1,tensorop,f32,256,128,32,1,1,1,0,0,0,3,4,2,1,16,8,16,80,1024,178782208,195468722176,1093,0.573623,290.267,340762
45,CUTLASS,gemm,cutlass3x_sm90_tensorop_s64x128x16gemm_f16_f16_f32_f16_f16_128x128x64_1x2x1_0_nnn_align8,passed,success,universal,1664,14336,4096,f16:column,f16:column,f16:column,f16:column,1,0,serial,4,1,heuristic,invalid,invalid,false,false,1,tensorop,f32,128,128,64,1,2,1,0,0,0,7,4,2,1,64,128,16,90,90,178782208,195468722176,1093,0.329416,505.452,593380
45,CUTLASS,gemm,cutlass3x_sm90_tensorop_s64x128x16gemm_f16_f16_f32_f16_f16_128x128x64_1x2x1_0_nnn_align8_warpspecialized_epi_nosmem,passed,success,universal,1664,14336,4096,f16:column,f16:column,f16:column,f16:column,1,0,serial,4,1,heuristic,invalid,invalid,false,false,1,tensorop,f32,128,128,64,1,2,1,0,0,0,7,4,1,1,64,128,16,90,90,178782208,195468722176,1093,0.304379,547.029,642190
45,CUTLASS,gemm,cutlass3x_sm90_tensorop_s64x128x16gemm_f16_f16_f32_f16_f16_128x128x64_1x2x1_0_nnn_align8_warpspecialized_pingpong_epi_tma,passed,success,universal,1664,14336,4096,f16:column,f16:column,f16:column,f16:column,1,0,serial,4,1,heuristic,invalid,invalid,false,false,1,tensorop,f32,128,128,64,1,2,1,0,0,0,6,4,1,1,64,128,16,90,90,178782208,195468722176,1093,0.306169,543.83,638434
45,CUTLASS,gemm,cutlass3x_sm90_tensorop_s64x128x16gemm_f16_f16_f32_f16_f16_128x128x64_1x2x1_0_nnn_align8_warpspecialized_pingpong_epi_nosmem,passed,success,universal,1664,14336,4096,f16:column,f16:column,f16:column,f16:column,1,0,serial,4,1,heuristic,invalid,invalid,false,false,1,tensorop,f32,128,128,64,1,2,1,0,0,0,7,4,1,1,64,128,16,90,90,178782208,195468722176,1093,0.311866,533.895,626771
45,CUTLASS,gemm,cutlass3x_sm90_tensorop_s64x128x16gemm_f16_f16_f32_f16_f16_128x128x64_1x2x1_0_nnn_align8_warpspecialized_cooperative_epi_nosmem,passed,success,universal,1664,14336,4096,f16:column,f16:column,f16:column,f16:column,1,0,serial,4,1,heuristic,invalid,invalid,false,false,1,tensorop,f32,128,128,64,1,2,1,0,0,0,7,4,2,1,64,128,16,90,90,178782208,195468722176,1093,0.329523,505.288,593188
45,CUTLASS,gemm,cutlass3x_sm90_tensorop_s64x128x16gemm_f16_f16_f32_f16_f16_128x128x64_1x2x1_0_nnn_align8_warpspecialized_cooperative_epi_tma,passed,success,universal,1664,14336,4096,f16:column,f16:column,f16:column,f16:column,1,0,serial,4,1,heuristic,invalid,invalid,false,false,1,tensorop,f32,128,128,64,1,2,1,0,0,0,6,4,2,1,64,128,16,90,90,178782208,195468722176,1093,0.308169,540.301,634291
45,CUTLASS,gemm,cutlass3x_sm90_tensorop_s64x128x16gemm_f16_f16_f32_f16_f16_128x128x64_1x2x1_0_nnn_align8_stream_k_warpspecialized_cooperative_epi_nosmem,passed,success,universal,1664,14336,4096,f16:column,f16:column,f16:column,f16:column,1,0,serial,4,1,heuristic,invalid,invalid,false,false,1,tensorop,f32,128,128,64,1,2,1,0,0,0,7,4,2,1,64,128,16,90,90,178782208,195468722176,1093,0.503104,330.953,388526
45,CUTLASS,gemm,cutlass3x_sm90_tensorop_s64x128x16gemm_f16_f16_f32_f16_f16_128x128x64_1x2x1_0_nnn_align8_stream_k_warpspecialized_cooperative_epi_tma,passed,success,universal,1664,14336,4096,f16:column,f16:column,f16:column,f16:column,1,0,serial,4,1,heuristic,invalid,invalid,false,false,1,tensorop,f32,128,128,64,1,2,1,0,0,0,6,4,2,1,64,128,16,90,90,178782208,195468722176,1093,0.496138,335.6,393981
45,CUTLASS,gemm,cutlass3x_sm90_tensorop_s64x128x16gemm_f16_f16_f32_f16_f16_128x128x64_2x1x1_0_nnn_align8,passed,success,universal,1664,14336,4096,f16:column,f16:column,f16:column,f16:column,1,0,serial,4,1,heuristic,invalid,invalid,false,false,1,tensorop,f32,128,128,64,2,1,1,0,0,0,7,4,2,1,64,128,16,90,90,178782208,195468722176,1093,0.367742,452.774,531538
45,CUTLASS,gemm,cutlass3x_sm90_tensorop_s64x128x16gemm_f16_f16_f32_f16_f16_128x128x64_2x1x1_0_nnn_align8_warpspecialized_epi_nosmem,passed,success,universal,1664,14336,4096,f16:column,f16:column,f16:column,f16:column,1,0,serial,4,1,heuristic,invalid,invalid,false,false,1,tensorop,f32,128,128,64,2,1,1,0,0,0,7,4,1,1,64,128,16,90,90,178782208,195468722176,1093,0.376005,442.823,519857
45,CUTLASS,gemm,cutlass3x_sm90_tensorop_s64x128x16gemm_f16_f16_f32_f16_f16_128x128x64_2x1x1_0_nnn_align8_warpspecialized_pingpong_epi_tma,passed,success,universal,1664,14336,4096,f16:column,f16:column,f16:column,f16:column,1,0,serial,4,1,heuristic,invalid,invalid,false,false,1,tensorop,f32,128,128,64,2,1,1,0,0,0,6,4,1,1,64,128,16,90,90,178782208,195468722176,1093,0.352757,472.007,554117
45,CUTLASS,gemm,cutlass3x_sm90_tensorop_s64x128x16gemm_f16_f16_f32_f16_f16_128x128x64_2x1x1_0_nnn_align8_warpspecialized_pingpong_epi_nosmem,passed,success,universal,1664,14336,4096,f16:column,f16:column,f16:column,f16:column,1,0,serial,4,1,heuristic,invalid,invalid,false,false,1,tensorop,f32,128,128,64,2,1,1,0,0,0,7,4,1,1,64,128,16,90,90,178782208,195468722176,1093,0.364236,457.132,536654
45,CUTLASS,gemm,cutlass3x_sm90_tensorop_s64x128x16gemm_f16_f16_f32_f16_f16_128x128x64_2x1x1_0_nnn_align8_warpspecialized_cooperative_epi_nosmem,passed,success,universal,1664,14336,4096,f16:column,f16:column,f16:column,f16:column,1,0,serial,4,1,heuristic,invalid,invalid,false,false,1,tensorop,f32,128,128,64,2,1,1,0,0,0,7,4,2,1,64,128,16,90,90,178782208,195468722176,1093,0.367606,452.941,531734
45,CUTLASS,gemm,cutlass3x_sm90_tensorop_s64x128x16gemm_f16_f16_f32_f16_f16_128x128x64_2x1x1_0_nnn_align8_warpspecialized_cooperative_epi_tma,passed,success,universal,1664,14336,4096,f16:column,f16:column,f16:column,f16:column,1,0,serial,4,1,heuristic,invalid,invalid,false,false,1,tensorop,f32,128,128,64,2,1,1,0,0,0,6,4,2,1,64,128,16,90,90,178782208,195468722176,1093,0.355434,468.452,549944
45,CUTLASS,gemm,cutlass3x_sm90_tensorop_s64x128x16gemm_f16_f16_f32_f16_f16_128x128x64_2x1x1_0_nnn_align8_stream_k_warpspecialized_cooperative_epi_nosmem,passed,success,universal,1664,14336,4096,f16:column,f16:column,f16:column,f16:column,1,0,serial,4,1,heuristic,invalid,invalid,false,false,1,tensorop,f32,128,128,64,2,1,1,0,0,0,7,4,2,1,64,128,16,90,90,178782208,195468722176,1093,0.519523,320.494,376246
45,CUTLASS,gemm,cutlass3x_sm90_tensorop_s64x128x16gemm_f16_f16_f32_f16_f16_128x128x64_2x1x1_0_nnn_align8_stream_k_warpspecialized_cooperative_epi_tma,passed,success,universal,1664,14336,4096,f16:column,f16:column,f16:column,f16:column,1,0,serial,4,1,heuristic,invalid,invalid,false,false,1,tensorop,f32,128,128,64,2,1,1,0,0,0,6,4,2,1,64,128,16,90,90,178782208,195468722176,1093,0.519008,320.812,376620
46,CUTLASS,gemm,cutlass_tensorop_f16_s1688gemm_f16_256x128_32x2_nn_align8,passed,success,universal,1792,14336,4096,f16:column,f16:column,f16:column,f16:column,1,0,serial,4,1,heuristic,invalid,invalid,false,false,1,tensorop,f32,256,128,32,1,1,1,0,0,0,2,4,2,1,16,8,8,75,1024,183500800,210504777728,1147,1.05036,162.705,200412
46,CUTLASS,gemm,cutlass_tensorop_f16_s16816gemm_f16_256x128_32x3_nn_align8,passed,success,universal,1792,14336,4096,f16:column,f16:column,f16:column,f16:column,1,0,serial,4,1,heuristic,invalid,invalid,false,false,1,tensorop,f32,256,128,32,1,1,1,0,0,0,3,4,2,1,16,8,16,80,1024,183500800,210504777728,1147,0.619614,275.814,339735
46,CUTLASS,gemm,cutlass3x_sm90_tensorop_s64x128x16gemm_f16_f16_f32_f16_f16_128x128x64_1x2x1_0_nnn_align8,passed,success,universal,1792,14336,4096,f16:column,f16:column,f16:column,f16:column,1,0,serial,4,1,heuristic,invalid,invalid,false,false,1,tensorop,f32,128,128,64,1,2,1,0,0,0,7,4,2,1,64,128,16,90,90,183500800,210504777728,1147,0.34132,500.699,616738
46,CUTLASS,gemm,cutlass3x_sm90_tensorop_s64x128x16gemm_f16_f16_f32_f16_f16_128x128x64_1x2x1_0_nnn_align8_warpspecialized_epi_nosmem,passed,success,universal,1792,14336,4096,f16:column,f16:column,f16:column,f16:column,1,0,serial,4,1,heuristic,invalid,invalid,false,false,1,tensorop,f32,128,128,64,1,2,1,0,0,0,7,4,1,1,64,128,16,90,90,183500800,210504777728,1147,0.333178,512.934,631808
46,CUTLASS,gemm,cutlass3x_sm90_tensorop_s64x128x16gemm_f16_f16_f32_f16_f16_128x128x64_1x2x1_0_nnn_align8_warpspecialized_pingpong_epi_tma,passed,success,universal,1792,14336,4096,f16:column,f16:column,f16:column,f16:column,1,0,serial,4,1,heuristic,invalid,invalid,false,false,1,tensorop,f32,128,128,64,1,2,1,0,0,0,6,4,1,1,64,128,16,90,90,183500800,210504777728,1147,0.31917,535.446,659538
46,CUTLASS,gemm,cutlass3x_sm90_tensorop_s64x128x16gemm_f16_f16_f32_f16_f16_128x128x64_1x2x1_0_nnn_align8_warpspecialized_pingpong_epi_nosmem,passed,success,universal,1792,14336,4096,f16:column,f16:column,f16:column,f16:column,1,0,serial,4,1,heuristic,invalid,invalid,false,false,1,tensorop,f32,128,128,64,1,2,1,0,0,0,7,4,1,1,64,128,16,90,90,183500800,210504777728,1147,0.324508,526.638,648689
46,CUTLASS,gemm,cutlass3x_sm90_tensorop_s64x128x16gemm_f16_f16_f32_f16_f16_128x128x64_1x2x1_0_nnn_align8_warpspecialized_cooperative_epi_nosmem,passed,success,universal,1792,14336,4096,f16:column,f16:column,f16:column,f16:column,1,0,serial,4,1,heuristic,invalid,invalid,false,false,1,tensorop,f32,128,128,64,1,2,1,0,0,0,7,4,2,1,64,128,16,90,90,183500800,210504777728,1147,0.341475,500.471,616457
46,CUTLASS,gemm,cutlass3x_sm90_tensorop_s64x128x16gemm_f16_f16_f32_f16_f16_128x128x64_1x2x1_0_nnn_align8_warpspecialized_cooperative_epi_tma,passed,success,universal,1792,14336,4096,f16:column,f16:column,f16:column,f16:column,1,0,serial,4,1,heuristic,invalid,invalid,false,false,1,tensorop,f32,128,128,64,1,2,1,0,0,0,6,4,2,1,64,128,16,90,90,183500800,210504777728,1147,0.322819,529.395,652084
46,CUTLASS,gemm,cutlass3x_sm90_tensorop_s64x128x16gemm_f16_f16_f32_f16_f16_128x128x64_1x2x1_0_nnn_align8_stream_k_warpspecialized_cooperative_epi_nosmem,passed,success,universal,1792,14336,4096,f16:column,f16:column,f16:column,f16:column,1,0,serial,4,1,heuristic,invalid,invalid,false,false,1,tensorop,f32,128,128,64,1,2,1,0,0,0,7,4,2,1,64,128,16,90,90,183500800,210504777728,1147,0.542185,315.203,388253
46,CUTLASS,gemm,cutlass3x_sm90_tensorop_s64x128x16gemm_f16_f16_f32_f16_f16_128x128x64_1x2x1_0_nnn_align8_stream_k_warpspecialized_cooperative_epi_tma,passed,success,universal,1792,14336,4096,f16:column,f16:column,f16:column,f16:column,1,0,serial,4,1,heuristic,invalid,invalid,false,false,1,tensorop,f32,128,128,64,1,2,1,0,0,0,6,4,2,1,64,128,16,90,90,183500800,210504777728,1147,0.538011,317.649,391265
46,CUTLASS,gemm,cutlass3x_sm90_tensorop_s64x128x16gemm_f16_f16_f32_f16_f16_128x128x64_2x1x1_0_nnn_align8,passed,success,universal,1792,14336,4096,f16:column,f16:column,f16:column,f16:column,1,0,serial,4,1,heuristic,invalid,invalid,false,false,1,tensorop,f32,128,128,64,2,1,1,0,0,0,7,4,2,1,64,128,16,90,90,183500800,210504777728,1147,0.334182,511.393,629910
46,CUTLASS,gemm,cutlass3x_sm90_tensorop_s64x128x16gemm_f16_f16_f32_f16_f16_128x128x64_2x1x1_0_nnn_align8_warpspecialized_epi_nosmem,passed,success,universal,1792,14336,4096,f16:column,f16:column,f16:column,f16:column,1,0,serial,4,1,heuristic,invalid,invalid,false,false,1,tensorop,f32,128,128,64,2,1,1,0,0,0,7,4,1,1,64,128,16,90,90,183500800,210504777728,1147,0.354324,482.323,594103
46,CUTLASS,gemm,cutlass3x_sm90_tensorop_s64x128x16gemm_f16_f16_f32_f16_f16_128x128x64_2x1x1_0_nnn_align8_warpspecialized_pingpong_epi_tma,passed,success,universal,1792,14336,4096,f16:column,f16:column,f16:column,f16:column,1,0,serial,4,1,heuristic,invalid,invalid,false,false,1,tensorop,f32,128,128,64,2,1,1,0,0,0,6,4,1,1,64,128,16,90,90,183500800,210504777728,1147,0.307236,556.245,685156
46,CUTLASS,gemm,cutlass3x_sm90_tensorop_s64x128x16gemm_f16_f16_f32_f16_f16_128x128x64_2x1x1_0_nnn_align8_warpspecialized_pingpong_epi_nosmem,passed,success,universal,1792,14336,4096,f16:column,f16:column,f16:column,f16:column,1,0,serial,4,1,heuristic,invalid,invalid,false,false,1,tensorop,f32,128,128,64,2,1,1,0,0,0,7,4,1,1,64,128,16,90,90,183500800,210504777728,1147,0.315375,541.89,667474
46,CUTLASS,gemm,cutlass3x_sm90_tensorop_s64x128x16gemm_f16_f16_f32_f16_f16_128x128x64_2x1x1_0_nnn_align8_warpspecialized_cooperative_epi_nosmem,passed,success,universal,1792,14336,4096,f16:column,f16:column,f16:column,f16:column,1,0,serial,4,1,heuristic,invalid,invalid,false,false,1,tensorop,f32,128,128,64,2,1,1,0,0,0,7,4,2,1,64,128,16,90,90,183500800,210504777728,1147,0.333694,512.141,630831
46,CUTLASS,gemm,cutlass3x_sm90_tensorop_s64x128x16gemm_f16_f16_f32_f16_f16_128x128x64_2x1x1_0_nnn_align8_warpspecialized_cooperative_epi_tma,passed,success,universal,1792,14336,4096,f16:column,f16:column,f16:column,f16:column,1,0,serial,4,1,heuristic,invalid,invalid,false,false,1,tensorop,f32,128,128,64,2,1,1,0,0,0,6,4,2,1,64,128,16,90,90,183500800,210504777728,1147,0.313439,545.237,671598
46,CUTLASS,gemm,cutlass3x_sm90_tensorop_s64x128x16gemm_f16_f16_f32_f16_f16_128x128x64_2x1x1_0_nnn_align8_stream_k_warpspecialized_cooperative_epi_nosmem,passed,success,universal,1792,14336,4096,f16:column,f16:column,f16:column,f16:column,1,0,serial,4,1,heuristic,invalid,invalid,false,false,1,tensorop,f32,128,128,64,2,1,1,0,0,0,7,4,2,1,64,128,16,90,90,183500800,210504777728,1147,0.538054,317.623,391234
46,CUTLASS,gemm,cutlass3x_sm90_tensorop_s64x128x16gemm_f16_f16_f32_f16_f16_128x128x64_2x1x1_0_nnn_align8_stream_k_warpspecialized_cooperative_epi_tma,passed,success,universal,1792,14336,4096,f16:column,f16:column,f16:column,f16:column,1,0,serial,4,1,heuristic,invalid,invalid,false,false,1,tensorop,f32,128,128,64,2,1,1,0,0,0,6,4,2,1,64,128,16,90,90,183500800,210504777728,1147,0.527479,323.991,399077
47,CUTLASS,gemm,cutlass_tensorop_f16_s1688gemm_f16_256x128_32x2_nn_align8,passed,success,universal,1920,14336,4096,f16:column,f16:column,f16:column,f16:column,1,0,serial,4,1,heuristic,invalid,invalid,false,false,1,tensorop,f32,256,128,32,1,1,1,0,0,0,2,4,2,1,16,8,8,75,1024,188219392,225540833280,1198,1.11988,156.528,201396
47,CUTLASS,gemm,cutlass_tensorop_f16_s16816gemm_f16_256x128_32x3_nn_align8,passed,success,universal,1920,14336,4096,f16:column,f16:column,f16:column,f16:column,1,0,serial,4,1,heuristic,invalid,invalid,false,false,1,tensorop,f32,256,128,32,1,1,1,0,0,0,3,4,2,1,16,8,16,80,1024,188219392,225540833280,1198,0.66089,265.238,341269
47,CUTLASS,gemm,cutlass3x_sm90_tensorop_s64x128x16gemm_f16_f16_f32_f16_f16_128x128x64_1x2x1_0_nnn_align8,passed,success,universal,1920,14336,4096,f16:column,f16:column,f16:column,f16:column,1,0,serial,4,1,heuristic,invalid,invalid,false,false,1,tensorop,f32,128,128,64,1,2,1,0,0,0,7,4,2,1,64,128,16,90,90,188219392,225540833280,1198,0.362691,483.312,621854
47,CUTLASS,gemm,cutlass3x_sm90_tensorop_s64x128x16gemm_f16_f16_f32_f16_f16_128x128x64_1x2x1_0_nnn_align8_warpspecialized_epi_nosmem,passed,success,universal,1920,14336,4096,f16:column,f16:column,f16:column,f16:column,1,0,serial,4,1,heuristic,invalid,invalid,false,false,1,tensorop,f32,128,128,64,1,2,1,0,0,0,7,4,1,1,64,128,16,90,90,188219392,225540833280,1198,0.347492,504.452,649053
47,CUTLASS,gemm,cutlass3x_sm90_tensorop_s64x128x16gemm_f16_f16_f32_f16_f16_128x128x64_1x2x1_0_nnn_align8_warpspecialized_pingpong_epi_tma,passed,success,universal,1920,14336,4096,f16:column,f16:column,f16:column,f16:column,1,0,serial,4,1,heuristic,invalid,invalid,false,false,1,tensorop,f32,128,128,64,1,2,1,0,0,0,6,4,1,1,64,128,16,90,90,188219392,225540833280,1198,0.342649,511.582,658228
47,CUTLASS,gemm,cutlass3x_sm90_tensorop_s64x128x16gemm_f16_f16_f32_f16_f16_128x128x64_1x2x1_0_nnn_align8_warpspecialized_pingpong_epi_nosmem,passed,success,universal,1920,14336,4096,f16:column,f16:column,f16:column,f16:column,1,0,serial,4,1,heuristic,invalid,invalid,false,false,1,tensorop,f32,128,128,64,1,2,1,0,0,0,7,4,1,1,64,128,16,90,90,188219392,225540833280,1198,0.347488,504.458,649061
47,CUTLASS,gemm,cutlass3x_sm90_tensorop_s64x128x16gemm_f16_f16_f32_f16_f16_128x128x64_1x2x1_0_nnn_align8_warpspecialized_cooperative_epi_nosmem,passed,success,universal,1920,14336,4096,f16:column,f16:column,f16:column,f16:column,1,0,serial,4,1,heuristic,invalid,invalid,false,false,1,tensorop,f32,128,128,64,1,2,1,0,0,0,7,4,2,1,64,128,16,90,90,188219392,225540833280,1198,0.360935,485.663,624879
47,CUTLASS,gemm,cutlass3x_sm90_tensorop_s64x128x16gemm_f16_f16_f32_f16_f16_128x128x64_1x2x1_0_nnn_align8_warpspecialized_cooperative_epi_tma,passed,success,universal,1920,14336,4096,f16:column,f16:column,f16:column,f16:column,1,0,serial,4,1,heuristic,invalid,invalid,false,false,1,tensorop,f32,128,128,64,1,2,1,0,0,0,6,4,2,1,64,128,16,90,90,188219392,225540833280,1198,0.344535,508.781,654623
47,CUTLASS,gemm,cutlass3x_sm90_tensorop_s64x128x16gemm_f16_f16_f32_f16_f16_128x128x64_1x2x1_0_nnn_align8_stream_k_warpspecialized_cooperative_epi_nosmem,passed,success,universal,1920,14336,4096,f16:column,f16:column,f16:column,f16:column,1,0,serial,4,1,heuristic,invalid,invalid,false,false,1,tensorop,f32,128,128,64,1,2,1,0,0,0,7,4,2,1,64,128,16,90,90,188219392,225540833280,1198,0.568889,308.132,396459
47,CUTLASS,gemm,cutlass3x_sm90_tensorop_s64x128x16gemm_f16_f16_f32_f16_f16_128x128x64_1x2x1_0_nnn_align8_stream_k_warpspecialized_cooperative_epi_tma,passed,success,universal,1920,14336,4096,f16:column,f16:column,f16:column,f16:column,1,0,serial,4,1,heuristic,invalid,invalid,false,false,1,tensorop,f32,128,128,64,1,2,1,0,0,0,6,4,2,1,64,128,16,90,90,188219392,225540833280,1198,0.560848,312.55,402143
47,CUTLASS,gemm,cutlass3x_sm90_tensorop_s64x128x16gemm_f16_f16_f32_f16_f16_128x128x64_2x1x1_0_nnn_align8,passed,success,universal,1920,14336,4096,f16:column,f16:column,f16:column,f16:column,1,0,serial,4,1,heuristic,invalid,invalid,false,false,1,tensorop,f32,128,128,64,2,1,1,0,0,0,7,4,2,1,64,128,16,90,90,188219392,225540833280,1198,0.433997,403.904,519683
47,CUTLASS,gemm,cutlass3x_sm90_tensorop_s64x128x16gemm_f16_f16_f32_f16_f16_128x128x64_2x1x1_0_nnn_align8_warpspecialized_epi_nosmem,passed,success,universal,1920,14336,4096,f16:column,f16:column,f16:column,f16:column,1,0,serial,4,1,heuristic,invalid,invalid,false,false,1,tensorop,f32,128,128,64,2,1,1,0,0,0,7,4,1,1,64,128,16,90,90,188219392,225540833280,1198,0.422312,415.079,534062
47,CUTLASS,gemm,cutlass3x_sm90_tensorop_s64x128x16gemm_f16_f16_f32_f16_f16_128x128x64_2x1x1_0_nnn_align8_warpspecialized_pingpong_epi_tma,passed,success,universal,1920,14336,4096,f16:column,f16:column,f16:column,f16:column,1,0,serial,4,1,heuristic,invalid,invalid,false,false,1,tensorop,f32,128,128,64,2,1,1,0,0,0,6,4,1,1,64,128,16,90,90,188219392,225540833280,1198,0.41706,420.306,540787
47,CUTLASS,gemm,cutlass3x_sm90_tensorop_s64x128x16gemm_f16_f16_f32_f16_f16_128x128x64_2x1x1_0_nnn_align8_warpspecialized_pingpong_epi_nosmem,passed,success,universal,1920,14336,4096,f16:column,f16:column,f16:column,f16:column,1,0,serial,4,1,heuristic,invalid,invalid,false,false,1,tensorop,f32,128,128,64,2,1,1,0,0,0,7,4,1,1,64,128,16,90,90,188219392,225540833280,1198,0.42772,409.831,527310
47,CUTLASS,gemm,cutlass3x_sm90_tensorop_s64x128x16gemm_f16_f16_f32_f16_f16_128x128x64_2x1x1_0_nnn_align8_warpspecialized_cooperative_epi_nosmem,passed,success,universal,1920,14336,4096,f16:column,f16:column,f16:column,f16:column,1,0,serial,4,1,heuristic,invalid,invalid,false,false,1,tensorop,f32,128,128,64,2,1,1,0,0,0,7,4,2,1,64,128,16,90,90,188219392,225540833280,1198,0.436,402.048,517296
47,CUTLASS,gemm,cutlass3x_sm90_tensorop_s64x128x16gemm_f16_f16_f32_f16_f16_128x128x64_2x1x1_0_nnn_align8_warpspecialized_cooperative_epi_tma,passed,success,universal,1920,14336,4096,f16:column,f16:column,f16:column,f16:column,1,0,serial,4,1,heuristic,invalid,invalid,false,false,1,tensorop,f32,128,128,64,2,1,1,0,0,0,6,4,2,1,64,128,16,90,90,188219392,225540833280,1198,0.422829,414.572,533409
47,CUTLASS,gemm,cutlass3x_sm90_tensorop_s64x128x16gemm_f16_f16_f32_f16_f16_128x128x64_2x1x1_0_nnn_align8_stream_k_warpspecialized_cooperative_epi_nosmem,passed,success,universal,1920,14336,4096,f16:column,f16:column,f16:column,f16:column,1,0,serial,4,1,heuristic,invalid,invalid,false,false,1,tensorop,f32,128,128,64,2,1,1,0,0,0,7,4,2,1,64,128,16,90,90,188219392,225540833280,1198,0.591442,296.382,381340
47,CUTLASS,gemm,cutlass3x_sm90_tensorop_s64x128x16gemm_f16_f16_f32_f16_f16_128x128x64_2x1x1_0_nnn_align8_stream_k_warpspecialized_cooperative_epi_tma,passed,success,universal,1920,14336,4096,f16:column,f16:column,f16:column,f16:column,1,0,serial,4,1,heuristic,invalid,invalid,false,false,1,tensorop,f32,128,128,64,2,1,1,0,0,0,6,4,2,1,64,128,16,90,90,188219392,225540833280,1198,0.584512,299.896,385862
48,CUTLASS,gemm,cutlass_tensorop_f16_s1688gemm_f16_256x128_32x2_nn_align8,passed,success,universal,2048,14336,4096,f16:column,f16:column,f16:column,f16:column,1,0,serial,4,1,heuristic,invalid,invalid,false,false,1,tensorop,f32,256,128,32,1,1,1,0,0,0,2,4,2,1,16,8,8,75,1024,192937984,240576888832,1246,1.17311,153.172,205076
48,CUTLASS,gemm,cutlass_tensorop_f16_s16816gemm_f16_256x128_32x3_nn_align8,passed,success,universal,2048,14336,4096,f16:column,f16:column,f16:column,f16:column,1,0,serial,4,1,heuristic,invalid,invalid,false,false,1,tensorop,f32,256,128,32,1,1,1,0,0,0,3,4,2,1,16,8,16,80,1024,192937984,240576888832,1246,0.69228,259.559,347514
48,CUTLASS,gemm,cutlass3x_sm90_tensorop_s64x128x16gemm_f16_f16_f32_f16_f16_128x128x64_1x2x1_0_nnn_align8,passed,success,universal,2048,14336,4096,f16:column,f16:column,f16:column,f16:column,1,0,serial,4,1,heuristic,invalid,invalid,false,false,1,tensorop,f32,128,128,64,1,2,1,0,0,0,7,4,2,1,64,128,16,90,90,192937984,240576888832,1246,0.380089,472.752,632949
48,CUTLASS,gemm,cutlass3x_sm90_tensorop_s64x128x16gemm_f16_f16_f32_f16_f16_128x128x64_1x2x1_0_nnn_align8_warpspecialized_epi_nosmem,passed,success,universal,2048,14336,4096,f16:column,f16:column,f16:column,f16:column,1,0,serial,4,1,heuristic,invalid,invalid,false,false,1,tensorop,f32,128,128,64,1,2,1,0,0,0,7,4,1,1,64,128,16,90,90,192937984,240576888832,1246,0.361622,496.893,665271
48,CUTLASS,gemm,cutlass3x_sm90_tensorop_s64x128x16gemm_f16_f16_f32_f16_f16_128x128x64_1x2x1_0_nnn_align8_warpspecialized_pingpong_epi_tma,passed,success,universal,2048,14336,4096,f16:column,f16:column,f16:column,f16:column,1,0,serial,4,1,heuristic,invalid,invalid,false,false,1,tensorop,f32,128,128,64,1,2,1,0,0,0,6,4,1,1,64,128,16,90,90,192937984,240576888832,1246,0.356554,503.956,674727
48,CUTLASS,gemm,cutlass3x_sm90_tensorop_s64x128x16gemm_f16_f16_f32_f16_f16_128x128x64_1x2x1_0_nnn_align8_warpspecialized_pingpong_epi_nosmem,passed,success,universal,2048,14336,4096,f16:column,f16:column,f16:column,f16:column,1,0,serial,4,1,heuristic,invalid,invalid,false,false,1,tensorop,f32,128,128,64,1,2,1,0,0,0,7,4,1,1,64,128,16,90,90,192937984,240576888832,1246,0.36587,491.124,657547
48,CUTLASS,gemm,cutlass3x_sm90_tensorop_s64x128x16gemm_f16_f16_f32_f16_f16_128x128x64_1x2x1_0_nnn_align8_warpspecialized_cooperative_epi_nosmem,passed,success,universal,2048,14336,4096,f16:column,f16:column,f16:column,f16:column,1,0,serial,4,1,heuristic,invalid,invalid,false,false,1,tensorop,f32,128,128,64,1,2,1,0,0,0,7,4,2,1,64,128,16,90,90,192937984,240576888832,1246,0.378308,474.976,635928
48,CUTLASS,gemm,cutlass3x_sm90_tensorop_s64x128x16gemm_f16_f16_f32_f16_f16_128x128x64_1x2x1_0_nnn_align8_warpspecialized_cooperative_epi_tma,passed,success,universal,2048,14336,4096,f16:column,f16:column,f16:column,f16:column,1,0,serial,4,1,heuristic,invalid,invalid,false,false,1,tensorop,f32,128,128,64,1,2,1,0,0,0,6,4,2,1,64,128,16,90,90,192937984,240576888832,1246,0.353824,507.844,679934
48,CUTLASS,gemm,cutlass3x_sm90_tensorop_s64x128x16gemm_f16_f16_f32_f16_f16_128x128x64_1x2x1_0_nnn_align8_stream_k_warpspecialized_cooperative_epi_nosmem,passed,success,universal,2048,14336,4096,f16:column,f16:column,f16:column,f16:column,1,0,serial,4,1,heuristic,invalid,invalid,false,false,1,tensorop,f32,128,128,64,1,2,1,0,0,0,7,4,2,1,64,128,16,90,90,192937984,240576888832,1246,0.606333,296.351,396773
48,CUTLASS,gemm,cutlass3x_sm90_tensorop_s64x128x16gemm_f16_f16_f32_f16_f16_128x128x64_1x2x1_0_nnn_align8_stream_k_warpspecialized_cooperative_epi_tma,passed,success,universal,2048,14336,4096,f16:column,f16:column,f16:column,f16:column,1,0,serial,4,1,heuristic,invalid,invalid,false,false,1,tensorop,f32,128,128,64,1,2,1,0,0,0,6,4,2,1,64,128,16,90,90,192937984,240576888832,1246,0.600711,299.125,400487
48,CUTLASS,gemm,cutlass3x_sm90_tensorop_s64x128x16gemm_f16_f16_f32_f16_f16_128x128x64_2x1x1_0_nnn_align8,passed,success,universal,2048,14336,4096,f16:column,f16:column,f16:column,f16:column,1,0,serial,4,1,heuristic,invalid,invalid,false,false,1,tensorop,f32,128,128,64,2,1,1,0,0,0,7,4,2,1,64,128,16,90,90,192937984,240576888832,1246,0.381527,470.969,630563
48,CUTLASS,gemm,cutlass3x_sm90_tensorop_s64x128x16gemm_f16_f16_f32_f16_f16_128x128x64_2x1x1_0_nnn_align8_warpspecialized_epi_nosmem,passed,success,universal,2048,14336,4096,f16:column,f16:column,f16:column,f16:column,1,0,serial,4,1,heuristic,invalid,invalid,false,false,1,tensorop,f32,128,128,64,2,1,1,0,0,0,7,4,1,1,64,128,16,90,90,192937984,240576888832,1246,0.394534,455.442,609775
48,CUTLASS,gemm,cutlass3x_sm90_tensorop_s64x128x16gemm_f16_f16_f32_f16_f16_128x128x64_2x1x1_0_nnn_align8_warpspecialized_pingpong_epi_tma,passed,success,universal,2048,14336,4096,f16:column,f16:column,f16:column,f16:column,1,0,serial,4,1,heuristic,invalid,invalid,false,false,1,tensorop,f32,128,128,64,2,1,1,0,0,0,6,4,1,1,64,128,16,90,90,192937984,240576888832,1246,0.362714,495.398,663270
48,CUTLASS,gemm,cutlass3x_sm90_tensorop_s64x128x16gemm_f16_f16_f32_f16_f16_128x128x64_2x1x1_0_nnn_align8_warpspecialized_pingpong_epi_nosmem,passed,success,universal,2048,14336,4096,f16:column,f16:column,f16:column,f16:column,1,0,serial,4,1,heuristic,invalid,invalid,false,false,1,tensorop,f32,128,128,64,2,1,1,0,0,0,7,4,1,1,64,128,16,90,90,192937984,240576888832,1246,0.375013,479.15,641515
48,CUTLASS,gemm,cutlass3x_sm90_tensorop_s64x128x16gemm_f16_f16_f32_f16_f16_128x128x64_2x1x1_0_nnn_align8_warpspecialized_cooperative_epi_nosmem,passed,success,universal,2048,14336,4096,f16:column,f16:column,f16:column,f16:column,1,0,serial,4,1,heuristic,invalid,invalid,false,false,1,tensorop,f32,128,128,64,2,1,1,0,0,0,7,4,2,1,64,128,16,90,90,192937984,240576888832,1246,0.377415,476.101,637433
48,CUTLASS,gemm,cutlass3x_sm90_tensorop_s64x128x16gemm_f16_f16_f32_f16_f16_128x128x64_2x1x1_0_nnn_align8_warpspecialized_cooperative_epi_tma,passed,success,universal,2048,14336,4096,f16:column,f16:column,f16:column,f16:column,1,0,serial,4,1,heuristic,invalid,invalid,false,false,1,tensorop,f32,128,128,64,2,1,1,0,0,0,6,4,2,1,64,128,16,90,90,192937984,240576888832,1246,0.367127,489.442,655296
48,CUTLASS,gemm,cutlass3x_sm90_tensorop_s64x128x16gemm_f16_f16_f32_f16_f16_128x128x64_2x1x1_0_nnn_align8_stream_k_warpspecialized_cooperative_epi_nosmem,passed,success,universal,2048,14336,4096,f16:column,f16:column,f16:column,f16:column,1,0,serial,4,1,heuristic,invalid,invalid,false,false,1,tensorop,f32,128,128,64,2,1,1,0,0,0,7,4,2,1,64,128,16,90,90,192937984,240576888832,1246,0.603719,297.634,398491
48,CUTLASS,gemm,cutlass3x_sm90_tensorop_s64x128x16gemm_f16_f16_f32_f16_f16_128x128x64_2x1x1_0_nnn_align8_stream_k_warpspecialized_cooperative_epi_tma,passed,success,universal,2048,14336,4096,f16:column,f16:column,f16:column,f16:column,1,0,serial,4,1,heuristic,invalid,invalid,false,false,1,tensorop,f32,128,128,64,2,1,1,0,0,0,6,4,2,1,64,128,16,90,90,192937984,240576888832,1246,0.598986,299.986,401641
49,CUTLASS,gemm,cutlass_tensorop_f16_s1688gemm_f16_256x128_32x2_nn_align8,passed,success,universal,128,14336,4096,f16:column,f16:column,f16:column,f16:column,1,0,serial,8,1,heuristic,invalid,invalid,false,false,1,tensorop,f32,256,128,32,1,1,1,0,0,0,2,4,2,1,16,8,8,75,1024,122159104,15036055552,123,0.110654,1028.16,135884
49,CUTLASS,gemm,cutlass_tensorop_f16_s16816gemm_f16_256x128_32x3_nn_align8,passed,success,universal,128,14336,4096,f16:column,f16:column,f16:column,f16:column,1,0,serial,8,1,heuristic,invalid,invalid,false,false,1,tensorop,f32,256,128,32,1,1,1,0,0,0,3,4,2,1,16,8,16,80,1024,122159104,15036055552,123,0.074665,1523.73,201380
49,CUTLASS,gemm,cutlass3x_sm90_tensorop_s64x128x16gemm_f16_f16_f32_f16_f16_128x128x64_1x2x1_0_nnn_align8,passed,success,universal,128,14336,4096,f16:column,f16:column,f16:column,f16:column,1,0,serial,8,1,heuristic,invalid,invalid,false,false,1,tensorop,f32,128,128,64,1,2,1,0,0,0,7,4,2,1,64,128,16,90,90,122159104,15036055552,123,0.0495494,2296.08,303456
49,CUTLASS,gemm,cutlass3x_sm90_tensorop_s64x128x16gemm_f16_f16_f32_f16_f16_128x128x64_1x2x1_0_nnn_align8_warpspecialized_epi_nosmem,passed,success,universal,128,14336,4096,f16:column,f16:column,f16:column,f16:column,1,0,serial,8,1,heuristic,invalid,invalid,false,false,1,tensorop,f32,128,128,64,1,2,1,0,0,0,7,4,1,1,64,128,16,90,90,122159104,15036055552,123,0.0486096,2340.47,309323
49,CUTLASS,gemm,cutlass3x_sm90_tensorop_s64x128x16gemm_f16_f16_f32_f16_f16_128x128x64_1x2x1_0_nnn_align8_warpspecialized_pingpong_epi_tma,passed,success,universal,128,14336,4096,f16:column,f16:column,f16:column,f16:column,1,0,serial,8,1,heuristic,invalid,invalid,false,false,1,tensorop,f32,128,128,64,1,2,1,0,0,0,6,4,1,1,64,128,16,90,90,122159104,15036055552,123,0.0490765,2318.21,306380
49,CUTLASS,gemm,cutlass3x_sm90_tensorop_s64x128x16gemm_f16_f16_f32_f16_f16_128x128x64_1x2x1_0_nnn_align8_warpspecialized_pingpong_epi_nosmem,passed,success,universal,128,14336,4096,f16:column,f16:column,f16:column,f16:column,1,0,serial,8,1,heuristic,invalid,invalid,false,false,1,tensorop,f32,128,128,64,1,2,1,0,0,0,7,4,1,1,64,128,16,90,90,122159104,15036055552,123,0.048777,2332.44,308261
49,CUTLASS,gemm,cutlass3x_sm90_tensorop_s64x128x16gemm_f16_f16_f32_f16_f16_128x128x64_1x2x1_0_nnn_align8_warpspecialized_cooperative_epi_nosmem,passed,success,universal,128,14336,4096,f16:column,f16:column,f16:column,f16:column,1,0,serial,8,1,heuristic,invalid,invalid,false,false,1,tensorop,f32,128,128,64,1,2,1,0,0,0,7,4,2,1,64,128,16,90,90,122159104,15036055552,123,0.0495453,2296.27,303481
49,CUTLASS,gemm,cutlass3x_sm90_tensorop_s64x128x16gemm_f16_f16_f32_f16_f16_128x128x64_1x2x1_0_nnn_align8_warpspecialized_cooperative_epi_tma,passed,success,universal,128,14336,4096,f16:column,f16:column,f16:column,f16:column,1,0,serial,8,1,heuristic,invalid,invalid,false,false,1,tensorop,f32,128,128,64,1,2,1,0,0,0,6,4,2,1,64,128,16,90,90,122159104,15036055552,123,0.0481037,2365.09,312576
49,CUTLASS,gemm,cutlass3x_sm90_tensorop_s64x128x16gemm_f16_f16_f32_f16_f16_128x128x64_1x2x1_0_nnn_align8_stream_k_warpspecialized_cooperative_epi_nosmem,passed,success,universal,128,14336,4096,f16:column,f16:column,f16:column,f16:column,1,0,serial,8,1,heuristic,invalid,invalid,false,false,1,tensorop,f32,128,128,64,1,2,1,0,0,0,7,4,2,1,64,128,16,90,90,122159104,15036055552,123,0.075208,1512.73,199926
49,CUTLASS,gemm,cutlass3x_sm90_tensorop_s64x128x16gemm_f16_f16_f32_f16_f16_128x128x64_1x2x1_0_nnn_align8_stream_k_warpspecialized_cooperative_epi_tma,passed,success,universal,128,14336,4096,f16:column,f16:column,f16:column,f16:column,1,0,serial,8,1,heuristic,invalid,invalid,false,false,1,tensorop,f32,128,128,64,1,2,1,0,0,0,6,4,2,1,64,128,16,90,90,122159104,15036055552,123,0.0738838,1539.84,203509
49,CUTLASS,gemm,cutlass3x_sm90_tensorop_s64x128x16gemm_f16_f16_f32_f16_f16_128x128x64_2x1x1_0_nnn_align8,passed,success,universal,128,14336,4096,f16:column,f16:column,f16:column,f16:column,1,0,serial,8,1,heuristic,invalid,invalid,false,false,1,tensorop,f32,128,128,64,2,1,1,0,0,0,7,4,2,1,64,128,16,90,90,122159104,15036055552,123,0.0672058,1692.85,223732
49,CUTLASS,gemm,cutlass3x_sm90_tensorop_s64x128x16gemm_f16_f16_f32_f16_f16_128x128x64_2x1x1_0_nnn_align8_warpspecialized_epi_nosmem,passed,success,universal,128,14336,4096,f16:column,f16:column,f16:column,f16:column,1,0,serial,8,1,heuristic,invalid,invalid,false,false,1,tensorop,f32,128,128,64,2,1,1,0,0,0,7,4,1,1,64,128,16,90,90,122159104,15036055552,123,0.0700157,1624.92,214753
49,CUTLASS,gemm,cutlass3x_sm90_tensorop_s64x128x16gemm_f16_f16_f32_f16_f16_128x128x64_2x1x1_0_nnn_align8_warpspecialized_pingpong_epi_tma,passed,success,universal,128,14336,4096,f16:column,f16:column,f16:column,f16:column,1,0,serial,8,1,heuristic,invalid,invalid,false,false,1,tensorop,f32,128,128,64,2,1,1,0,0,0,6,4,1,1,64,128,16,90,90,122159104,15036055552,123,0.0689232,1650.67,218157
49,CUTLASS,gemm,cutlass3x_sm90_tensorop_s64x128x16gemm_f16_f16_f32_f16_f16_128x128x64_2x1x1_0_nnn_align8_warpspecialized_pingpong_epi_nosmem,passed,success,universal,128,14336,4096,f16:column,f16:column,f16:column,f16:column,1,0,serial,8,1,heuristic,invalid,invalid,false,false,1,tensorop,f32,128,128,64,2,1,1,0,0,0,7,4,1,1,64,128,16,90,90,122159104,15036055552,123,0.0675837,1683.39,222481
49,CUTLASS,gemm,cutlass3x_sm90_tensorop_s64x128x16gemm_f16_f16_f32_f16_f16_128x128x64_2x1x1_0_nnn_align8_warpspecialized_cooperative_epi_nosmem,passed,success,universal,128,14336,4096,f16:column,f16:column,f16:column,f16:column,1,0,serial,8,1,heuristic,invalid,invalid,false,false,1,tensorop,f32,128,128,64,2,1,1,0,0,0,7,4,2,1,64,128,16,90,90,122159104,15036055552,123,0.0670765,1696.12,224163
49,CUTLASS,gemm,cutlass3x_sm90_tensorop_s64x128x16gemm_f16_f16_f32_f16_f16_128x128x64_2x1x1_0_nnn_align8_warpspecialized_cooperative_epi_tma,passed,success,universal,128,14336,4096,f16:column,f16:column,f16:column,f16:column,1,0,serial,8,1,heuristic,invalid,invalid,false,false,1,tensorop,f32,128,128,64,2,1,1,0,0,0,6,4,2,1,64,128,16,90,90,122159104,15036055552,123,0.0680432,1672.02,220978
49,CUTLASS,gemm,cutlass3x_sm90_tensorop_s64x128x16gemm_f16_f16_f32_f16_f16_128x128x64_2x1x1_0_nnn_align8_stream_k_warpspecialized_cooperative_epi_nosmem,passed,success,universal,128,14336,4096,f16:column,f16:column,f16:column,f16:column,1,0,serial,8,1,heuristic,invalid,invalid,false,false,1,tensorop,f32,128,128,64,2,1,1,0,0,0,7,4,2,1,64,128,16,90,90,122159104,15036055552,123,0.121887,933.401,123361
49,CUTLASS,gemm,cutlass3x_sm90_tensorop_s64x128x16gemm_f16_f16_f32_f16_f16_128x128x64_2x1x1_0_nnn_align8_stream_k_warpspecialized_cooperative_epi_tma,passed,success,universal,128,14336,4096,f16:column,f16:column,f16:column,f16:column,1,0,serial,8,1,heuristic,invalid,invalid,false,false,1,tensorop,f32,128,128,64,2,1,1,0,0,0,6,4,2,1,64,128,16,90,90,122159104,15036055552,123,0.120281,945.865,125008
50,CUTLASS,gemm,cutlass_tensorop_f16_s1688gemm_f16_256x128_32x2_nn_align8,passed,success,universal,256,14336,4096,f16:column,f16:column,f16:column,f16:column,1,0,serial,8,1,heuristic,invalid,invalid,false,false,1,tensorop,f32,256,128,32,1,1,1,0,0,0,2,4,2,1,16,8,8,75,1024,126877696,30072111104,237,0.172154,686.387,174682
50,CUTLASS,gemm,cutlass_tensorop_f16_s16816gemm_f16_256x128_32x3_nn_align8,passed,success,universal,256,14336,4096,f16:column,f16:column,f16:column,f16:column,1,0,serial,8,1,heuristic,invalid,invalid,false,false,1,tensorop,f32,256,128,32,1,1,1,0,0,0,3,4,2,1,16,8,16,80,1024,126877696,30072111104,237,0.111812,1056.81,268952
50,CUTLASS,gemm,cutlass3x_sm90_tensorop_s64x128x16gemm_f16_f16_f32_f16_f16_128x128x64_1x2x1_0_nnn_align8,passed,success,universal,256,14336,4096,f16:column,f16:column,f16:column,f16:column,1,0,serial,8,1,heuristic,invalid,invalid,false,false,1,tensorop,f32,128,128,64,1,2,1,0,0,0,7,4,2,1,64,128,16,90,90,126877696,30072111104,237,0.0618758,1909.7,486007
50,CUTLASS,gemm,cutlass3x_sm90_tensorop_s64x128x16gemm_f16_f16_f32_f16_f16_128x128x64_1x2x1_0_nnn_align8_warpspecialized_epi_nosmem,passed,success,universal,256,14336,4096,f16:column,f16:column,f16:column,f16:column,1,0,serial,8,1,heuristic,invalid,invalid,false,false,1,tensorop,f32,128,128,64,1,2,1,0,0,0,7,4,1,1,64,128,16,90,90,126877696,30072111104,237,0.0612342,1929.71,491100
50,CUTLASS,gemm,cutlass3x_sm90_tensorop_s64x128x16gemm_f16_f16_f32_f16_f16_128x128x64_1x2x1_0_nnn_align8_warpspecialized_pingpong_epi_tma,passed,success,universal,256,14336,4096,f16:column,f16:column,f16:column,f16:column,1,0,serial,8,1,heuristic,invalid,invalid,false,false,1,tensorop,f32,128,128,64,1,2,1,0,0,0,6,4,1,1,64,128,16,90,90,126877696,30072111104,237,0.0602413,1961.51,499194
50,CUTLASS,gemm,cutlass3x_sm90_tensorop_s64x128x16gemm_f16_f16_f32_f16_f16_128x128x64_1x2x1_0_nnn_align8_warpspecialized_pingpong_epi_nosmem,passed,success,universal,256,14336,4096,f16:column,f16:column,f16:column,f16:column,1,0,serial,8,1,heuristic,invalid,invalid,false,false,1,tensorop,f32,128,128,64,1,2,1,0,0,0,7,4,1,1,64,128,16,90,90,126877696,30072111104,237,0.0616454,1916.83,487824
50,CUTLASS,gemm,cutlass3x_sm90_tensorop_s64x128x16gemm_f16_f16_f32_f16_f16_128x128x64_1x2x1_0_nnn_align8_warpspecialized_cooperative_epi_nosmem,passed,success,universal,256,14336,4096,f16:column,f16:column,f16:column,f16:column,1,0,serial,8,1,heuristic,invalid,invalid,false,false,1,tensorop,f32,128,128,64,1,2,1,0,0,0,7,4,2,1,64,128,16,90,90,126877696,30072111104,237,0.0616874,1915.53,487492
50,CUTLASS,gemm,cutlass3x_sm90_tensorop_s64x128x16gemm_f16_f16_f32_f16_f16_128x128x64_1x2x1_0_nnn_align8_warpspecialized_cooperative_epi_tma,passed,success,universal,256,14336,4096,f16:column,f16:column,f16:column,f16:column,1,0,serial,8,1,heuristic,invalid,invalid,false,false,1,tensorop,f32,128,128,64,1,2,1,0,0,0,6,4,2,1,64,128,16,90,90,126877696,30072111104,237,0.0594918,1986.22,505483
50,CUTLASS,gemm,cutlass3x_sm90_tensorop_s64x128x16gemm_f16_f16_f32_f16_f16_128x128x64_1x2x1_0_nnn_align8_stream_k_warpspecialized_cooperative_epi_nosmem,passed,success,universal,256,14336,4096,f16:column,f16:column,f16:column,f16:column,1,0,serial,8,1,heuristic,invalid,invalid,false,false,1,tensorop,f32,128,128,64,1,2,1,0,0,0,7,4,2,1,64,128,16,90,90,126877696,30072111104,237,0.128548,919.218,233936
50,CUTLASS,gemm,cutlass3x_sm90_tensorop_s64x128x16gemm_f16_f16_f32_f16_f16_128x128x64_1x2x1_0_nnn_align8_stream_k_warpspecialized_cooperative_epi_tma,passed,success,universal,256,14336,4096,f16:column,f16:column,f16:column,f16:column,1,0,serial,8,1,heuristic,invalid,invalid,false,false,1,tensorop,f32,128,128,64,1,2,1,0,0,0,6,4,2,1,64,128,16,90,90,126877696,30072111104,237,0.125249,943.436,240099
50,CUTLASS,gemm,cutlass3x_sm90_tensorop_s64x128x16gemm_f16_f16_f32_f16_f16_128x128x64_2x1x1_0_nnn_align8,passed,success,universal,256,14336,4096,f16:column,f16:column,f16:column,f16:column,1,0,serial,8,1,heuristic,invalid,invalid,false,false,1,tensorop,f32,128,128,64,2,1,1,0,0,0,7,4,2,1,64,128,16,90,90,126877696,30072111104,237,0.0562163,2101.95,534936
50,CUTLASS,gemm,cutlass3x_sm90_tensorop_s64x128x16gemm_f16_f16_f32_f16_f16_128x128x64_2x1x1_0_nnn_align8_warpspecialized_epi_nosmem,passed,success,universal,256,14336,4096,f16:column,f16:column,f16:column,f16:column,1,0,serial,8,1,heuristic,invalid,invalid,false,false,1,tensorop,f32,128,128,64,2,1,1,0,0,0,7,4,1,1,64,128,16,90,90,126877696,30072111104,237,0.0565485,2089.61,531793
50,CUTLASS,gemm,cutlass3x_sm90_tensorop_s64x128x16gemm_f16_f16_f32_f16_f16_128x128x64_2x1x1_0_nnn_align8_warpspecialized_pingpong_epi_tma,passed,success,universal,256,14336,4096,f16:column,f16:column,f16:column,f16:column,1,0,serial,8,1,heuristic,invalid,invalid,false,false,1,tensorop,f32,128,128,64,2,1,1,0,0,0,6,4,1,1,64,128,16,90,90,126877696,30072111104,237,0.0555392,2127.58,541457
50,CUTLASS,gemm,cutlass3x_sm90_tensorop_s64x128x16gemm_f16_f16_f32_f16_f16_128x128x64_2x1x1_0_nnn_align8_warpspecialized_pingpong_epi_nosmem,passed,success,universal,256,14336,4096,f16:column,f16:column,f16:column,f16:column,1,0,serial,8,1,heuristic,invalid,invalid,false,false,1,tensorop,f32,128,128,64,2,1,1,0,0,0,7,4,1,1,64,128,16,90,90,126877696,30072111104,237,0.0541965,2180.29,554872
50,CUTLASS,gemm,cutlass3x_sm90_tensorop_s64x128x16gemm_f16_f16_f32_f16_f16_128x128x64_2x1x1_0_nnn_align8_warpspecialized_cooperative_epi_nosmem,passed,success,universal,256,14336,4096,f16:column,f16:column,f16:column,f16:column,1,0,serial,8,1,heuristic,invalid,invalid,false,false,1,tensorop,f32,128,128,64,2,1,1,0,0,0,7,4,2,1,64,128,16,90,90,126877696,30072111104,237,0.0563174,2098.18,533975
50,CUTLASS,gemm,cutlass3x_sm90_tensorop_s64x128x16gemm_f16_f16_f32_f16_f16_128x128x64_2x1x1_0_nnn_align8_warpspecialized_cooperative_epi_tma,passed,success,universal,256,14336,4096,f16:column,f16:column,f16:column,f16:column,1,0,serial,8,1,heuristic,invalid,invalid,false,false,1,tensorop,f32,128,128,64,2,1,1,0,0,0,6,4,2,1,64,128,16,90,90,126877696,30072111104,237,0.0555373,2127.65,541476
50,CUTLASS,gemm,cutlass3x_sm90_tensorop_s64x128x16gemm_f16_f16_f32_f16_f16_128x128x64_2x1x1_0_nnn_align8_stream_k_warpspecialized_cooperative_epi_nosmem,passed,success,universal,256,14336,4096,f16:column,f16:column,f16:column,f16:column,1,0,serial,8,1,heuristic,invalid,invalid,false,false,1,tensorop,f32,128,128,64,2,1,1,0,0,0,7,4,2,1,64,128,16,90,90,126877696,30072111104,237,0.122305,966.145,245879
50,CUTLASS,gemm,cutlass3x_sm90_tensorop_s64x128x16gemm_f16_f16_f32_f16_f16_128x128x64_2x1x1_0_nnn_align8_stream_k_warpspecialized_cooperative_epi_tma,passed,success,universal,256,14336,4096,f16:column,f16:column,f16:column,f16:column,1,0,serial,8,1,heuristic,invalid,invalid,false,false,1,tensorop,f32,128,128,64,2,1,1,0,0,0,6,4,2,1,64,128,16,90,90,126877696,30072111104,237,0.121695,970.985,247110
51,CUTLASS,gemm,cutlass_tensorop_f16_s1688gemm_f16_256x128_32x2_nn_align8,passed,success,universal,384,14336,4096,f16:column,f16:column,f16:column,f16:column,1,0,serial,8,1,heuristic,invalid,invalid,false,false,1,tensorop,f32,256,128,32,1,1,1,0,0,0,2,4,2,1,16,8,8,75,1024,131596288,45108166656,342,0.272283,450.115,165667
51,CUTLASS,gemm,cutlass_tensorop_f16_s16816gemm_f16_256x128_32x3_nn_align8,passed,success,universal,384,14336,4096,f16:column,f16:column,f16:column,f16:column,1,0,serial,8,1,heuristic,invalid,invalid,false,false,1,tensorop,f32,256,128,32,1,1,1,0,0,0,3,4,2,1,16,8,16,80,1024,131596288,45108166656,342,0.172605,710.052,261337
51,CUTLASS,gemm,cutlass3x_sm90_tensorop_s64x128x16gemm_f16_f16_f32_f16_f16_128x128x64_1x2x1_0_nnn_align8,passed,success,universal,384,14336,4096,f16:column,f16:column,f16:column,f16:column,1,0,serial,8,1,heuristic,invalid,invalid,false,false,1,tensorop,f32,128,128,64,1,2,1,0,0,0,7,4,2,1,64,128,16,90,90,131596288,45108166656,342,0.0874861,1400.89,515604
51,CUTLASS,gemm,cutlass3x_sm90_tensorop_s64x128x16gemm_f16_f16_f32_f16_f16_128x128x64_1x2x1_0_nnn_align8_warpspecialized_epi_nosmem,passed,success,universal,384,14336,4096,f16:column,f16:column,f16:column,f16:column,1,0,serial,8,1,heuristic,invalid,invalid,false,false,1,tensorop,f32,128,128,64,1,2,1,0,0,0,7,4,1,1,64,128,16,90,90,131596288,45108166656,342,0.0877715,1396.34,513927
51,CUTLASS,gemm,cutlass3x_sm90_tensorop_s64x128x16gemm_f16_f16_f32_f16_f16_128x128x64_1x2x1_0_nnn_align8_warpspecialized_pingpong_epi_tma,passed,success,universal,384,14336,4096,f16:column,f16:column,f16:column,f16:column,1,0,serial,8,1,heuristic,invalid,invalid,false,false,1,tensorop,f32,128,128,64,1,2,1,0,0,0,6,4,1,1,64,128,16,90,90,131596288,45108166656,342,0.0815411,1503.03,553195
51,CUTLASS,gemm,cutlass3x_sm90_tensorop_s64x128x16gemm_f16_f16_f32_f16_f16_128x128x64_1x2x1_0_nnn_align8_warpspecialized_pingpong_epi_nosmem,passed,success,universal,384,14336,4096,f16:column,f16:column,f16:column,f16:column,1,0,serial,8,1,heuristic,invalid,invalid,false,false,1,tensorop,f32,128,128,64,1,2,1,0,0,0,7,4,1,1,64,128,16,90,90,131596288,45108166656,342,0.0839802,1459.38,537129
51,CUTLASS,gemm,cutlass3x_sm90_tensorop_s64x128x16gemm_f16_f16_f32_f16_f16_128x128x64_1x2x1_0_nnn_align8_warpspecialized_cooperative_epi_nosmem,passed,success,universal,384,14336,4096,f16:column,f16:column,f16:column,f16:column,1,0,serial,8,1,heuristic,invalid,invalid,false,false,1,tensorop,f32,128,128,64,1,2,1,0,0,0,7,4,2,1,64,128,16,90,90,131596288,45108166656,342,0.0876691,1397.97,514527
51,CUTLASS,gemm,cutlass3x_sm90_tensorop_s64x128x16gemm_f16_f16_f32_f16_f16_128x128x64_1x2x1_0_nnn_align8_warpspecialized_cooperative_epi_tma,passed,success,universal,384,14336,4096,f16:column,f16:column,f16:column,f16:column,1,0,serial,8,1,heuristic,invalid,invalid,false,false,1,tensorop,f32,128,128,64,1,2,1,0,0,0,6,4,2,1,64,128,16,90,90,131596288,45108166656,342,0.08288,1478.75,544259
51,CUTLASS,gemm,cutlass3x_sm90_tensorop_s64x128x16gemm_f16_f16_f32_f16_f16_128x128x64_1x2x1_0_nnn_align8_stream_k_warpspecialized_cooperative_epi_nosmem,passed,success,universal,384,14336,4096,f16:column,f16:column,f16:column,f16:column,1,0,serial,8,1,heuristic,invalid,invalid,false,false,1,tensorop,f32,128,128,64,1,2,1,0,0,0,7,4,2,1,64,128,16,90,90,131596288,45108166656,342,0.190942,641.864,236240
51,CUTLASS,gemm,cutlass3x_sm90_tensorop_s64x128x16gemm_f16_f16_f32_f16_f16_128x128x64_1x2x1_0_nnn_align8_stream_k_warpspecialized_cooperative_epi_tma,passed,success,universal,384,14336,4096,f16:column,f16:column,f16:column,f16:column,1,0,serial,8,1,heuristic,invalid,invalid,false,false,1,tensorop,f32,128,128,64,1,2,1,0,0,0,6,4,2,1,64,128,16,90,90,131596288,45108166656,342,0.190612,642.976,236650
51,CUTLASS,gemm,cutlass3x_sm90_tensorop_s64x128x16gemm_f16_f16_f32_f16_f16_128x128x64_2x1x1_0_nnn_align8,passed,success,universal,384,14336,4096,f16:column,f16:column,f16:column,f16:column,1,0,serial,8,1,heuristic,invalid,invalid,false,false,1,tensorop,f32,128,128,64,2,1,1,0,0,0,7,4,2,1,64,128,16,90,90,131596288,45108166656,342,0.134595,910.574,335140
51,CUTLASS,gemm,cutlass3x_sm90_tensorop_s64x128x16gemm_f16_f16_f32_f16_f16_128x128x64_2x1x1_0_nnn_align8_warpspecialized_epi_nosmem,passed,success,universal,384,14336,4096,f16:column,f16:column,f16:column,f16:column,1,0,serial,8,1,heuristic,invalid,invalid,false,false,1,tensorop,f32,128,128,64,2,1,1,0,0,0,7,4,1,1,64,128,16,90,90,131596288,45108166656,342,0.120458,1017.44,374473
51,CUTLASS,gemm,cutlass3x_sm90_tensorop_s64x128x16gemm_f16_f16_f32_f16_f16_128x128x64_2x1x1_0_nnn_align8_warpspecialized_pingpong_epi_tma,passed,success,universal,384,14336,4096,f16:column,f16:column,f16:column,f16:column,1,0,serial,8,1,heuristic,invalid,invalid,false,false,1,tensorop,f32,128,128,64,2,1,1,0,0,0,6,4,1,1,64,128,16,90,90,131596288,45108166656,342,0.134299,912.581,335879
51,CUTLASS,gemm,cutlass3x_sm90_tensorop_s64x128x16gemm_f16_f16_f32_f16_f16_128x128x64_2x1x1_0_nnn_align8_warpspecialized_pingpong_epi_nosmem,passed,success,universal,384,14336,4096,f16:column,f16:column,f16:column,f16:column,1,0,serial,8,1,heuristic,invalid,invalid,false,false,1,tensorop,f32,128,128,64,2,1,1,0,0,0,7,4,1,1,64,128,16,90,90,131596288,45108166656,342,0.133712,916.589,337354
51,CUTLASS,gemm,cutlass3x_sm90_tensorop_s64x128x16gemm_f16_f16_f32_f16_f16_128x128x64_2x1x1_0_nnn_align8_warpspecialized_cooperative_epi_nosmem,passed,success,universal,384,14336,4096,f16:column,f16:column,f16:column,f16:column,1,0,serial,8,1,heuristic,invalid,invalid,false,false,1,tensorop,f32,128,128,64,2,1,1,0,0,0,7,4,2,1,64,128,16,90,90,131596288,45108166656,342,0.134116,913.822,336336
51,CUTLASS,gemm,cutlass3x_sm90_tensorop_s64x128x16gemm_f16_f16_f32_f16_f16_128x128x64_2x1x1_0_nnn_align8_warpspecialized_cooperative_epi_tma,passed,success,universal,384,14336,4096,f16:column,f16:column,f16:column,f16:column,1,0,serial,8,1,heuristic,invalid,invalid,false,false,1,tensorop,f32,128,128,64,2,1,1,0,0,0,6,4,2,1,64,128,16,90,90,131596288,45108166656,342,0.133972,914.811,336700
51,CUTLASS,gemm,cutlass3x_sm90_tensorop_s64x128x16gemm_f16_f16_f32_f16_f16_128x128x64_2x1x1_0_nnn_align8_stream_k_warpspecialized_cooperative_epi_nosmem,passed,success,universal,384,14336,4096,f16:column,f16:column,f16:column,f16:column,1,0,serial,8,1,heuristic,invalid,invalid,false,false,1,tensorop,f32,128,128,64,2,1,1,0,0,0,7,4,2,1,64,128,16,90,90,131596288,45108166656,342,0.249293,491.624,180944
51,CUTLASS,gemm,cutlass3x_sm90_tensorop_s64x128x16gemm_f16_f16_f32_f16_f16_128x128x64_2x1x1_0_nnn_align8_stream_k_warpspecialized_cooperative_epi_tma,passed,success,universal,384,14336,4096,f16:column,f16:column,f16:column,f16:column,1,0,serial,8,1,heuristic,invalid,invalid,false,false,1,tensorop,f32,128,128,64,2,1,1,0,0,0,6,4,2,1,64,128,16,90,90,131596288,45108166656,342,0.24808,494.029,181829
52,CUTLASS,gemm,cutlass_tensorop_f16_s1688gemm_f16_256x128_32x2_nn_align8,passed,success,universal,512,14336,4096,f16:column,f16:column,f16:column,f16:column,1,0,serial,8,1,heuristic,invalid,invalid,false,false,1,tensorop,f32,256,128,32,1,1,1,0,0,0,2,4,2,1,16,8,8,75,1024,136314880,60144222208,441,0.35034,362.371,171674
52,CUTLASS,gemm,cutlass_tensorop_f16_s16816gemm_f16_256x128_32x3_nn_align8,passed,success,universal,512,14336,4096,f16:column,f16:column,f16:column,f16:column,1,0,serial,8,1,heuristic,invalid,invalid,false,false,1,tensorop,f32,256,128,32,1,1,1,0,0,0,3,4,2,1,16,8,16,80,1024,136314880,60144222208,441,0.22611,561.466,265995
52,CUTLASS,gemm,cutlass3x_sm90_tensorop_s64x128x16gemm_f16_f16_f32_f16_f16_128x128x64_1x2x1_0_nnn_align8,passed,success,universal,512,14336,4096,f16:column,f16:column,f16:column,f16:column,1,0,serial,8,1,heuristic,invalid,invalid,false,false,1,tensorop,f32,128,128,64,1,2,1,0,0,0,7,4,2,1,64,128,16,90,90,136314880,60144222208,441,0.114561,1108.17,524998
52,CUTLASS,gemm,cutlass3x_sm90_tensorop_s64x128x16gemm_f16_f16_f32_f16_f16_128x128x64_1x2x1_0_nnn_align8_warpspecialized_epi_nosmem,passed,success,universal,512,14336,4096,f16:column,f16:column,f16:column,f16:column,1,0,serial,8,1,heuristic,invalid,invalid,false,false,1,tensorop,f32,128,128,64,1,2,1,0,0,0,7,4,1,1,64,128,16,90,90,136314880,60144222208,441,0.112444,1129.04,534882
52,CUTLASS,gemm,cutlass3x_sm90_tensorop_s64x128x16gemm_f16_f16_f32_f16_f16_128x128x64_1x2x1_0_nnn_align8_warpspecialized_pingpong_epi_tma,passed,success,universal,512,14336,4096,f16:column,f16:column,f16:column,f16:column,1,0,serial,8,1,heuristic,invalid,invalid,false,false,1,tensorop,f32,128,128,64,1,2,1,0,0,0,6,4,1,1,64,128,16,90,90,136314880,60144222208,441,0.107188,1184.4,561109
52,CUTLASS,gemm,cutlass3x_sm90_tensorop_s64x128x16gemm_f16_f16_f32_f16_f16_128x128x64_1x2x1_0_nnn_align8_warpspecialized_pingpong_epi_nosmem,passed,success,universal,512,14336,4096,f16:column,f16:column,f16:column,f16:column,1,0,serial,8,1,heuristic,invalid,invalid,false,false,1,tensorop,f32,128,128,64,1,2,1,0,0,0,7,4,1,1,64,128,16,90,90,136314880,60144222208,441,0.110542,1148.46,544083
52,CUTLASS,gemm,cutlass3x_sm90_tensorop_s64x128x16gemm_f16_f16_f32_f16_f16_128x128x64_1x2x1_0_nnn_align8_warpspecialized_cooperative_epi_nosmem,passed,success,universal,512,14336,4096,f16:column,f16:column,f16:column,f16:column,1,0,serial,8,1,heuristic,invalid,invalid,false,false,1,tensorop,f32,128,128,64,1,2,1,0,0,0,7,4,2,1,64,128,16,90,90,136314880,60144222208,441,0.114841,1105.47,523716
52,CUTLASS,gemm,cutlass3x_sm90_tensorop_s64x128x16gemm_f16_f16_f32_f16_f16_128x128x64_1x2x1_0_nnn_align8_warpspecialized_cooperative_epi_tma,passed,success,universal,512,14336,4096,f16:column,f16:column,f16:column,f16:column,1,0,serial,8,1,heuristic,invalid,invalid,false,false,1,tensorop,f32,128,128,64,1,2,1,0,0,0,6,4,2,1,64,128,16,90,90,136314880,60144222208,441,0.108705,1167.87,553279
52,CUTLASS,gemm,cutlass3x_sm90_tensorop_s64x128x16gemm_f16_f16_f32_f16_f16_128x128x64_1x2x1_0_nnn_align8_stream_k_warpspecialized_cooperative_epi_nosmem,passed,success,universal,512,14336,4096,f16:column,f16:column,f16:column,f16:column,1,0,serial,8,1,heuristic,invalid,invalid,false,false,1,tensorop,f32,128,128,64,1,2,1,0,0,0,7,4,2,1,64,128,16,90,90,136314880,60144222208,441,0.258404,491.297,232753
52,CUTLASS,gemm,cutlass3x_sm90_tensorop_s64x128x16gemm_f16_f16_f32_f16_f16_128x128x64_1x2x1_0_nnn_align8_stream_k_warpspecialized_cooperative_epi_tma,passed,success,universal,512,14336,4096,f16:column,f16:column,f16:column,f16:column,1,0,serial,8,1,heuristic,invalid,invalid,false,false,1,tensorop,f32,128,128,64,1,2,1,0,0,0,6,4,2,1,64,128,16,90,90,136314880,60144222208,441,0.260915,486.57,230513
52,CUTLASS,gemm,cutlass3x_sm90_tensorop_s64x128x16gemm_f16_f16_f32_f16_f16_128x128x64_2x1x1_0_nnn_align8,passed,success,universal,512,14336,4096,f16:column,f16:column,f16:column,f16:column,1,0,serial,8,1,heuristic,invalid,invalid,false,false,1,tensorop,f32,128,128,64,2,1,1,0,0,0,7,4,2,1,64,128,16,90,90,136314880,60144222208,441,0.0974397,1302.89,617246
52,CUTLASS,gemm,cutlass3x_sm90_tensorop_s64x128x16gemm_f16_f16_f32_f16_f16_128x128x64_2x1x1_0_nnn_align8_warpspecialized_epi_nosmem,passed,success,universal,512,14336,4096,f16:column,f16:column,f16:column,f16:column,1,0,serial,8,1,heuristic,invalid,invalid,false,false,1,tensorop,f32,128,128,64,2,1,1,0,0,0,7,4,1,1,64,128,16,90,90,136314880,60144222208,441,0.10246,1239.05,587001
52,CUTLASS,gemm,cutlass3x_sm90_tensorop_s64x128x16gemm_f16_f16_f32_f16_f16_128x128x64_2x1x1_0_nnn_align8_warpspecialized_pingpong_epi_tma,passed,success,universal,512,14336,4096,f16:column,f16:column,f16:column,f16:column,1,0,serial,8,1,heuristic,invalid,invalid,false,false,1,tensorop,f32,128,128,64,2,1,1,0,0,0,6,4,1,1,64,128,16,90,90,136314880,60144222208,441,0.0917776,1383.27,655326
52,CUTLASS,gemm,cutlass3x_sm90_tensorop_s64x128x16gemm_f16_f16_f32_f16_f16_128x128x64_2x1x1_0_nnn_align8_warpspecialized_pingpong_epi_nosmem,passed,success,universal,512,14336,4096,f16:column,f16:column,f16:column,f16:column,1,0,serial,8,1,heuristic,invalid,invalid,false,false,1,tensorop,f32,128,128,64,2,1,1,0,0,0,7,4,1,1,64,128,16,90,90,136314880,60144222208,441,0.0897866,1413.94,669858
52,CUTLASS,gemm,cutlass3x_sm90_tensorop_s64x128x16gemm_f16_f16_f32_f16_f16_128x128x64_2x1x1_0_nnn_align8_warpspecialized_cooperative_epi_nosmem,passed,success,universal,512,14336,4096,f16:column,f16:column,f16:column,f16:column,1,0,serial,8,1,heuristic,invalid,invalid,false,false,1,tensorop,f32,128,128,64,2,1,1,0,0,0,7,4,2,1,64,128,16,90,90,136314880,60144222208,441,0.097713,1299.25,615519
52,CUTLASS,gemm,cutlass3x_sm90_tensorop_s64x128x16gemm_f16_f16_f32_f16_f16_128x128x64_2x1x1_0_nnn_align8_warpspecialized_cooperative_epi_tma,passed,success,universal,512,14336,4096,f16:column,f16:column,f16:column,f16:column,1,0,serial,8,1,heuristic,invalid,invalid,false,false,1,tensorop,f32,128,128,64,2,1,1,0,0,0,6,4,2,1,64,128,16,90,90,136314880,60144222208,441,0.092697,1369.55,648826
52,CUTLASS,gemm,cutlass3x_sm90_tensorop_s64x128x16gemm_f16_f16_f32_f16_f16_128x128x64_2x1x1_0_nnn_align8_stream_k_warpspecialized_cooperative_epi_nosmem,passed,success,universal,512,14336,4096,f16:column,f16:column,f16:column,f16:column,1,0,serial,8,1,heuristic,invalid,invalid,false,false,1,tensorop,f32,128,128,64,2,1,1,0,0,0,7,4,2,1,64,128,16,90,90,136314880,60144222208,441,0.256864,494.243,234148
52,CUTLASS,gemm,cutlass3x_sm90_tensorop_s64x128x16gemm_f16_f16_f32_f16_f16_128x128x64_2x1x1_0_nnn_align8_stream_k_warpspecialized_cooperative_epi_tma,passed,success,universal,512,14336,4096,f16:column,f16:column,f16:column,f16:column,1,0,serial,8,1,heuristic,invalid,invalid,false,false,1,tensorop,f32,128,128,64,2,1,1,0,0,0,6,4,2,1,64,128,16,90,90,136314880,60144222208,441,0.258437,491.233,232723
53,CUTLASS,gemm,cutlass_tensorop_f16_s1688gemm_f16_256x128_32x2_nn_align8,passed,success,universal,640,14336,4096,f16:column,f16:column,f16:column,f16:column,1,0,serial,8,1,heuristic,invalid,invalid,false,false,1,tensorop,f32,256,128,32,1,1,1,0,0,0,2,4,2,1,16,8,8,75,1024,141033472,75180277760,533,0.458152,286.69,164095
53,CUTLASS,gemm,cutlass_tensorop_f16_s16816gemm_f16_256x128_32x3_nn_align8,passed,success,universal,640,14336,4096,f16:column,f16:column,f16:column,f16:column,1,0,serial,8,1,heuristic,invalid,invalid,false,false,1,tensorop,f32,256,128,32,1,1,1,0,0,0,3,4,2,1,16,8,16,80,1024,141033472,75180277760,533,0.301225,436.045,249582
53,CUTLASS,gemm,cutlass3x_sm90_tensorop_s64x128x16gemm_f16_f16_f32_f16_f16_128x128x64_1x2x1_0_nnn_align8,passed,success,universal,640,14336,4096,f16:column,f16:column,f16:column,f16:column,1,0,serial,8,1,heuristic,invalid,invalid,false,false,1,tensorop,f32,128,128,64,1,2,1,0,0,0,7,4,2,1,64,128,16,90,90,141033472,75180277760,533,0.143654,914.335,523344
53,CUTLASS,gemm,cutlass3x_sm90_tensorop_s64x128x16gemm_f16_f16_f32_f16_f16_128x128x64_1x2x1_0_nnn_align8_warpspecialized_epi_nosmem,passed,success,universal,640,14336,4096,f16:column,f16:column,f16:column,f16:column,1,0,serial,8,1,heuristic,invalid,invalid,false,false,1,tensorop,f32,128,128,64,1,2,1,0,0,0,7,4,1,1,64,128,16,90,90,141033472,75180277760,533,0.138659,947.272,542196
53,CUTLASS,gemm,cutlass3x_sm90_tensorop_s64x128x16gemm_f16_f16_f32_f16_f16_128x128x64_1x2x1_0_nnn_align8_warpspecialized_pingpong_epi_tma,passed,success,universal,640,14336,4096,f16:column,f16:column,f16:column,f16:column,1,0,serial,8,1,heuristic,invalid,invalid,false,false,1,tensorop,f32,128,128,64,1,2,1,0,0,0,6,4,1,1,64,128,16,90,90,141033472,75180277760,533,0.134005,980.171,561027
53,CUTLASS,gemm,cutlass3x_sm90_tensorop_s64x128x16gemm_f16_f16_f32_f16_f16_128x128x64_1x2x1_0_nnn_align8_warpspecialized_pingpong_epi_nosmem,passed,success,universal,640,14336,4096,f16:column,f16:column,f16:column,f16:column,1,0,serial,8,1,heuristic,invalid,invalid,false,false,1,tensorop,f32,128,128,64,1,2,1,0,0,0,7,4,1,1,64,128,16,90,90,141033472,75180277760,533,0.136316,963.549,551513
53,CUTLASS,gemm,cutlass3x_sm90_tensorop_s64x128x16gemm_f16_f16_f32_f16_f16_128x128x64_1x2x1_0_nnn_align8_warpspecialized_cooperative_epi_nosmem,passed,success,universal,640,14336,4096,f16:column,f16:column,f16:column,f16:column,1,0,serial,8,1,heuristic,invalid,invalid,false,false,1,tensorop,f32,128,128,64,1,2,1,0,0,0,7,4,2,1,64,128,16,90,90,141033472,75180277760,533,0.143794,913.446,522835
53,CUTLASS,gemm,cutlass3x_sm90_tensorop_s64x128x16gemm_f16_f16_f32_f16_f16_128x128x64_1x2x1_0_nnn_align8_warpspecialized_cooperative_epi_tma,passed,success,universal,640,14336,4096,f16:column,f16:column,f16:column,f16:column,1,0,serial,8,1,heuristic,invalid,invalid,false,false,1,tensorop,f32,128,128,64,1,2,1,0,0,0,6,4,2,1,64,128,16,90,90,141033472,75180277760,533,0.135756,967.524,553788
53,CUTLASS,gemm,cutlass3x_sm90_tensorop_s64x128x16gemm_f16_f16_f32_f16_f16_128x128x64_1x2x1_0_nnn_align8_stream_k_warpspecialized_cooperative_epi_nosmem,passed,success,universal,640,14336,4096,f16:column,f16:column,f16:column,f16:column,1,0,serial,8,1,heuristic,invalid,invalid,false,false,1,tensorop,f32,128,128,64,1,2,1,0,0,0,7,4,2,1,64,128,16,90,90,141033472,75180277760,533,0.332231,395.35,226289
53,CUTLASS,gemm,cutlass3x_sm90_tensorop_s64x128x16gemm_f16_f16_f32_f16_f16_128x128x64_1x2x1_0_nnn_align8_stream_k_warpspecialized_cooperative_epi_tma,passed,success,universal,640,14336,4096,f16:column,f16:column,f16:column,f16:column,1,0,serial,8,1,heuristic,invalid,invalid,false,false,1,tensorop,f32,128,128,64,1,2,1,0,0,0,6,4,2,1,64,128,16,90,90,141033472,75180277760,533,0.335713,391.25,223942
53,CUTLASS,gemm,cutlass3x_sm90_tensorop_s64x128x16gemm_f16_f16_f32_f16_f16_128x128x64_2x1x1_0_nnn_align8,passed,success,universal,640,14336,4096,f16:column,f16:column,f16:column,f16:column,1,0,serial,8,1,heuristic,invalid,invalid,false,false,1,tensorop,f32,128,128,64,2,1,1,0,0,0,7,4,2,1,64,128,16,90,90,141033472,75180277760,533,0.182175,720.998,412682
53,CUTLASS,gemm,cutlass3x_sm90_tensorop_s64x128x16gemm_f16_f16_f32_f16_f16_128x128x64_2x1x1_0_nnn_align8_warpspecialized_epi_nosmem,passed,success,universal,640,14336,4096,f16:column,f16:column,f16:column,f16:column,1,0,serial,8,1,heuristic,invalid,invalid,false,false,1,tensorop,f32,128,128,64,2,1,1,0,0,0,7,4,1,1,64,128,16,90,90,141033472,75180277760,533,0.173425,757.375,433503
53,CUTLASS,gemm,cutlass3x_sm90_tensorop_s64x128x16gemm_f16_f16_f32_f16_f16_128x128x64_2x1x1_0_nnn_align8_warpspecialized_pingpong_epi_tma,passed,success,universal,640,14336,4096,f16:column,f16:column,f16:column,f16:column,1,0,serial,8,1,heuristic,invalid,invalid,false,false,1,tensorop,f32,128,128,64,2,1,1,0,0,0,6,4,1,1,64,128,16,90,90,141033472,75180277760,533,0.180282,728.569,417016
53,CUTLASS,gemm,cutlass3x_sm90_tensorop_s64x128x16gemm_f16_f16_f32_f16_f16_128x128x64_2x1x1_0_nnn_align8_warpspecialized_pingpong_epi_nosmem,passed,success,universal,640,14336,4096,f16:column,f16:column,f16:column,f16:column,1,0,serial,8,1,heuristic,invalid,invalid,false,false,1,tensorop,f32,128,128,64,2,1,1,0,0,0,7,4,1,1,64,128,16,90,90,141033472,75180277760,533,0.182094,721.316,412864
53,CUTLASS,gemm,cutlass3x_sm90_tensorop_s64x128x16gemm_f16_f16_f32_f16_f16_128x128x64_2x1x1_0_nnn_align8_warpspecialized_cooperative_epi_nosmem,passed,success,universal,640,14336,4096,f16:column,f16:column,f16:column,f16:column,1,0,serial,8,1,heuristic,invalid,invalid,false,false,1,tensorop,f32,128,128,64,2,1,1,0,0,0,7,4,2,1,64,128,16,90,90,141033472,75180277760,533,0.182333,720.373,412324
53,CUTLASS,gemm,cutlass3x_sm90_tensorop_s64x128x16gemm_f16_f16_f32_f16_f16_128x128x64_2x1x1_0_nnn_align8_warpspecialized_cooperative_epi_tma,passed,success,universal,640,14336,4096,f16:column,f16:column,f16:column,f16:column,1,0,serial,8,1,heuristic,invalid,invalid,false,false,1,tensorop,f32,128,128,64,2,1,1,0,0,0,6,4,2,1,64,128,16,90,90,141033472,75180277760,533,0.179821,730.436,418084
53,CUTLASS,gemm,cutlass3x_sm90_tensorop_s64x128x16gemm_f16_f16_f32_f16_f16_128x128x64_2x1x1_0_nnn_align8_stream_k_warpspecialized_cooperative_epi_nosmem,passed,success,universal,640,14336,4096,f16:column,f16:column,f16:column,f16:column,1,0,serial,8,1,heuristic,invalid,invalid,false,false,1,tensorop,f32,128,128,64,2,1,1,0,0,0,7,4,2,1,64,128,16,90,90,141033472,75180277760,533,0.387918,338.596,193805
53,CUTLASS,gemm,cutlass3x_sm90_tensorop_s64x128x16gemm_f16_f16_f32_f16_f16_128x128x64_2x1x1_0_nnn_align8_stream_k_warpspecialized_cooperative_epi_tma,passed,success,universal,640,14336,4096,f16:column,f16:column,f16:column,f16:column,1,0,serial,8,1,heuristic,invalid,invalid,false,false,1,tensorop,f32,128,128,64,2,1,1,0,0,0,6,4,2,1,64,128,16,90,90,141033472,75180277760,533,0.38773,338.761,193899
54,CUTLASS,gemm,cutlass_tensorop_f16_s1688gemm_f16_256x128_32x2_nn_align8,passed,success,universal,768,14336,4096,f16:column,f16:column,f16:column,f16:column,1,0,serial,8,1,heuristic,invalid,invalid,false,false,1,tensorop,f32,256,128,32,1,1,1,0,0,0,2,4,2,1,16,8,8,75,1024,145752064,90216333312,618,0.542954,250.007,166158
54,CUTLASS,gemm,cutlass_tensorop_f16_s16816gemm_f16_256x128_32x3_nn_align8,passed,success,universal,768,14336,4096,f16:column,f16:column,f16:column,f16:column,1,0,serial,8,1,heuristic,invalid,invalid,false,false,1,tensorop,f32,256,128,32,1,1,1,0,0,0,3,4,2,1,16,8,16,80,1024,145752064,90216333312,618,0.357202,380.015,252564
54,CUTLASS,gemm,cutlass3x_sm90_tensorop_s64x128x16gemm_f16_f16_f32_f16_f16_128x128x64_1x2x1_0_nnn_align8,passed,success,universal,768,14336,4096,f16:column,f16:column,f16:column,f16:column,1,0,serial,8,1,heuristic,invalid,invalid,false,false,1,tensorop,f32,128,128,64,1,2,1,0,0,0,7,4,2,1,64,128,16,90,90,145752064,90216333312,618,0.171047,793.597,527437
54,CUTLASS,gemm,cutlass3x_sm90_tensorop_s64x128x16gemm_f16_f16_f32_f16_f16_128x128x64_1x2x1_0_nnn_align8_warpspecialized_epi_nosmem,passed,success,universal,768,14336,4096,f16:column,f16:column,f16:column,f16:column,1,0,serial,8,1,heuristic,invalid,invalid,false,false,1,tensorop,f32,128,128,64,1,2,1,0,0,0,7,4,1,1,64,128,16,90,90,145752064,90216333312,618,0.147909,917.738,609943
54,CUTLASS,gemm,cutlass3x_sm90_tensorop_s64x128x16gemm_f16_f16_f32_f16_f16_128x128x64_1x2x1_0_nnn_align8_warpspecialized_pingpong_epi_tma,passed,success,universal,768,14336,4096,f16:column,f16:column,f16:column,f16:column,1,0,serial,8,1,heuristic,invalid,invalid,false,false,1,tensorop,f32,128,128,64,1,2,1,0,0,0,6,4,1,1,64,128,16,90,90,145752064,90216333312,618,0.155539,872.724,580026
54,CUTLASS,gemm,cutlass3x_sm90_tensorop_s64x128x16gemm_f16_f16_f32_f16_f16_128x128x64_1x2x1_0_nnn_align8_warpspecialized_pingpong_epi_nosmem,passed,success,universal,768,14336,4096,f16:column,f16:column,f16:column,f16:column,1,0,serial,8,1,heuristic,invalid,invalid,false,false,1,tensorop,f32,128,128,64,1,2,1,0,0,0,7,4,1,1,64,128,16,90,90,145752064,90216333312,618,0.159073,853.333,567138
54,CUTLASS,gemm,cutlass3x_sm90_tensorop_s64x128x16gemm_f16_f16_f32_f16_f16_128x128x64_1x2x1_0_nnn_align8_warpspecialized_cooperative_epi_nosmem,passed,success,universal,768,14336,4096,f16:column,f16:column,f16:column,f16:column,1,0,serial,8,1,heuristic,invalid,invalid,false,false,1,tensorop,f32,128,128,64,1,2,1,0,0,0,7,4,2,1,64,128,16,90,90,145752064,90216333312,618,0.17288,785.183,521845
54,CUTLASS,gemm,cutlass3x_sm90_tensorop_s64x128x16gemm_f16_f16_f32_f16_f16_128x128x64_1x2x1_0_nnn_align8_warpspecialized_cooperative_epi_tma,passed,success,universal,768,14336,4096,f16:column,f16:column,f16:column,f16:column,1,0,serial,8,1,heuristic,invalid,invalid,false,false,1,tensorop,f32,128,128,64,1,2,1,0,0,0,6,4,2,1,64,128,16,90,90,145752064,90216333312,618,0.156843,865.464,575201
54,CUTLASS,gemm,cutlass3x_sm90_tensorop_s64x128x16gemm_f16_f16_f32_f16_f16_128x128x64_1x2x1_0_nnn_align8_stream_k_warpspecialized_cooperative_epi_nosmem,passed,success,universal,768,14336,4096,f16:column,f16:column,f16:column,f16:column,1,0,serial,8,1,heuristic,invalid,invalid,false,false,1,tensorop,f32,128,128,64,1,2,1,0,0,0,7,4,2,1,64,128,16,90,90,145752064,90216333312,618,0.395184,343.491,228289
54,CUTLASS,gemm,cutlass3x_sm90_tensorop_s64x128x16gemm_f16_f16_f32_f16_f16_128x128x64_1x2x1_0_nnn_align8_stream_k_warpspecialized_cooperative_epi_tma,passed,success,universal,768,14336,4096,f16:column,f16:column,f16:column,f16:column,1,0,serial,8,1,heuristic,invalid,invalid,false,false,1,tensorop,f32,128,128,64,1,2,1,0,0,0,6,4,2,1,64,128,16,90,90,145752064,90216333312,618,0.395533,343.188,228088
54,CUTLASS,gemm,cutlass3x_sm90_tensorop_s64x128x16gemm_f16_f16_f32_f16_f16_128x128x64_2x1x1_0_nnn_align8,passed,success,universal,768,14336,4096,f16:column,f16:column,f16:column,f16:column,1,0,serial,8,1,heuristic,invalid,invalid,false,false,1,tensorop,f32,128,128,64,2,1,1,0,0,0,7,4,2,1,64,128,16,90,90,145752064,90216333312,618,0.152335,891.077,592223
54,CUTLASS,gemm,cutlass3x_sm90_tensorop_s64x128x16gemm_f16_f16_f32_f16_f16_128x128x64_2x1x1_0_nnn_align8_warpspecialized_epi_nosmem,passed,success,universal,768,14336,4096,f16:column,f16:column,f16:column,f16:column,1,0,serial,8,1,heuristic,invalid,invalid,false,false,1,tensorop,f32,128,128,64,2,1,1,0,0,0,7,4,1,1,64,128,16,90,90,145752064,90216333312,618,0.146028,929.562,617801
54,CUTLASS,gemm,cutlass3x_sm90_tensorop_s64x128x16gemm_f16_f16_f32_f16_f16_128x128x64_2x1x1_0_nnn_align8_warpspecialized_pingpong_epi_tma,passed,success,universal,768,14336,4096,f16:column,f16:column,f16:column,f16:column,1,0,serial,8,1,heuristic,invalid,invalid,false,false,1,tensorop,f32,128,128,64,2,1,1,0,0,0,6,4,1,1,64,128,16,90,90,145752064,90216333312,618,0.1337,1015.28,674768
54,CUTLASS,gemm,cutlass3x_sm90_tensorop_s64x128x16gemm_f16_f16_f32_f16_f16_128x128x64_2x1x1_0_nnn_align8_warpspecialized_pingpong_epi_nosmem,passed,success,universal,768,14336,4096,f16:column,f16:column,f16:column,f16:column,1,0,serial,8,1,heuristic,invalid,invalid,false,false,1,tensorop,f32,128,128,64,2,1,1,0,0,0,7,4,1,1,64,128,16,90,90,145752064,90216333312,618,0.133911,1013.67,673702
54,CUTLASS,gemm,cutlass3x_sm90_tensorop_s64x128x16gemm_f16_f16_f32_f16_f16_128x128x64_2x1x1_0_nnn_align8_warpspecialized_cooperative_epi_nosmem,passed,success,universal,768,14336,4096,f16:column,f16:column,f16:column,f16:column,1,0,serial,8,1,heuristic,invalid,invalid,false,false,1,tensorop,f32,128,128,64,2,1,1,0,0,0,7,4,2,1,64,128,16,90,90,145752064,90216333312,618,0.152097,892.473,593151
54,CUTLASS,gemm,cutlass3x_sm90_tensorop_s64x128x16gemm_f16_f16_f32_f16_f16_128x128x64_2x1x1_0_nnn_align8_warpspecialized_cooperative_epi_tma,passed,success,universal,768,14336,4096,f16:column,f16:column,f16:column,f16:column,1,0,serial,8,1,heuristic,invalid,invalid,false,false,1,tensorop,f32,128,128,64,2,1,1,0,0,0,6,4,2,1,64,128,16,90,90,145752064,90216333312,618,0.13347,1017.02,675929
54,CUTLASS,gemm,cutlass3x_sm90_tensorop_s64x128x16gemm_f16_f16_f32_f16_f16_128x128x64_2x1x1_0_nnn_align8_stream_k_warpspecialized_cooperative_epi_nosmem,passed,success,universal,768,14336,4096,f16:column,f16:column,f16:column,f16:column,1,0,serial,8,1,heuristic,invalid,invalid,false,false,1,tensorop,f32,128,128,64,2,1,1,0,0,0,7,4,2,1,64,128,16,90,90,145752064,90216333312,618,0.399032,340.179,226088
54,CUTLASS,gemm,cutlass3x_sm90_tensorop_s64x128x16gemm_f16_f16_f32_f16_f16_128x128x64_2x1x1_0_nnn_align8_stream_k_warpspecialized_cooperative_epi_tma,passed,success,universal,768,14336,4096,f16:column,f16:column,f16:column,f16:column,1,0,serial,8,1,heuristic,invalid,invalid,false,false,1,tensorop,f32,128,128,64,2,1,1,0,0,0,6,4,2,1,64,128,16,90,90,145752064,90216333312,618,0.400331,339.075,225355
55,CUTLASS,gemm,cutlass_tensorop_f16_s1688gemm_f16_256x128_32x2_nn_align8,passed,success,universal,896,14336,4096,f16:column,f16:column,f16:column,f16:column,1,0,serial,8,1,heuristic,invalid,invalid,false,false,1,tensorop,f32,256,128,32,1,1,1,0,0,0,2,4,2,1,16,8,8,75,1024,150470656,105252388864,699,0.622212,225.223,169158
55,CUTLASS,gemm,cutlass_tensorop_f16_s16816gemm_f16_256x128_32x3_nn_align8,passed,success,universal,896,14336,4096,f16:column,f16:column,f16:column,f16:column,1,0,serial,8,1,heuristic,invalid,invalid,false,false,1,tensorop,f32,256,128,32,1,1,1,0,0,0,3,4,2,1,16,8,16,80,1024,150470656,105252388864,699,0.419534,334.03,250879
55,CUTLASS,gemm,cutlass3x_sm90_tensorop_s64x128x16gemm_f16_f16_f32_f16_f16_128x128x64_1x2x1_0_nnn_align8,passed,success,universal,896,14336,4096,f16:column,f16:column,f16:column,f16:column,1,0,serial,8,1,heuristic,invalid,invalid,false,false,1,tensorop,f32,128,128,64,1,2,1,0,0,0,7,4,2,1,64,128,16,90,90,150470656,105252388864,699,0.178954,783.09,588155
55,CUTLASS,gemm,cutlass3x_sm90_tensorop_s64x128x16gemm_f16_f16_f32_f16_f16_128x128x64_1x2x1_0_nnn_align8_warpspecialized_epi_nosmem,passed,success,universal,896,14336,4096,f16:column,f16:column,f16:column,f16:column,1,0,serial,8,1,heuristic,invalid,invalid,false,false,1,tensorop,f32,128,128,64,1,2,1,0,0,0,7,4,1,1,64,128,16,90,90,150470656,105252388864,699,0.175227,799.744,600663
55,CUTLASS,gemm,cutlass3x_sm90_tensorop_s64x128x16gemm_f16_f16_f32_f16_f16_128x128x64_1x2x1_0_nnn_align8_warpspecialized_pingpong_epi_tma,passed,success,universal,896,14336,4096,f16:column,f16:column,f16:column,f16:column,1,0,serial,8,1,heuristic,invalid,invalid,false,false,1,tensorop,f32,128,128,64,1,2,1,0,0,0,6,4,1,1,64,128,16,90,90,150470656,105252388864,699,0.164788,850.409,638716
55,CUTLASS,gemm,cutlass3x_sm90_tensorop_s64x128x16gemm_f16_f16_f32_f16_f16_128x128x64_1x2x1_0_nnn_align8_warpspecialized_pingpong_epi_nosmem,passed,success,universal,896,14336,4096,f16:column,f16:column,f16:column,f16:column,1,0,serial,8,1,heuristic,invalid,invalid,false,false,1,tensorop,f32,128,128,64,1,2,1,0,0,0,7,4,1,1,64,128,16,90,90,150470656,105252388864,699,0.168197,833.171,625769
55,CUTLASS,gemm,cutlass3x_sm90_tensorop_s64x128x16gemm_f16_f16_f32_f16_f16_128x128x64_1x2x1_0_nnn_align8_warpspecialized_cooperative_epi_nosmem,passed,success,universal,896,14336,4096,f16:column,f16:column,f16:column,f16:column,1,0,serial,8,1,heuristic,invalid,invalid,false,false,1,tensorop,f32,128,128,64,1,2,1,0,0,0,7,4,2,1,64,128,16,90,90,150470656,105252388864,699,0.178969,783.024,588105
55,CUTLASS,gemm,cutlass3x_sm90_tensorop_s64x128x16gemm_f16_f16_f32_f16_f16_128x128x64_1x2x1_0_nnn_align8_warpspecialized_cooperative_epi_tma,passed,success,universal,896,14336,4096,f16:column,f16:column,f16:column,f16:column,1,0,serial,8,1,heuristic,invalid,invalid,false,false,1,tensorop,f32,128,128,64,1,2,1,0,0,0,6,4,2,1,64,128,16,90,90,150470656,105252388864,699,0.165923,844.588,634344
55,CUTLASS,gemm,cutlass3x_sm90_tensorop_s64x128x16gemm_f16_f16_f32_f16_f16_128x128x64_1x2x1_0_nnn_align8_stream_k_warpspecialized_cooperative_epi_nosmem,passed,success,universal,896,14336,4096,f16:column,f16:column,f16:column,f16:column,1,0,serial,8,1,heuristic,invalid,invalid,false,false,1,tensorop,f32,128,128,64,1,2,1,0,0,0,7,4,2,1,64,128,16,90,90,150470656,105252388864,699,0.457004,306.642,230309
55,CUTLASS,gemm,cutlass3x_sm90_tensorop_s64x128x16gemm_f16_f16_f32_f16_f16_128x128x64_1x2x1_0_nnn_align8_stream_k_warpspecialized_cooperative_epi_tma,passed,success,universal,896,14336,4096,f16:column,f16:column,f16:column,f16:column,1,0,serial,8,1,heuristic,invalid,invalid,false,false,1,tensorop,f32,128,128,64,1,2,1,0,0,0,6,4,2,1,64,128,16,90,90,150470656,105252388864,699,0.455668,307.542,230985
55,CUTLASS,gemm,cutlass3x_sm90_tensorop_s64x128x16gemm_f16_f16_f32_f16_f16_128x128x64_2x1x1_0_nnn_align8,passed,success,universal,896,14336,4096,f16:column,f16:column,f16:column,f16:column,1,0,serial,8,1,heuristic,invalid,invalid,false,false,1,tensorop,f32,128,128,64,2,1,1,0,0,0,7,4,2,1,64,128,16,90,90,150470656,105252388864,699,0.232402,602.992,452889
55,CUTLASS,gemm,cutlass3x_sm90_tensorop_s64x128x16gemm_f16_f16_f32_f16_f16_128x128x64_2x1x1_0_nnn_align8_warpspecialized_epi_nosmem,passed,success,universal,896,14336,4096,f16:column,f16:column,f16:column,f16:column,1,0,serial,8,1,heuristic,invalid,invalid,false,false,1,tensorop,f32,128,128,64,2,1,1,0,0,0,7,4,1,1,64,128,16,90,90,150470656,105252388864,699,0.228895,612.232,459829
55,CUTLASS,gemm,cutlass3x_sm90_tensorop_s64x128x16gemm_f16_f16_f32_f16_f16_128x128x64_2x1x1_0_nnn_align8_warpspecialized_pingpong_epi_tma,passed,success,universal,896,14336,4096,f16:column,f16:column,f16:column,f16:column,1,0,serial,8,1,heuristic,invalid,invalid,false,false,1,tensorop,f32,128,128,64,2,1,1,0,0,0,6,4,1,1,64,128,16,90,90,150470656,105252388864,699,0.223027,628.339,471926
55,CUTLASS,gemm,cutlass3x_sm90_tensorop_s64x128x16gemm_f16_f16_f32_f16_f16_128x128x64_2x1x1_0_nnn_align8_warpspecialized_pingpong_epi_nosmem,passed,success,universal,896,14336,4096,f16:column,f16:column,f16:column,f16:column,1,0,serial,8,1,heuristic,invalid,invalid,false,false,1,tensorop,f32,128,128,64,2,1,1,0,0,0,7,4,1,1,64,128,16,90,90,150470656,105252388864,699,0.228395,613.571,460835
55,CUTLASS,gemm,cutlass3x_sm90_tensorop_s64x128x16gemm_f16_f16_f32_f16_f16_128x128x64_2x1x1_0_nnn_align8_warpspecialized_cooperative_epi_nosmem,passed,success,universal,896,14336,4096,f16:column,f16:column,f16:column,f16:column,1,0,serial,8,1,heuristic,invalid,invalid,false,false,1,tensorop,f32,128,128,64,2,1,1,0,0,0,7,4,2,1,64,128,16,90,90,150470656,105252388864,699,0.234045,598.759,449709
55,CUTLASS,gemm,cutlass3x_sm90_tensorop_s64x128x16gemm_f16_f16_f32_f16_f16_128x128x64_2x1x1_0_nnn_align8_warpspecialized_cooperative_epi_tma,passed,success,universal,896,14336,4096,f16:column,f16:column,f16:column,f16:column,1,0,serial,8,1,heuristic,invalid,invalid,false,false,1,tensorop,f32,128,128,64,2,1,1,0,0,0,6,4,2,1,64,128,16,90,90,150470656,105252388864,699,0.226412,618.944,464870
55,CUTLASS,gemm,cutlass3x_sm90_tensorop_s64x128x16gemm_f16_f16_f32_f16_f16_128x128x64_2x1x1_0_nnn_align8_stream_k_warpspecialized_cooperative_epi_nosmem,passed,success,universal,896,14336,4096,f16:column,f16:column,f16:column,f16:column,1,0,serial,8,1,heuristic,invalid,invalid,false,false,1,tensorop,f32,128,128,64,2,1,1,0,0,0,7,4,2,1,64,128,16,90,90,150470656,105252388864,699,0.512598,273.385,205331
55,CUTLASS,gemm,cutlass3x_sm90_tensorop_s64x128x16gemm_f16_f16_f32_f16_f16_128x128x64_2x1x1_0_nnn_align8_stream_k_warpspecialized_cooperative_epi_tma,passed,success,universal,896,14336,4096,f16:column,f16:column,f16:column,f16:column,1,0,serial,8,1,heuristic,invalid,invalid,false,false,1,tensorop,f32,128,128,64,2,1,1,0,0,0,6,4,2,1,64,128,16,90,90,150470656,105252388864,699,0.508241,275.729,207092
56,CUTLASS,gemm,cutlass_tensorop_f16_s1688gemm_f16_256x128_32x2_nn_align8,passed,success,universal,1024,14336,4096,f16:column,f16:column,f16:column,f16:column,1,0,serial,8,1,heuristic,invalid,invalid,false,false,1,tensorop,f32,256,128,32,1,1,1,0,0,0,2,4,2,1,16,8,8,75,1024,155189248,120288444416,775,0.697196,207.304,172532
56,CUTLASS,gemm,cutlass_tensorop_f16_s16816gemm_f16_256x128_32x3_nn_align8,passed,success,universal,1024,14336,4096,f16:column,f16:column,f16:column,f16:column,1,0,serial,8,1,heuristic,invalid,invalid,false,false,1,tensorop,f32,256,128,32,1,1,1,0,0,0,3,4,2,1,16,8,16,80,1024,155189248,120288444416,775,0.472614,305.812,254517
56,CUTLASS,gemm,cutlass3x_sm90_tensorop_s64x128x16gemm_f16_f16_f32_f16_f16_128x128x64_1x2x1_0_nnn_align8,passed,success,universal,1024,14336,4096,f16:column,f16:column,f16:column,f16:column,1,0,serial,8,1,heuristic,invalid,invalid,false,false,1,tensorop,f32,128,128,64,1,2,1,0,0,0,7,4,2,1,64,128,16,90,90,155189248,120288444416,775,0.199608,724.074,602622
56,CUTLASS,gemm,cutlass3x_sm90_tensorop_s64x128x16gemm_f16_f16_f32_f16_f16_128x128x64_1x2x1_0_nnn_align8_warpspecialized_epi_nosmem,passed,success,universal,1024,14336,4096,f16:column,f16:column,f16:column,f16:column,1,0,serial,8,1,heuristic,invalid,invalid,false,false,1,tensorop,f32,128,128,64,1,2,1,0,0,0,7,4,1,1,64,128,16,90,90,155189248,120288444416,775,0.189644,762.121,634287
56,CUTLASS,gemm,cutlass3x_sm90_tensorop_s64x128x16gemm_f16_f16_f32_f16_f16_128x128x64_1x2x1_0_nnn_align8_warpspecialized_pingpong_epi_tma,passed,success,universal,1024,14336,4096,f16:column,f16:column,f16:column,f16:column,1,0,serial,8,1,heuristic,invalid,invalid,false,false,1,tensorop,f32,128,128,64,1,2,1,0,0,0,6,4,1,1,64,128,16,90,90,155189248,120288444416,775,0.18704,772.728,643115
56,CUTLASS,gemm,cutlass3x_sm90_tensorop_s64x128x16gemm_f16_f16_f32_f16_f16_128x128x64_1x2x1_0_nnn_align8_warpspecialized_pingpong_epi_nosmem,passed,success,universal,1024,14336,4096,f16:column,f16:column,f16:column,f16:column,1,0,serial,8,1,heuristic,invalid,invalid,false,false,1,tensorop,f32,128,128,64,1,2,1,0,0,0,7,4,1,1,64,128,16,90,90,155189248,120288444416,775,0.190021,760.607,633028
56,CUTLASS,gemm,cutlass3x_sm90_tensorop_s64x128x16gemm_f16_f16_f32_f16_f16_128x128x64_1x2x1_0_nnn_align8_warpspecialized_cooperative_epi_nosmem,passed,success,universal,1024,14336,4096,f16:column,f16:column,f16:column,f16:column,1,0,serial,8,1,heuristic,invalid,invalid,false,false,1,tensorop,f32,128,128,64,1,2,1,0,0,0,7,4,2,1,64,128,16,90,90,155189248,120288444416,775,0.200913,719.372,598709
56,CUTLASS,gemm,cutlass3x_sm90_tensorop_s64x128x16gemm_f16_f16_f32_f16_f16_128x128x64_1x2x1_0_nnn_align8_warpspecialized_cooperative_epi_tma,passed,success,universal,1024,14336,4096,f16:column,f16:column,f16:column,f16:column,1,0,serial,8,1,heuristic,invalid,invalid,false,false,1,tensorop,f32,128,128,64,1,2,1,0,0,0,6,4,2,1,64,128,16,90,90,155189248,120288444416,775,0.188494,766.769,638156
56,CUTLASS,gemm,cutlass3x_sm90_tensorop_s64x128x16gemm_f16_f16_f32_f16_f16_128x128x64_1x2x1_0_nnn_align8_stream_k_warpspecialized_cooperative_epi_nosmem,passed,success,universal,1024,14336,4096,f16:column,f16:column,f16:column,f16:column,1,0,serial,8,1,heuristic,invalid,invalid,false,false,1,tensorop,f32,128,128,64,1,2,1,0,0,0,7,4,2,1,64,128,16,90,90,155189248,120288444416,775,0.512995,281.74,234483
56,CUTLASS,gemm,cutlass3x_sm90_tensorop_s64x128x16gemm_f16_f16_f32_f16_f16_128x128x64_1x2x1_0_nnn_align8_stream_k_warpspecialized_cooperative_epi_tma,passed,success,universal,1024,14336,4096,f16:column,f16:column,f16:column,f16:column,1,0,serial,8,1,heuristic,invalid,invalid,false,false,1,tensorop,f32,128,128,64,1,2,1,0,0,0,6,4,2,1,64,128,16,90,90,155189248,120288444416,775,0.508648,284.148,236487
56,CUTLASS,gemm,cutlass3x_sm90_tensorop_s64x128x16gemm_f16_f16_f32_f16_f16_128x128x64_2x1x1_0_nnn_align8,passed,success,universal,1024,14336,4096,f16:column,f16:column,f16:column,f16:column,1,0,serial,8,1,heuristic,invalid,invalid,false,false,1,tensorop,f32,128,128,64,2,1,1,0,0,0,7,4,2,1,64,128,16,90,90,155189248,120288444416,775,0.181151,797.849,664023
56,CUTLASS,gemm,cutlass3x_sm90_tensorop_s64x128x16gemm_f16_f16_f32_f16_f16_128x128x64_2x1x1_0_nnn_align8_warpspecialized_epi_nosmem,passed,success,universal,1024,14336,4096,f16:column,f16:column,f16:column,f16:column,1,0,serial,8,1,heuristic,invalid,invalid,false,false,1,tensorop,f32,128,128,64,2,1,1,0,0,0,7,4,1,1,64,128,16,90,90,155189248,120288444416,775,0.195897,737.792,614039
56,CUTLASS,gemm,cutlass3x_sm90_tensorop_s64x128x16gemm_f16_f16_f32_f16_f16_128x128x64_2x1x1_0_nnn_align8_warpspecialized_pingpong_epi_tma,passed,success,universal,1024,14336,4096,f16:column,f16:column,f16:column,f16:column,1,0,serial,8,1,heuristic,invalid,invalid,false,false,1,tensorop,f32,128,128,64,2,1,1,0,0,0,6,4,1,1,64,128,16,90,90,155189248,120288444416,775,0.169035,855.038,711619
56,CUTLASS,gemm,cutlass3x_sm90_tensorop_s64x128x16gemm_f16_f16_f32_f16_f16_128x128x64_2x1x1_0_nnn_align8_warpspecialized_pingpong_epi_nosmem,passed,success,universal,1024,14336,4096,f16:column,f16:column,f16:column,f16:column,1,0,serial,8,1,heuristic,invalid,invalid,false,false,1,tensorop,f32,128,128,64,2,1,1,0,0,0,7,4,1,1,64,128,16,90,90,155189248,120288444416,775,0.1757,822.6,684622
56,CUTLASS,gemm,cutlass3x_sm90_tensorop_s64x128x16gemm_f16_f16_f32_f16_f16_128x128x64_2x1x1_0_nnn_align8_warpspecialized_cooperative_epi_nosmem,passed,success,universal,1024,14336,4096,f16:column,f16:column,f16:column,f16:column,1,0,serial,8,1,heuristic,invalid,invalid,false,false,1,tensorop,f32,128,128,64,2,1,1,0,0,0,7,4,2,1,64,128,16,90,90,155189248,120288444416,775,0.18127,797.324,663586
56,CUTLASS,gemm,cutlass3x_sm90_tensorop_s64x128x16gemm_f16_f16_f32_f16_f16_128x128x64_2x1x1_0_nnn_align8_warpspecialized_cooperative_epi_tma,passed,success,universal,1024,14336,4096,f16:column,f16:column,f16:column,f16:column,1,0,serial,8,1,heuristic,invalid,invalid,false,false,1,tensorop,f32,128,128,64,2,1,1,0,0,0,6,4,2,1,64,128,16,90,90,155189248,120288444416,775,0.173454,833.254,693489
56,CUTLASS,gemm,cutlass3x_sm90_tensorop_s64x128x16gemm_f16_f16_f32_f16_f16_128x128x64_2x1x1_0_nnn_align8_stream_k_warpspecialized_cooperative_epi_nosmem,passed,success,universal,1024,14336,4096,f16:column,f16:column,f16:column,f16:column,1,0,serial,8,1,heuristic,invalid,invalid,false,false,1,tensorop,f32,128,128,64,2,1,1,0,0,0,7,4,2,1,64,128,16,90,90,155189248,120288444416,775,0.522395,276.67,230263
56,CUTLASS,gemm,cutlass3x_sm90_tensorop_s64x128x16gemm_f16_f16_f32_f16_f16_128x128x64_2x1x1_0_nnn_align8_stream_k_warpspecialized_cooperative_epi_tma,passed,success,universal,1024,14336,4096,f16:column,f16:column,f16:column,f16:column,1,0,serial,8,1,heuristic,invalid,invalid,false,false,1,tensorop,f32,128,128,64,2,1,1,0,0,0,6,4,2,1,64,128,16,90,90,155189248,120288444416,775,0.522494,276.618,230220
57,CUTLASS,gemm,cutlass_tensorop_f16_s1688gemm_f16_256x128_32x2_nn_align8,passed,success,universal,1152,14336,4096,f16:column,f16:column,f16:column,f16:column,1,0,serial,8,1,heuristic,invalid,invalid,false,false,1,tensorop,f32,256,128,32,1,1,1,0,0,0,2,4,2,1,16,8,8,75,1024,159907840,135324499968,846,0.790735,188.338,171138
57,CUTLASS,gemm,cutlass_tensorop_f16_s16816gemm_f16_256x128_32x3_nn_align8,passed,success,universal,1152,14336,4096,f16:column,f16:column,f16:column,f16:column,1,0,serial,8,1,heuristic,invalid,invalid,false,false,1,tensorop,f32,256,128,32,1,1,1,0,0,0,3,4,2,1,16,8,16,80,1024,159907840,135324499968,846,0.542668,274.432,249369
57,CUTLASS,gemm,cutlass3x_sm90_tensorop_s64x128x16gemm_f16_f16_f32_f16_f16_128x128x64_1x2x1_0_nnn_align8,passed,success,universal,1152,14336,4096,f16:column,f16:column,f16:column,f16:column,1,0,serial,8,1,heuristic,invalid,invalid,false,false,1,tensorop,f32,128,128,64,1,2,1,0,0,0,7,4,2,1,64,128,16,90,90,159907840,135324499968,846,0.230043,647.384,588259
57,CUTLASS,gemm,cutlass3x_sm90_tensorop_s64x128x16gemm_f16_f16_f32_f16_f16_128x128x64_1x2x1_0_nnn_align8_warpspecialized_epi_nosmem,passed,success,universal,1152,14336,4096,f16:column,f16:column,f16:column,f16:column,1,0,serial,8,1,heuristic,invalid,invalid,false,false,1,tensorop,f32,128,128,64,1,2,1,0,0,0,7,4,1,1,64,128,16,90,90,159907840,135324499968,846,0.219947,677.098,615259
57,CUTLASS,gemm,cutlass3x_sm90_tensorop_s64x128x16gemm_f16_f16_f32_f16_f16_128x128x64_1x2x1_0_nnn_align8_warpspecialized_pingpong_epi_tma,passed,success,universal,1152,14336,4096,f16:column,f16:column,f16:column,f16:column,1,0,serial,8,1,heuristic,invalid,invalid,false,false,1,tensorop,f32,128,128,64,1,2,1,0,0,0,6,4,1,1,64,128,16,90,90,159907840,135324499968,846,0.214153,695.418,631906
57,CUTLASS,gemm,cutlass3x_sm90_tensorop_s64x128x16gemm_f16_f16_f32_f16_f16_128x128x64_1x2x1_0_nnn_align8_warpspecialized_pingpong_epi_nosmem,passed,success,universal,1152,14336,4096,f16:column,f16:column,f16:column,f16:column,1,0,serial,8,1,heuristic,invalid,invalid,false,false,1,tensorop,f32,128,128,64,1,2,1,0,0,0,7,4,1,1,64,128,16,90,90,159907840,135324499968,846,0.216837,686.81,624085
57,CUTLASS,gemm,cutlass3x_sm90_tensorop_s64x128x16gemm_f16_f16_f32_f16_f16_128x128x64_1x2x1_0_nnn_align8_warpspecialized_cooperative_epi_nosmem,passed,success,universal,1152,14336,4096,f16:column,f16:column,f16:column,f16:column,1,0,serial,8,1,heuristic,invalid,invalid,false,false,1,tensorop,f32,128,128,64,1,2,1,0,0,0,7,4,2,1,64,128,16,90,90,159907840,135324499968,846,0.229482,648.966,589697
57,CUTLASS,gemm,cutlass3x_sm90_tensorop_s64x128x16gemm_f16_f16_f32_f16_f16_128x128x64_1x2x1_0_nnn_align8_warpspecialized_cooperative_epi_tma,passed,success,universal,1152,14336,4096,f16:column,f16:column,f16:column,f16:column,1,0,serial,8,1,heuristic,invalid,invalid,false,false,1,tensorop,f32,128,128,64,1,2,1,0,0,0,6,4,2,1,64,128,16,90,90,159907840,135324499968,846,0.215498,691.078,627962
57,CUTLASS,gemm,cutlass3x_sm90_tensorop_s64x128x16gemm_f16_f16_f32_f16_f16_128x128x64_1x2x1_0_nnn_align8_stream_k_warpspecialized_cooperative_epi_nosmem,passed,success,universal,1152,14336,4096,f16:column,f16:column,f16:column,f16:column,1,0,serial,8,1,heuristic,invalid,invalid,false,false,1,tensorop,f32,128,128,64,1,2,1,0,0,0,7,4,2,1,64,128,16,90,90,159907840,135324499968,846,0.569165,261.657,237760
57,CUTLASS,gemm,cutlass3x_sm90_tensorop_s64x128x16gemm_f16_f16_f32_f16_f16_128x128x64_1x2x1_0_nnn_align8_stream_k_warpspecialized_cooperative_epi_tma,passed,success,universal,1152,14336,4096,f16:column,f16:column,f16:column,f16:column,1,0,serial,8,1,heuristic,invalid,invalid,false,false,1,tensorop,f32,128,128,64,1,2,1,0,0,0,6,4,2,1,64,128,16,90,90,159907840,135324499968,846,0.570558,261.018,237179
57,CUTLASS,gemm,cutlass3x_sm90_tensorop_s64x128x16gemm_f16_f16_f32_f16_f16_128x128x64_2x1x1_0_nnn_align8,passed,success,universal,1152,14336,4096,f16:column,f16:column,f16:column,f16:column,1,0,serial,8,1,heuristic,invalid,invalid,false,false,1,tensorop,f32,128,128,64,2,1,1,0,0,0,7,4,2,1,64,128,16,90,90,159907840,135324499968,846,0.282028,528.052,479826
57,CUTLASS,gemm,cutlass3x_sm90_tensorop_s64x128x16gemm_f16_f16_f32_f16_f16_128x128x64_2x1x1_0_nnn_align8_warpspecialized_epi_nosmem,passed,success,universal,1152,14336,4096,f16:column,f16:column,f16:column,f16:column,1,0,serial,8,1,heuristic,invalid,invalid,false,false,1,tensorop,f32,128,128,64,2,1,1,0,0,0,7,4,1,1,64,128,16,90,90,159907840,135324499968,846,0.28014,531.613,483061
57,CUTLASS,gemm,cutlass3x_sm90_tensorop_s64x128x16gemm_f16_f16_f32_f16_f16_128x128x64_2x1x1_0_nnn_align8_warpspecialized_pingpong_epi_tma,passed,success,universal,1152,14336,4096,f16:column,f16:column,f16:column,f16:column,1,0,serial,8,1,heuristic,invalid,invalid,false,false,1,tensorop,f32,128,128,64,2,1,1,0,0,0,6,4,1,1,64,128,16,90,90,159907840,135324499968,846,0.273743,544.035,494349
57,CUTLASS,gemm,cutlass3x_sm90_tensorop_s64x128x16gemm_f16_f16_f32_f16_f16_128x128x64_2x1x1_0_nnn_align8_warpspecialized_pingpong_epi_nosmem,passed,success,universal,1152,14336,4096,f16:column,f16:column,f16:column,f16:column,1,0,serial,8,1,heuristic,invalid,invalid,false,false,1,tensorop,f32,128,128,64,2,1,1,0,0,0,7,4,1,1,64,128,16,90,90,159907840,135324499968,846,0.27687,537.89,488765
57,CUTLASS,gemm,cutlass3x_sm90_tensorop_s64x128x16gemm_f16_f16_f32_f16_f16_128x128x64_2x1x1_0_nnn_align8_warpspecialized_cooperative_epi_nosmem,passed,success,universal,1152,14336,4096,f16:column,f16:column,f16:column,f16:column,1,0,serial,8,1,heuristic,invalid,invalid,false,false,1,tensorop,f32,128,128,64,2,1,1,0,0,0,7,4,2,1,64,128,16,90,90,159907840,135324499968,846,0.282103,527.912,479698
57,CUTLASS,gemm,cutlass3x_sm90_tensorop_s64x128x16gemm_f16_f16_f32_f16_f16_128x128x64_2x1x1_0_nnn_align8_warpspecialized_cooperative_epi_tma,passed,success,universal,1152,14336,4096,f16:column,f16:column,f16:column,f16:column,1,0,serial,8,1,heuristic,invalid,invalid,false,false,1,tensorop,f32,128,128,64,2,1,1,0,0,0,6,4,2,1,64,128,16,90,90,159907840,135324499968,846,0.27862,534.511,485695
57,CUTLASS,gemm,cutlass3x_sm90_tensorop_s64x128x16gemm_f16_f16_f32_f16_f16_128x128x64_2x1x1_0_nnn_align8_stream_k_warpspecialized_cooperative_epi_nosmem,passed,success,universal,1152,14336,4096,f16:column,f16:column,f16:column,f16:column,1,0,serial,8,1,heuristic,invalid,invalid,false,false,1,tensorop,f32,128,128,64,2,1,1,0,0,0,7,4,2,1,64,128,16,90,90,159907840,135324499968,846,0.630498,236.204,214631
57,CUTLASS,gemm,cutlass3x_sm90_tensorop_s64x128x16gemm_f16_f16_f32_f16_f16_128x128x64_2x1x1_0_nnn_align8_stream_k_warpspecialized_cooperative_epi_tma,passed,success,universal,1152,14336,4096,f16:column,f16:column,f16:column,f16:column,1,0,serial,8,1,heuristic,invalid,invalid,false,false,1,tensorop,f32,128,128,64,2,1,1,0,0,0,6,4,2,1,64,128,16,90,90,159907840,135324499968,846,0.62008,240.172,218237
58,CUTLASS,gemm,cutlass_tensorop_f16_s1688gemm_f16_256x128_32x2_nn_align8,passed,success,universal,1280,14336,4096,f16:column,f16:column,f16:column,f16:column,1,0,serial,8,1,heuristic,invalid,invalid,false,false,1,tensorop,f32,256,128,32,1,1,1,0,0,0,2,4,2,1,16,8,8,75,1024,164626432,150360555520,913,0.877988,174.627,171256
58,CUTLASS,gemm,cutlass_tensorop_f16_s16816gemm_f16_256x128_32x3_nn_align8,passed,success,universal,1280,14336,4096,f16:column,f16:column,f16:column,f16:column,1,0,serial,8,1,heuristic,invalid,invalid,false,false,1,tensorop,f32,256,128,32,1,1,1,0,0,0,3,4,2,1,16,8,16,80,1024,164626432,150360555520,913,0.600776,255.204,250277
58,CUTLASS,gemm,cutlass3x_sm90_tensorop_s64x128x16gemm_f16_f16_f32_f16_f16_128x128x64_1x2x1_0_nnn_align8,passed,success,universal,1280,14336,4096,f16:column,f16:column,f16:column,f16:column,1,0,serial,8,1,heuristic,invalid,invalid,false,false,1,tensorop,f32,128,128,64,1,2,1,0,0,0,7,4,2,1,64,128,16,90,90,164626432,150360555520,913,0.253629,604.505,592836
58,CUTLASS,gemm,cutlass3x_sm90_tensorop_s64x128x16gemm_f16_f16_f32_f16_f16_128x128x64_1x2x1_0_nnn_align8_warpspecialized_epi_nosmem,passed,success,universal,1280,14336,4096,f16:column,f16:column,f16:column,f16:column,1,0,serial,8,1,heuristic,invalid,invalid,false,false,1,tensorop,f32,128,128,64,1,2,1,0,0,0,7,4,1,1,64,128,16,90,90,164626432,150360555520,913,0.239321,640.648,628281
58,CUTLASS,gemm,cutlass3x_sm90_tensorop_s64x128x16gemm_f16_f16_f32_f16_f16_128x128x64_1x2x1_0_nnn_align8_warpspecialized_pingpong_epi_tma,passed,success,universal,1280,14336,4096,f16:column,f16:column,f16:column,f16:column,1,0,serial,8,1,heuristic,invalid,invalid,false,false,1,tensorop,f32,128,128,64,1,2,1,0,0,0,6,4,1,1,64,128,16,90,90,164626432,150360555520,913,0.237702,645.011,632560
58,CUTLASS,gemm,cutlass3x_sm90_tensorop_s64x128x16gemm_f16_f16_f32_f16_f16_128x128x64_1x2x1_0_nnn_align8_warpspecialized_pingpong_epi_nosmem,passed,success,universal,1280,14336,4096,f16:column,f16:column,f16:column,f16:column,1,0,serial,8,1,heuristic,invalid,invalid,false,false,1,tensorop,f32,128,128,64,1,2,1,0,0,0,7,4,1,1,64,128,16,90,90,164626432,150360555520,913,0.241756,634.194,621951
58,CUTLASS,gemm,cutlass3x_sm90_tensorop_s64x128x16gemm_f16_f16_f32_f16_f16_128x128x64_1x2x1_0_nnn_align8_warpspecialized_cooperative_epi_nosmem,passed,success,universal,1280,14336,4096,f16:column,f16:column,f16:column,f16:column,1,0,serial,8,1,heuristic,invalid,invalid,false,false,1,tensorop,f32,128,128,64,1,2,1,0,0,0,7,4,2,1,64,128,16,90,90,164626432,150360555520,913,0.253792,604.119,592457
58,CUTLASS,gemm,cutlass3x_sm90_tensorop_s64x128x16gemm_f16_f16_f32_f16_f16_128x128x64_1x2x1_0_nnn_align8_warpspecialized_cooperative_epi_tma,passed,success,universal,1280,14336,4096,f16:column,f16:column,f16:column,f16:column,1,0,serial,8,1,heuristic,invalid,invalid,false,false,1,tensorop,f32,128,128,64,1,2,1,0,0,0,6,4,2,1,64,128,16,90,90,164626432,150360555520,913,0.240671,637.054,624756
58,CUTLASS,gemm,cutlass3x_sm90_tensorop_s64x128x16gemm_f16_f16_f32_f16_f16_128x128x64_1x2x1_0_nnn_align8_stream_k_warpspecialized_cooperative_epi_nosmem,passed,success,universal,1280,14336,4096,f16:column,f16:column,f16:column,f16:column,1,0,serial,8,1,heuristic,invalid,invalid,false,false,1,tensorop,f32,128,128,64,1,2,1,0,0,0,7,4,2,1,64,128,16,90,90,164626432,150360555520,913,0.625787,245.004,240274
58,CUTLASS,gemm,cutlass3x_sm90_tensorop_s64x128x16gemm_f16_f16_f32_f16_f16_128x128x64_1x2x1_0_nnn_align8_stream_k_warpspecialized_cooperative_epi_tma,passed,success,universal,1280,14336,4096,f16:column,f16:column,f16:column,f16:column,1,0,serial,8,1,heuristic,invalid,invalid,false,false,1,tensorop,f32,128,128,64,1,2,1,0,0,0,6,4,2,1,64,128,16,90,90,164626432,150360555520,913,0.632261,242.495,237814
58,CUTLASS,gemm,cutlass3x_sm90_tensorop_s64x128x16gemm_f16_f16_f32_f16_f16_128x128x64_2x1x1_0_nnn_align8,passed,success,universal,1280,14336,4096,f16:column,f16:column,f16:column,f16:column,1,0,serial,8,1,heuristic,invalid,invalid,false,false,1,tensorop,f32,128,128,64,2,1,1,0,0,0,7,4,2,1,64,128,16,90,90,164626432,150360555520,913,0.251863,608.745,596993
58,CUTLASS,gemm,cutlass3x_sm90_tensorop_s64x128x16gemm_f16_f16_f32_f16_f16_128x128x64_2x1x1_0_nnn_align8_warpspecialized_epi_nosmem,passed,success,universal,1280,14336,4096,f16:column,f16:column,f16:column,f16:column,1,0,serial,8,1,heuristic,invalid,invalid,false,false,1,tensorop,f32,128,128,64,2,1,1,0,0,0,7,4,1,1,64,128,16,90,90,164626432,150360555520,913,0.25504,601.163,589558
58,CUTLASS,gemm,cutlass3x_sm90_tensorop_s64x128x16gemm_f16_f16_f32_f16_f16_128x128x64_2x1x1_0_nnn_align8_warpspecialized_pingpong_epi_tma,passed,success,universal,1280,14336,4096,f16:column,f16:column,f16:column,f16:column,1,0,serial,8,1,heuristic,invalid,invalid,false,false,1,tensorop,f32,128,128,64,2,1,1,0,0,0,6,4,1,1,64,128,16,90,90,164626432,150360555520,913,0.236375,648.631,636109
58,CUTLASS,gemm,cutlass3x_sm90_tensorop_s64x128x16gemm_f16_f16_f32_f16_f16_128x128x64_2x1x1_0_nnn_align8_warpspecialized_pingpong_epi_nosmem,passed,success,universal,1280,14336,4096,f16:column,f16:column,f16:column,f16:column,1,0,serial,8,1,heuristic,invalid,invalid,false,false,1,tensorop,f32,128,128,64,2,1,1,0,0,0,7,4,1,1,64,128,16,90,90,164626432,150360555520,913,0.240449,637.641,625332
58,CUTLASS,gemm,cutlass3x_sm90_tensorop_s64x128x16gemm_f16_f16_f32_f16_f16_128x128x64_2x1x1_0_nnn_align8_warpspecialized_cooperative_epi_nosmem,passed,success,universal,1280,14336,4096,f16:column,f16:column,f16:column,f16:column,1,0,serial,8,1,heuristic,invalid,invalid,false,false,1,tensorop,f32,128,128,64,2,1,1,0,0,0,7,4,2,1,64,128,16,90,90,164626432,150360555520,913,0.251637,609.292,597530
58,CUTLASS,gemm,cutlass3x_sm90_tensorop_s64x128x16gemm_f16_f16_f32_f16_f16_128x128x64_2x1x1_0_nnn_align8_warpspecialized_cooperative_epi_tma,passed,success,universal,1280,14336,4096,f16:column,f16:column,f16:column,f16:column,1,0,serial,8,1,heuristic,invalid,invalid,false,false,1,tensorop,f32,128,128,64,2,1,1,0,0,0,6,4,2,1,64,128,16,90,90,164626432,150360555520,913,0.237574,645.359,632901
58,CUTLASS,gemm,cutlass3x_sm90_tensorop_s64x128x16gemm_f16_f16_f32_f16_f16_128x128x64_2x1x1_0_nnn_align8_stream_k_warpspecialized_cooperative_epi_nosmem,passed,success,universal,1280,14336,4096,f16:column,f16:column,f16:column,f16:column,1,0,serial,8,1,heuristic,invalid,invalid,false,false,1,tensorop,f32,128,128,64,2,1,1,0,0,0,7,4,2,1,64,128,16,90,90,164626432,150360555520,913,0.635747,241.166,236510
58,CUTLASS,gemm,cutlass3x_sm90_tensorop_s64x128x16gemm_f16_f16_f32_f16_f16_128x128x64_2x1x1_0_nnn_align8_stream_k_warpspecialized_cooperative_epi_tma,passed,success,universal,1280,14336,4096,f16:column,f16:column,f16:column,f16:column,1,0,serial,8,1,heuristic,invalid,invalid,false,false,1,tensorop,f32,128,128,64,2,1,1,0,0,0,6,4,2,1,64,128,16,90,90,164626432,150360555520,913,0.639368,239.8,235171
59,CUTLASS,gemm,cutlass_tensorop_f16_s1688gemm_f16_256x128_32x2_nn_align8,passed,success,universal,1408,14336,4096,f16:column,f16:column,f16:column,f16:column,1,0,serial,8,1,heuristic,invalid,invalid,false,false,1,tensorop,f32,256,128,32,1,1,1,0,0,0,2,4,2,1,16,8,8,75,1024,169345024,165396611072,976,0.967422,163.026,170966
59,CUTLASS,gemm,cutlass_tensorop_f16_s16816gemm_f16_256x128_32x3_nn_align8,passed,success,universal,1408,14336,4096,f16:column,f16:column,f16:column,f16:column,1,0,serial,8,1,heuristic,invalid,invalid,false,false,1,tensorop,f32,256,128,32,1,1,1,0,0,0,3,4,2,1,16,8,16,80,1024,169345024,165396611072,976,0.658572,239.48,251144
59,CUTLASS,gemm,cutlass3x_sm90_tensorop_s64x128x16gemm_f16_f16_f32_f16_f16_128x128x64_1x2x1_0_nnn_align8,passed,success,universal,1408,14336,4096,f16:column,f16:column,f16:column,f16:column,1,0,serial,8,1,heuristic,invalid,invalid,false,false,1,tensorop,f32,128,128,64,1,2,1,0,0,0,7,4,2,1,64,128,16,90,90,169345024,165396611072,976,0.281796,559.676,586936
59,CUTLASS,gemm,cutlass3x_sm90_tensorop_s64x128x16gemm_f16_f16_f32_f16_f16_128x128x64_1x2x1_0_nnn_align8_warpspecialized_epi_nosmem,passed,success,universal,1408,14336,4096,f16:column,f16:column,f16:column,f16:column,1,0,serial,8,1,heuristic,invalid,invalid,false,false,1,tensorop,f32,128,128,64,1,2,1,0,0,0,7,4,1,1,64,128,16,90,90,169345024,165396611072,976,0.262337,601.193,630475
59,CUTLASS,gemm,cutlass3x_sm90_tensorop_s64x128x16gemm_f16_f16_f32_f16_f16_128x128x64_1x2x1_0_nnn_align8_warpspecialized_pingpong_epi_tma,passed,success,universal,1408,14336,4096,f16:column,f16:column,f16:column,f16:column,1,0,serial,8,1,heuristic,invalid,invalid,false,false,1,tensorop,f32,128,128,64,1,2,1,0,0,0,6,4,1,1,64,128,16,90,90,169345024,165396611072,976,0.262714,600.329,629569
59,CUTLASS,gemm,cutlass3x_sm90_tensorop_s64x128x16gemm_f16_f16_f32_f16_f16_128x128x64_1x2x1_0_nnn_align8_warpspecialized_pingpong_epi_nosmem,passed,success,universal,1408,14336,4096,f16:column,f16:column,f16:column,f16:column,1,0,serial,8,1,heuristic,invalid,invalid,false,false,1,tensorop,f32,128,128,64,1,2,1,0,0,0,7,4,1,1,64,128,16,90,90,169345024,165396611072,976,0.266556,591.677,620496
59,CUTLASS,gemm,cutlass3x_sm90_tensorop_s64x128x16gemm_f16_f16_f32_f16_f16_128x128x64_1x2x1_0_nnn_align8_warpspecialized_cooperative_epi_nosmem,passed,success,universal,1408,14336,4096,f16:column,f16:column,f16:column,f16:column,1,0,serial,8,1,heuristic,invalid,invalid,false,false,1,tensorop,f32,128,128,64,1,2,1,0,0,0,7,4,2,1,64,128,16,90,90,169345024,165396611072,976,0.28212,559.035,586263
59,CUTLASS,gemm,cutlass3x_sm90_tensorop_s64x128x16gemm_f16_f16_f32_f16_f16_128x128x64_1x2x1_0_nnn_align8_warpspecialized_cooperative_epi_tma,passed,success,universal,1408,14336,4096,f16:column,f16:column,f16:column,f16:column,1,0,serial,8,1,heuristic,invalid,invalid,false,false,1,tensorop,f32,128,128,64,1,2,1,0,0,0,6,4,2,1,64,128,16,90,90,169345024,165396611072,976,0.266152,592.574,621436
59,CUTLASS,gemm,cutlass3x_sm90_tensorop_s64x128x16gemm_f16_f16_f32_f16_f16_128x128x64_1x2x1_0_nnn_align8_stream_k_warpspecialized_cooperative_epi_nosmem,passed,success,universal,1408,14336,4096,f16:column,f16:column,f16:column,f16:column,1,0,serial,8,1,heuristic,invalid,invalid,false,false,1,tensorop,f32,128,128,64,1,2,1,0,0,0,7,4,2,1,64,128,16,90,90,169345024,165396611072,976,0.689378,228.778,239921
59,CUTLASS,gemm,cutlass3x_sm90_tensorop_s64x128x16gemm_f16_f16_f32_f16_f16_128x128x64_1x2x1_0_nnn_align8_stream_k_warpspecialized_cooperative_epi_tma,passed,success,universal,1408,14336,4096,f16:column,f16:column,f16:column,f16:column,1,0,serial,8,1,heuristic,invalid,invalid,false,false,1,tensorop,f32,128,128,64,1,2,1,0,0,0,6,4,2,1,64,128,16,90,90,169345024,165396611072,976,0.697299,226.18,237196
59,CUTLASS,gemm,cutlass3x_sm90_tensorop_s64x128x16gemm_f16_f16_f32_f16_f16_128x128x64_2x1x1_0_nnn_align8,passed,success,universal,1408,14336,4096,f16:column,f16:column,f16:column,f16:column,1,0,serial,8,1,heuristic,invalid,invalid,false,false,1,tensorop,f32,128,128,64,2,1,1,0,0,0,7,4,2,1,64,128,16,90,90,169345024,165396611072,976,0.369893,426.38,447147
59,CUTLASS,gemm,cutlass3x_sm90_tensorop_s64x128x16gemm_f16_f16_f32_f16_f16_128x128x64_2x1x1_0_nnn_align8_warpspecialized_epi_nosmem,passed,success,universal,1408,14336,4096,f16:column,f16:column,f16:column,f16:column,1,0,serial,8,1,heuristic,invalid,invalid,false,false,1,tensorop,f32,128,128,64,2,1,1,0,0,0,7,4,1,1,64,128,16,90,90,169345024,165396611072,976,0.326014,483.767,507330
59,CUTLASS,gemm,cutlass3x_sm90_tensorop_s64x128x16gemm_f16_f16_f32_f16_f16_128x128x64_2x1x1_0_nnn_align8_warpspecialized_pingpong_epi_tma,passed,success,universal,1408,14336,4096,f16:column,f16:column,f16:column,f16:column,1,0,serial,8,1,heuristic,invalid,invalid,false,false,1,tensorop,f32,128,128,64,2,1,1,0,0,0,6,4,1,1,64,128,16,90,90,169345024,165396611072,976,0.354046,445.465,467162
59,CUTLASS,gemm,cutlass3x_sm90_tensorop_s64x128x16gemm_f16_f16_f32_f16_f16_128x128x64_2x1x1_0_nnn_align8_warpspecialized_pingpong_epi_nosmem,passed,success,universal,1408,14336,4096,f16:column,f16:column,f16:column,f16:column,1,0,serial,8,1,heuristic,invalid,invalid,false,false,1,tensorop,f32,128,128,64,2,1,1,0,0,0,7,4,1,1,64,128,16,90,90,169345024,165396611072,976,0.363531,433.841,454972
59,CUTLASS,gemm,cutlass3x_sm90_tensorop_s64x128x16gemm_f16_f16_f32_f16_f16_128x128x64_2x1x1_0_nnn_align8_warpspecialized_cooperative_epi_nosmem,passed,success,universal,1408,14336,4096,f16:column,f16:column,f16:column,f16:column,1,0,serial,8,1,heuristic,invalid,invalid,false,false,1,tensorop,f32,128,128,64,2,1,1,0,0,0,7,4,2,1,64,128,16,90,90,169345024,165396611072,976,0.366737,430.049,450996
59,CUTLASS,gemm,cutlass3x_sm90_tensorop_s64x128x16gemm_f16_f16_f32_f16_f16_128x128x64_2x1x1_0_nnn_align8_warpspecialized_cooperative_epi_tma,passed,success,universal,1408,14336,4096,f16:column,f16:column,f16:column,f16:column,1,0,serial,8,1,heuristic,invalid,invalid,false,false,1,tensorop,f32,128,128,64,2,1,1,0,0,0,6,4,2,1,64,128,16,90,90,169345024,165396611072,976,0.367456,429.208,450113
59,CUTLASS,gemm,cutlass3x_sm90_tensorop_s64x128x16gemm_f16_f16_f32_f16_f16_128x128x64_2x1x1_0_nnn_align8_stream_k_warpspecialized_cooperative_epi_nosmem,passed,success,universal,1408,14336,4096,f16:column,f16:column,f16:column,f16:column,1,0,serial,8,1,heuristic,invalid,invalid,false,false,1,tensorop,f32,128,128,64,2,1,1,0,0,0,7,4,2,1,64,128,16,90,90,169345024,165396611072,976,0.7747,203.582,213498
59,CUTLASS,gemm,cutlass3x_sm90_tensorop_s64x128x16gemm_f16_f16_f32_f16_f16_128x128x64_2x1x1_0_nnn_align8_stream_k_warpspecialized_cooperative_epi_tma,passed,success,universal,1408,14336,4096,f16:column,f16:column,f16:column,f16:column,1,0,serial,8,1,heuristic,invalid,invalid,false,false,1,tensorop,f32,128,128,64,2,1,1,0,0,0,6,4,2,1,64,128,16,90,90,169345024,165396611072,976,0.781699,201.759,211586
60,CUTLASS,gemm,cutlass_tensorop_f16_s1688gemm_f16_256x128_32x2_nn_align8,passed,success,universal,1536,14336,4096,f16:column,f16:column,f16:column,f16:column,1,0,serial,8,1,heuristic,invalid,invalid,false,false,1,tensorop,f32,256,128,32,1,1,1,0,0,0,2,4,2,1,16,8,8,75,1024,174063616,180432666624,1036,1.07155,151.285,168385
60,CUTLASS,gemm,cutlass_tensorop_f16_s16816gemm_f16_256x128_32x3_nn_align8,passed,success,universal,1536,14336,4096,f16:column,f16:column,f16:column,f16:column,1,0,serial,8,1,heuristic,invalid,invalid,false,false,1,tensorop,f32,256,128,32,1,1,1,0,0,0,3,4,2,1,16,8,16,80,1024,174063616,180432666624,1036,0.721265,224.757,250161
60,CUTLASS,gemm,cutlass3x_sm90_tensorop_s64x128x16gemm_f16_f16_f32_f16_f16_128x128x64_1x2x1_0_nnn_align8,passed,success,universal,1536,14336,4096,f16:column,f16:column,f16:column,f16:column,1,0,serial,8,1,heuristic,invalid,invalid,false,false,1,tensorop,f32,128,128,64,1,2,1,0,0,0,7,4,2,1,64,128,16,90,90,174063616,180432666624,1036,0.308981,524.658,583960
60,CUTLASS,gemm,cutlass3x_sm90_tensorop_s64x128x16gemm_f16_f16_f32_f16_f16_128x128x64_1x2x1_0_nnn_align8_warpspecialized_epi_nosmem,passed,success,universal,1536,14336,4096,f16:column,f16:column,f16:column,f16:column,1,0,serial,8,1,heuristic,invalid,invalid,false,false,1,tensorop,f32,128,128,64,1,2,1,0,0,0,7,4,1,1,64,128,16,90,90,174063616,180432666624,1036,0.28249,573.859,638722
60,CUTLASS,gemm,cutlass3x_sm90_tensorop_s64x128x16gemm_f16_f16_f32_f16_f16_128x128x64_1x2x1_0_nnn_align8_warpspecialized_pingpong_epi_tma,passed,success,universal,1536,14336,4096,f16:column,f16:column,f16:column,f16:column,1,0,serial,8,1,heuristic,invalid,invalid,false,false,1,tensorop,f32,128,128,64,1,2,1,0,0,0,6,4,1,1,64,128,16,90,90,174063616,180432666624,1036,0.288879,561.166,624595
60,CUTLASS,gemm,cutlass3x_sm90_tensorop_s64x128x16gemm_f16_f16_f32_f16_f16_128x128x64_1x2x1_0_nnn_align8_warpspecialized_pingpong_epi_nosmem,passed,success,universal,1536,14336,4096,f16:column,f16:column,f16:column,f16:column,1,0,serial,8,1,heuristic,invalid,invalid,false,false,1,tensorop,f32,128,128,64,1,2,1,0,0,0,7,4,1,1,64,128,16,90,90,174063616,180432666624,1036,0.290402,558.224,621320
60,CUTLASS,gemm,cutlass3x_sm90_tensorop_s64x128x16gemm_f16_f16_f32_f16_f16_128x128x64_1x2x1_0_nnn_align8_warpspecialized_cooperative_epi_nosmem,passed,success,universal,1536,14336,4096,f16:column,f16:column,f16:column,f16:column,1,0,serial,8,1,heuristic,invalid,invalid,false,false,1,tensorop,f32,128,128,64,1,2,1,0,0,0,7,4,2,1,64,128,16,90,90,174063616,180432666624,1036,0.308184,526.015,585471
60,CUTLASS,gemm,cutlass3x_sm90_tensorop_s64x128x16gemm_f16_f16_f32_f16_f16_128x128x64_1x2x1_0_nnn_align8_warpspecialized_cooperative_epi_tma,passed,success,universal,1536,14336,4096,f16:column,f16:column,f16:column,f16:column,1,0,serial,8,1,heuristic,invalid,invalid,false,false,1,tensorop,f32,128,128,64,1,2,1,0,0,0,6,4,2,1,64,128,16,90,90,174063616,180432666624,1036,0.293271,552.764,615243
60,CUTLASS,gemm,cutlass3x_sm90_tensorop_s64x128x16gemm_f16_f16_f32_f16_f16_128x128x64_1x2x1_0_nnn_align8_stream_k_warpspecialized_cooperative_epi_nosmem,passed,success,universal,1536,14336,4096,f16:column,f16:column,f16:column,f16:column,1,0,serial,8,1,heuristic,invalid,invalid,false,false,1,tensorop,f32,128,128,64,1,2,1,0,0,0,7,4,2,1,64,128,16,90,90,174063616,180432666624,1036,0.758941,213.6,237743
60,CUTLASS,gemm,cutlass3x_sm90_tensorop_s64x128x16gemm_f16_f16_f32_f16_f16_128x128x64_1x2x1_0_nnn_align8_stream_k_warpspecialized_cooperative_epi_tma,passed,success,universal,1536,14336,4096,f16:column,f16:column,f16:column,f16:column,1,0,serial,8,1,heuristic,invalid,invalid,false,false,1,tensorop,f32,128,128,64,1,2,1,0,0,0,6,4,2,1,64,128,16,90,90,174063616,180432666624,1036,0.774147,209.404,233073
60,CUTLASS,gemm,cutlass3x_sm90_tensorop_s64x128x16gemm_f16_f16_f32_f16_f16_128x128x64_2x1x1_0_nnn_align8,passed,success,universal,1536,14336,4096,f16:column,f16:column,f16:column,f16:column,1,0,serial,8,1,heuristic,invalid,invalid,false,false,1,tensorop,f32,128,128,64,2,1,1,0,0,0,7,4,2,1,64,128,16,90,90,174063616,180432666624,1036,0.304257,532.804,593027
60,CUTLASS,gemm,cutlass3x_sm90_tensorop_s64x128x16gemm_f16_f16_f32_f16_f16_128x128x64_2x1x1_0_nnn_align8_warpspecialized_epi_nosmem,passed,success,universal,1536,14336,4096,f16:column,f16:column,f16:column,f16:column,1,0,serial,8,1,heuristic,invalid,invalid,false,false,1,tensorop,f32,128,128,64,2,1,1,0,0,0,7,4,1,1,64,128,16,90,90,174063616,180432666624,1036,0.296973,545.873,607573
60,CUTLASS,gemm,cutlass3x_sm90_tensorop_s64x128x16gemm_f16_f16_f32_f16_f16_128x128x64_2x1x1_0_nnn_align8_warpspecialized_pingpong_epi_tma,passed,success,universal,1536,14336,4096,f16:column,f16:column,f16:column,f16:column,1,0,serial,8,1,heuristic,invalid,invalid,false,false,1,tensorop,f32,128,128,64,2,1,1,0,0,0,6,4,1,1,64,128,16,90,90,174063616,180432666624,1036,0.283732,571.346,635925
60,CUTLASS,gemm,cutlass3x_sm90_tensorop_s64x128x16gemm_f16_f16_f32_f16_f16_128x128x64_2x1x1_0_nnn_align8_warpspecialized_pingpong_epi_nosmem,passed,success,universal,1536,14336,4096,f16:column,f16:column,f16:column,f16:column,1,0,serial,8,1,heuristic,invalid,invalid,false,false,1,tensorop,f32,128,128,64,2,1,1,0,0,0,7,4,1,1,64,128,16,90,90,174063616,180432666624,1036,0.288077,562.728,626334
60,CUTLASS,gemm,cutlass3x_sm90_tensorop_s64x128x16gemm_f16_f16_f32_f16_f16_128x128x64_2x1x1_0_nnn_align8_warpspecialized_cooperative_epi_nosmem,passed,success,universal,1536,14336,4096,f16:column,f16:column,f16:column,f16:column,1,0,serial,8,1,heuristic,invalid,invalid,false,false,1,tensorop,f32,128,128,64,2,1,1,0,0,0,7,4,2,1,64,128,16,90,90,174063616,180432666624,1036,0.303006,535.004,595475
60,CUTLASS,gemm,cutlass3x_sm90_tensorop_s64x128x16gemm_f16_f16_f32_f16_f16_128x128x64_2x1x1_0_nnn_align8_warpspecialized_cooperative_epi_tma,passed,success,universal,1536,14336,4096,f16:column,f16:column,f16:column,f16:column,1,0,serial,8,1,heuristic,invalid,invalid,false,false,1,tensorop,f32,128,128,64,2,1,1,0,0,0,6,4,2,1,64,128,16,90,90,174063616,180432666624,1036,0.289018,560.898,624296
60,CUTLASS,gemm,cutlass3x_sm90_tensorop_s64x128x16gemm_f16_f16_f32_f16_f16_128x128x64_2x1x1_0_nnn_align8_stream_k_warpspecialized_cooperative_epi_nosmem,passed,success,universal,1536,14336,4096,f16:column,f16:column,f16:column,f16:column,1,0,serial,8,1,heuristic,invalid,invalid,false,false,1,tensorop,f32,128,128,64,2,1,1,0,0,0,7,4,2,1,64,128,16,90,90,174063616,180432666624,1036,0.769801,210.586,234389
60,CUTLASS,gemm,cutlass3x_sm90_tensorop_s64x128x16gemm_f16_f16_f32_f16_f16_128x128x64_2x1x1_0_nnn_align8_stream_k_warpspecialized_cooperative_epi_tma,passed,success,universal,1536,14336,4096,f16:column,f16:column,f16:column,f16:column,1,0,serial,8,1,heuristic,invalid,invalid,false,false,1,tensorop,f32,128,128,64,2,1,1,0,0,0,6,4,2,1,64,128,16,90,90,174063616,180432666624,1036,0.769018,210.801,234627
61,CUTLASS,gemm,cutlass_tensorop_f16_s1688gemm_f16_256x128_32x2_nn_align8,passed,success,universal,1664,14336,4096,f16:column,f16:column,f16:column,f16:column,1,0,serial,8,1,heuristic,invalid,invalid,false,false,1,tensorop,f32,256,128,32,1,1,1,0,0,0,2,4,2,1,16,8,8,75,1024,178782208,195468722176,1093,1.13554,146.629,172137
61,CUTLASS,gemm,cutlass_tensorop_f16_s16816gemm_f16_256x128_32x3_nn_align8,passed,success,universal,1664,14336,4096,f16:column,f16:column,f16:column,f16:column,1,0,serial,8,1,heuristic,invalid,invalid,false,false,1,tensorop,f32,256,128,32,1,1,1,0,0,0,3,4,2,1,16,8,16,80,1024,178782208,195468722176,1093,0.77608,214.545,251867
61,CUTLASS,gemm,cutlass3x_sm90_tensorop_s64x128x16gemm_f16_f16_f32_f16_f16_128x128x64_1x2x1_0_nnn_align8,passed,success,universal,1664,14336,4096,f16:column,f16:column,f16:column,f16:column,1,0,serial,8,1,heuristic,invalid,invalid,false,false,1,tensorop,f32,128,128,64,1,2,1,0,0,0,7,4,2,1,64,128,16,90,90,178782208,195468722176,1093,0.330373,503.987,591660
61,CUTLASS,gemm,cutlass3x_sm90_tensorop_s64x128x16gemm_f16_f16_f32_f16_f16_128x128x64_1x2x1_0_nnn_align8_warpspecialized_epi_nosmem,passed,success,universal,1664,14336,4096,f16:column,f16:column,f16:column,f16:column,1,0,serial,8,1,heuristic,invalid,invalid,false,false,1,tensorop,f32,128,128,64,1,2,1,0,0,0,7,4,1,1,64,128,16,90,90,178782208,195468722176,1093,0.303938,547.822,643121
61,CUTLASS,gemm,cutlass3x_sm90_tensorop_s64x128x16gemm_f16_f16_f32_f16_f16_128x128x64_1x2x1_0_nnn_align8_warpspecialized_pingpong_epi_tma,passed,success,universal,1664,14336,4096,f16:column,f16:column,f16:column,f16:column,1,0,serial,8,1,heuristic,invalid,invalid,false,false,1,tensorop,f32,128,128,64,1,2,1,0,0,0,6,4,1,1,64,128,16,90,90,178782208,195468722176,1093,0.307485,541.502,635701
61,CUTLASS,gemm,cutlass3x_sm90_tensorop_s64x128x16gemm_f16_f16_f32_f16_f16_128x128x64_1x2x1_0_nnn_align8_warpspecialized_pingpong_epi_nosmem,passed,success,universal,1664,14336,4096,f16:column,f16:column,f16:column,f16:column,1,0,serial,8,1,heuristic,invalid,invalid,false,false,1,tensorop,f32,128,128,64,1,2,1,0,0,0,7,4,1,1,64,128,16,90,90,178782208,195468722176,1093,0.313595,530.952,623316
61,CUTLASS,gemm,cutlass3x_sm90_tensorop_s64x128x16gemm_f16_f16_f32_f16_f16_128x128x64_1x2x1_0_nnn_align8_warpspecialized_cooperative_epi_nosmem,passed,success,universal,1664,14336,4096,f16:column,f16:column,f16:column,f16:column,1,0,serial,8,1,heuristic,invalid,invalid,false,false,1,tensorop,f32,128,128,64,1,2,1,0,0,0,7,4,2,1,64,128,16,90,90,178782208,195468722176,1093,0.332601,500.611,587697
61,CUTLASS,gemm,cutlass3x_sm90_tensorop_s64x128x16gemm_f16_f16_f32_f16_f16_128x128x64_1x2x1_0_nnn_align8_warpspecialized_cooperative_epi_tma,passed,success,universal,1664,14336,4096,f16:column,f16:column,f16:column,f16:column,1,0,serial,8,1,heuristic,invalid,invalid,false,false,1,tensorop,f32,128,128,64,1,2,1,0,0,0,6,4,2,1,64,128,16,90,90,178782208,195468722176,1093,0.30914,538.604,632299
61,CUTLASS,gemm,cutlass3x_sm90_tensorop_s64x128x16gemm_f16_f16_f32_f16_f16_128x128x64_1x2x1_0_nnn_align8_stream_k_warpspecialized_cooperative_epi_nosmem,passed,success,universal,1664,14336,4096,f16:column,f16:column,f16:column,f16:column,1,0,serial,8,1,heuristic,invalid,invalid,false,false,1,tensorop,f32,128,128,64,1,2,1,0,0,0,7,4,2,1,64,128,16,90,90,178782208,195468722176,1093,0.81779,203.602,239021
61,CUTLASS,gemm,cutlass3x_sm90_tensorop_s64x128x16gemm_f16_f16_f32_f16_f16_128x128x64_1x2x1_0_nnn_align8_stream_k_warpspecialized_cooperative_epi_tma,passed,success,universal,1664,14336,4096,f16:column,f16:column,f16:column,f16:column,1,0,serial,8,1,heuristic,invalid,invalid,false,false,1,tensorop,f32,128,128,64,1,2,1,0,0,0,6,4,2,1,64,128,16,90,90,178782208,195468722176,1093,0.832048,200.113,234925
61,CUTLASS,gemm,cutlass3x_sm90_tensorop_s64x128x16gemm_f16_f16_f32_f16_f16_128x128x64_2x1x1_0_nnn_align8,passed,success,universal,1664,14336,4096,f16:column,f16:column,f16:column,f16:column,1,0,serial,8,1,heuristic,invalid,invalid,false,false,1,tensorop,f32,128,128,64,2,1,1,0,0,0,7,4,2,1,64,128,16,90,90,178782208,195468722176,1093,0.366707,454.052,533038
61,CUTLASS,gemm,cutlass3x_sm90_tensorop_s64x128x16gemm_f16_f16_f32_f16_f16_128x128x64_2x1x1_0_nnn_align8_warpspecialized_epi_nosmem,passed,success,universal,1664,14336,4096,f16:column,f16:column,f16:column,f16:column,1,0,serial,8,1,heuristic,invalid,invalid,false,false,1,tensorop,f32,128,128,64,2,1,1,0,0,0,7,4,1,1,64,128,16,90,90,178782208,195468722176,1093,0.376001,442.828,519862
61,CUTLASS,gemm,cutlass3x_sm90_tensorop_s64x128x16gemm_f16_f16_f32_f16_f16_128x128x64_2x1x1_0_nnn_align8_warpspecialized_pingpong_epi_tma,passed,success,universal,1664,14336,4096,f16:column,f16:column,f16:column,f16:column,1,0,serial,8,1,heuristic,invalid,invalid,false,false,1,tensorop,f32,128,128,64,2,1,1,0,0,0,6,4,1,1,64,128,16,90,90,178782208,195468722176,1093,0.351694,473.434,555792
61,CUTLASS,gemm,cutlass3x_sm90_tensorop_s64x128x16gemm_f16_f16_f32_f16_f16_128x128x64_2x1x1_0_nnn_align8_warpspecialized_pingpong_epi_nosmem,passed,success,universal,1664,14336,4096,f16:column,f16:column,f16:column,f16:column,1,0,serial,8,1,heuristic,invalid,invalid,false,false,1,tensorop,f32,128,128,64,2,1,1,0,0,0,7,4,1,1,64,128,16,90,90,178782208,195468722176,1093,0.36351,458.044,537725
61,CUTLASS,gemm,cutlass3x_sm90_tensorop_s64x128x16gemm_f16_f16_f32_f16_f16_128x128x64_2x1x1_0_nnn_align8_warpspecialized_cooperative_epi_nosmem,passed,success,universal,1664,14336,4096,f16:column,f16:column,f16:column,f16:column,1,0,serial,8,1,heuristic,invalid,invalid,false,false,1,tensorop,f32,128,128,64,2,1,1,0,0,0,7,4,2,1,64,128,16,90,90,178782208,195468722176,1093,0.365982,454.951,534093
61,CUTLASS,gemm,cutlass3x_sm90_tensorop_s64x128x16gemm_f16_f16_f32_f16_f16_128x128x64_2x1x1_0_nnn_align8_warpspecialized_cooperative_epi_tma,passed,success,universal,1664,14336,4096,f16:column,f16:column,f16:column,f16:column,1,0,serial,8,1,heuristic,invalid,invalid,false,false,1,tensorop,f32,128,128,64,2,1,1,0,0,0,6,4,2,1,64,128,16,90,90,178782208,195468722176,1093,0.354241,470.03,551795
61,CUTLASS,gemm,cutlass3x_sm90_tensorop_s64x128x16gemm_f16_f16_f32_f16_f16_128x128x64_2x1x1_0_nnn_align8_stream_k_warpspecialized_cooperative_epi_nosmem,passed,success,universal,1664,14336,4096,f16:column,f16:column,f16:column,f16:column,1,0,serial,8,1,heuristic,invalid,invalid,false,false,1,tensorop,f32,128,128,64,2,1,1,0,0,0,7,4,2,1,64,128,16,90,90,178782208,195468722176,1093,0.886879,187.741,220401
61,CUTLASS,gemm,cutlass3x_sm90_tensorop_s64x128x16gemm_f16_f16_f32_f16_f16_128x128x64_2x1x1_0_nnn_align8_stream_k_warpspecialized_cooperative_epi_tma,passed,success,universal,1664,14336,4096,f16:column,f16:column,f16:column,f16:column,1,0,serial,8,1,heuristic,invalid,invalid,false,false,1,tensorop,f32,128,128,64,2,1,1,0,0,0,6,4,2,1,64,128,16,90,90,178782208,195468722176,1093,0.881708,188.843,221693
62,CUTLASS,gemm,cutlass_tensorop_f16_s1688gemm_f16_256x128_32x2_nn_align8,passed,success,universal,1792,14336,4096,f16:column,f16:column,f16:column,f16:column,1,0,serial,8,1,heuristic,invalid,invalid,false,false,1,tensorop,f32,256,128,32,1,1,1,0,0,0,2,4,2,1,16,8,8,75,1024,183500800,210504777728,1147,1.22365,139.663,172031
62,CUTLASS,gemm,cutlass_tensorop_f16_s16816gemm_f16_256x128_32x3_nn_align8,passed,success,universal,1792,14336,4096,f16:column,f16:column,f16:column,f16:column,1,0,serial,8,1,heuristic,invalid,invalid,false,false,1,tensorop,f32,256,128,32,1,1,1,0,0,0,3,4,2,1,16,8,16,80,1024,183500800,210504777728,1147,0.833778,204.969,252471
62,CUTLASS,gemm,cutlass3x_sm90_tensorop_s64x128x16gemm_f16_f16_f32_f16_f16_128x128x64_1x2x1_0_nnn_align8,passed,success,universal,1792,14336,4096,f16:column,f16:column,f16:column,f16:column,1,0,serial,8,1,heuristic,invalid,invalid,false,false,1,tensorop,f32,128,128,64,1,2,1,0,0,0,7,4,2,1,64,128,16,90,90,183500800,210504777728,1147,0.341533,500.386,616352
62,CUTLASS,gemm,cutlass3x_sm90_tensorop_s64x128x16gemm_f16_f16_f32_f16_f16_128x128x64_1x2x1_0_nnn_align8_warpspecialized_epi_nosmem,passed,success,universal,1792,14336,4096,f16:column,f16:column,f16:column,f16:column,1,0,serial,8,1,heuristic,invalid,invalid,false,false,1,tensorop,f32,128,128,64,1,2,1,0,0,0,7,4,1,1,64,128,16,90,90,183500800,210504777728,1147,0.331343,515.775,635308
62,CUTLASS,gemm,cutlass3x_sm90_tensorop_s64x128x16gemm_f16_f16_f32_f16_f16_128x128x64_1x2x1_0_nnn_align8_warpspecialized_pingpong_epi_tma,passed,success,universal,1792,14336,4096,f16:column,f16:column,f16:column,f16:column,1,0,serial,8,1,heuristic,invalid,invalid,false,false,1,tensorop,f32,128,128,64,1,2,1,0,0,0,6,4,1,1,64,128,16,90,90,183500800,210504777728,1147,0.317457,538.335,663096
62,CUTLASS,gemm,cutlass3x_sm90_tensorop_s64x128x16gemm_f16_f16_f32_f16_f16_128x128x64_1x2x1_0_nnn_align8_warpspecialized_pingpong_epi_nosmem,passed,success,universal,1792,14336,4096,f16:column,f16:column,f16:column,f16:column,1,0,serial,8,1,heuristic,invalid,invalid,false,false,1,tensorop,f32,128,128,64,1,2,1,0,0,0,7,4,1,1,64,128,16,90,90,183500800,210504777728,1147,0.32134,531.83,655083
62,CUTLASS,gemm,cutlass3x_sm90_tensorop_s64x128x16gemm_f16_f16_f32_f16_f16_128x128x64_1x2x1_0_nnn_align8_warpspecialized_cooperative_epi_nosmem,passed,success,universal,1792,14336,4096,f16:column,f16:column,f16:column,f16:column,1,0,serial,8,1,heuristic,invalid,invalid,false,false,1,tensorop,f32,128,128,64,1,2,1,0,0,0,7,4,2,1,64,128,16,90,90,183500800,210504777728,1147,0.34314,498.042,613465
62,CUTLASS,gemm,cutlass3x_sm90_tensorop_s64x128x16gemm_f16_f16_f32_f16_f16_128x128x64_1x2x1_0_nnn_align8_warpspecialized_cooperative_epi_tma,passed,success,universal,1792,14336,4096,f16:column,f16:column,f16:column,f16:column,1,0,serial,8,1,heuristic,invalid,invalid,false,false,1,tensorop,f32,128,128,64,1,2,1,0,0,0,6,4,2,1,64,128,16,90,90,183500800,210504777728,1147,0.320389,533.41,657029
62,CUTLASS,gemm,cutlass3x_sm90_tensorop_s64x128x16gemm_f16_f16_f32_f16_f16_128x128x64_1x2x1_0_nnn_align8_stream_k_warpspecialized_cooperative_epi_nosmem,passed,success,universal,1792,14336,4096,f16:column,f16:column,f16:column,f16:column,1,0,serial,8,1,heuristic,invalid,invalid,false,false,1,tensorop,f32,128,128,64,1,2,1,0,0,0,7,4,2,1,64,128,16,90,90,183500800,210504777728,1147,0.880313,194.134,239125
62,CUTLASS,gemm,cutlass3x_sm90_tensorop_s64x128x16gemm_f16_f16_f32_f16_f16_128x128x64_1x2x1_0_nnn_align8_stream_k_warpspecialized_cooperative_epi_tma,passed,success,universal,1792,14336,4096,f16:column,f16:column,f16:column,f16:column,1,0,serial,8,1,heuristic,invalid,invalid,false,false,1,tensorop,f32,128,128,64,1,2,1,0,0,0,6,4,2,1,64,128,16,90,90,183500800,210504777728,1147,0.891344,191.731,236166
62,CUTLASS,gemm,cutlass3x_sm90_tensorop_s64x128x16gemm_f16_f16_f32_f16_f16_128x128x64_2x1x1_0_nnn_align8,passed,success,universal,1792,14336,4096,f16:column,f16:column,f16:column,f16:column,1,0,serial,8,1,heuristic,invalid,invalid,false,false,1,tensorop,f32,128,128,64,2,1,1,0,0,0,7,4,2,1,64,128,16,90,90,183500800,210504777728,1147,0.334346,511.143,629602
62,CUTLASS,gemm,cutlass3x_sm90_tensorop_s64x128x16gemm_f16_f16_f32_f16_f16_128x128x64_2x1x1_0_nnn_align8_warpspecialized_epi_nosmem,passed,success,universal,1792,14336,4096,f16:column,f16:column,f16:column,f16:column,1,0,serial,8,1,heuristic,invalid,invalid,false,false,1,tensorop,f32,128,128,64,2,1,1,0,0,0,7,4,1,1,64,128,16,90,90,183500800,210504777728,1147,0.353685,483.194,595176
62,CUTLASS,gemm,cutlass3x_sm90_tensorop_s64x128x16gemm_f16_f16_f32_f16_f16_128x128x64_2x1x1_0_nnn_align8_warpspecialized_pingpong_epi_tma,passed,success,universal,1792,14336,4096,f16:column,f16:column,f16:column,f16:column,1,0,serial,8,1,heuristic,invalid,invalid,false,false,1,tensorop,f32,128,128,64,2,1,1,0,0,0,6,4,1,1,64,128,16,90,90,183500800,210504777728,1147,0.30739,555.967,684814
62,CUTLASS,gemm,cutlass3x_sm90_tensorop_s64x128x16gemm_f16_f16_f32_f16_f16_128x128x64_2x1x1_0_nnn_align8_warpspecialized_pingpong_epi_nosmem,passed,success,universal,1792,14336,4096,f16:column,f16:column,f16:column,f16:column,1,0,serial,8,1,heuristic,invalid,invalid,false,false,1,tensorop,f32,128,128,64,2,1,1,0,0,0,7,4,1,1,64,128,16,90,90,183500800,210504777728,1147,0.316428,540.086,665252
62,CUTLASS,gemm,cutlass3x_sm90_tensorop_s64x128x16gemm_f16_f16_f32_f16_f16_128x128x64_2x1x1_0_nnn_align8_warpspecialized_cooperative_epi_nosmem,passed,success,universal,1792,14336,4096,f16:column,f16:column,f16:column,f16:column,1,0,serial,8,1,heuristic,invalid,invalid,false,false,1,tensorop,f32,128,128,64,2,1,1,0,0,0,7,4,2,1,64,128,16,90,90,183500800,210504777728,1147,0.335803,508.925,626871
62,CUTLASS,gemm,cutlass3x_sm90_tensorop_s64x128x16gemm_f16_f16_f32_f16_f16_128x128x64_2x1x1_0_nnn_align8_warpspecialized_cooperative_epi_tma,passed,success,universal,1792,14336,4096,f16:column,f16:column,f16:column,f16:column,1,0,serial,8,1,heuristic,invalid,invalid,false,false,1,tensorop,f32,128,128,64,2,1,1,0,0,0,6,4,2,1,64,128,16,90,90,183500800,210504777728,1147,0.31494,542.639,668397
62,CUTLASS,gemm,cutlass3x_sm90_tensorop_s64x128x16gemm_f16_f16_f32_f16_f16_128x128x64_2x1x1_0_nnn_align8_stream_k_warpspecialized_cooperative_epi_nosmem,passed,success,universal,1792,14336,4096,f16:column,f16:column,f16:column,f16:column,1,0,serial,8,1,heuristic,invalid,invalid,false,false,1,tensorop,f32,128,128,64,2,1,1,0,0,0,7,4,2,1,64,128,16,90,90,183500800,210504777728,1147,0.888935,192.251,236806
62,CUTLASS,gemm,cutlass3x_sm90_tensorop_s64x128x16gemm_f16_f16_f32_f16_f16_128x128x64_2x1x1_0_nnn_align8_stream_k_warpspecialized_cooperative_epi_tma,passed,success,universal,1792,14336,4096,f16:column,f16:column,f16:column,f16:column,1,0,serial,8,1,heuristic,invalid,invalid,false,false,1,tensorop,f32,128,128,64,2,1,1,0,0,0,6,4,2,1,64,128,16,90,90,183500800,210504777728,1147,0.88166,193.837,238759
63,CUTLASS,gemm,cutlass_tensorop_f16_s1688gemm_f16_256x128_32x2_nn_align8,passed,success,universal,1920,14336,4096,f16:column,f16:column,f16:column,f16:column,1,0,serial,8,1,heuristic,invalid,invalid,false,false,1,tensorop,f32,256,128,32,1,1,1,0,0,0,2,4,2,1,16,8,8,75,1024,188219392,225540833280,1198,1.30318,134.512,173069
63,CUTLASS,gemm,cutlass_tensorop_f16_s16816gemm_f16_256x128_32x3_nn_align8,passed,success,universal,1920,14336,4096,f16:column,f16:column,f16:column,f16:column,1,0,serial,8,1,heuristic,invalid,invalid,false,false,1,tensorop,f32,256,128,32,1,1,1,0,0,0,3,4,2,1,16,8,16,80,1024,188219392,225540833280,1198,0.889547,197.059,253546
63,CUTLASS,gemm,cutlass3x_sm90_tensorop_s64x128x16gemm_f16_f16_f32_f16_f16_128x128x64_1x2x1_0_nnn_align8,passed,success,universal,1920,14336,4096,f16:column,f16:column,f16:column,f16:column,1,0,serial,8,1,heuristic,invalid,invalid,false,false,1,tensorop,f32,128,128,64,1,2,1,0,0,0,7,4,2,1,64,128,16,90,90,188219392,225540833280,1198,0.360154,486.716,626234
63,CUTLASS,gemm,cutlass3x_sm90_tensorop_s64x128x16gemm_f16_f16_f32_f16_f16_128x128x64_1x2x1_0_nnn_align8_warpspecialized_epi_nosmem,passed,success,universal,1920,14336,4096,f16:column,f16:column,f16:column,f16:column,1,0,serial,8,1,heuristic,invalid,invalid,false,false,1,tensorop,f32,128,128,64,1,2,1,0,0,0,7,4,1,1,64,128,16,90,90,188219392,225540833280,1198,0.347278,504.763,649454
63,CUTLASS,gemm,cutlass3x_sm90_tensorop_s64x128x16gemm_f16_f16_f32_f16_f16_128x128x64_1x2x1_0_nnn_align8_warpspecialized_pingpong_epi_tma,passed,success,universal,1920,14336,4096,f16:column,f16:column,f16:column,f16:column,1,0,serial,8,1,heuristic,invalid,invalid,false,false,1,tensorop,f32,128,128,64,1,2,1,0,0,0,6,4,1,1,64,128,16,90,90,188219392,225540833280,1198,0.340617,514.634,662154
63,CUTLASS,gemm,cutlass3x_sm90_tensorop_s64x128x16gemm_f16_f16_f32_f16_f16_128x128x64_1x2x1_0_nnn_align8_warpspecialized_pingpong_epi_nosmem,passed,success,universal,1920,14336,4096,f16:column,f16:column,f16:column,f16:column,1,0,serial,8,1,heuristic,invalid,invalid,false,false,1,tensorop,f32,128,128,64,1,2,1,0,0,0,7,4,1,1,64,128,16,90,90,188219392,225540833280,1198,0.345851,506.845,652133
63,CUTLASS,gemm,cutlass3x_sm90_tensorop_s64x128x16gemm_f16_f16_f32_f16_f16_128x128x64_1x2x1_0_nnn_align8_warpspecialized_cooperative_epi_nosmem,passed,success,universal,1920,14336,4096,f16:column,f16:column,f16:column,f16:column,1,0,serial,8,1,heuristic,invalid,invalid,false,false,1,tensorop,f32,128,128,64,1,2,1,0,0,0,7,4,2,1,64,128,16,90,90,188219392,225540833280,1198,0.361551,484.836,623815
63,CUTLASS,gemm,cutlass3x_sm90_tensorop_s64x128x16gemm_f16_f16_f32_f16_f16_128x128x64_1x2x1_0_nnn_align8_warpspecialized_cooperative_epi_tma,passed,success,universal,1920,14336,4096,f16:column,f16:column,f16:column,f16:column,1,0,serial,8,1,heuristic,invalid,invalid,false,false,1,tensorop,f32,128,128,64,1,2,1,0,0,0,6,4,2,1,64,128,16,90,90,188219392,225540833280,1198,0.342208,512.241,659075
63,CUTLASS,gemm,cutlass3x_sm90_tensorop_s64x128x16gemm_f16_f16_f32_f16_f16_128x128x64_1x2x1_0_nnn_align8_stream_k_warpspecialized_cooperative_epi_nosmem,passed,success,universal,1920,14336,4096,f16:column,f16:column,f16:column,f16:column,1,0,serial,8,1,heuristic,invalid,invalid,false,false,1,tensorop,f32,128,128,64,1,2,1,0,0,0,7,4,2,1,64,128,16,90,90,188219392,225540833280,1198,0.937008,187.077,240703
63,CUTLASS,gemm,cutlass3x_sm90_tensorop_s64x128x16gemm_f16_f16_f32_f16_f16_128x128x64_1x2x1_0_nnn_align8_stream_k_warpspecialized_cooperative_epi_tma,passed,success,universal,1920,14336,4096,f16:column,f16:column,f16:column,f16:column,1,0,serial,8,1,heuristic,invalid,invalid,false,false,1,tensorop,f32,128,128,64,1,2,1,0,0,0,6,4,2,1,64,128,16,90,90,188219392,225540833280,1198,0.942218,186.043,239372
63,CUTLASS,gemm,cutlass3x_sm90_tensorop_s64x128x16gemm_f16_f16_f32_f16_f16_128x128x64_2x1x1_0_nnn_align8,passed,success,universal,1920,14336,4096,f16:column,f16:column,f16:column,f16:column,1,0,serial,8,1,heuristic,invalid,invalid,false,false,1,tensorop,f32,128,128,64,2,1,1,0,0,0,7,4,2,1,64,128,16,90,90,188219392,225540833280,1198,0.436833,401.281,516309
63,CUTLASS,gemm,cutlass3x_sm90_tensorop_s64x128x16gemm_f16_f16_f32_f16_f16_128x128x64_2x1x1_0_nnn_align8_warpspecialized_epi_nosmem,passed,success,universal,1920,14336,4096,f16:column,f16:column,f16:column,f16:column,1,0,serial,8,1,heuristic,invalid,invalid,false,false,1,tensorop,f32,128,128,64,2,1,1,0,0,0,7,4,1,1,64,128,16,90,90,188219392,225540833280,1198,0.422704,414.695,533567
63,CUTLASS,gemm,cutlass3x_sm90_tensorop_s64x128x16gemm_f16_f16_f32_f16_f16_128x128x64_2x1x1_0_nnn_align8_warpspecialized_pingpong_epi_tma,passed,success,universal,1920,14336,4096,f16:column,f16:column,f16:column,f16:column,1,0,serial,8,1,heuristic,invalid,invalid,false,false,1,tensorop,f32,128,128,64,2,1,1,0,0,0,6,4,1,1,64,128,16,90,90,188219392,225540833280,1198,0.416048,421.329,542103
63,CUTLASS,gemm,cutlass3x_sm90_tensorop_s64x128x16gemm_f16_f16_f32_f16_f16_128x128x64_2x1x1_0_nnn_align8_warpspecialized_pingpong_epi_nosmem,passed,success,universal,1920,14336,4096,f16:column,f16:column,f16:column,f16:column,1,0,serial,8,1,heuristic,invalid,invalid,false,false,1,tensorop,f32,128,128,64,2,1,1,0,0,0,7,4,1,1,64,128,16,90,90,188219392,225540833280,1198,0.42741,410.128,527692
63,CUTLASS,gemm,cutlass3x_sm90_tensorop_s64x128x16gemm_f16_f16_f32_f16_f16_128x128x64_2x1x1_0_nnn_align8_warpspecialized_cooperative_epi_nosmem,passed,success,universal,1920,14336,4096,f16:column,f16:column,f16:column,f16:column,1,0,serial,8,1,heuristic,invalid,invalid,false,false,1,tensorop,f32,128,128,64,2,1,1,0,0,0,7,4,2,1,64,128,16,90,90,188219392,225540833280,1198,0.43339,404.469,520410
63,CUTLASS,gemm,cutlass3x_sm90_tensorop_s64x128x16gemm_f16_f16_f32_f16_f16_128x128x64_2x1x1_0_nnn_align8_warpspecialized_cooperative_epi_tma,passed,success,universal,1920,14336,4096,f16:column,f16:column,f16:column,f16:column,1,0,serial,8,1,heuristic,invalid,invalid,false,false,1,tensorop,f32,128,128,64,2,1,1,0,0,0,6,4,2,1,64,128,16,90,90,188219392,225540833280,1198,0.419542,417.819,537588
63,CUTLASS,gemm,cutlass3x_sm90_tensorop_s64x128x16gemm_f16_f16_f32_f16_f16_128x128x64_2x1x1_0_nnn_align8_stream_k_warpspecialized_cooperative_epi_nosmem,passed,success,universal,1920,14336,4096,f16:column,f16:column,f16:column,f16:column,1,0,serial,8,1,heuristic,invalid,invalid,false,false,1,tensorop,f32,128,128,64,2,1,1,0,0,0,7,4,2,1,64,128,16,90,90,188219392,225540833280,1198,0.999463,175.387,225662
63,CUTLASS,gemm,cutlass3x_sm90_tensorop_s64x128x16gemm_f16_f16_f32_f16_f16_128x128x64_2x1x1_0_nnn_align8_stream_k_warpspecialized_cooperative_epi_tma,passed,success,universal,1920,14336,4096,f16:column,f16:column,f16:column,f16:column,1,0,serial,8,1,heuristic,invalid,invalid,false,false,1,tensorop,f32,128,128,64,2,1,1,0,0,0,6,4,2,1,64,128,16,90,90,188219392,225540833280,1198,0.982024,178.502,229669
64,CUTLASS,gemm,cutlass_tensorop_f16_s1688gemm_f16_256x128_32x2_nn_align8,passed,success,universal,2048,14336,4096,f16:column,f16:column,f16:column,f16:column,1,0,serial,8,1,heuristic,invalid,invalid,false,false,1,tensorop,f32,256,128,32,1,1,1,0,0,0,2,4,2,1,16,8,8,75,1024,192937984,240576888832,1246,1.37948,130.258,174397
64,CUTLASS,gemm,cutlass_tensorop_f16_s16816gemm_f16_256x128_32x3_nn_align8,passed,success,universal,2048,14336,4096,f16:column,f16:column,f16:column,f16:column,1,0,serial,8,1,heuristic,invalid,invalid,false,false,1,tensorop,f32,256,128,32,1,1,1,0,0,0,3,4,2,1,16,8,16,80,1024,192937984,240576888832,1246,0.943095,190.53,255093
64,CUTLASS,gemm,cutlass3x_sm90_tensorop_s64x128x16gemm_f16_f16_f32_f16_f16_128x128x64_1x2x1_0_nnn_align8,passed,success,universal,2048,14336,4096,f16:column,f16:column,f16:column,f16:column,1,0,serial,8,1,heuristic,invalid,invalid,false,false,1,tensorop,f32,128,128,64,1,2,1,0,0,0,7,4,2,1,64,128,16,90,90,192937984,240576888832,1246,0.381653,470.814,630355
64,CUTLASS,gemm,cutlass3x_sm90_tensorop_s64x128x16gemm_f16_f16_f32_f16_f16_128x128x64_1x2x1_0_nnn_align8_warpspecialized_epi_nosmem,passed,success,universal,2048,14336,4096,f16:column,f16:column,f16:column,f16:column,1,0,serial,8,1,heuristic,invalid,invalid,false,false,1,tensorop,f32,128,128,64,1,2,1,0,0,0,7,4,1,1,64,128,16,90,90,192937984,240576888832,1246,0.363256,494.658,662279
64,CUTLASS,gemm,cutlass3x_sm90_tensorop_s64x128x16gemm_f16_f16_f32_f16_f16_128x128x64_1x2x1_0_nnn_align8_warpspecialized_pingpong_epi_tma,passed,success,universal,2048,14336,4096,f16:column,f16:column,f16:column,f16:column,1,0,serial,8,1,heuristic,invalid,invalid,false,false,1,tensorop,f32,128,128,64,1,2,1,0,0,0,6,4,1,1,64,128,16,90,90,192937984,240576888832,1246,0.361082,497.636,666267
64,CUTLASS,gemm,cutlass3x_sm90_tensorop_s64x128x16gemm_f16_f16_f32_f16_f16_128x128x64_1x2x1_0_nnn_align8_warpspecialized_pingpong_epi_nosmem,passed,success,universal,2048,14336,4096,f16:column,f16:column,f16:column,f16:column,1,0,serial,8,1,heuristic,invalid,invalid,false,false,1,tensorop,f32,128,128,64,1,2,1,0,0,0,7,4,1,1,64,128,16,90,90,192937984,240576888832,1246,0.367317,489.189,654957
64,CUTLASS,gemm,cutlass3x_sm90_tensorop_s64x128x16gemm_f16_f16_f32_f16_f16_128x128x64_1x2x1_0_nnn_align8_warpspecialized_cooperative_epi_nosmem,passed,success,universal,2048,14336,4096,f16:column,f16:column,f16:column,f16:column,1,0,serial,8,1,heuristic,invalid,invalid,false,false,1,tensorop,f32,128,128,64,1,2,1,0,0,0,7,4,2,1,64,128,16,90,90,192937984,240576888832,1246,0.380757,471.921,631838
64,CUTLASS,gemm,cutlass3x_sm90_tensorop_s64x128x16gemm_f16_f16_f32_f16_f16_128x128x64_1x2x1_0_nnn_align8_warpspecialized_cooperative_epi_tma,passed,success,universal,2048,14336,4096,f16:column,f16:column,f16:column,f16:column,1,0,serial,8,1,heuristic,invalid,invalid,false,false,1,tensorop,f32,128,128,64,1,2,1,0,0,0,6,4,2,1,64,128,16,90,90,192937984,240576888832,1246,0.363952,493.712,661012
64,CUTLASS,gemm,cutlass3x_sm90_tensorop_s64x128x16gemm_f16_f16_f32_f16_f16_128x128x64_1x2x1_0_nnn_align8_stream_k_warpspecialized_cooperative_epi_nosmem,passed,success,universal,2048,14336,4096,f16:column,f16:column,f16:column,f16:column,1,0,serial,8,1,heuristic,invalid,invalid,false,false,1,tensorop,f32,128,128,64,1,2,1,0,0,0,7,4,2,1,64,128,16,90,90,192937984,240576888832,1246,0.997955,180.056,241070
64,CUTLASS,gemm,cutlass3x_sm90_tensorop_s64x128x16gemm_f16_f16_f32_f16_f16_128x128x64_1x2x1_0_nnn_align8_stream_k_warpspecialized_cooperative_epi_tma,passed,success,universal,2048,14336,4096,f16:column,f16:column,f16:column,f16:column,1,0,serial,8,1,heuristic,invalid,invalid,false,false,1,tensorop,f32,128,128,64,1,2,1,0,0,0,6,4,2,1,64,128,16,90,90,192937984,240576888832,1246,0.986394,182.166,243895
64,CUTLASS,gemm,cutlass3x_sm90_tensorop_s64x128x16gemm_f16_f16_f32_f16_f16_128x128x64_2x1x1_0_nnn_align8,passed,success,universal,2048,14336,4096,f16:column,f16:column,f16:column,f16:column,1,0,serial,8,1,heuristic,invalid,invalid,false,false,1,tensorop,f32,128,128,64,2,1,1,0,0,0,7,4,2,1,64,128,16,90,90,192937984,240576888832,1246,0.381511,470.989,630589
64,CUTLASS,gemm,cutlass3x_sm90_tensorop_s64x128x16gemm_f16_f16_f32_f16_f16_128x128x64_2x1x1_0_nnn_align8_warpspecialized_epi_nosmem,passed,success,universal,2048,14336,4096,f16:column,f16:column,f16:column,f16:column,1,0,serial,8,1,heuristic,invalid,invalid,false,false,1,tensorop,f32,128,128,64,2,1,1,0,0,0,7,4,1,1,64,128,16,90,90,192937984,240576888832,1246,0.396353,453.352,606976
64,CUTLASS,gemm,cutlass3x_sm90_tensorop_s64x128x16gemm_f16_f16_f32_f16_f16_128x128x64_2x1x1_0_nnn_align8_warpspecialized_pingpong_epi_tma,passed,success,universal,2048,14336,4096,f16:column,f16:column,f16:column,f16:column,1,0,serial,8,1,heuristic,invalid,invalid,false,false,1,tensorop,f32,128,128,64,2,1,1,0,0,0,6,4,1,1,64,128,16,90,90,192937984,240576888832,1246,0.35996,499.187,668343
64,CUTLASS,gemm,cutlass3x_sm90_tensorop_s64x128x16gemm_f16_f16_f32_f16_f16_128x128x64_2x1x1_0_nnn_align8_warpspecialized_pingpong_epi_nosmem,passed,success,universal,2048,14336,4096,f16:column,f16:column,f16:column,f16:column,1,0,serial,8,1,heuristic,invalid,invalid,false,false,1,tensorop,f32,128,128,64,2,1,1,0,0,0,7,4,1,1,64,128,16,90,90,192937984,240576888832,1246,0.371434,483.767,647698
64,CUTLASS,gemm,cutlass3x_sm90_tensorop_s64x128x16gemm_f16_f16_f32_f16_f16_128x128x64_2x1x1_0_nnn_align8_warpspecialized_cooperative_epi_nosmem,passed,success,universal,2048,14336,4096,f16:column,f16:column,f16:column,f16:column,1,0,serial,8,1,heuristic,invalid,invalid,false,false,1,tensorop,f32,128,128,64,2,1,1,0,0,0,7,4,2,1,64,128,16,90,90,192937984,240576888832,1246,0.378017,475.343,636419
64,CUTLASS,gemm,cutlass3x_sm90_tensorop_s64x128x16gemm_f16_f16_f32_f16_f16_128x128x64_2x1x1_0_nnn_align8_warpspecialized_cooperative_epi_tma,passed,success,universal,2048,14336,4096,f16:column,f16:column,f16:column,f16:column,1,0,serial,8,1,heuristic,invalid,invalid,false,false,1,tensorop,f32,128,128,64,2,1,1,0,0,0,6,4,2,1,64,128,16,90,90,192937984,240576888832,1246,0.368109,488.137,653548
64,CUTLASS,gemm,cutlass3x_sm90_tensorop_s64x128x16gemm_f16_f16_f32_f16_f16_128x128x64_2x1x1_0_nnn_align8_stream_k_warpspecialized_cooperative_epi_nosmem,passed,success,universal,2048,14336,4096,f16:column,f16:column,f16:column,f16:column,1,0,serial,8,1,heuristic,invalid,invalid,false,false,1,tensorop,f32,128,128,64,2,1,1,0,0,0,7,4,2,1,64,128,16,90,90,192937984,240576888832,1246,1.00241,179.256,239999
64,CUTLASS,gemm,cutlass3x_sm90_tensorop_s64x128x16gemm_f16_f16_f32_f16_f16_128x128x64_2x1x1_0_nnn_align8_stream_k_warpspecialized_cooperative_epi_tma,passed,success,universal,2048,14336,4096,f16:column,f16:column,f16:column,f16:column,1,0,serial,8,1,heuristic,invalid,invalid,false,false,1,tensorop,f32,128,128,64,2,1,1,0,0,0,6,4,2,1,64,128,16,90,90,192937984,240576888832,1246,0.989628,181.571,243098
