Problem,Provider,OperationKind,Operation,Disposition,Status,gemm_kind,m,n,k,A,B,C,D,alpha,beta,split_k_mode,split_k_slices,batch_count,raster_order,runtime_input_datatype_a,runtime_input_datatype_b,use_pdl,enable_sm90_mixed_dtype_shuffle_test,swizzle_size,op_class,accum,cta_m,cta_n,cta_k,cluster_m,cluster_n,cluster_k,cluster_m_fallback,cluster_n_fallback,cluster_k_fallback,stages,warps_m,warps_n,warps_k,inst_m,inst_n,inst_k,min_cc,max_cc,Bytes,Flops,Flops/Byte,Runtime,GB/s,GFLOPs
1,CUTLASS,gemm,cutlass_tensorop_f16_s1688gemm_f16_256x128_32x2_nn_align8,passed,success,universal,128,4096,4096,f16:column,f16:column,f16:column,f16:column,1,0,serial,1,1,heuristic,invalid,invalid,false,false,1,tensorop,f32,256,128,32,1,1,1,0,0,0,2,4,2,1,16,8,8,75,1024,35651584,4296015872,120,0.170156,195.134,25247.6
1,CUTLASS,gemm,cutlass_tensorop_f16_s16816gemm_f16_256x128_32x3_nn_align8,passed,success,universal,128,4096,4096,f16:column,f16:column,f16:column,f16:column,1,0,serial,1,1,heuristic,invalid,invalid,false,false,1,tensorop,f32,256,128,32,1,1,1,0,0,0,3,4,2,1,16,8,16,80,1024,35651584,4296015872,120,0.0746618,444.714,57539.7
1,CUTLASS,gemm,cutlass3x_sm90_tensorop_s64x128x16gemm_f16_f16_f32_f16_f16_128x128x64_1x2x1_0_nnn_align8,passed,success,universal,128,4096,4096,f16:column,f16:column,f16:column,f16:column,1,0,serial,1,1,heuristic,invalid,invalid,false,false,1,tensorop,f32,128,128,64,1,2,1,0,0,0,7,4,2,1,64,128,16,90,90,35651584,4296015872,120,0.026697,1243.7,160918
1,CUTLASS,gemm,cutlass3x_sm90_tensorop_s64x128x16gemm_f16_f16_f32_f16_f16_128x128x64_1x2x1_0_nnn_align8_warpspecialized_epi_nosmem,passed,success,universal,128,4096,4096,f16:column,f16:column,f16:column,f16:column,1,0,serial,1,1,heuristic,invalid,invalid,false,false,1,tensorop,f32,128,128,64,1,2,1,0,0,0,7,4,1,1,64,128,16,90,90,35651584,4296015872,120,0.0260586,1274.17,164860
1,CUTLASS,gemm,cutlass3x_sm90_tensorop_s64x128x16gemm_f16_f16_f32_f16_f16_128x128x64_1x2x1_0_nnn_align8_warpspecialized_pingpong_epi_tma,passed,success,universal,128,4096,4096,f16:column,f16:column,f16:column,f16:column,1,0,serial,1,1,heuristic,invalid,invalid,false,false,1,tensorop,f32,128,128,64,1,2,1,0,0,0,6,4,1,1,64,128,16,90,90,35651584,4296015872,120,0.0267504,1241.22,160596
1,CUTLASS,gemm,cutlass3x_sm90_tensorop_s64x128x16gemm_f16_f16_f32_f16_f16_128x128x64_1x2x1_0_nnn_align8_warpspecialized_pingpong_epi_nosmem,passed,success,universal,128,4096,4096,f16:column,f16:column,f16:column,f16:column,1,0,serial,1,1,heuristic,invalid,invalid,false,false,1,tensorop,f32,128,128,64,1,2,1,0,0,0,7,4,1,1,64,128,16,90,90,35651584,4296015872,120,0.0261363,1270.38,164370
1,CUTLASS,gemm,cutlass3x_sm90_tensorop_s64x128x16gemm_f16_f16_f32_f16_f16_128x128x64_1x2x1_0_nnn_align8_warpspecialized_cooperative_epi_nosmem,passed,success,universal,128,4096,4096,f16:column,f16:column,f16:column,f16:column,1,0,serial,1,1,heuristic,invalid,invalid,false,false,1,tensorop,f32,128,128,64,1,2,1,0,0,0,7,4,2,1,64,128,16,90,90,35651584,4296015872,120,0.0266218,1247.22,161372
1,CUTLASS,gemm,cutlass3x_sm90_tensorop_s64x128x16gemm_f16_f16_f32_f16_f16_128x128x64_1x2x1_0_nnn_align8_warpspecialized_cooperative_epi_tma,passed,success,universal,128,4096,4096,f16:column,f16:column,f16:column,f16:column,1,0,serial,1,1,heuristic,invalid,invalid,false,false,1,tensorop,f32,128,128,64,1,2,1,0,0,0,6,4,2,1,64,128,16,90,90,35651584,4296015872,120,0.0258675,1283.58,166078
1,CUTLASS,gemm,cutlass3x_sm90_tensorop_s64x128x16gemm_f16_f16_f32_f16_f16_128x128x64_1x2x1_0_nnn_align8_stream_k_warpspecialized_cooperative_epi_nosmem,passed,success,universal,128,4096,4096,f16:column,f16:column,f16:column,f16:column,1,0,serial,1,1,heuristic,invalid,invalid,false,false,1,tensorop,f32,128,128,64,1,2,1,0,0,0,7,4,2,1,64,128,16,90,90,35651584,4296015872,120,0.0289133,1148.37,148583
1,CUTLASS,gemm,cutlass3x_sm90_tensorop_s64x128x16gemm_f16_f16_f32_f16_f16_128x128x64_1x2x1_0_nnn_align8_stream_k_warpspecialized_cooperative_epi_tma,passed,success,universal,128,4096,4096,f16:column,f16:column,f16:column,f16:column,1,0,serial,1,1,heuristic,invalid,invalid,false,false,1,tensorop,f32,128,128,64,1,2,1,0,0,0,6,4,2,1,64,128,16,90,90,35651584,4296015872,120,0.0283898,1169.55,151323
1,CUTLASS,gemm,cutlass3x_sm90_tensorop_s64x128x16gemm_f16_f16_f32_f16_f16_128x128x64_2x1x1_0_nnn_align8,passed,success,universal,128,4096,4096,f16:column,f16:column,f16:column,f16:column,1,0,serial,1,1,heuristic,invalid,invalid,false,false,1,tensorop,f32,128,128,64,2,1,1,0,0,0,7,4,2,1,64,128,16,90,90,35651584,4296015872,120,0.0286224,1160.04,150093
1,CUTLASS,gemm,cutlass3x_sm90_tensorop_s64x128x16gemm_f16_f16_f32_f16_f16_128x128x64_2x1x1_0_nnn_align8_warpspecialized_epi_nosmem,passed,success,universal,128,4096,4096,f16:column,f16:column,f16:column,f16:column,1,0,serial,1,1,heuristic,invalid,invalid,false,false,1,tensorop,f32,128,128,64,2,1,1,0,0,0,7,4,1,1,64,128,16,90,90,35651584,4296015872,120,0.028104,1181.44,152861
1,CUTLASS,gemm,cutlass3x_sm90_tensorop_s64x128x16gemm_f16_f16_f32_f16_f16_128x128x64_2x1x1_0_nnn_align8_warpspecialized_pingpong_epi_tma,passed,success,universal,128,4096,4096,f16:column,f16:column,f16:column,f16:column,1,0,serial,1,1,heuristic,invalid,invalid,false,false,1,tensorop,f32,128,128,64,2,1,1,0,0,0,6,4,1,1,64,128,16,90,90,35651584,4296015872,120,0.0287654,1154.27,149346
1,CUTLASS,gemm,cutlass3x_sm90_tensorop_s64x128x16gemm_f16_f16_f32_f16_f16_128x128x64_2x1x1_0_nnn_align8_warpspecialized_pingpong_epi_nosmem,passed,success,universal,128,4096,4096,f16:column,f16:column,f16:column,f16:column,1,0,serial,1,1,heuristic,invalid,invalid,false,false,1,tensorop,f32,128,128,64,2,1,1,0,0,0,7,4,1,1,64,128,16,90,90,35651584,4296015872,120,0.0285754,1161.95,150340
1,CUTLASS,gemm,cutlass3x_sm90_tensorop_s64x128x16gemm_f16_f16_f32_f16_f16_128x128x64_2x1x1_0_nnn_align8_warpspecialized_cooperative_epi_nosmem,passed,success,universal,128,4096,4096,f16:column,f16:column,f16:column,f16:column,1,0,serial,1,1,heuristic,invalid,invalid,false,false,1,tensorop,f32,128,128,64,2,1,1,0,0,0,7,4,2,1,64,128,16,90,90,35651584,4296015872,120,0.0288646,1150.3,148833
1,CUTLASS,gemm,cutlass3x_sm90_tensorop_s64x128x16gemm_f16_f16_f32_f16_f16_128x128x64_2x1x1_0_nnn_align8_warpspecialized_cooperative_epi_tma,passed,success,universal,128,4096,4096,f16:column,f16:column,f16:column,f16:column,1,0,serial,1,1,heuristic,invalid,invalid,false,false,1,tensorop,f32,128,128,64,2,1,1,0,0,0,6,4,2,1,64,128,16,90,90,35651584,4296015872,120,0.0281667,1178.81,152521
1,CUTLASS,gemm,cutlass3x_sm90_tensorop_s64x128x16gemm_f16_f16_f32_f16_f16_128x128x64_2x1x1_0_nnn_align8_stream_k_warpspecialized_cooperative_epi_nosmem,passed,success,universal,128,4096,4096,f16:column,f16:column,f16:column,f16:column,1,0,serial,1,1,heuristic,invalid,invalid,false,false,1,tensorop,f32,128,128,64,2,1,1,0,0,0,7,4,2,1,64,128,16,90,90,35651584,4296015872,120,0.0283283,1172.08,151651
1,CUTLASS,gemm,cutlass3x_sm90_tensorop_s64x128x16gemm_f16_f16_f32_f16_f16_128x128x64_2x1x1_0_nnn_align8_stream_k_warpspecialized_cooperative_epi_tma,passed,success,universal,128,4096,4096,f16:column,f16:column,f16:column,f16:column,1,0,serial,1,1,heuristic,invalid,invalid,false,false,1,tensorop,f32,128,128,64,2,1,1,0,0,0,6,4,2,1,64,128,16,90,90,35651584,4296015872,120,0.029247,1135.26,146887
2,CUTLASS,gemm,cutlass_tensorop_f16_s1688gemm_f16_256x128_32x2_nn_align8,passed,success,universal,256,4096,4096,f16:column,f16:column,f16:column,f16:column,1,0,serial,1,1,heuristic,invalid,invalid,false,false,1,tensorop,f32,256,128,32,1,1,1,0,0,0,2,4,2,1,16,8,8,75,1024,37748736,8592031744,227,0.165736,212.122,51841.6
2,CUTLASS,gemm,cutlass_tensorop_f16_s16816gemm_f16_256x128_32x3_nn_align8,passed,success,universal,256,4096,4096,f16:column,f16:column,f16:column,f16:column,1,0,serial,1,1,heuristic,invalid,invalid,false,false,1,tensorop,f32,256,128,32,1,1,1,0,0,0,3,4,2,1,16,8,16,80,1024,37748736,8592031744,227,0.0750768,468.27,114443
2,CUTLASS,gemm,cutlass3x_sm90_tensorop_s64x128x16gemm_f16_f16_f32_f16_f16_128x128x64_1x2x1_0_nnn_align8,passed,success,universal,256,4096,4096,f16:column,f16:column,f16:column,f16:column,1,0,serial,1,1,heuristic,invalid,invalid,false,false,1,tensorop,f32,128,128,64,1,2,1,0,0,0,7,4,2,1,64,128,16,90,90,37748736,8592031744,227,0.0283578,1239.74,302987
2,CUTLASS,gemm,cutlass3x_sm90_tensorop_s64x128x16gemm_f16_f16_f32_f16_f16_128x128x64_1x2x1_0_nnn_align8_warpspecialized_epi_nosmem,passed,success,universal,256,4096,4096,f16:column,f16:column,f16:column,f16:column,1,0,serial,1,1,heuristic,invalid,invalid,false,false,1,tensorop,f32,128,128,64,1,2,1,0,0,0,7,4,1,1,64,128,16,90,90,37748736,8592031744,227,0.027503,1278.27,312403
2,CUTLASS,gemm,cutlass3x_sm90_tensorop_s64x128x16gemm_f16_f16_f32_f16_f16_128x128x64_1x2x1_0_nnn_align8_warpspecialized_pingpong_epi_tma,passed,success,universal,256,4096,4096,f16:column,f16:column,f16:column,f16:column,1,0,serial,1,1,heuristic,invalid,invalid,false,false,1,tensorop,f32,128,128,64,1,2,1,0,0,0,6,4,1,1,64,128,16,90,90,37748736,8592031744,227,0.0283466,1240.23,303107
2,CUTLASS,gemm,cutlass3x_sm90_tensorop_s64x128x16gemm_f16_f16_f32_f16_f16_128x128x64_1x2x1_0_nnn_align8_warpspecialized_pingpong_epi_nosmem,passed,success,universal,256,4096,4096,f16:column,f16:column,f16:column,f16:column,1,0,serial,1,1,heuristic,invalid,invalid,false,false,1,tensorop,f32,128,128,64,1,2,1,0,0,0,7,4,1,1,64,128,16,90,90,37748736,8592031744,227,0.027728,1267.9,309868
2,CUTLASS,gemm,cutlass3x_sm90_tensorop_s64x128x16gemm_f16_f16_f32_f16_f16_128x128x64_1x2x1_0_nnn_align8_warpspecialized_cooperative_epi_nosmem,passed,success,universal,256,4096,4096,f16:column,f16:column,f16:column,f16:column,1,0,serial,1,1,heuristic,invalid,invalid,false,false,1,tensorop,f32,128,128,64,1,2,1,0,0,0,7,4,2,1,64,128,16,90,90,37748736,8592031744,227,0.028272,1243.5,303906
2,CUTLASS,gemm,cutlass3x_sm90_tensorop_s64x128x16gemm_f16_f16_f32_f16_f16_128x128x64_1x2x1_0_nnn_align8_warpspecialized_cooperative_epi_tma,passed,success,universal,256,4096,4096,f16:column,f16:column,f16:column,f16:column,1,0,serial,1,1,heuristic,invalid,invalid,false,false,1,tensorop,f32,128,128,64,1,2,1,0,0,0,6,4,2,1,64,128,16,90,90,37748736,8592031744,227,0.0275584,1275.7,311775
2,CUTLASS,gemm,cutlass3x_sm90_tensorop_s64x128x16gemm_f16_f16_f32_f16_f16_128x128x64_1x2x1_0_nnn_align8_stream_k_warpspecialized_cooperative_epi_nosmem,passed,success,universal,256,4096,4096,f16:column,f16:column,f16:column,f16:column,1,0,serial,1,1,heuristic,invalid,invalid,false,false,1,tensorop,f32,128,128,64,1,2,1,0,0,0,7,4,2,1,64,128,16,90,90,37748736,8592031744,227,0.0276643,1270.82,310582
2,CUTLASS,gemm,cutlass3x_sm90_tensorop_s64x128x16gemm_f16_f16_f32_f16_f16_128x128x64_1x2x1_0_nnn_align8_stream_k_warpspecialized_cooperative_epi_tma,passed,success,universal,256,4096,4096,f16:column,f16:column,f16:column,f16:column,1,0,serial,1,1,heuristic,invalid,invalid,false,false,1,tensorop,f32,128,128,64,1,2,1,0,0,0,6,4,2,1,64,128,16,90,90,37748736,8592031744,227,0.0273795,1284.03,313812
2,CUTLASS,gemm,cutlass3x_sm90_tensorop_s64x128x16gemm_f16_f16_f32_f16_f16_128x128x64_2x1x1_0_nnn_align8,passed,success,universal,256,4096,4096,f16:column,f16:column,f16:column,f16:column,1,0,serial,1,1,heuristic,invalid,invalid,false,false,1,tensorop,f32,128,128,64,2,1,1,0,0,0,7,4,2,1,64,128,16,90,90,37748736,8592031744,227,0.0269312,1305.41,319036
2,CUTLASS,gemm,cutlass3x_sm90_tensorop_s64x128x16gemm_f16_f16_f32_f16_f16_128x128x64_2x1x1_0_nnn_align8_warpspecialized_epi_nosmem,passed,success,universal,256,4096,4096,f16:column,f16:column,f16:column,f16:column,1,0,serial,1,1,heuristic,invalid,invalid,false,false,1,tensorop,f32,128,128,64,2,1,1,0,0,0,7,4,1,1,64,128,16,90,90,37748736,8592031744,227,0.0263856,1332.4,325633
2,CUTLASS,gemm,cutlass3x_sm90_tensorop_s64x128x16gemm_f16_f16_f32_f16_f16_128x128x64_2x1x1_0_nnn_align8_warpspecialized_pingpong_epi_tma,passed,success,universal,256,4096,4096,f16:column,f16:column,f16:column,f16:column,1,0,serial,1,1,heuristic,invalid,invalid,false,false,1,tensorop,f32,128,128,64,2,1,1,0,0,0,6,4,1,1,64,128,16,90,90,37748736,8592031744,227,0.0271347,1295.62,316643
2,CUTLASS,gemm,cutlass3x_sm90_tensorop_s64x128x16gemm_f16_f16_f32_f16_f16_128x128x64_2x1x1_0_nnn_align8_warpspecialized_pingpong_epi_nosmem,passed,success,universal,256,4096,4096,f16:column,f16:column,f16:column,f16:column,1,0,serial,1,1,heuristic,invalid,invalid,false,false,1,tensorop,f32,128,128,64,2,1,1,0,0,0,7,4,1,1,64,128,16,90,90,37748736,8592031744,227,0.0270554,1299.42,317572
2,CUTLASS,gemm,cutlass3x_sm90_tensorop_s64x128x16gemm_f16_f16_f32_f16_f16_128x128x64_2x1x1_0_nnn_align8_warpspecialized_cooperative_epi_nosmem,passed,success,universal,256,4096,4096,f16:column,f16:column,f16:column,f16:column,1,0,serial,1,1,heuristic,invalid,invalid,false,false,1,tensorop,f32,128,128,64,2,1,1,0,0,0,7,4,2,1,64,128,16,90,90,37748736,8592031744,227,0.0271578,1294.52,316375
2,CUTLASS,gemm,cutlass3x_sm90_tensorop_s64x128x16gemm_f16_f16_f32_f16_f16_128x128x64_2x1x1_0_nnn_align8_warpspecialized_cooperative_epi_tma,passed,success,universal,256,4096,4096,f16:column,f16:column,f16:column,f16:column,1,0,serial,1,1,heuristic,invalid,invalid,false,false,1,tensorop,f32,128,128,64,2,1,1,0,0,0,6,4,2,1,64,128,16,90,90,37748736,8592031744,227,0.026368,1333.29,325851
2,CUTLASS,gemm,cutlass3x_sm90_tensorop_s64x128x16gemm_f16_f16_f32_f16_f16_128x128x64_2x1x1_0_nnn_align8_stream_k_warpspecialized_cooperative_epi_nosmem,passed,success,universal,256,4096,4096,f16:column,f16:column,f16:column,f16:column,1,0,serial,1,1,heuristic,invalid,invalid,false,false,1,tensorop,f32,128,128,64,2,1,1,0,0,0,7,4,2,1,64,128,16,90,90,37748736,8592031744,227,0.0262198,1340.83,327692
2,CUTLASS,gemm,cutlass3x_sm90_tensorop_s64x128x16gemm_f16_f16_f32_f16_f16_128x128x64_2x1x1_0_nnn_align8_stream_k_warpspecialized_cooperative_epi_tma,passed,success,universal,256,4096,4096,f16:column,f16:column,f16:column,f16:column,1,0,serial,1,1,heuristic,invalid,invalid,false,false,1,tensorop,f32,128,128,64,2,1,1,0,0,0,6,4,2,1,64,128,16,90,90,37748736,8592031744,227,0.026383,1332.53,325665
3,CUTLASS,gemm,cutlass_tensorop_f16_s1688gemm_f16_256x128_32x2_nn_align8,passed,success,universal,384,4096,4096,f16:column,f16:column,f16:column,f16:column,1,0,serial,1,1,heuristic,invalid,invalid,false,false,1,tensorop,f32,256,128,32,1,1,1,0,0,0,2,4,2,1,16,8,8,75,1024,39845888,12888047616,323,0.164925,225.007,78144.8
3,CUTLASS,gemm,cutlass_tensorop_f16_s16816gemm_f16_256x128_32x3_nn_align8,passed,success,universal,384,4096,4096,f16:column,f16:column,f16:column,f16:column,1,0,serial,1,1,heuristic,invalid,invalid,false,false,1,tensorop,f32,256,128,32,1,1,1,0,0,0,3,4,2,1,16,8,16,80,1024,39845888,12888047616,323,0.0759741,488.448,169637
3,CUTLASS,gemm,cutlass3x_sm90_tensorop_s64x128x16gemm_f16_f16_f32_f16_f16_128x128x64_1x2x1_0_nnn_align8,passed,success,universal,384,4096,4096,f16:column,f16:column,f16:column,f16:column,1,0,serial,1,1,heuristic,invalid,invalid,false,false,1,tensorop,f32,128,128,64,1,2,1,0,0,0,7,4,2,1,64,128,16,90,90,39845888,12888047616,323,0.0322739,1149.83,399333
3,CUTLASS,gemm,cutlass3x_sm90_tensorop_s64x128x16gemm_f16_f16_f32_f16_f16_128x128x64_1x2x1_0_nnn_align8_warpspecialized_epi_nosmem,passed,success,universal,384,4096,4096,f16:column,f16:column,f16:column,f16:column,1,0,serial,1,1,heuristic,invalid,invalid,false,false,1,tensorop,f32,128,128,64,1,2,1,0,0,0,7,4,1,1,64,128,16,90,90,39845888,12888047616,323,0.031305,1185.42,411693
3,CUTLASS,gemm,cutlass3x_sm90_tensorop_s64x128x16gemm_f16_f16_f32_f16_f16_128x128x64_1x2x1_0_nnn_align8_warpspecialized_pingpong_epi_tma,passed,success,universal,384,4096,4096,f16:column,f16:column,f16:column,f16:column,1,0,serial,1,1,heuristic,invalid,invalid,false,false,1,tensorop,f32,128,128,64,1,2,1,0,0,0,6,4,1,1,64,128,16,90,90,39845888,12888047616,323,0.0293421,1264.72,439234
3,CUTLASS,gemm,cutlass3x_sm90_tensorop_s64x128x16gemm_f16_f16_f32_f16_f16_128x128x64_1x2x1_0_nnn_align8_warpspecialized_pingpong_epi_nosmem,passed,success,universal,384,4096,4096,f16:column,f16:column,f16:column,f16:column,1,0,serial,1,1,heuristic,invalid,invalid,false,false,1,tensorop,f32,128,128,64,1,2,1,0,0,0,7,4,1,1,64,128,16,90,90,39845888,12888047616,323,0.0320064,1159.44,402671
3,CUTLASS,gemm,cutlass3x_sm90_tensorop_s64x128x16gemm_f16_f16_f32_f16_f16_128x128x64_1x2x1_0_nnn_align8_warpspecialized_cooperative_epi_nosmem,passed,success,universal,384,4096,4096,f16:column,f16:column,f16:column,f16:column,1,0,serial,1,1,heuristic,invalid,invalid,false,false,1,tensorop,f32,128,128,64,1,2,1,0,0,0,7,4,2,1,64,128,16,90,90,39845888,12888047616,323,0.0316922,1170.93,406664
3,CUTLASS,gemm,cutlass3x_sm90_tensorop_s64x128x16gemm_f16_f16_f32_f16_f16_128x128x64_1x2x1_0_nnn_align8_warpspecialized_cooperative_epi_tma,passed,success,universal,384,4096,4096,f16:column,f16:column,f16:column,f16:column,1,0,serial,1,1,heuristic,invalid,invalid,false,false,1,tensorop,f32,128,128,64,1,2,1,0,0,0,6,4,2,1,64,128,16,90,90,39845888,12888047616,323,0.0284189,1305.8,453503
3,CUTLASS,gemm,cutlass3x_sm90_tensorop_s64x128x16gemm_f16_f16_f32_f16_f16_128x128x64_1x2x1_0_nnn_align8_stream_k_warpspecialized_cooperative_epi_nosmem,passed,success,universal,384,4096,4096,f16:column,f16:column,f16:column,f16:column,1,0,serial,1,1,heuristic,invalid,invalid,false,false,1,tensorop,f32,128,128,64,1,2,1,0,0,0,7,4,2,1,64,128,16,90,90,39845888,12888047616,323,0.0330432,1123.06,390036
3,CUTLASS,gemm,cutlass3x_sm90_tensorop_s64x128x16gemm_f16_f16_f32_f16_f16_128x128x64_1x2x1_0_nnn_align8_stream_k_warpspecialized_cooperative_epi_tma,passed,success,universal,384,4096,4096,f16:column,f16:column,f16:column,f16:column,1,0,serial,1,1,heuristic,invalid,invalid,false,false,1,tensorop,f32,128,128,64,1,2,1,0,0,0,6,4,2,1,64,128,16,90,90,39845888,12888047616,323,0.0279555,1327.44,461020
3,CUTLASS,gemm,cutlass3x_sm90_tensorop_s64x128x16gemm_f16_f16_f32_f16_f16_128x128x64_2x1x1_0_nnn_align8,passed,success,universal,384,4096,4096,f16:column,f16:column,f16:column,f16:column,1,0,serial,1,1,heuristic,invalid,invalid,false,false,1,tensorop,f32,128,128,64,2,1,1,0,0,0,7,4,2,1,64,128,16,90,90,39845888,12888047616,323,0.0386502,960.133,333453
3,CUTLASS,gemm,cutlass3x_sm90_tensorop_s64x128x16gemm_f16_f16_f32_f16_f16_128x128x64_2x1x1_0_nnn_align8_warpspecialized_epi_nosmem,passed,success,universal,384,4096,4096,f16:column,f16:column,f16:column,f16:column,1,0,serial,1,1,heuristic,invalid,invalid,false,false,1,tensorop,f32,128,128,64,2,1,1,0,0,0,7,4,1,1,64,128,16,90,90,39845888,12888047616,323,0.0377734,982.42,341193
3,CUTLASS,gemm,cutlass3x_sm90_tensorop_s64x128x16gemm_f16_f16_f32_f16_f16_128x128x64_2x1x1_0_nnn_align8_warpspecialized_pingpong_epi_tma,passed,success,universal,384,4096,4096,f16:column,f16:column,f16:column,f16:column,1,0,serial,1,1,heuristic,invalid,invalid,false,false,1,tensorop,f32,128,128,64,2,1,1,0,0,0,6,4,1,1,64,128,16,90,90,39845888,12888047616,323,0.0387894,956.688,332257
3,CUTLASS,gemm,cutlass3x_sm90_tensorop_s64x128x16gemm_f16_f16_f32_f16_f16_128x128x64_2x1x1_0_nnn_align8_warpspecialized_pingpong_epi_nosmem,passed,success,universal,384,4096,4096,f16:column,f16:column,f16:column,f16:column,1,0,serial,1,1,heuristic,invalid,invalid,false,false,1,tensorop,f32,128,128,64,2,1,1,0,0,0,7,4,1,1,64,128,16,90,90,39845888,12888047616,323,0.0385456,962.74,334358
3,CUTLASS,gemm,cutlass3x_sm90_tensorop_s64x128x16gemm_f16_f16_f32_f16_f16_128x128x64_2x1x1_0_nnn_align8_warpspecialized_cooperative_epi_nosmem,passed,success,universal,384,4096,4096,f16:column,f16:column,f16:column,f16:column,1,0,serial,1,1,heuristic,invalid,invalid,false,false,1,tensorop,f32,128,128,64,2,1,1,0,0,0,7,4,2,1,64,128,16,90,90,39845888,12888047616,323,0.0390714,949.785,329859
3,CUTLASS,gemm,cutlass3x_sm90_tensorop_s64x128x16gemm_f16_f16_f32_f16_f16_128x128x64_2x1x1_0_nnn_align8_warpspecialized_cooperative_epi_tma,passed,success,universal,384,4096,4096,f16:column,f16:column,f16:column,f16:column,1,0,serial,1,1,heuristic,invalid,invalid,false,false,1,tensorop,f32,128,128,64,2,1,1,0,0,0,6,4,2,1,64,128,16,90,90,39845888,12888047616,323,0.0370957,1000.37,347427
3,CUTLASS,gemm,cutlass3x_sm90_tensorop_s64x128x16gemm_f16_f16_f32_f16_f16_128x128x64_2x1x1_0_nnn_align8_stream_k_warpspecialized_cooperative_epi_nosmem,passed,success,universal,384,4096,4096,f16:column,f16:column,f16:column,f16:column,1,0,serial,1,1,heuristic,invalid,invalid,false,false,1,tensorop,f32,128,128,64,2,1,1,0,0,0,7,4,2,1,64,128,16,90,90,39845888,12888047616,323,0.0391878,946.962,328879
3,CUTLASS,gemm,cutlass3x_sm90_tensorop_s64x128x16gemm_f16_f16_f32_f16_f16_128x128x64_2x1x1_0_nnn_align8_stream_k_warpspecialized_cooperative_epi_tma,passed,success,universal,384,4096,4096,f16:column,f16:column,f16:column,f16:column,1,0,serial,1,1,heuristic,invalid,invalid,false,false,1,tensorop,f32,128,128,64,2,1,1,0,0,0,6,4,2,1,64,128,16,90,90,39845888,12888047616,323,0.0382995,968.925,336507
4,CUTLASS,gemm,cutlass_tensorop_f16_s1688gemm_f16_256x128_32x2_nn_align8,passed,success,universal,512,4096,4096,f16:column,f16:column,f16:column,f16:column,1,0,serial,1,1,heuristic,invalid,invalid,false,false,1,tensorop,f32,256,128,32,1,1,1,0,0,0,2,4,2,1,16,8,8,75,1024,41943040,17184063488,409,0.165129,236.558,104065
4,CUTLASS,gemm,cutlass_tensorop_f16_s16816gemm_f16_256x128_32x3_nn_align8,passed,success,universal,512,4096,4096,f16:column,f16:column,f16:column,f16:column,1,0,serial,1,1,heuristic,invalid,invalid,false,false,1,tensorop,f32,256,128,32,1,1,1,0,0,0,3,4,2,1,16,8,16,80,1024,41943040,17184063488,409,0.0763328,511.739,225120
4,CUTLASS,gemm,cutlass3x_sm90_tensorop_s64x128x16gemm_f16_f16_f32_f16_f16_128x128x64_1x2x1_0_nnn_align8,passed,success,universal,512,4096,4096,f16:column,f16:column,f16:column,f16:column,1,0,serial,1,1,heuristic,invalid,invalid,false,false,1,tensorop,f32,128,128,64,1,2,1,0,0,0,7,4,2,1,64,128,16,90,90,41943040,17184063488,409,0.0334371,1168.24,513922
4,CUTLASS,gemm,cutlass3x_sm90_tensorop_s64x128x16gemm_f16_f16_f32_f16_f16_128x128x64_1x2x1_0_nnn_align8_warpspecialized_epi_nosmem,passed,success,universal,512,4096,4096,f16:column,f16:column,f16:column,f16:column,1,0,serial,1,1,heuristic,invalid,invalid,false,false,1,tensorop,f32,128,128,64,1,2,1,0,0,0,7,4,1,1,64,128,16,90,90,41943040,17184063488,409,0.0327597,1192.4,524549
4,CUTLASS,gemm,cutlass3x_sm90_tensorop_s64x128x16gemm_f16_f16_f32_f16_f16_128x128x64_1x2x1_0_nnn_align8_warpspecialized_pingpong_epi_tma,passed,success,universal,512,4096,4096,f16:column,f16:column,f16:column,f16:column,1,0,serial,1,1,heuristic,invalid,invalid,false,false,1,tensorop,f32,128,128,64,1,2,1,0,0,0,6,4,1,1,64,128,16,90,90,41943040,17184063488,409,0.0331498,1178.36,518377
4,CUTLASS,gemm,cutlass3x_sm90_tensorop_s64x128x16gemm_f16_f16_f32_f16_f16_128x128x64_1x2x1_0_nnn_align8_warpspecialized_pingpong_epi_nosmem,passed,success,universal,512,4096,4096,f16:column,f16:column,f16:column,f16:column,1,0,serial,1,1,heuristic,invalid,invalid,false,false,1,tensorop,f32,128,128,64,1,2,1,0,0,0,7,4,1,1,64,128,16,90,90,41943040,17184063488,409,0.0332512,1174.77,516795
4,CUTLASS,gemm,cutlass3x_sm90_tensorop_s64x128x16gemm_f16_f16_f32_f16_f16_128x128x64_1x2x1_0_nnn_align8_warpspecialized_cooperative_epi_nosmem,passed,success,universal,512,4096,4096,f16:column,f16:column,f16:column,f16:column,1,0,serial,1,1,heuristic,invalid,invalid,false,false,1,tensorop,f32,128,128,64,1,2,1,0,0,0,7,4,2,1,64,128,16,90,90,41943040,17184063488,409,0.0335126,1165.6,512764
4,CUTLASS,gemm,cutlass3x_sm90_tensorop_s64x128x16gemm_f16_f16_f32_f16_f16_128x128x64_1x2x1_0_nnn_align8_warpspecialized_cooperative_epi_tma,passed,success,universal,512,4096,4096,f16:column,f16:column,f16:column,f16:column,1,0,serial,1,1,heuristic,invalid,invalid,false,false,1,tensorop,f32,128,128,64,1,2,1,0,0,0,6,4,2,1,64,128,16,90,90,41943040,17184063488,409,0.032265,1210.68,532592
4,CUTLASS,gemm,cutlass3x_sm90_tensorop_s64x128x16gemm_f16_f16_f32_f16_f16_128x128x64_1x2x1_0_nnn_align8_stream_k_warpspecialized_cooperative_epi_nosmem,passed,success,universal,512,4096,4096,f16:column,f16:column,f16:column,f16:column,1,0,serial,1,1,heuristic,invalid,invalid,false,false,1,tensorop,f32,128,128,64,1,2,1,0,0,0,7,4,2,1,64,128,16,90,90,41943040,17184063488,409,0.0342566,1140.29,501627
4,CUTLASS,gemm,cutlass3x_sm90_tensorop_s64x128x16gemm_f16_f16_f32_f16_f16_128x128x64_1x2x1_0_nnn_align8_stream_k_warpspecialized_cooperative_epi_tma,passed,success,universal,512,4096,4096,f16:column,f16:column,f16:column,f16:column,1,0,serial,1,1,heuristic,invalid,invalid,false,false,1,tensorop,f32,128,128,64,1,2,1,0,0,0,6,4,2,1,64,128,16,90,90,41943040,17184063488,409,0.033449,1167.82,513740
4,CUTLASS,gemm,cutlass3x_sm90_tensorop_s64x128x16gemm_f16_f16_f32_f16_f16_128x128x64_2x1x1_0_nnn_align8,passed,success,universal,512,4096,4096,f16:column,f16:column,f16:column,f16:column,1,0,serial,1,1,heuristic,invalid,invalid,false,false,1,tensorop,f32,128,128,64,2,1,1,0,0,0,7,4,2,1,64,128,16,90,90,41943040,17184063488,409,0.0282387,1383.3,608528
4,CUTLASS,gemm,cutlass3x_sm90_tensorop_s64x128x16gemm_f16_f16_f32_f16_f16_128x128x64_2x1x1_0_nnn_align8_warpspecialized_epi_nosmem,passed,success,universal,512,4096,4096,f16:column,f16:column,f16:column,f16:column,1,0,serial,1,1,heuristic,invalid,invalid,false,false,1,tensorop,f32,128,128,64,2,1,1,0,0,0,7,4,1,1,64,128,16,90,90,41943040,17184063488,409,0.0275341,1418.7,624102
4,CUTLASS,gemm,cutlass3x_sm90_tensorop_s64x128x16gemm_f16_f16_f32_f16_f16_128x128x64_2x1x1_0_nnn_align8_warpspecialized_pingpong_epi_tma,passed,success,universal,512,4096,4096,f16:column,f16:column,f16:column,f16:column,1,0,serial,1,1,heuristic,invalid,invalid,false,false,1,tensorop,f32,128,128,64,2,1,1,0,0,0,6,4,1,1,64,128,16,90,90,41943040,17184063488,409,0.0282291,1383.77,608735
4,CUTLASS,gemm,cutlass3x_sm90_tensorop_s64x128x16gemm_f16_f16_f32_f16_f16_128x128x64_2x1x1_0_nnn_align8_warpspecialized_pingpong_epi_nosmem,passed,success,universal,512,4096,4096,f16:column,f16:column,f16:column,f16:column,1,0,serial,1,1,heuristic,invalid,invalid,false,false,1,tensorop,f32,128,128,64,2,1,1,0,0,0,7,4,1,1,64,128,16,90,90,41943040,17184063488,409,0.0275408,1418.35,623949
4,CUTLASS,gemm,cutlass3x_sm90_tensorop_s64x128x16gemm_f16_f16_f32_f16_f16_128x128x64_2x1x1_0_nnn_align8_warpspecialized_cooperative_epi_nosmem,passed,success,universal,512,4096,4096,f16:column,f16:column,f16:column,f16:column,1,0,serial,1,1,heuristic,invalid,invalid,false,false,1,tensorop,f32,128,128,64,2,1,1,0,0,0,7,4,2,1,64,128,16,90,90,41943040,17184063488,409,0.0283142,1379.61,606905
4,CUTLASS,gemm,cutlass3x_sm90_tensorop_s64x128x16gemm_f16_f16_f32_f16_f16_128x128x64_2x1x1_0_nnn_align8_warpspecialized_cooperative_epi_tma,passed,success,universal,512,4096,4096,f16:column,f16:column,f16:column,f16:column,1,0,serial,1,1,heuristic,invalid,invalid,false,false,1,tensorop,f32,128,128,64,2,1,1,0,0,0,6,4,2,1,64,128,16,90,90,41943040,17184063488,409,0.0274285,1424.16,626504
4,CUTLASS,gemm,cutlass3x_sm90_tensorop_s64x128x16gemm_f16_f16_f32_f16_f16_128x128x64_2x1x1_0_nnn_align8_stream_k_warpspecialized_cooperative_epi_nosmem,passed,success,universal,512,4096,4096,f16:column,f16:column,f16:column,f16:column,1,0,serial,1,1,heuristic,invalid,invalid,false,false,1,tensorop,f32,128,128,64,2,1,1,0,0,0,7,4,2,1,64,128,16,90,90,41943040,17184063488,409,0.0289683,1348.46,593202
4,CUTLASS,gemm,cutlass3x_sm90_tensorop_s64x128x16gemm_f16_f16_f32_f16_f16_128x128x64_2x1x1_0_nnn_align8_stream_k_warpspecialized_cooperative_epi_tma,passed,success,universal,512,4096,4096,f16:column,f16:column,f16:column,f16:column,1,0,serial,1,1,heuristic,invalid,invalid,false,false,1,tensorop,f32,128,128,64,2,1,1,0,0,0,6,4,2,1,64,128,16,90,90,41943040,17184063488,409,0.0282368,1383.39,608570
5,CUTLASS,gemm,cutlass_tensorop_f16_s1688gemm_f16_256x128_32x2_nn_align8,passed,success,universal,640,4096,4096,f16:column,f16:column,f16:column,f16:column,1,0,serial,1,1,heuristic,invalid,invalid,false,false,1,tensorop,f32,256,128,32,1,1,1,0,0,0,2,4,2,1,16,8,8,75,1024,44040192,21480079360,487,0.16624,246.725,129211
5,CUTLASS,gemm,cutlass_tensorop_f16_s16816gemm_f16_256x128_32x3_nn_align8,passed,success,universal,640,4096,4096,f16:column,f16:column,f16:column,f16:column,1,0,serial,1,1,heuristic,invalid,invalid,false,false,1,tensorop,f32,256,128,32,1,1,1,0,0,0,3,4,2,1,16,8,16,80,1024,44040192,21480079360,487,0.0768707,533.566,279431
5,CUTLASS,gemm,cutlass3x_sm90_tensorop_s64x128x16gemm_f16_f16_f32_f16_f16_128x128x64_1x2x1_0_nnn_align8,passed,success,universal,640,4096,4096,f16:column,f16:column,f16:column,f16:column,1,0,serial,1,1,heuristic,invalid,invalid,false,false,1,tensorop,f32,128,128,64,1,2,1,0,0,0,7,4,2,1,64,128,16,90,90,44040192,21480079360,487,0.0570554,718.874,376478
5,CUTLASS,gemm,cutlass3x_sm90_tensorop_s64x128x16gemm_f16_f16_f32_f16_f16_128x128x64_1x2x1_0_nnn_align8_warpspecialized_epi_nosmem,passed,success,universal,640,4096,4096,f16:column,f16:column,f16:column,f16:column,1,0,serial,1,1,heuristic,invalid,invalid,false,false,1,tensorop,f32,128,128,64,1,2,1,0,0,0,7,4,1,1,64,128,16,90,90,44040192,21480079360,487,0.0555075,738.92,386976
5,CUTLASS,gemm,cutlass3x_sm90_tensorop_s64x128x16gemm_f16_f16_f32_f16_f16_128x128x64_1x2x1_0_nnn_align8_warpspecialized_pingpong_epi_tma,passed,success,universal,640,4096,4096,f16:column,f16:column,f16:column,f16:column,1,0,serial,1,1,heuristic,invalid,invalid,false,false,1,tensorop,f32,128,128,64,1,2,1,0,0,0,6,4,1,1,64,128,16,90,90,44040192,21480079360,487,0.0533507,768.792,402620
5,CUTLASS,gemm,cutlass3x_sm90_tensorop_s64x128x16gemm_f16_f16_f32_f16_f16_128x128x64_1x2x1_0_nnn_align8_warpspecialized_pingpong_epi_nosmem,passed,success,universal,640,4096,4096,f16:column,f16:column,f16:column,f16:column,1,0,serial,1,1,heuristic,invalid,invalid,false,false,1,tensorop,f32,128,128,64,1,2,1,0,0,0,7,4,1,1,64,128,16,90,90,44040192,21480079360,487,0.0550637,744.876,390095
5,CUTLASS,gemm,cutlass3x_sm90_tensorop_s64x128x16gemm_f16_f16_f32_f16_f16_128x128x64_1x2x1_0_nnn_align8_warpspecialized_cooperative_epi_nosmem,passed,success,universal,640,4096,4096,f16:column,f16:column,f16:column,f16:column,1,0,serial,1,1,heuristic,invalid,invalid,false,false,1,tensorop,f32,128,128,64,1,2,1,0,0,0,7,4,2,1,64,128,16,90,90,44040192,21480079360,487,0.0570538,718.894,376488
5,CUTLASS,gemm,cutlass3x_sm90_tensorop_s64x128x16gemm_f16_f16_f32_f16_f16_128x128x64_1x2x1_0_nnn_align8_warpspecialized_cooperative_epi_tma,passed,success,universal,640,4096,4096,f16:column,f16:column,f16:column,f16:column,1,0,serial,1,1,heuristic,invalid,invalid,false,false,1,tensorop,f32,128,128,64,1,2,1,0,0,0,6,4,2,1,64,128,16,90,90,44040192,21480079360,487,0.0536944,763.872,400043
5,CUTLASS,gemm,cutlass3x_sm90_tensorop_s64x128x16gemm_f16_f16_f32_f16_f16_128x128x64_1x2x1_0_nnn_align8_stream_k_warpspecialized_cooperative_epi_nosmem,passed,success,universal,640,4096,4096,f16:column,f16:column,f16:column,f16:column,1,0,serial,1,1,heuristic,invalid,invalid,false,false,1,tensorop,f32,128,128,64,1,2,1,0,0,0,7,4,2,1,64,128,16,90,90,44040192,21480079360,487,0.0454742,901.953,472357
5,CUTLASS,gemm,cutlass3x_sm90_tensorop_s64x128x16gemm_f16_f16_f32_f16_f16_128x128x64_1x2x1_0_nnn_align8_stream_k_warpspecialized_cooperative_epi_tma,passed,success,universal,640,4096,4096,f16:column,f16:column,f16:column,f16:column,1,0,serial,1,1,heuristic,invalid,invalid,false,false,1,tensorop,f32,128,128,64,1,2,1,0,0,0,6,4,2,1,64,128,16,90,90,44040192,21480079360,487,0.0442278,927.371,485669
5,CUTLASS,gemm,cutlass3x_sm90_tensorop_s64x128x16gemm_f16_f16_f32_f16_f16_128x128x64_2x1x1_0_nnn_align8,passed,success,universal,640,4096,4096,f16:column,f16:column,f16:column,f16:column,1,0,serial,1,1,heuristic,invalid,invalid,false,false,1,tensorop,f32,128,128,64,2,1,1,0,0,0,7,4,2,1,64,128,16,90,90,44040192,21480079360,487,0.0623315,658.024,344610
5,CUTLASS,gemm,cutlass3x_sm90_tensorop_s64x128x16gemm_f16_f16_f32_f16_f16_128x128x64_2x1x1_0_nnn_align8_warpspecialized_epi_nosmem,passed,success,universal,640,4096,4096,f16:column,f16:column,f16:column,f16:column,1,0,serial,1,1,heuristic,invalid,invalid,false,false,1,tensorop,f32,128,128,64,2,1,1,0,0,0,7,4,1,1,64,128,16,90,90,44040192,21480079360,487,0.0548973,747.134,391278
5,CUTLASS,gemm,cutlass3x_sm90_tensorop_s64x128x16gemm_f16_f16_f32_f16_f16_128x128x64_2x1x1_0_nnn_align8_warpspecialized_pingpong_epi_tma,passed,success,universal,640,4096,4096,f16:column,f16:column,f16:column,f16:column,1,0,serial,1,1,heuristic,invalid,invalid,false,false,1,tensorop,f32,128,128,64,2,1,1,0,0,0,6,4,1,1,64,128,16,90,90,44040192,21480079360,487,0.0634288,646.64,338649
5,CUTLASS,gemm,cutlass3x_sm90_tensorop_s64x128x16gemm_f16_f16_f32_f16_f16_128x128x64_2x1x1_0_nnn_align8_warpspecialized_pingpong_epi_nosmem,passed,success,universal,640,4096,4096,f16:column,f16:column,f16:column,f16:column,1,0,serial,1,1,heuristic,invalid,invalid,false,false,1,tensorop,f32,128,128,64,2,1,1,0,0,0,7,4,1,1,64,128,16,90,90,44040192,21480079360,487,0.0670573,611.651,320324
5,CUTLASS,gemm,cutlass3x_sm90_tensorop_s64x128x16gemm_f16_f16_f32_f16_f16_128x128x64_2x1x1_0_nnn_align8_warpspecialized_cooperative_epi_nosmem,passed,success,universal,640,4096,4096,f16:column,f16:column,f16:column,f16:column,1,0,serial,1,1,heuristic,invalid,invalid,false,false,1,tensorop,f32,128,128,64,2,1,1,0,0,0,7,4,2,1,64,128,16,90,90,44040192,21480079360,487,0.0621222,660.241,345771
5,CUTLASS,gemm,cutlass3x_sm90_tensorop_s64x128x16gemm_f16_f16_f32_f16_f16_128x128x64_2x1x1_0_nnn_align8_warpspecialized_cooperative_epi_tma,passed,success,universal,640,4096,4096,f16:column,f16:column,f16:column,f16:column,1,0,serial,1,1,heuristic,invalid,invalid,false,false,1,tensorop,f32,128,128,64,2,1,1,0,0,0,6,4,2,1,64,128,16,90,90,44040192,21480079360,487,0.0614352,667.624,349638
5,CUTLASS,gemm,cutlass3x_sm90_tensorop_s64x128x16gemm_f16_f16_f32_f16_f16_128x128x64_2x1x1_0_nnn_align8_stream_k_warpspecialized_cooperative_epi_nosmem,passed,success,universal,640,4096,4096,f16:column,f16:column,f16:column,f16:column,1,0,serial,1,1,heuristic,invalid,invalid,false,false,1,tensorop,f32,128,128,64,2,1,1,0,0,0,7,4,2,1,64,128,16,90,90,44040192,21480079360,487,0.0620314,661.208,346278
5,CUTLASS,gemm,cutlass3x_sm90_tensorop_s64x128x16gemm_f16_f16_f32_f16_f16_128x128x64_2x1x1_0_nnn_align8_stream_k_warpspecialized_cooperative_epi_tma,passed,success,universal,640,4096,4096,f16:column,f16:column,f16:column,f16:column,1,0,serial,1,1,heuristic,invalid,invalid,false,false,1,tensorop,f32,128,128,64,2,1,1,0,0,0,6,4,2,1,64,128,16,90,90,44040192,21480079360,487,0.0613027,669.067,350394
6,CUTLASS,gemm,cutlass_tensorop_f16_s1688gemm_f16_256x128_32x2_nn_align8,passed,success,universal,768,4096,4096,f16:column,f16:column,f16:column,f16:column,1,0,serial,1,1,heuristic,invalid,invalid,false,false,1,tensorop,f32,256,128,32,1,1,1,0,0,0,2,4,2,1,16,8,8,75,1024,46137344,25776095232,558,0.165579,259.507,155673
6,CUTLASS,gemm,cutlass_tensorop_f16_s16816gemm_f16_256x128_32x3_nn_align8,passed,success,universal,768,4096,4096,f16:column,f16:column,f16:column,f16:column,1,0,serial,1,1,heuristic,invalid,invalid,false,false,1,tensorop,f32,256,128,32,1,1,1,0,0,0,3,4,2,1,16,8,16,80,1024,46137344,25776095232,558,0.078143,549.873,329858
6,CUTLASS,gemm,cutlass3x_sm90_tensorop_s64x128x16gemm_f16_f16_f32_f16_f16_128x128x64_1x2x1_0_nnn_align8,passed,success,universal,768,4096,4096,f16:column,f16:column,f16:column,f16:column,1,0,serial,1,1,heuristic,invalid,invalid,false,false,1,tensorop,f32,128,128,64,1,2,1,0,0,0,7,4,2,1,64,128,16,90,90,46137344,25776095232,558,0.0582227,738.007,442715
6,CUTLASS,gemm,cutlass3x_sm90_tensorop_s64x128x16gemm_f16_f16_f32_f16_f16_128x128x64_1x2x1_0_nnn_align8_warpspecialized_epi_nosmem,passed,success,universal,768,4096,4096,f16:column,f16:column,f16:column,f16:column,1,0,serial,1,1,heuristic,invalid,invalid,false,false,1,tensorop,f32,128,128,64,1,2,1,0,0,0,7,4,1,1,64,128,16,90,90,46137344,25776095232,558,0.0568291,756.104,453572
6,CUTLASS,gemm,cutlass3x_sm90_tensorop_s64x128x16gemm_f16_f16_f32_f16_f16_128x128x64_1x2x1_0_nnn_align8_warpspecialized_pingpong_epi_tma,passed,success,universal,768,4096,4096,f16:column,f16:column,f16:column,f16:column,1,0,serial,1,1,heuristic,invalid,invalid,false,false,1,tensorop,f32,128,128,64,1,2,1,0,0,0,6,4,1,1,64,128,16,90,90,46137344,25776095232,558,0.0536928,800.27,480066
6,CUTLASS,gemm,cutlass3x_sm90_tensorop_s64x128x16gemm_f16_f16_f32_f16_f16_128x128x64_1x2x1_0_nnn_align8_warpspecialized_pingpong_epi_nosmem,passed,success,universal,768,4096,4096,f16:column,f16:column,f16:column,f16:column,1,0,serial,1,1,heuristic,invalid,invalid,false,false,1,tensorop,f32,128,128,64,1,2,1,0,0,0,7,4,1,1,64,128,16,90,90,46137344,25776095232,558,0.0549968,781.295,468684
6,CUTLASS,gemm,cutlass3x_sm90_tensorop_s64x128x16gemm_f16_f16_f32_f16_f16_128x128x64_1x2x1_0_nnn_align8_warpspecialized_cooperative_epi_nosmem,passed,success,universal,768,4096,4096,f16:column,f16:column,f16:column,f16:column,1,0,serial,1,1,heuristic,invalid,invalid,false,false,1,tensorop,f32,128,128,64,1,2,1,0,0,0,7,4,2,1,64,128,16,90,90,46137344,25776095232,558,0.0581117,739.417,443561
6,CUTLASS,gemm,cutlass3x_sm90_tensorop_s64x128x16gemm_f16_f16_f32_f16_f16_128x128x64_1x2x1_0_nnn_align8_warpspecialized_cooperative_epi_tma,passed,success,universal,768,4096,4096,f16:column,f16:column,f16:column,f16:column,1,0,serial,1,1,heuristic,invalid,invalid,false,false,1,tensorop,f32,128,128,64,1,2,1,0,0,0,6,4,2,1,64,128,16,90,90,46137344,25776095232,558,0.0536765,800.514,480212
6,CUTLASS,gemm,cutlass3x_sm90_tensorop_s64x128x16gemm_f16_f16_f32_f16_f16_128x128x64_1x2x1_0_nnn_align8_stream_k_warpspecialized_cooperative_epi_nosmem,passed,success,universal,768,4096,4096,f16:column,f16:column,f16:column,f16:column,1,0,serial,1,1,heuristic,invalid,invalid,false,false,1,tensorop,f32,128,128,64,1,2,1,0,0,0,7,4,2,1,64,128,16,90,90,46137344,25776095232,558,0.0533334,805.662,483301
6,CUTLASS,gemm,cutlass3x_sm90_tensorop_s64x128x16gemm_f16_f16_f32_f16_f16_128x128x64_1x2x1_0_nnn_align8_stream_k_warpspecialized_cooperative_epi_tma,passed,success,universal,768,4096,4096,f16:column,f16:column,f16:column,f16:column,1,0,serial,1,1,heuristic,invalid,invalid,false,false,1,tensorop,f32,128,128,64,1,2,1,0,0,0,6,4,2,1,64,128,16,90,90,46137344,25776095232,558,0.0518422,828.837,497203
6,CUTLASS,gemm,cutlass3x_sm90_tensorop_s64x128x16gemm_f16_f16_f32_f16_f16_128x128x64_2x1x1_0_nnn_align8,passed,success,universal,768,4096,4096,f16:column,f16:column,f16:column,f16:column,1,0,serial,1,1,heuristic,invalid,invalid,false,false,1,tensorop,f32,128,128,64,2,1,1,0,0,0,7,4,2,1,64,128,16,90,90,46137344,25776095232,558,0.0502787,854.611,512664
6,CUTLASS,gemm,cutlass3x_sm90_tensorop_s64x128x16gemm_f16_f16_f32_f16_f16_128x128x64_2x1x1_0_nnn_align8_warpspecialized_epi_nosmem,passed,success,universal,768,4096,4096,f16:column,f16:column,f16:column,f16:column,1,0,serial,1,1,heuristic,invalid,invalid,false,false,1,tensorop,f32,128,128,64,2,1,1,0,0,0,7,4,1,1,64,128,16,90,90,46137344,25776095232,558,0.0506499,848.348,508907
6,CUTLASS,gemm,cutlass3x_sm90_tensorop_s64x128x16gemm_f16_f16_f32_f16_f16_128x128x64_2x1x1_0_nnn_align8_warpspecialized_pingpong_epi_tma,passed,success,universal,768,4096,4096,f16:column,f16:column,f16:column,f16:column,1,0,serial,1,1,heuristic,invalid,invalid,false,false,1,tensorop,f32,128,128,64,2,1,1,0,0,0,6,4,1,1,64,128,16,90,90,46137344,25776095232,558,0.0463994,926.063,555527
6,CUTLASS,gemm,cutlass3x_sm90_tensorop_s64x128x16gemm_f16_f16_f32_f16_f16_128x128x64_2x1x1_0_nnn_align8_warpspecialized_pingpong_epi_nosmem,passed,success,universal,768,4096,4096,f16:column,f16:column,f16:column,f16:column,1,0,serial,1,1,heuristic,invalid,invalid,false,false,1,tensorop,f32,128,128,64,2,1,1,0,0,0,7,4,1,1,64,128,16,90,90,46137344,25776095232,558,0.0475066,904.48,542580
6,CUTLASS,gemm,cutlass3x_sm90_tensorop_s64x128x16gemm_f16_f16_f32_f16_f16_128x128x64_2x1x1_0_nnn_align8_warpspecialized_cooperative_epi_nosmem,passed,success,universal,768,4096,4096,f16:column,f16:column,f16:column,f16:column,1,0,serial,1,1,heuristic,invalid,invalid,false,false,1,tensorop,f32,128,128,64,2,1,1,0,0,0,7,4,2,1,64,128,16,90,90,46137344,25776095232,558,0.0502205,855.602,513259
6,CUTLASS,gemm,cutlass3x_sm90_tensorop_s64x128x16gemm_f16_f16_f32_f16_f16_128x128x64_2x1x1_0_nnn_align8_warpspecialized_cooperative_epi_tma,passed,success,universal,768,4096,4096,f16:column,f16:column,f16:column,f16:column,1,0,serial,1,1,heuristic,invalid,invalid,false,false,1,tensorop,f32,128,128,64,2,1,1,0,0,0,6,4,2,1,64,128,16,90,90,46137344,25776095232,558,0.0465907,922.26,553245
6,CUTLASS,gemm,cutlass3x_sm90_tensorop_s64x128x16gemm_f16_f16_f32_f16_f16_128x128x64_2x1x1_0_nnn_align8_stream_k_warpspecialized_cooperative_epi_nosmem,passed,success,universal,768,4096,4096,f16:column,f16:column,f16:column,f16:column,1,0,serial,1,1,heuristic,invalid,invalid,false,false,1,tensorop,f32,128,128,64,2,1,1,0,0,0,7,4,2,1,64,128,16,90,90,46137344,25776095232,558,0.0484746,886.419,531745
6,CUTLASS,gemm,cutlass3x_sm90_tensorop_s64x128x16gemm_f16_f16_f32_f16_f16_128x128x64_2x1x1_0_nnn_align8_stream_k_warpspecialized_cooperative_epi_tma,passed,success,universal,768,4096,4096,f16:column,f16:column,f16:column,f16:column,1,0,serial,1,1,heuristic,invalid,invalid,false,false,1,tensorop,f32,128,128,64,2,1,1,0,0,0,6,4,2,1,64,128,16,90,90,46137344,25776095232,558,0.0470195,913.849,548200
7,CUTLASS,gemm,cutlass_tensorop_f16_s1688gemm_f16_256x128_32x2_nn_align8,passed,success,universal,896,4096,4096,f16:column,f16:column,f16:column,f16:column,1,0,serial,1,1,heuristic,invalid,invalid,false,false,1,tensorop,f32,256,128,32,1,1,1,0,0,0,2,4,2,1,16,8,8,75,1024,48234496,30072111104,623,0.164774,272.627,182505
7,CUTLASS,gemm,cutlass_tensorop_f16_s16816gemm_f16_256x128_32x3_nn_align8,passed,success,universal,896,4096,4096,f16:column,f16:column,f16:column,f16:column,1,0,serial,1,1,heuristic,invalid,invalid,false,false,1,tensorop,f32,256,128,32,1,1,1,0,0,0,3,4,2,1,16,8,16,80,1024,48234496,30072111104,623,0.0777824,577.533,386618
7,CUTLASS,gemm,cutlass3x_sm90_tensorop_s64x128x16gemm_f16_f16_f32_f16_f16_128x128x64_1x2x1_0_nnn_align8,passed,success,universal,896,4096,4096,f16:column,f16:column,f16:column,f16:column,1,0,serial,1,1,heuristic,invalid,invalid,false,false,1,tensorop,f32,128,128,64,1,2,1,0,0,0,7,4,2,1,64,128,16,90,90,48234496,30072111104,623,0.0592483,758.197,507561
7,CUTLASS,gemm,cutlass3x_sm90_tensorop_s64x128x16gemm_f16_f16_f32_f16_f16_128x128x64_1x2x1_0_nnn_align8_warpspecialized_epi_nosmem,passed,success,universal,896,4096,4096,f16:column,f16:column,f16:column,f16:column,1,0,serial,1,1,heuristic,invalid,invalid,false,false,1,tensorop,f32,128,128,64,1,2,1,0,0,0,7,4,1,1,64,128,16,90,90,48234496,30072111104,623,0.0595286,754.626,505170
7,CUTLASS,gemm,cutlass3x_sm90_tensorop_s64x128x16gemm_f16_f16_f32_f16_f16_128x128x64_1x2x1_0_nnn_align8_warpspecialized_pingpong_epi_tma,passed,success,universal,896,4096,4096,f16:column,f16:column,f16:column,f16:column,1,0,serial,1,1,heuristic,invalid,invalid,false,false,1,tensorop,f32,128,128,64,1,2,1,0,0,0,6,4,1,1,64,128,16,90,90,48234496,30072111104,623,0.0552131,813.609,544655
7,CUTLASS,gemm,cutlass3x_sm90_tensorop_s64x128x16gemm_f16_f16_f32_f16_f16_128x128x64_1x2x1_0_nnn_align8_warpspecialized_pingpong_epi_nosmem,passed,success,universal,896,4096,4096,f16:column,f16:column,f16:column,f16:column,1,0,serial,1,1,heuristic,invalid,invalid,false,false,1,tensorop,f32,128,128,64,1,2,1,0,0,0,7,4,1,1,64,128,16,90,90,48234496,30072111104,623,0.0569757,788.439,527806
7,CUTLASS,gemm,cutlass3x_sm90_tensorop_s64x128x16gemm_f16_f16_f32_f16_f16_128x128x64_1x2x1_0_nnn_align8_warpspecialized_cooperative_epi_nosmem,passed,success,universal,896,4096,4096,f16:column,f16:column,f16:column,f16:column,1,0,serial,1,1,heuristic,invalid,invalid,false,false,1,tensorop,f32,128,128,64,1,2,1,0,0,0,7,4,2,1,64,128,16,90,90,48234496,30072111104,623,0.0593229,757.244,506923
7,CUTLASS,gemm,cutlass3x_sm90_tensorop_s64x128x16gemm_f16_f16_f32_f16_f16_128x128x64_1x2x1_0_nnn_align8_warpspecialized_cooperative_epi_tma,passed,success,universal,896,4096,4096,f16:column,f16:column,f16:column,f16:column,1,0,serial,1,1,heuristic,invalid,invalid,false,false,1,tensorop,f32,128,128,64,1,2,1,0,0,0,6,4,2,1,64,128,16,90,90,48234496,30072111104,623,0.0553219,812.009,543584
7,CUTLASS,gemm,cutlass3x_sm90_tensorop_s64x128x16gemm_f16_f16_f32_f16_f16_128x128x64_1x2x1_0_nnn_align8_stream_k_warpspecialized_cooperative_epi_nosmem,passed,success,universal,896,4096,4096,f16:column,f16:column,f16:column,f16:column,1,0,serial,1,1,heuristic,invalid,invalid,false,false,1,tensorop,f32,128,128,64,1,2,1,0,0,0,7,4,2,1,64,128,16,90,90,48234496,30072111104,623,0.0598688,750.339,502300
7,CUTLASS,gemm,cutlass3x_sm90_tensorop_s64x128x16gemm_f16_f16_f32_f16_f16_128x128x64_1x2x1_0_nnn_align8_stream_k_warpspecialized_cooperative_epi_tma,passed,success,universal,896,4096,4096,f16:column,f16:column,f16:column,f16:column,1,0,serial,1,1,heuristic,invalid,invalid,false,false,1,tensorop,f32,128,128,64,1,2,1,0,0,0,6,4,2,1,64,128,16,90,90,48234496,30072111104,623,0.0569686,788.537,527871
7,CUTLASS,gemm,cutlass3x_sm90_tensorop_s64x128x16gemm_f16_f16_f32_f16_f16_128x128x64_2x1x1_0_nnn_align8,passed,success,universal,896,4096,4096,f16:column,f16:column,f16:column,f16:column,1,0,serial,1,1,heuristic,invalid,invalid,false,false,1,tensorop,f32,128,128,64,2,1,1,0,0,0,7,4,2,1,64,128,16,90,90,48234496,30072111104,623,0.0701862,640.038,428462
7,CUTLASS,gemm,cutlass3x_sm90_tensorop_s64x128x16gemm_f16_f16_f32_f16_f16_128x128x64_2x1x1_0_nnn_align8_warpspecialized_epi_nosmem,passed,success,universal,896,4096,4096,f16:column,f16:column,f16:column,f16:column,1,0,serial,1,1,heuristic,invalid,invalid,false,false,1,tensorop,f32,128,128,64,2,1,1,0,0,0,7,4,1,1,64,128,16,90,90,48234496,30072111104,623,0.0715094,628.195,420533
7,CUTLASS,gemm,cutlass3x_sm90_tensorop_s64x128x16gemm_f16_f16_f32_f16_f16_128x128x64_2x1x1_0_nnn_align8_warpspecialized_pingpong_epi_tma,passed,success,universal,896,4096,4096,f16:column,f16:column,f16:column,f16:column,1,0,serial,1,1,heuristic,invalid,invalid,false,false,1,tensorop,f32,128,128,64,2,1,1,0,0,0,6,4,1,1,64,128,16,90,90,48234496,30072111104,623,0.0679955,660.659,442266
7,CUTLASS,gemm,cutlass3x_sm90_tensorop_s64x128x16gemm_f16_f16_f32_f16_f16_128x128x64_2x1x1_0_nnn_align8_warpspecialized_pingpong_epi_nosmem,passed,success,universal,896,4096,4096,f16:column,f16:column,f16:column,f16:column,1,0,serial,1,1,heuristic,invalid,invalid,false,false,1,tensorop,f32,128,128,64,2,1,1,0,0,0,7,4,1,1,64,128,16,90,90,48234496,30072111104,623,0.0705178,637.029,426447
7,CUTLASS,gemm,cutlass3x_sm90_tensorop_s64x128x16gemm_f16_f16_f32_f16_f16_128x128x64_2x1x1_0_nnn_align8_warpspecialized_cooperative_epi_nosmem,passed,success,universal,896,4096,4096,f16:column,f16:column,f16:column,f16:column,1,0,serial,1,1,heuristic,invalid,invalid,false,false,1,tensorop,f32,128,128,64,2,1,1,0,0,0,7,4,2,1,64,128,16,90,90,48234496,30072111104,623,0.0704067,638.034,427120
7,CUTLASS,gemm,cutlass3x_sm90_tensorop_s64x128x16gemm_f16_f16_f32_f16_f16_128x128x64_2x1x1_0_nnn_align8_warpspecialized_cooperative_epi_tma,passed,success,universal,896,4096,4096,f16:column,f16:column,f16:column,f16:column,1,0,serial,1,1,heuristic,invalid,invalid,false,false,1,tensorop,f32,128,128,64,2,1,1,0,0,0,6,4,2,1,64,128,16,90,90,48234496,30072111104,623,0.0665069,675.447,452165
7,CUTLASS,gemm,cutlass3x_sm90_tensorop_s64x128x16gemm_f16_f16_f32_f16_f16_128x128x64_2x1x1_0_nnn_align8_stream_k_warpspecialized_cooperative_epi_nosmem,passed,success,universal,896,4096,4096,f16:column,f16:column,f16:column,f16:column,1,0,serial,1,1,heuristic,invalid,invalid,false,false,1,tensorop,f32,128,128,64,2,1,1,0,0,0,7,4,2,1,64,128,16,90,90,48234496,30072111104,623,0.0710179,632.543,423444
7,CUTLASS,gemm,cutlass3x_sm90_tensorop_s64x128x16gemm_f16_f16_f32_f16_f16_128x128x64_2x1x1_0_nnn_align8_stream_k_warpspecialized_cooperative_epi_tma,passed,success,universal,896,4096,4096,f16:column,f16:column,f16:column,f16:column,1,0,serial,1,1,heuristic,invalid,invalid,false,false,1,tensorop,f32,128,128,64,2,1,1,0,0,0,6,4,2,1,64,128,16,90,90,48234496,30072111104,623,0.068087,659.771,441672
8,CUTLASS,gemm,cutlass_tensorop_f16_s1688gemm_f16_256x128_32x2_nn_align8,passed,success,universal,1024,4096,4096,f16:column,f16:column,f16:column,f16:column,1,0,serial,1,1,heuristic,invalid,invalid,false,false,1,tensorop,f32,256,128,32,1,1,1,0,0,0,2,4,2,1,16,8,8,75,1024,50331648,34368126976,682,0.165836,282.66,207242
8,CUTLASS,gemm,cutlass_tensorop_f16_s16816gemm_f16_256x128_32x3_nn_align8,passed,success,universal,1024,4096,4096,f16:column,f16:column,f16:column,f16:column,1,0,serial,1,1,heuristic,invalid,invalid,false,false,1,tensorop,f32,256,128,32,1,1,1,0,0,0,3,4,2,1,16,8,16,80,1024,50331648,34368126976,682,0.0781984,599.437,439499
8,CUTLASS,gemm,cutlass3x_sm90_tensorop_s64x128x16gemm_f16_f16_f32_f16_f16_128x128x64_1x2x1_0_nnn_align8,passed,success,universal,1024,4096,4096,f16:column,f16:column,f16:column,f16:column,1,0,serial,1,1,heuristic,invalid,invalid,false,false,1,tensorop,f32,128,128,64,1,2,1,0,0,0,7,4,2,1,64,128,16,90,90,50331648,34368126976,682,0.0606544,772.821,566622
8,CUTLASS,gemm,cutlass3x_sm90_tensorop_s64x128x16gemm_f16_f16_f32_f16_f16_128x128x64_1x2x1_0_nnn_align8_warpspecialized_epi_nosmem,passed,success,universal,1024,4096,4096,f16:column,f16:column,f16:column,f16:column,1,0,serial,1,1,heuristic,invalid,invalid,false,false,1,tensorop,f32,128,128,64,1,2,1,0,0,0,7,4,1,1,64,128,16,90,90,50331648,34368126976,682,0.0607664,771.397,565578
8,CUTLASS,gemm,cutlass3x_sm90_tensorop_s64x128x16gemm_f16_f16_f32_f16_f16_128x128x64_1x2x1_0_nnn_align8_warpspecialized_pingpong_epi_tma,passed,success,universal,1024,4096,4096,f16:column,f16:column,f16:column,f16:column,1,0,serial,1,1,heuristic,invalid,invalid,false,false,1,tensorop,f32,128,128,64,1,2,1,0,0,0,6,4,1,1,64,128,16,90,90,50331648,34368126976,682,0.0579738,808.555,592822
8,CUTLASS,gemm,cutlass3x_sm90_tensorop_s64x128x16gemm_f16_f16_f32_f16_f16_128x128x64_1x2x1_0_nnn_align8_warpspecialized_pingpong_epi_nosmem,passed,success,universal,1024,4096,4096,f16:column,f16:column,f16:column,f16:column,1,0,serial,1,1,heuristic,invalid,invalid,false,false,1,tensorop,f32,128,128,64,1,2,1,0,0,0,7,4,1,1,64,128,16,90,90,50331648,34368126976,682,0.0602458,778.063,570465
8,CUTLASS,gemm,cutlass3x_sm90_tensorop_s64x128x16gemm_f16_f16_f32_f16_f16_128x128x64_1x2x1_0_nnn_align8_warpspecialized_cooperative_epi_nosmem,passed,success,universal,1024,4096,4096,f16:column,f16:column,f16:column,f16:column,1,0,serial,1,1,heuristic,invalid,invalid,false,false,1,tensorop,f32,128,128,64,1,2,1,0,0,0,7,4,2,1,64,128,16,90,90,50331648,34368126976,682,0.0610298,768.068,563137
8,CUTLASS,gemm,cutlass3x_sm90_tensorop_s64x128x16gemm_f16_f16_f32_f16_f16_128x128x64_1x2x1_0_nnn_align8_warpspecialized_cooperative_epi_tma,passed,success,universal,1024,4096,4096,f16:column,f16:column,f16:column,f16:column,1,0,serial,1,1,heuristic,invalid,invalid,false,false,1,tensorop,f32,128,128,64,1,2,1,0,0,0,6,4,2,1,64,128,16,90,90,50331648,34368126976,682,0.0574349,816.142,598384
8,CUTLASS,gemm,cutlass3x_sm90_tensorop_s64x128x16gemm_f16_f16_f32_f16_f16_128x128x64_1x2x1_0_nnn_align8_stream_k_warpspecialized_cooperative_epi_nosmem,passed,success,universal,1024,4096,4096,f16:column,f16:column,f16:column,f16:column,1,0,serial,1,1,heuristic,invalid,invalid,false,false,1,tensorop,f32,128,128,64,1,2,1,0,0,0,7,4,2,1,64,128,16,90,90,50331648,34368126976,682,0.0613232,764.393,560442
8,CUTLASS,gemm,cutlass3x_sm90_tensorop_s64x128x16gemm_f16_f16_f32_f16_f16_128x128x64_1x2x1_0_nnn_align8_stream_k_warpspecialized_cooperative_epi_tma,passed,success,universal,1024,4096,4096,f16:column,f16:column,f16:column,f16:column,1,0,serial,1,1,heuristic,invalid,invalid,false,false,1,tensorop,f32,128,128,64,1,2,1,0,0,0,6,4,2,1,64,128,16,90,90,50331648,34368126976,682,0.0588272,796.825,584222
8,CUTLASS,gemm,cutlass3x_sm90_tensorop_s64x128x16gemm_f16_f16_f32_f16_f16_128x128x64_2x1x1_0_nnn_align8,passed,success,universal,1024,4096,4096,f16:column,f16:column,f16:column,f16:column,1,0,serial,1,1,heuristic,invalid,invalid,false,false,1,tensorop,f32,128,128,64,2,1,1,0,0,0,7,4,2,1,64,128,16,90,90,50331648,34368126976,682,0.0549021,853.793,625990
8,CUTLASS,gemm,cutlass3x_sm90_tensorop_s64x128x16gemm_f16_f16_f32_f16_f16_128x128x64_2x1x1_0_nnn_align8_warpspecialized_epi_nosmem,passed,success,universal,1024,4096,4096,f16:column,f16:column,f16:column,f16:column,1,0,serial,1,1,heuristic,invalid,invalid,false,false,1,tensorop,f32,128,128,64,2,1,1,0,0,0,7,4,1,1,64,128,16,90,90,50331648,34368126976,682,0.0571619,820.039,601242
8,CUTLASS,gemm,cutlass3x_sm90_tensorop_s64x128x16gemm_f16_f16_f32_f16_f16_128x128x64_2x1x1_0_nnn_align8_warpspecialized_pingpong_epi_tma,passed,success,universal,1024,4096,4096,f16:column,f16:column,f16:column,f16:column,1,0,serial,1,1,heuristic,invalid,invalid,false,false,1,tensorop,f32,128,128,64,2,1,1,0,0,0,6,4,1,1,64,128,16,90,90,50331648,34368126976,682,0.0515715,908.932,666417
8,CUTLASS,gemm,cutlass3x_sm90_tensorop_s64x128x16gemm_f16_f16_f32_f16_f16_128x128x64_2x1x1_0_nnn_align8_warpspecialized_pingpong_epi_nosmem,passed,success,universal,1024,4096,4096,f16:column,f16:column,f16:column,f16:column,1,0,serial,1,1,heuristic,invalid,invalid,false,false,1,tensorop,f32,128,128,64,2,1,1,0,0,0,7,4,1,1,64,128,16,90,90,50331648,34368126976,682,0.0533126,879.247,644653
8,CUTLASS,gemm,cutlass3x_sm90_tensorop_s64x128x16gemm_f16_f16_f32_f16_f16_128x128x64_2x1x1_0_nnn_align8_warpspecialized_cooperative_epi_nosmem,passed,success,universal,1024,4096,4096,f16:column,f16:column,f16:column,f16:column,1,0,serial,1,1,heuristic,invalid,invalid,false,false,1,tensorop,f32,128,128,64,2,1,1,0,0,0,7,4,2,1,64,128,16,90,90,50331648,34368126976,682,0.0544838,860.347,630795
8,CUTLASS,gemm,cutlass3x_sm90_tensorop_s64x128x16gemm_f16_f16_f32_f16_f16_128x128x64_2x1x1_0_nnn_align8_warpspecialized_cooperative_epi_tma,passed,success,universal,1024,4096,4096,f16:column,f16:column,f16:column,f16:column,1,0,serial,1,1,heuristic,invalid,invalid,false,false,1,tensorop,f32,128,128,64,2,1,1,0,0,0,6,4,2,1,64,128,16,90,90,50331648,34368126976,682,0.0507802,923.097,676802
8,CUTLASS,gemm,cutlass3x_sm90_tensorop_s64x128x16gemm_f16_f16_f32_f16_f16_128x128x64_2x1x1_0_nnn_align8_stream_k_warpspecialized_cooperative_epi_nosmem,passed,success,universal,1024,4096,4096,f16:column,f16:column,f16:column,f16:column,1,0,serial,1,1,heuristic,invalid,invalid,false,false,1,tensorop,f32,128,128,64,2,1,1,0,0,0,7,4,2,1,64,128,16,90,90,50331648,34368126976,682,0.055601,843.061,618121
8,CUTLASS,gemm,cutlass3x_sm90_tensorop_s64x128x16gemm_f16_f16_f32_f16_f16_128x128x64_2x1x1_0_nnn_align8_stream_k_warpspecialized_cooperative_epi_tma,passed,success,universal,1024,4096,4096,f16:column,f16:column,f16:column,f16:column,1,0,serial,1,1,heuristic,invalid,invalid,false,false,1,tensorop,f32,128,128,64,2,1,1,0,0,0,6,4,2,1,64,128,16,90,90,50331648,34368126976,682,0.0535277,875.715,642063
9,CUTLASS,gemm,cutlass_tensorop_f16_s1688gemm_f16_256x128_32x2_nn_align8,passed,success,universal,1152,4096,4096,f16:column,f16:column,f16:column,f16:column,1,0,serial,1,1,heuristic,invalid,invalid,false,false,1,tensorop,f32,256,128,32,1,1,1,0,0,0,2,4,2,1,16,8,8,75,1024,52428800,38664142848,737,0.331544,147.275,116619
9,CUTLASS,gemm,cutlass_tensorop_f16_s16816gemm_f16_256x128_32x3_nn_align8,passed,success,universal,1152,4096,4096,f16:column,f16:column,f16:column,f16:column,1,0,serial,1,1,heuristic,invalid,invalid,false,false,1,tensorop,f32,256,128,32,1,1,1,0,0,0,3,4,2,1,16,8,16,80,1024,52428800,38664142848,737,0.149034,327.63,259431
9,CUTLASS,gemm,cutlass3x_sm90_tensorop_s64x128x16gemm_f16_f16_f32_f16_f16_128x128x64_1x2x1_0_nnn_align8,passed,success,universal,1152,4096,4096,f16:column,f16:column,f16:column,f16:column,1,0,serial,1,1,heuristic,invalid,invalid,false,false,1,tensorop,f32,128,128,64,1,2,1,0,0,0,7,4,2,1,64,128,16,90,90,52428800,38664142848,737,0.085744,569.464,450925
9,CUTLASS,gemm,cutlass3x_sm90_tensorop_s64x128x16gemm_f16_f16_f32_f16_f16_128x128x64_1x2x1_0_nnn_align8_warpspecialized_epi_nosmem,passed,success,universal,1152,4096,4096,f16:column,f16:column,f16:column,f16:column,1,0,serial,1,1,heuristic,invalid,invalid,false,false,1,tensorop,f32,128,128,64,1,2,1,0,0,0,7,4,1,1,64,128,16,90,90,52428800,38664142848,737,0.0749507,651.47,515861
9,CUTLASS,gemm,cutlass3x_sm90_tensorop_s64x128x16gemm_f16_f16_f32_f16_f16_128x128x64_1x2x1_0_nnn_align8_warpspecialized_pingpong_epi_tma,passed,success,universal,1152,4096,4096,f16:column,f16:column,f16:column,f16:column,1,0,serial,1,1,heuristic,invalid,invalid,false,false,1,tensorop,f32,128,128,64,1,2,1,0,0,0,6,4,1,1,64,128,16,90,90,52428800,38664142848,737,0.078785,619.765,490755
9,CUTLASS,gemm,cutlass3x_sm90_tensorop_s64x128x16gemm_f16_f16_f32_f16_f16_128x128x64_1x2x1_0_nnn_align8_warpspecialized_pingpong_epi_nosmem,passed,success,universal,1152,4096,4096,f16:column,f16:column,f16:column,f16:column,1,0,serial,1,1,heuristic,invalid,invalid,false,false,1,tensorop,f32,128,128,64,1,2,1,0,0,0,7,4,1,1,64,128,16,90,90,52428800,38664142848,737,0.0812762,600.768,475713
9,CUTLASS,gemm,cutlass3x_sm90_tensorop_s64x128x16gemm_f16_f16_f32_f16_f16_128x128x64_1x2x1_0_nnn_align8_warpspecialized_cooperative_epi_nosmem,passed,success,universal,1152,4096,4096,f16:column,f16:column,f16:column,f16:column,1,0,serial,1,1,heuristic,invalid,invalid,false,false,1,tensorop,f32,128,128,64,1,2,1,0,0,0,7,4,2,1,64,128,16,90,90,52428800,38664142848,737,0.0856931,569.802,451193
9,CUTLASS,gemm,cutlass3x_sm90_tensorop_s64x128x16gemm_f16_f16_f32_f16_f16_128x128x64_1x2x1_0_nnn_align8_warpspecialized_cooperative_epi_tma,passed,success,universal,1152,4096,4096,f16:column,f16:column,f16:column,f16:column,1,0,serial,1,1,heuristic,invalid,invalid,false,false,1,tensorop,f32,128,128,64,1,2,1,0,0,0,6,4,2,1,64,128,16,90,90,52428800,38664142848,737,0.0805888,605.892,479771
9,CUTLASS,gemm,cutlass3x_sm90_tensorop_s64x128x16gemm_f16_f16_f32_f16_f16_128x128x64_1x2x1_0_nnn_align8_stream_k_warpspecialized_cooperative_epi_nosmem,passed,success,universal,1152,4096,4096,f16:column,f16:column,f16:column,f16:column,1,0,serial,1,1,heuristic,invalid,invalid,false,false,1,tensorop,f32,128,128,64,1,2,1,0,0,0,7,4,2,1,64,128,16,90,90,52428800,38664142848,737,0.0734362,664.906,526500
9,CUTLASS,gemm,cutlass3x_sm90_tensorop_s64x128x16gemm_f16_f16_f32_f16_f16_128x128x64_1x2x1_0_nnn_align8_stream_k_warpspecialized_cooperative_epi_tma,passed,success,universal,1152,4096,4096,f16:column,f16:column,f16:column,f16:column,1,0,serial,1,1,heuristic,invalid,invalid,false,false,1,tensorop,f32,128,128,64,1,2,1,0,0,0,6,4,2,1,64,128,16,90,90,52428800,38664142848,737,0.0699414,698.129,552807
9,CUTLASS,gemm,cutlass3x_sm90_tensorop_s64x128x16gemm_f16_f16_f32_f16_f16_128x128x64_2x1x1_0_nnn_align8,passed,success,universal,1152,4096,4096,f16:column,f16:column,f16:column,f16:column,1,0,serial,1,1,heuristic,invalid,invalid,false,false,1,tensorop,f32,128,128,64,2,1,1,0,0,0,7,4,2,1,64,128,16,90,90,52428800,38664142848,737,0.0971974,502.36,397790
9,CUTLASS,gemm,cutlass3x_sm90_tensorop_s64x128x16gemm_f16_f16_f32_f16_f16_128x128x64_2x1x1_0_nnn_align8_warpspecialized_epi_nosmem,passed,success,universal,1152,4096,4096,f16:column,f16:column,f16:column,f16:column,1,0,serial,1,1,heuristic,invalid,invalid,false,false,1,tensorop,f32,128,128,64,2,1,1,0,0,0,7,4,1,1,64,128,16,90,90,52428800,38664142848,737,0.0898752,543.288,430198
9,CUTLASS,gemm,cutlass3x_sm90_tensorop_s64x128x16gemm_f16_f16_f32_f16_f16_128x128x64_2x1x1_0_nnn_align8_warpspecialized_pingpong_epi_tma,passed,success,universal,1152,4096,4096,f16:column,f16:column,f16:column,f16:column,1,0,serial,1,1,heuristic,invalid,invalid,false,false,1,tensorop,f32,128,128,64,2,1,1,0,0,0,6,4,1,1,64,128,16,90,90,52428800,38664142848,737,0.0953584,512.048,405461
9,CUTLASS,gemm,cutlass3x_sm90_tensorop_s64x128x16gemm_f16_f16_f32_f16_f16_128x128x64_2x1x1_0_nnn_align8_warpspecialized_pingpong_epi_nosmem,passed,success,universal,1152,4096,4096,f16:column,f16:column,f16:column,f16:column,1,0,serial,1,1,heuristic,invalid,invalid,false,false,1,tensorop,f32,128,128,64,2,1,1,0,0,0,7,4,1,1,64,128,16,90,90,52428800,38664142848,737,0.0976045,500.265,396131
9,CUTLASS,gemm,cutlass3x_sm90_tensorop_s64x128x16gemm_f16_f16_f32_f16_f16_128x128x64_2x1x1_0_nnn_align8_warpspecialized_cooperative_epi_nosmem,passed,success,universal,1152,4096,4096,f16:column,f16:column,f16:column,f16:column,1,0,serial,1,1,heuristic,invalid,invalid,false,false,1,tensorop,f32,128,128,64,2,1,1,0,0,0,7,4,2,1,64,128,16,90,90,52428800,38664142848,737,0.097367,501.485,397097
9,CUTLASS,gemm,cutlass3x_sm90_tensorop_s64x128x16gemm_f16_f16_f32_f16_f16_128x128x64_2x1x1_0_nnn_align8_warpspecialized_cooperative_epi_tma,passed,success,universal,1152,4096,4096,f16:column,f16:column,f16:column,f16:column,1,0,serial,1,1,heuristic,invalid,invalid,false,false,1,tensorop,f32,128,128,64,2,1,1,0,0,0,6,4,2,1,64,128,16,90,90,52428800,38664142848,737,0.0951696,513.064,406266
9,CUTLASS,gemm,cutlass3x_sm90_tensorop_s64x128x16gemm_f16_f16_f32_f16_f16_128x128x64_2x1x1_0_nnn_align8_stream_k_warpspecialized_cooperative_epi_nosmem,passed,success,universal,1152,4096,4096,f16:column,f16:column,f16:column,f16:column,1,0,serial,1,1,heuristic,invalid,invalid,false,false,1,tensorop,f32,128,128,64,2,1,1,0,0,0,7,4,2,1,64,128,16,90,90,52428800,38664142848,737,0.0906182,538.833,426671
9,CUTLASS,gemm,cutlass3x_sm90_tensorop_s64x128x16gemm_f16_f16_f32_f16_f16_128x128x64_2x1x1_0_nnn_align8_stream_k_warpspecialized_cooperative_epi_tma,passed,success,universal,1152,4096,4096,f16:column,f16:column,f16:column,f16:column,1,0,serial,1,1,heuristic,invalid,invalid,false,false,1,tensorop,f32,128,128,64,2,1,1,0,0,0,6,4,2,1,64,128,16,90,90,52428800,38664142848,737,0.0879594,555.121,439568
10,CUTLASS,gemm,cutlass_tensorop_f16_s1688gemm_f16_256x128_32x2_nn_align8,passed,success,universal,1280,4096,4096,f16:column,f16:column,f16:column,f16:column,1,0,serial,1,1,heuristic,invalid,invalid,false,false,1,tensorop,f32,256,128,32,1,1,1,0,0,0,2,4,2,1,16,8,8,75,1024,54525952,42960158720,787,0.330235,153.773,130090
10,CUTLASS,gemm,cutlass_tensorop_f16_s16816gemm_f16_256x128_32x3_nn_align8,passed,success,universal,1280,4096,4096,f16:column,f16:column,f16:column,f16:column,1,0,serial,1,1,heuristic,invalid,invalid,false,false,1,tensorop,f32,256,128,32,1,1,1,0,0,0,3,4,2,1,16,8,16,80,1024,54525952,42960158720,787,0.149743,339.122,286892
10,CUTLASS,gemm,cutlass3x_sm90_tensorop_s64x128x16gemm_f16_f16_f32_f16_f16_128x128x64_1x2x1_0_nnn_align8,passed,success,universal,1280,4096,4096,f16:column,f16:column,f16:column,f16:column,1,0,serial,1,1,heuristic,invalid,invalid,false,false,1,tensorop,f32,128,128,64,1,2,1,0,0,0,7,4,2,1,64,128,16,90,90,54525952,42960158720,787,0.0854058,594.588,503012
10,CUTLASS,gemm,cutlass3x_sm90_tensorop_s64x128x16gemm_f16_f16_f32_f16_f16_128x128x64_1x2x1_0_nnn_align8_warpspecialized_epi_nosmem,passed,success,universal,1280,4096,4096,f16:column,f16:column,f16:column,f16:column,1,0,serial,1,1,heuristic,invalid,invalid,false,false,1,tensorop,f32,128,128,64,1,2,1,0,0,0,7,4,1,1,64,128,16,90,90,54525952,42960158720,787,0.08112,626.002,529588
10,CUTLASS,gemm,cutlass3x_sm90_tensorop_s64x128x16gemm_f16_f16_f32_f16_f16_128x128x64_1x2x1_0_nnn_align8_warpspecialized_pingpong_epi_tma,passed,success,universal,1280,4096,4096,f16:column,f16:column,f16:column,f16:column,1,0,serial,1,1,heuristic,invalid,invalid,false,false,1,tensorop,f32,128,128,64,1,2,1,0,0,0,6,4,1,1,64,128,16,90,90,54525952,42960158720,787,0.0793437,640.016,541444
10,CUTLASS,gemm,cutlass3x_sm90_tensorop_s64x128x16gemm_f16_f16_f32_f16_f16_128x128x64_1x2x1_0_nnn_align8_warpspecialized_pingpong_epi_nosmem,passed,success,universal,1280,4096,4096,f16:column,f16:column,f16:column,f16:column,1,0,serial,1,1,heuristic,invalid,invalid,false,false,1,tensorop,f32,128,128,64,1,2,1,0,0,0,7,4,1,1,64,128,16,90,90,54525952,42960158720,787,0.0815386,622.788,526869
10,CUTLASS,gemm,cutlass3x_sm90_tensorop_s64x128x16gemm_f16_f16_f32_f16_f16_128x128x64_1x2x1_0_nnn_align8_warpspecialized_cooperative_epi_nosmem,passed,success,universal,1280,4096,4096,f16:column,f16:column,f16:column,f16:column,1,0,serial,1,1,heuristic,invalid,invalid,false,false,1,tensorop,f32,128,128,64,1,2,1,0,0,0,7,4,2,1,64,128,16,90,90,54525952,42960158720,787,0.0851795,596.167,504348
10,CUTLASS,gemm,cutlass3x_sm90_tensorop_s64x128x16gemm_f16_f16_f32_f16_f16_128x128x64_1x2x1_0_nnn_align8_warpspecialized_cooperative_epi_tma,passed,success,universal,1280,4096,4096,f16:column,f16:column,f16:column,f16:column,1,0,serial,1,1,heuristic,invalid,invalid,false,false,1,tensorop,f32,128,128,64,1,2,1,0,0,0,6,4,2,1,64,128,16,90,90,54525952,42960158720,787,0.0799082,635.495,537619
10,CUTLASS,gemm,cutlass3x_sm90_tensorop_s64x128x16gemm_f16_f16_f32_f16_f16_128x128x64_1x2x1_0_nnn_align8_stream_k_warpspecialized_cooperative_epi_nosmem,passed,success,universal,1280,4096,4096,f16:column,f16:column,f16:column,f16:column,1,0,serial,1,1,heuristic,invalid,invalid,false,false,1,tensorop,f32,128,128,64,1,2,1,0,0,0,7,4,2,1,64,128,16,90,90,54525952,42960158720,787,0.0839075,605.205,511994
10,CUTLASS,gemm,cutlass3x_sm90_tensorop_s64x128x16gemm_f16_f16_f32_f16_f16_128x128x64_1x2x1_0_nnn_align8_stream_k_warpspecialized_cooperative_epi_tma,passed,success,universal,1280,4096,4096,f16:column,f16:column,f16:column,f16:column,1,0,serial,1,1,heuristic,invalid,invalid,false,false,1,tensorop,f32,128,128,64,1,2,1,0,0,0,6,4,2,1,64,128,16,90,90,54525952,42960158720,787,0.078761,644.752,545450
10,CUTLASS,gemm,cutlass3x_sm90_tensorop_s64x128x16gemm_f16_f16_f32_f16_f16_128x128x64_2x1x1_0_nnn_align8,passed,success,universal,1280,4096,4096,f16:column,f16:column,f16:column,f16:column,1,0,serial,1,1,heuristic,invalid,invalid,false,false,1,tensorop,f32,128,128,64,2,1,1,0,0,0,7,4,2,1,64,128,16,90,90,54525952,42960158720,787,0.0830048,611.787,517562
10,CUTLASS,gemm,cutlass3x_sm90_tensorop_s64x128x16gemm_f16_f16_f32_f16_f16_128x128x64_2x1x1_0_nnn_align8_warpspecialized_epi_nosmem,passed,success,universal,1280,4096,4096,f16:column,f16:column,f16:column,f16:column,1,0,serial,1,1,heuristic,invalid,invalid,false,false,1,tensorop,f32,128,128,64,2,1,1,0,0,0,7,4,1,1,64,128,16,90,90,54525952,42960158720,787,0.0835939,607.475,513915
10,CUTLASS,gemm,cutlass3x_sm90_tensorop_s64x128x16gemm_f16_f16_f32_f16_f16_128x128x64_2x1x1_0_nnn_align8_warpspecialized_pingpong_epi_tma,passed,success,universal,1280,4096,4096,f16:column,f16:column,f16:column,f16:column,1,0,serial,1,1,heuristic,invalid,invalid,false,false,1,tensorop,f32,128,128,64,2,1,1,0,0,0,6,4,1,1,64,128,16,90,90,54525952,42960158720,787,0.0770128,659.387,557831
10,CUTLASS,gemm,cutlass3x_sm90_tensorop_s64x128x16gemm_f16_f16_f32_f16_f16_128x128x64_2x1x1_0_nnn_align8_warpspecialized_pingpong_epi_nosmem,passed,success,universal,1280,4096,4096,f16:column,f16:column,f16:column,f16:column,1,0,serial,1,1,heuristic,invalid,invalid,false,false,1,tensorop,f32,128,128,64,2,1,1,0,0,0,7,4,1,1,64,128,16,90,90,54525952,42960158720,787,0.0800733,634.185,536511
10,CUTLASS,gemm,cutlass3x_sm90_tensorop_s64x128x16gemm_f16_f16_f32_f16_f16_128x128x64_2x1x1_0_nnn_align8_warpspecialized_cooperative_epi_nosmem,passed,success,universal,1280,4096,4096,f16:column,f16:column,f16:column,f16:column,1,0,serial,1,1,heuristic,invalid,invalid,false,false,1,tensorop,f32,128,128,64,2,1,1,0,0,0,7,4,2,1,64,128,16,90,90,54525952,42960158720,787,0.0834621,608.435,514727
10,CUTLASS,gemm,cutlass3x_sm90_tensorop_s64x128x16gemm_f16_f16_f32_f16_f16_128x128x64_2x1x1_0_nnn_align8_warpspecialized_cooperative_epi_tma,passed,success,universal,1280,4096,4096,f16:column,f16:column,f16:column,f16:column,1,0,serial,1,1,heuristic,invalid,invalid,false,false,1,tensorop,f32,128,128,64,2,1,1,0,0,0,6,4,2,1,64,128,16,90,90,54525952,42960158720,787,0.0776643,653.856,553152
10,CUTLASS,gemm,cutlass3x_sm90_tensorop_s64x128x16gemm_f16_f16_f32_f16_f16_128x128x64_2x1x1_0_nnn_align8_stream_k_warpspecialized_cooperative_epi_nosmem,passed,success,universal,1280,4096,4096,f16:column,f16:column,f16:column,f16:column,1,0,serial,1,1,heuristic,invalid,invalid,false,false,1,tensorop,f32,128,128,64,2,1,1,0,0,0,7,4,2,1,64,128,16,90,90,54525952,42960158720,787,0.0798886,635.65,537751
10,CUTLASS,gemm,cutlass3x_sm90_tensorop_s64x128x16gemm_f16_f16_f32_f16_f16_128x128x64_2x1x1_0_nnn_align8_stream_k_warpspecialized_cooperative_epi_tma,passed,success,universal,1280,4096,4096,f16:column,f16:column,f16:column,f16:column,1,0,serial,1,1,heuristic,invalid,invalid,false,false,1,tensorop,f32,128,128,64,2,1,1,0,0,0,6,4,2,1,64,128,16,90,90,54525952,42960158720,787,0.0753658,673.797,570022
11,CUTLASS,gemm,cutlass_tensorop_f16_s1688gemm_f16_256x128_32x2_nn_align8,passed,success,universal,1408,4096,4096,f16:column,f16:column,f16:column,f16:column,1,0,serial,1,1,heuristic,invalid,invalid,false,false,1,tensorop,f32,256,128,32,1,1,1,0,0,0,2,4,2,1,16,8,8,75,1024,56623104,47256174592,834,0.328562,160.501,143827
11,CUTLASS,gemm,cutlass_tensorop_f16_s16816gemm_f16_256x128_32x3_nn_align8,passed,success,universal,1408,4096,4096,f16:column,f16:column,f16:column,f16:column,1,0,serial,1,1,heuristic,invalid,invalid,false,false,1,tensorop,f32,256,128,32,1,1,1,0,0,0,3,4,2,1,16,8,16,80,1024,56623104,47256174592,834,0.150646,350.055,313690
11,CUTLASS,gemm,cutlass3x_sm90_tensorop_s64x128x16gemm_f16_f16_f32_f16_f16_128x128x64_1x2x1_0_nnn_align8,passed,success,universal,1408,4096,4096,f16:column,f16:column,f16:column,f16:column,1,0,serial,1,1,heuristic,invalid,invalid,false,false,1,tensorop,f32,128,128,64,1,2,1,0,0,0,7,4,2,1,64,128,16,90,90,56623104,47256174592,834,0.0856285,615.851,551874
11,CUTLASS,gemm,cutlass3x_sm90_tensorop_s64x128x16gemm_f16_f16_f32_f16_f16_128x128x64_1x2x1_0_nnn_align8_warpspecialized_epi_nosmem,passed,success,universal,1408,4096,4096,f16:column,f16:column,f16:column,f16:column,1,0,serial,1,1,heuristic,invalid,invalid,false,false,1,tensorop,f32,128,128,64,1,2,1,0,0,0,7,4,1,1,64,128,16,90,90,56623104,47256174592,834,0.0822259,641.335,574711
11,CUTLASS,gemm,cutlass3x_sm90_tensorop_s64x128x16gemm_f16_f16_f32_f16_f16_128x128x64_1x2x1_0_nnn_align8_warpspecialized_pingpong_epi_tma,passed,success,universal,1408,4096,4096,f16:column,f16:column,f16:column,f16:column,1,0,serial,1,1,heuristic,invalid,invalid,false,false,1,tensorop,f32,128,128,64,1,2,1,0,0,0,6,4,1,1,64,128,16,90,90,56623104,47256174592,834,0.0791549,666.218,597009
11,CUTLASS,gemm,cutlass3x_sm90_tensorop_s64x128x16gemm_f16_f16_f32_f16_f16_128x128x64_1x2x1_0_nnn_align8_warpspecialized_pingpong_epi_nosmem,passed,success,universal,1408,4096,4096,f16:column,f16:column,f16:column,f16:column,1,0,serial,1,1,heuristic,invalid,invalid,false,false,1,tensorop,f32,128,128,64,1,2,1,0,0,0,7,4,1,1,64,128,16,90,90,56623104,47256174592,834,0.0810611,650.551,582970
11,CUTLASS,gemm,cutlass3x_sm90_tensorop_s64x128x16gemm_f16_f16_f32_f16_f16_128x128x64_1x2x1_0_nnn_align8_warpspecialized_cooperative_epi_nosmem,passed,success,universal,1408,4096,4096,f16:column,f16:column,f16:column,f16:column,1,0,serial,1,1,heuristic,invalid,invalid,false,false,1,tensorop,f32,128,128,64,1,2,1,0,0,0,7,4,2,1,64,128,16,90,90,56623104,47256174592,834,0.0851866,619.046,554737
11,CUTLASS,gemm,cutlass3x_sm90_tensorop_s64x128x16gemm_f16_f16_f32_f16_f16_128x128x64_1x2x1_0_nnn_align8_warpspecialized_cooperative_epi_tma,passed,success,universal,1408,4096,4096,f16:column,f16:column,f16:column,f16:column,1,0,serial,1,1,heuristic,invalid,invalid,false,false,1,tensorop,f32,128,128,64,1,2,1,0,0,0,6,4,2,1,64,128,16,90,90,56623104,47256174592,834,0.0794282,663.925,594955
11,CUTLASS,gemm,cutlass3x_sm90_tensorop_s64x128x16gemm_f16_f16_f32_f16_f16_128x128x64_1x2x1_0_nnn_align8_stream_k_warpspecialized_cooperative_epi_nosmem,passed,success,universal,1408,4096,4096,f16:column,f16:column,f16:column,f16:column,1,0,serial,1,1,heuristic,invalid,invalid,false,false,1,tensorop,f32,128,128,64,1,2,1,0,0,0,7,4,2,1,64,128,16,90,90,56623104,47256174592,834,0.0855606,616.339,552312
11,CUTLASS,gemm,cutlass3x_sm90_tensorop_s64x128x16gemm_f16_f16_f32_f16_f16_128x128x64_1x2x1_0_nnn_align8_stream_k_warpspecialized_cooperative_epi_tma,passed,success,universal,1408,4096,4096,f16:column,f16:column,f16:column,f16:column,1,0,serial,1,1,heuristic,invalid,invalid,false,false,1,tensorop,f32,128,128,64,1,2,1,0,0,0,6,4,2,1,64,128,16,90,90,56623104,47256174592,834,0.0822067,641.485,574846
11,CUTLASS,gemm,cutlass3x_sm90_tensorop_s64x128x16gemm_f16_f16_f32_f16_f16_128x128x64_2x1x1_0_nnn_align8,passed,success,universal,1408,4096,4096,f16:column,f16:column,f16:column,f16:column,1,0,serial,1,1,heuristic,invalid,invalid,false,false,1,tensorop,f32,128,128,64,2,1,1,0,0,0,7,4,2,1,64,128,16,90,90,56623104,47256174592,834,0.105974,497.616,445922
11,CUTLASS,gemm,cutlass3x_sm90_tensorop_s64x128x16gemm_f16_f16_f32_f16_f16_128x128x64_2x1x1_0_nnn_align8_warpspecialized_epi_nosmem,passed,success,universal,1408,4096,4096,f16:column,f16:column,f16:column,f16:column,1,0,serial,1,1,heuristic,invalid,invalid,false,false,1,tensorop,f32,128,128,64,2,1,1,0,0,0,7,4,1,1,64,128,16,90,90,56623104,47256174592,834,0.100871,522.792,468483
11,CUTLASS,gemm,cutlass3x_sm90_tensorop_s64x128x16gemm_f16_f16_f32_f16_f16_128x128x64_2x1x1_0_nnn_align8_warpspecialized_pingpong_epi_tma,passed,success,universal,1408,4096,4096,f16:column,f16:column,f16:column,f16:column,1,0,serial,1,1,heuristic,invalid,invalid,false,false,1,tensorop,f32,128,128,64,2,1,1,0,0,0,6,4,1,1,64,128,16,90,90,56623104,47256174592,834,0.105025,502.113,449952
11,CUTLASS,gemm,cutlass3x_sm90_tensorop_s64x128x16gemm_f16_f16_f32_f16_f16_128x128x64_2x1x1_0_nnn_align8_warpspecialized_pingpong_epi_nosmem,passed,success,universal,1408,4096,4096,f16:column,f16:column,f16:column,f16:column,1,0,serial,1,1,heuristic,invalid,invalid,false,false,1,tensorop,f32,128,128,64,2,1,1,0,0,0,7,4,1,1,64,128,16,90,90,56623104,47256174592,834,0.105258,501,448955
11,CUTLASS,gemm,cutlass3x_sm90_tensorop_s64x128x16gemm_f16_f16_f32_f16_f16_128x128x64_2x1x1_0_nnn_align8_warpspecialized_cooperative_epi_nosmem,passed,success,universal,1408,4096,4096,f16:column,f16:column,f16:column,f16:column,1,0,serial,1,1,heuristic,invalid,invalid,false,false,1,tensorop,f32,128,128,64,2,1,1,0,0,0,7,4,2,1,64,128,16,90,90,56623104,47256174592,834,0.106388,495.682,444189
11,CUTLASS,gemm,cutlass3x_sm90_tensorop_s64x128x16gemm_f16_f16_f32_f16_f16_128x128x64_2x1x1_0_nnn_align8_warpspecialized_cooperative_epi_tma,passed,success,universal,1408,4096,4096,f16:column,f16:column,f16:column,f16:column,1,0,serial,1,1,heuristic,invalid,invalid,false,false,1,tensorop,f32,128,128,64,2,1,1,0,0,0,6,4,2,1,64,128,16,90,90,56623104,47256174592,834,0.103699,508.532,455704
11,CUTLASS,gemm,cutlass3x_sm90_tensorop_s64x128x16gemm_f16_f16_f32_f16_f16_128x128x64_2x1x1_0_nnn_align8_stream_k_warpspecialized_cooperative_epi_nosmem,passed,success,universal,1408,4096,4096,f16:column,f16:column,f16:column,f16:column,1,0,serial,1,1,heuristic,invalid,invalid,false,false,1,tensorop,f32,128,128,64,2,1,1,0,0,0,7,4,2,1,64,128,16,90,90,56623104,47256174592,834,0.107812,489.132,438320
11,CUTLASS,gemm,cutlass3x_sm90_tensorop_s64x128x16gemm_f16_f16_f32_f16_f16_128x128x64_2x1x1_0_nnn_align8_stream_k_warpspecialized_cooperative_epi_tma,passed,success,universal,1408,4096,4096,f16:column,f16:column,f16:column,f16:column,1,0,serial,1,1,heuristic,invalid,invalid,false,false,1,tensorop,f32,128,128,64,2,1,1,0,0,0,6,4,2,1,64,128,16,90,90,56623104,47256174592,834,0.106904,493.287,442043
12,CUTLASS,gemm,cutlass_tensorop_f16_s1688gemm_f16_256x128_32x2_nn_align8,passed,success,universal,1536,4096,4096,f16:column,f16:column,f16:column,f16:column,1,0,serial,1,1,heuristic,invalid,invalid,false,false,1,tensorop,f32,256,128,32,1,1,1,0,0,0,2,4,2,1,16,8,8,75,1024,58720256,51552190464,877,0.329578,165.932,156419
12,CUTLASS,gemm,cutlass_tensorop_f16_s16816gemm_f16_256x128_32x3_nn_align8,passed,success,universal,1536,4096,4096,f16:column,f16:column,f16:column,f16:column,1,0,serial,1,1,heuristic,invalid,invalid,false,false,1,tensorop,f32,256,128,32,1,1,1,0,0,0,3,4,2,1,16,8,16,80,1024,58720256,51552190464,877,0.150727,362.825,342023
12,CUTLASS,gemm,cutlass3x_sm90_tensorop_s64x128x16gemm_f16_f16_f32_f16_f16_128x128x64_1x2x1_0_nnn_align8,passed,success,universal,1536,4096,4096,f16:column,f16:column,f16:column,f16:column,1,0,serial,1,1,heuristic,invalid,invalid,false,false,1,tensorop,f32,128,128,64,1,2,1,0,0,0,7,4,2,1,64,128,16,90,90,58720256,51552190464,877,0.0868262,629.85,593740
12,CUTLASS,gemm,cutlass3x_sm90_tensorop_s64x128x16gemm_f16_f16_f32_f16_f16_128x128x64_1x2x1_0_nnn_align8_warpspecialized_epi_nosmem,passed,success,universal,1536,4096,4096,f16:column,f16:column,f16:column,f16:column,1,0,serial,1,1,heuristic,invalid,invalid,false,false,1,tensorop,f32,128,128,64,1,2,1,0,0,0,7,4,1,1,64,128,16,90,90,58720256,51552190464,877,0.0859514,636.261,599783
12,CUTLASS,gemm,cutlass3x_sm90_tensorop_s64x128x16gemm_f16_f16_f32_f16_f16_128x128x64_1x2x1_0_nnn_align8_warpspecialized_pingpong_epi_tma,passed,success,universal,1536,4096,4096,f16:column,f16:column,f16:column,f16:column,1,0,serial,1,1,heuristic,invalid,invalid,false,false,1,tensorop,f32,128,128,64,1,2,1,0,0,0,6,4,1,1,64,128,16,90,90,58720256,51552190464,877,0.0820448,666.557,628342
12,CUTLASS,gemm,cutlass3x_sm90_tensorop_s64x128x16gemm_f16_f16_f32_f16_f16_128x128x64_1x2x1_0_nnn_align8_warpspecialized_pingpong_epi_nosmem,passed,success,universal,1536,4096,4096,f16:column,f16:column,f16:column,f16:column,1,0,serial,1,1,heuristic,invalid,invalid,false,false,1,tensorop,f32,128,128,64,1,2,1,0,0,0,7,4,1,1,64,128,16,90,90,58720256,51552190464,877,0.0841424,649.94,612678
12,CUTLASS,gemm,cutlass3x_sm90_tensorop_s64x128x16gemm_f16_f16_f32_f16_f16_128x128x64_1x2x1_0_nnn_align8_warpspecialized_cooperative_epi_nosmem,passed,success,universal,1536,4096,4096,f16:column,f16:column,f16:column,f16:column,1,0,serial,1,1,heuristic,invalid,invalid,false,false,1,tensorop,f32,128,128,64,1,2,1,0,0,0,7,4,2,1,64,128,16,90,90,58720256,51552190464,877,0.0873728,625.91,590026
12,CUTLASS,gemm,cutlass3x_sm90_tensorop_s64x128x16gemm_f16_f16_f32_f16_f16_128x128x64_1x2x1_0_nnn_align8_warpspecialized_cooperative_epi_tma,passed,success,universal,1536,4096,4096,f16:column,f16:column,f16:column,f16:column,1,0,serial,1,1,heuristic,invalid,invalid,false,false,1,tensorop,f32,128,128,64,1,2,1,0,0,0,6,4,2,1,64,128,16,90,90,58720256,51552190464,877,0.0825251,662.677,624685
12,CUTLASS,gemm,cutlass3x_sm90_tensorop_s64x128x16gemm_f16_f16_f32_f16_f16_128x128x64_1x2x1_0_nnn_align8_stream_k_warpspecialized_cooperative_epi_nosmem,passed,success,universal,1536,4096,4096,f16:column,f16:column,f16:column,f16:column,1,0,serial,1,1,heuristic,invalid,invalid,false,false,1,tensorop,f32,128,128,64,1,2,1,0,0,0,7,4,2,1,64,128,16,90,90,58720256,51552190464,877,0.0882269,619.851,584314
12,CUTLASS,gemm,cutlass3x_sm90_tensorop_s64x128x16gemm_f16_f16_f32_f16_f16_128x128x64_1x2x1_0_nnn_align8_stream_k_warpspecialized_cooperative_epi_tma,passed,success,universal,1536,4096,4096,f16:column,f16:column,f16:column,f16:column,1,0,serial,1,1,heuristic,invalid,invalid,false,false,1,tensorop,f32,128,128,64,1,2,1,0,0,0,6,4,2,1,64,128,16,90,90,58720256,51552190464,877,0.0840371,650.754,613445
12,CUTLASS,gemm,cutlass3x_sm90_tensorop_s64x128x16gemm_f16_f16_f32_f16_f16_128x128x64_2x1x1_0_nnn_align8,passed,success,universal,1536,4096,4096,f16:column,f16:column,f16:column,f16:column,1,0,serial,1,1,heuristic,invalid,invalid,false,false,1,tensorop,f32,128,128,64,2,1,1,0,0,0,7,4,2,1,64,128,16,90,90,58720256,51552190464,877,0.0846554,646.002,608965
12,CUTLASS,gemm,cutlass3x_sm90_tensorop_s64x128x16gemm_f16_f16_f32_f16_f16_128x128x64_2x1x1_0_nnn_align8_warpspecialized_epi_nosmem,passed,success,universal,1536,4096,4096,f16:column,f16:column,f16:column,f16:column,1,0,serial,1,1,heuristic,invalid,invalid,false,false,1,tensorop,f32,128,128,64,2,1,1,0,0,0,7,4,1,1,64,128,16,90,90,58720256,51552190464,877,0.0904797,604.417,569765
12,CUTLASS,gemm,cutlass3x_sm90_tensorop_s64x128x16gemm_f16_f16_f32_f16_f16_128x128x64_2x1x1_0_nnn_align8_warpspecialized_pingpong_epi_tma,passed,success,universal,1536,4096,4096,f16:column,f16:column,f16:column,f16:column,1,0,serial,1,1,heuristic,invalid,invalid,false,false,1,tensorop,f32,128,128,64,2,1,1,0,0,0,6,4,1,1,64,128,16,90,90,58720256,51552190464,877,0.0788083,693.931,654147
12,CUTLASS,gemm,cutlass3x_sm90_tensorop_s64x128x16gemm_f16_f16_f32_f16_f16_128x128x64_2x1x1_0_nnn_align8_warpspecialized_pingpong_epi_nosmem,passed,success,universal,1536,4096,4096,f16:column,f16:column,f16:column,f16:column,1,0,serial,1,1,heuristic,invalid,invalid,false,false,1,tensorop,f32,128,128,64,2,1,1,0,0,0,7,4,1,1,64,128,16,90,90,58720256,51552190464,877,0.0817091,669.295,630923
12,CUTLASS,gemm,cutlass3x_sm90_tensorop_s64x128x16gemm_f16_f16_f32_f16_f16_128x128x64_2x1x1_0_nnn_align8_warpspecialized_cooperative_epi_nosmem,passed,success,universal,1536,4096,4096,f16:column,f16:column,f16:column,f16:column,1,0,serial,1,1,heuristic,invalid,invalid,false,false,1,tensorop,f32,128,128,64,2,1,1,0,0,0,7,4,2,1,64,128,16,90,90,58720256,51552190464,877,0.0849389,643.845,606933
12,CUTLASS,gemm,cutlass3x_sm90_tensorop_s64x128x16gemm_f16_f16_f32_f16_f16_128x128x64_2x1x1_0_nnn_align8_warpspecialized_cooperative_epi_tma,passed,success,universal,1536,4096,4096,f16:column,f16:column,f16:column,f16:column,1,0,serial,1,1,heuristic,invalid,invalid,false,false,1,tensorop,f32,128,128,64,2,1,1,0,0,0,6,4,2,1,64,128,16,90,90,58720256,51552190464,877,0.0791926,690.563,650972
12,CUTLASS,gemm,cutlass3x_sm90_tensorop_s64x128x16gemm_f16_f16_f32_f16_f16_128x128x64_2x1x1_0_nnn_align8_stream_k_warpspecialized_cooperative_epi_nosmem,passed,success,universal,1536,4096,4096,f16:column,f16:column,f16:column,f16:column,1,0,serial,1,1,heuristic,invalid,invalid,false,false,1,tensorop,f32,128,128,64,2,1,1,0,0,0,7,4,2,1,64,128,16,90,90,58720256,51552190464,877,0.0867427,630.456,594311
12,CUTLASS,gemm,cutlass3x_sm90_tensorop_s64x128x16gemm_f16_f16_f32_f16_f16_128x128x64_2x1x1_0_nnn_align8_stream_k_warpspecialized_cooperative_epi_tma,passed,success,universal,1536,4096,4096,f16:column,f16:column,f16:column,f16:column,1,0,serial,1,1,heuristic,invalid,invalid,false,false,1,tensorop,f32,128,128,64,2,1,1,0,0,0,6,4,2,1,64,128,16,90,90,58720256,51552190464,877,0.0815171,670.871,632409
13,CUTLASS,gemm,cutlass_tensorop_f16_s1688gemm_f16_256x128_32x2_nn_align8,passed,success,universal,1664,4096,4096,f16:column,f16:column,f16:column,f16:column,1,0,serial,1,1,heuristic,invalid,invalid,false,false,1,tensorop,f32,256,128,32,1,1,1,0,0,0,2,4,2,1,16,8,8,75,1024,60817408,55848206336,918,0.328825,172.252,169842
13,CUTLASS,gemm,cutlass_tensorop_f16_s16816gemm_f16_256x128_32x3_nn_align8,passed,success,universal,1664,4096,4096,f16:column,f16:column,f16:column,f16:column,1,0,serial,1,1,heuristic,invalid,invalid,false,false,1,tensorop,f32,256,128,32,1,1,1,0,0,0,3,4,2,1,16,8,16,80,1024,60817408,55848206336,918,0.151231,374.53,369291
13,CUTLASS,gemm,cutlass3x_sm90_tensorop_s64x128x16gemm_f16_f16_f32_f16_f16_128x128x64_1x2x1_0_nnn_align8,passed,success,universal,1664,4096,4096,f16:column,f16:column,f16:column,f16:column,1,0,serial,1,1,heuristic,invalid,invalid,false,false,1,tensorop,f32,128,128,64,1,2,1,0,0,0,7,4,2,1,64,128,16,90,90,60817408,55848206336,918,0.113031,501.108,494098
13,CUTLASS,gemm,cutlass3x_sm90_tensorop_s64x128x16gemm_f16_f16_f32_f16_f16_128x128x64_1x2x1_0_nnn_align8_warpspecialized_epi_nosmem,passed,success,universal,1664,4096,4096,f16:column,f16:column,f16:column,f16:column,1,0,serial,1,1,heuristic,invalid,invalid,false,false,1,tensorop,f32,128,128,64,1,2,1,0,0,0,7,4,1,1,64,128,16,90,90,60817408,55848206336,918,0.0973539,581.801,573662
13,CUTLASS,gemm,cutlass3x_sm90_tensorop_s64x128x16gemm_f16_f16_f32_f16_f16_128x128x64_1x2x1_0_nnn_align8_warpspecialized_pingpong_epi_tma,passed,success,universal,1664,4096,4096,f16:column,f16:column,f16:column,f16:column,1,0,serial,1,1,heuristic,invalid,invalid,false,false,1,tensorop,f32,128,128,64,1,2,1,0,0,0,6,4,1,1,64,128,16,90,90,60817408,55848206336,918,0.104214,543.504,535900
13,CUTLASS,gemm,cutlass3x_sm90_tensorop_s64x128x16gemm_f16_f16_f32_f16_f16_128x128x64_1x2x1_0_nnn_align8_warpspecialized_pingpong_epi_nosmem,passed,success,universal,1664,4096,4096,f16:column,f16:column,f16:column,f16:column,1,0,serial,1,1,heuristic,invalid,invalid,false,false,1,tensorop,f32,128,128,64,1,2,1,0,0,0,7,4,1,1,64,128,16,90,90,60817408,55848206336,918,0.106755,530.565,523143
13,CUTLASS,gemm,cutlass3x_sm90_tensorop_s64x128x16gemm_f16_f16_f32_f16_f16_128x128x64_1x2x1_0_nnn_align8_warpspecialized_cooperative_epi_nosmem,passed,success,universal,1664,4096,4096,f16:column,f16:column,f16:column,f16:column,1,0,serial,1,1,heuristic,invalid,invalid,false,false,1,tensorop,f32,128,128,64,1,2,1,0,0,0,7,4,2,1,64,128,16,90,90,60817408,55848206336,918,0.111902,506.161,499080
13,CUTLASS,gemm,cutlass3x_sm90_tensorop_s64x128x16gemm_f16_f16_f32_f16_f16_128x128x64_1x2x1_0_nnn_align8_warpspecialized_cooperative_epi_tma,passed,success,universal,1664,4096,4096,f16:column,f16:column,f16:column,f16:column,1,0,serial,1,1,heuristic,invalid,invalid,false,false,1,tensorop,f32,128,128,64,1,2,1,0,0,0,6,4,2,1,64,128,16,90,90,60817408,55848206336,918,0.105403,537.371,529853
13,CUTLASS,gemm,cutlass3x_sm90_tensorop_s64x128x16gemm_f16_f16_f32_f16_f16_128x128x64_1x2x1_0_nnn_align8_stream_k_warpspecialized_cooperative_epi_nosmem,passed,success,universal,1664,4096,4096,f16:column,f16:column,f16:column,f16:column,1,0,serial,1,1,heuristic,invalid,invalid,false,false,1,tensorop,f32,128,128,64,1,2,1,0,0,0,7,4,2,1,64,128,16,90,90,60817408,55848206336,918,0.101059,560.47,552629
13,CUTLASS,gemm,cutlass3x_sm90_tensorop_s64x128x16gemm_f16_f16_f32_f16_f16_128x128x64_1x2x1_0_nnn_align8_stream_k_warpspecialized_cooperative_epi_tma,passed,success,universal,1664,4096,4096,f16:column,f16:column,f16:column,f16:column,1,0,serial,1,1,heuristic,invalid,invalid,false,false,1,tensorop,f32,128,128,64,1,2,1,0,0,0,6,4,2,1,64,128,16,90,90,60817408,55848206336,918,0.0984573,575.281,567233
13,CUTLASS,gemm,cutlass3x_sm90_tensorop_s64x128x16gemm_f16_f16_f32_f16_f16_128x128x64_2x1x1_0_nnn_align8,passed,success,universal,1664,4096,4096,f16:column,f16:column,f16:column,f16:column,1,0,serial,1,1,heuristic,invalid,invalid,false,false,1,tensorop,f32,128,128,64,2,1,1,0,0,0,7,4,2,1,64,128,16,90,90,60817408,55848206336,918,0.123128,460.013,453577
13,CUTLASS,gemm,cutlass3x_sm90_tensorop_s64x128x16gemm_f16_f16_f32_f16_f16_128x128x64_2x1x1_0_nnn_align8_warpspecialized_epi_nosmem,passed,success,universal,1664,4096,4096,f16:column,f16:column,f16:column,f16:column,1,0,serial,1,1,heuristic,invalid,invalid,false,false,1,tensorop,f32,128,128,64,2,1,1,0,0,0,7,4,1,1,64,128,16,90,90,60817408,55848206336,918,0.118094,479.623,472913
13,CUTLASS,gemm,cutlass3x_sm90_tensorop_s64x128x16gemm_f16_f16_f32_f16_f16_128x128x64_2x1x1_0_nnn_align8_warpspecialized_pingpong_epi_tma,passed,success,universal,1664,4096,4096,f16:column,f16:column,f16:column,f16:column,1,0,serial,1,1,heuristic,invalid,invalid,false,false,1,tensorop,f32,128,128,64,2,1,1,0,0,0,6,4,1,1,64,128,16,90,90,60817408,55848206336,918,0.117492,482.083,475338
13,CUTLASS,gemm,cutlass3x_sm90_tensorop_s64x128x16gemm_f16_f16_f32_f16_f16_128x128x64_2x1x1_0_nnn_align8_warpspecialized_pingpong_epi_nosmem,passed,success,universal,1664,4096,4096,f16:column,f16:column,f16:column,f16:column,1,0,serial,1,1,heuristic,invalid,invalid,false,false,1,tensorop,f32,128,128,64,2,1,1,0,0,0,7,4,1,1,64,128,16,90,90,60817408,55848206336,918,0.121178,467.417,460878
13,CUTLASS,gemm,cutlass3x_sm90_tensorop_s64x128x16gemm_f16_f16_f32_f16_f16_128x128x64_2x1x1_0_nnn_align8_warpspecialized_cooperative_epi_nosmem,passed,success,universal,1664,4096,4096,f16:column,f16:column,f16:column,f16:column,1,0,serial,1,1,heuristic,invalid,invalid,false,false,1,tensorop,f32,128,128,64,2,1,1,0,0,0,7,4,2,1,64,128,16,90,90,60817408,55848206336,918,0.122966,460.621,454177
13,CUTLASS,gemm,cutlass3x_sm90_tensorop_s64x128x16gemm_f16_f16_f32_f16_f16_128x128x64_2x1x1_0_nnn_align8_warpspecialized_cooperative_epi_tma,passed,success,universal,1664,4096,4096,f16:column,f16:column,f16:column,f16:column,1,0,serial,1,1,heuristic,invalid,invalid,false,false,1,tensorop,f32,128,128,64,2,1,1,0,0,0,6,4,2,1,64,128,16,90,90,60817408,55848206336,918,0.117156,483.463,476699
13,CUTLASS,gemm,cutlass3x_sm90_tensorop_s64x128x16gemm_f16_f16_f32_f16_f16_128x128x64_2x1x1_0_nnn_align8_stream_k_warpspecialized_cooperative_epi_nosmem,passed,success,universal,1664,4096,4096,f16:column,f16:column,f16:column,f16:column,1,0,serial,1,1,heuristic,invalid,invalid,false,false,1,tensorop,f32,128,128,64,2,1,1,0,0,0,7,4,2,1,64,128,16,90,90,60817408,55848206336,918,0.1254,451.678,445359
13,CUTLASS,gemm,cutlass3x_sm90_tensorop_s64x128x16gemm_f16_f16_f32_f16_f16_128x128x64_2x1x1_0_nnn_align8_stream_k_warpspecialized_cooperative_epi_tma,passed,success,universal,1664,4096,4096,f16:column,f16:column,f16:column,f16:column,1,0,serial,1,1,heuristic,invalid,invalid,false,false,1,tensorop,f32,128,128,64,2,1,1,0,0,0,6,4,2,1,64,128,16,90,90,60817408,55848206336,918,0.121946,464.472,457974
14,CUTLASS,gemm,cutlass_tensorop_f16_s1688gemm_f16_256x128_32x2_nn_align8,passed,success,universal,1792,4096,4096,f16:column,f16:column,f16:column,f16:column,1,0,serial,1,1,heuristic,invalid,invalid,false,false,1,tensorop,f32,256,128,32,1,1,1,0,0,0,2,4,2,1,16,8,8,75,1024,62914560,60144222208,955,0.329842,177.642,182343
14,CUTLASS,gemm,cutlass_tensorop_f16_s16816gemm_f16_256x128_32x3_nn_align8,passed,success,universal,1792,4096,4096,f16:column,f16:column,f16:column,f16:column,1,0,serial,1,1,heuristic,invalid,invalid,false,false,1,tensorop,f32,256,128,32,1,1,1,0,0,0,3,4,2,1,16,8,16,80,1024,62914560,60144222208,955,0.150742,388.703,398988
14,CUTLASS,gemm,cutlass3x_sm90_tensorop_s64x128x16gemm_f16_f16_f32_f16_f16_128x128x64_1x2x1_0_nnn_align8,passed,success,universal,1792,4096,4096,f16:column,f16:column,f16:column,f16:column,1,0,serial,1,1,heuristic,invalid,invalid,false,false,1,tensorop,f32,128,128,64,1,2,1,0,0,0,7,4,2,1,64,128,16,90,90,62914560,60144222208,955,0.113627,515.668,529313
14,CUTLASS,gemm,cutlass3x_sm90_tensorop_s64x128x16gemm_f16_f16_f32_f16_f16_128x128x64_1x2x1_0_nnn_align8_warpspecialized_epi_nosmem,passed,success,universal,1792,4096,4096,f16:column,f16:column,f16:column,f16:column,1,0,serial,1,1,heuristic,invalid,invalid,false,false,1,tensorop,f32,128,128,64,1,2,1,0,0,0,7,4,1,1,64,128,16,90,90,62914560,60144222208,955,0.108417,540.447,554748
14,CUTLASS,gemm,cutlass3x_sm90_tensorop_s64x128x16gemm_f16_f16_f32_f16_f16_128x128x64_1x2x1_0_nnn_align8_warpspecialized_pingpong_epi_tma,passed,success,universal,1792,4096,4096,f16:column,f16:column,f16:column,f16:column,1,0,serial,1,1,heuristic,invalid,invalid,false,false,1,tensorop,f32,128,128,64,1,2,1,0,0,0,6,4,1,1,64,128,16,90,90,62914560,60144222208,955,0.105488,555.456,570154
14,CUTLASS,gemm,cutlass3x_sm90_tensorop_s64x128x16gemm_f16_f16_f32_f16_f16_128x128x64_1x2x1_0_nnn_align8_warpspecialized_pingpong_epi_nosmem,passed,success,universal,1792,4096,4096,f16:column,f16:column,f16:column,f16:column,1,0,serial,1,1,heuristic,invalid,invalid,false,false,1,tensorop,f32,128,128,64,1,2,1,0,0,0,7,4,1,1,64,128,16,90,90,62914560,60144222208,955,0.107428,545.426,559859
14,CUTLASS,gemm,cutlass3x_sm90_tensorop_s64x128x16gemm_f16_f16_f32_f16_f16_128x128x64_1x2x1_0_nnn_align8_warpspecialized_cooperative_epi_nosmem,passed,success,universal,1792,4096,4096,f16:column,f16:column,f16:column,f16:column,1,0,serial,1,1,heuristic,invalid,invalid,false,false,1,tensorop,f32,128,128,64,1,2,1,0,0,0,7,4,2,1,64,128,16,90,90,62914560,60144222208,955,0.113536,516.082,529739
14,CUTLASS,gemm,cutlass3x_sm90_tensorop_s64x128x16gemm_f16_f16_f32_f16_f16_128x128x64_1x2x1_0_nnn_align8_warpspecialized_cooperative_epi_tma,passed,success,universal,1792,4096,4096,f16:column,f16:column,f16:column,f16:column,1,0,serial,1,1,heuristic,invalid,invalid,false,false,1,tensorop,f32,128,128,64,1,2,1,0,0,0,6,4,2,1,64,128,16,90,90,62914560,60144222208,955,0.106583,549.747,564294
14,CUTLASS,gemm,cutlass3x_sm90_tensorop_s64x128x16gemm_f16_f16_f32_f16_f16_128x128x64_1x2x1_0_nnn_align8_stream_k_warpspecialized_cooperative_epi_nosmem,passed,success,universal,1792,4096,4096,f16:column,f16:column,f16:column,f16:column,1,0,serial,1,1,heuristic,invalid,invalid,false,false,1,tensorop,f32,128,128,64,1,2,1,0,0,0,7,4,2,1,64,128,16,90,90,62914560,60144222208,955,0.107015,547.528,562017
14,CUTLASS,gemm,cutlass3x_sm90_tensorop_s64x128x16gemm_f16_f16_f32_f16_f16_128x128x64_1x2x1_0_nnn_align8_stream_k_warpspecialized_cooperative_epi_tma,passed,success,universal,1792,4096,4096,f16:column,f16:column,f16:column,f16:column,1,0,serial,1,1,heuristic,invalid,invalid,false,false,1,tensorop,f32,128,128,64,1,2,1,0,0,0,6,4,2,1,64,128,16,90,90,62914560,60144222208,955,0.101938,574.798,590008
14,CUTLASS,gemm,cutlass3x_sm90_tensorop_s64x128x16gemm_f16_f16_f32_f16_f16_128x128x64_2x1x1_0_nnn_align8,passed,success,universal,1792,4096,4096,f16:column,f16:column,f16:column,f16:column,1,0,serial,1,1,heuristic,invalid,invalid,false,false,1,tensorop,f32,128,128,64,2,1,1,0,0,0,7,4,2,1,64,128,16,90,90,62914560,60144222208,955,0.111874,523.747,537606
14,CUTLASS,gemm,cutlass3x_sm90_tensorop_s64x128x16gemm_f16_f16_f32_f16_f16_128x128x64_2x1x1_0_nnn_align8_warpspecialized_epi_nosmem,passed,success,universal,1792,4096,4096,f16:column,f16:column,f16:column,f16:column,1,0,serial,1,1,heuristic,invalid,invalid,false,false,1,tensorop,f32,128,128,64,2,1,1,0,0,0,7,4,1,1,64,128,16,90,90,62914560,60144222208,955,0.114218,512.998,526573
14,CUTLASS,gemm,cutlass3x_sm90_tensorop_s64x128x16gemm_f16_f16_f32_f16_f16_128x128x64_2x1x1_0_nnn_align8_warpspecialized_pingpong_epi_tma,passed,success,universal,1792,4096,4096,f16:column,f16:column,f16:column,f16:column,1,0,serial,1,1,heuristic,invalid,invalid,false,false,1,tensorop,f32,128,128,64,2,1,1,0,0,0,6,4,1,1,64,128,16,90,90,62914560,60144222208,955,0.101909,574.961,590175
14,CUTLASS,gemm,cutlass3x_sm90_tensorop_s64x128x16gemm_f16_f16_f32_f16_f16_128x128x64_2x1x1_0_nnn_align8_warpspecialized_pingpong_epi_nosmem,passed,success,universal,1792,4096,4096,f16:column,f16:column,f16:column,f16:column,1,0,serial,1,1,heuristic,invalid,invalid,false,false,1,tensorop,f32,128,128,64,2,1,1,0,0,0,7,4,1,1,64,128,16,90,90,62914560,60144222208,955,0.10592,553.19,567829
14,CUTLASS,gemm,cutlass3x_sm90_tensorop_s64x128x16gemm_f16_f16_f32_f16_f16_128x128x64_2x1x1_0_nnn_align8_warpspecialized_cooperative_epi_nosmem,passed,success,universal,1792,4096,4096,f16:column,f16:column,f16:column,f16:column,1,0,serial,1,1,heuristic,invalid,invalid,false,false,1,tensorop,f32,128,128,64,2,1,1,0,0,0,7,4,2,1,64,128,16,90,90,62914560,60144222208,955,0.111279,526.549,540483
14,CUTLASS,gemm,cutlass3x_sm90_tensorop_s64x128x16gemm_f16_f16_f32_f16_f16_128x128x64_2x1x1_0_nnn_align8_warpspecialized_cooperative_epi_tma,passed,success,universal,1792,4096,4096,f16:column,f16:column,f16:column,f16:column,1,0,serial,1,1,heuristic,invalid,invalid,false,false,1,tensorop,f32,128,128,64,2,1,1,0,0,0,6,4,2,1,64,128,16,90,90,62914560,60144222208,955,0.103089,568.382,583422
14,CUTLASS,gemm,cutlass3x_sm90_tensorop_s64x128x16gemm_f16_f16_f32_f16_f16_128x128x64_2x1x1_0_nnn_align8_stream_k_warpspecialized_cooperative_epi_nosmem,passed,success,universal,1792,4096,4096,f16:column,f16:column,f16:column,f16:column,1,0,serial,1,1,heuristic,invalid,invalid,false,false,1,tensorop,f32,128,128,64,2,1,1,0,0,0,7,4,2,1,64,128,16,90,90,62914560,60144222208,955,0.108019,542.438,556792
14,CUTLASS,gemm,cutlass3x_sm90_tensorop_s64x128x16gemm_f16_f16_f32_f16_f16_128x128x64_2x1x1_0_nnn_align8_stream_k_warpspecialized_cooperative_epi_tma,passed,success,universal,1792,4096,4096,f16:column,f16:column,f16:column,f16:column,1,0,serial,1,1,heuristic,invalid,invalid,false,false,1,tensorop,f32,128,128,64,2,1,1,0,0,0,6,4,2,1,64,128,16,90,90,62914560,60144222208,955,0.102913,569.354,584420
15,CUTLASS,gemm,cutlass_tensorop_f16_s1688gemm_f16_256x128_32x2_nn_align8,passed,success,universal,1920,4096,4096,f16:column,f16:column,f16:column,f16:column,1,0,serial,1,1,heuristic,invalid,invalid,false,false,1,tensorop,f32,256,128,32,1,1,1,0,0,0,2,4,2,1,16,8,8,75,1024,65011712,64440238080,991,0.330348,183.282,195068
15,CUTLASS,gemm,cutlass_tensorop_f16_s16816gemm_f16_256x128_32x3_nn_align8,passed,success,universal,1920,4096,4096,f16:column,f16:column,f16:column,f16:column,1,0,serial,1,1,heuristic,invalid,invalid,false,false,1,tensorop,f32,256,128,32,1,1,1,0,0,0,3,4,2,1,16,8,16,80,1024,65011712,64440238080,991,0.151949,398.469,424092
15,CUTLASS,gemm,cutlass3x_sm90_tensorop_s64x128x16gemm_f16_f16_f32_f16_f16_128x128x64_1x2x1_0_nnn_align8,passed,success,universal,1920,4096,4096,f16:column,f16:column,f16:column,f16:column,1,0,serial,1,1,heuristic,invalid,invalid,false,false,1,tensorop,f32,128,128,64,1,2,1,0,0,0,7,4,2,1,64,128,16,90,90,65011712,64440238080,991,0.110177,549.544,584881
15,CUTLASS,gemm,cutlass3x_sm90_tensorop_s64x128x16gemm_f16_f16_f32_f16_f16_128x128x64_1x2x1_0_nnn_align8_warpspecialized_epi_nosmem,passed,success,universal,1920,4096,4096,f16:column,f16:column,f16:column,f16:column,1,0,serial,1,1,heuristic,invalid,invalid,false,false,1,tensorop,f32,128,128,64,1,2,1,0,0,0,7,4,1,1,64,128,16,90,90,65011712,64440238080,991,0.106365,569.238,605842
15,CUTLASS,gemm,cutlass3x_sm90_tensorop_s64x128x16gemm_f16_f16_f32_f16_f16_128x128x64_1x2x1_0_nnn_align8_warpspecialized_pingpong_epi_tma,passed,success,universal,1920,4096,4096,f16:column,f16:column,f16:column,f16:column,1,0,serial,1,1,heuristic,invalid,invalid,false,false,1,tensorop,f32,128,128,64,1,2,1,0,0,0,6,4,1,1,64,128,16,90,90,65011712,64440238080,991,0.103091,587.314,625080
15,CUTLASS,gemm,cutlass3x_sm90_tensorop_s64x128x16gemm_f16_f16_f32_f16_f16_128x128x64_1x2x1_0_nnn_align8_warpspecialized_pingpong_epi_nosmem,passed,success,universal,1920,4096,4096,f16:column,f16:column,f16:column,f16:column,1,0,serial,1,1,heuristic,invalid,invalid,false,false,1,tensorop,f32,128,128,64,1,2,1,0,0,0,7,4,1,1,64,128,16,90,90,65011712,64440238080,991,0.106477,568.636,605201
15,CUTLASS,gemm,cutlass3x_sm90_tensorop_s64x128x16gemm_f16_f16_f32_f16_f16_128x128x64_1x2x1_0_nnn_align8_warpspecialized_cooperative_epi_nosmem,passed,success,universal,1920,4096,4096,f16:column,f16:column,f16:column,f16:column,1,0,serial,1,1,heuristic,invalid,invalid,false,false,1,tensorop,f32,128,128,64,1,2,1,0,0,0,7,4,2,1,64,128,16,90,90,65011712,64440238080,991,0.111097,544.991,580036
15,CUTLASS,gemm,cutlass3x_sm90_tensorop_s64x128x16gemm_f16_f16_f32_f16_f16_128x128x64_1x2x1_0_nnn_align8_warpspecialized_cooperative_epi_tma,passed,success,universal,1920,4096,4096,f16:column,f16:column,f16:column,f16:column,1,0,serial,1,1,heuristic,invalid,invalid,false,false,1,tensorop,f32,128,128,64,1,2,1,0,0,0,6,4,2,1,64,128,16,90,90,65011712,64440238080,991,0.104752,578.004,615171
15,CUTLASS,gemm,cutlass3x_sm90_tensorop_s64x128x16gemm_f16_f16_f32_f16_f16_128x128x64_1x2x1_0_nnn_align8_stream_k_warpspecialized_cooperative_epi_nosmem,passed,success,universal,1920,4096,4096,f16:column,f16:column,f16:column,f16:column,1,0,serial,1,1,heuristic,invalid,invalid,false,false,1,tensorop,f32,128,128,64,1,2,1,0,0,0,7,4,2,1,64,128,16,90,90,65011712,64440238080,991,0.112544,537.983,572577
15,CUTLASS,gemm,cutlass3x_sm90_tensorop_s64x128x16gemm_f16_f16_f32_f16_f16_128x128x64_1x2x1_0_nnn_align8_stream_k_warpspecialized_cooperative_epi_tma,passed,success,universal,1920,4096,4096,f16:column,f16:column,f16:column,f16:column,1,0,serial,1,1,heuristic,invalid,invalid,false,false,1,tensorop,f32,128,128,64,1,2,1,0,0,0,6,4,2,1,64,128,16,90,90,65011712,64440238080,991,0.108193,559.619,595605
15,CUTLASS,gemm,cutlass3x_sm90_tensorop_s64x128x16gemm_f16_f16_f32_f16_f16_128x128x64_2x1x1_0_nnn_align8,passed,success,universal,1920,4096,4096,f16:column,f16:column,f16:column,f16:column,1,0,serial,1,1,heuristic,invalid,invalid,false,false,1,tensorop,f32,128,128,64,2,1,1,0,0,0,7,4,2,1,64,128,16,90,90,65011712,64440238080,991,0.127052,476.551,507195
15,CUTLASS,gemm,cutlass3x_sm90_tensorop_s64x128x16gemm_f16_f16_f32_f16_f16_128x128x64_2x1x1_0_nnn_align8_warpspecialized_epi_nosmem,passed,success,universal,1920,4096,4096,f16:column,f16:column,f16:column,f16:column,1,0,serial,1,1,heuristic,invalid,invalid,false,false,1,tensorop,f32,128,128,64,2,1,1,0,0,0,7,4,1,1,64,128,16,90,90,65011712,64440238080,991,0.129252,468.439,498561
15,CUTLASS,gemm,cutlass3x_sm90_tensorop_s64x128x16gemm_f16_f16_f32_f16_f16_128x128x64_2x1x1_0_nnn_align8_warpspecialized_pingpong_epi_tma,passed,success,universal,1920,4096,4096,f16:column,f16:column,f16:column,f16:column,1,0,serial,1,1,heuristic,invalid,invalid,false,false,1,tensorop,f32,128,128,64,2,1,1,0,0,0,6,4,1,1,64,128,16,90,90,65011712,64440238080,991,0.120974,500.493,532677
15,CUTLASS,gemm,cutlass3x_sm90_tensorop_s64x128x16gemm_f16_f16_f32_f16_f16_128x128x64_2x1x1_0_nnn_align8_warpspecialized_pingpong_epi_nosmem,passed,success,universal,1920,4096,4096,f16:column,f16:column,f16:column,f16:column,1,0,serial,1,1,heuristic,invalid,invalid,false,false,1,tensorop,f32,128,128,64,2,1,1,0,0,0,7,4,1,1,64,128,16,90,90,65011712,64440238080,991,0.125388,482.878,513929
15,CUTLASS,gemm,cutlass3x_sm90_tensorop_s64x128x16gemm_f16_f16_f32_f16_f16_128x128x64_2x1x1_0_nnn_align8_warpspecialized_cooperative_epi_nosmem,passed,success,universal,1920,4096,4096,f16:column,f16:column,f16:column,f16:column,1,0,serial,1,1,heuristic,invalid,invalid,false,false,1,tensorop,f32,128,128,64,2,1,1,0,0,0,7,4,2,1,64,128,16,90,90,65011712,64440238080,991,0.127454,475.049,505596
15,CUTLASS,gemm,cutlass3x_sm90_tensorop_s64x128x16gemm_f16_f16_f32_f16_f16_128x128x64_2x1x1_0_nnn_align8_warpspecialized_cooperative_epi_tma,passed,success,universal,1920,4096,4096,f16:column,f16:column,f16:column,f16:column,1,0,serial,1,1,heuristic,invalid,invalid,false,false,1,tensorop,f32,128,128,64,2,1,1,0,0,0,6,4,2,1,64,128,16,90,90,65011712,64440238080,991,0.121525,498.225,530263
15,CUTLASS,gemm,cutlass3x_sm90_tensorop_s64x128x16gemm_f16_f16_f32_f16_f16_128x128x64_2x1x1_0_nnn_align8_stream_k_warpspecialized_cooperative_epi_nosmem,passed,success,universal,1920,4096,4096,f16:column,f16:column,f16:column,f16:column,1,0,serial,1,1,heuristic,invalid,invalid,false,false,1,tensorop,f32,128,128,64,2,1,1,0,0,0,7,4,2,1,64,128,16,90,90,65011712,64440238080,991,0.128602,470.81,501084
15,CUTLASS,gemm,cutlass3x_sm90_tensorop_s64x128x16gemm_f16_f16_f32_f16_f16_128x128x64_2x1x1_0_nnn_align8_stream_k_warpspecialized_cooperative_epi_tma,passed,success,universal,1920,4096,4096,f16:column,f16:column,f16:column,f16:column,1,0,serial,1,1,heuristic,invalid,invalid,false,false,1,tensorop,f32,128,128,64,2,1,1,0,0,0,6,4,2,1,64,128,16,90,90,65011712,64440238080,991,0.123828,488.959,520401
16,CUTLASS,gemm,cutlass_tensorop_f16_s1688gemm_f16_256x128_32x2_nn_align8,passed,success,universal,2048,4096,4096,f16:column,f16:column,f16:column,f16:column,1,0,serial,1,1,heuristic,invalid,invalid,false,false,1,tensorop,f32,256,128,32,1,1,1,0,0,0,2,4,2,1,16,8,8,75,1024,67108864,68736253952,1024,0.330796,188.938,207790
16,CUTLASS,gemm,cutlass_tensorop_f16_s16816gemm_f16_256x128_32x3_nn_align8,passed,success,universal,2048,4096,4096,f16:column,f16:column,f16:column,f16:column,1,0,serial,1,1,heuristic,invalid,invalid,false,false,1,tensorop,f32,256,128,32,1,1,1,0,0,0,3,4,2,1,16,8,16,80,1024,67108864,68736253952,1024,0.152042,411.071,452088
16,CUTLASS,gemm,cutlass3x_sm90_tensorop_s64x128x16gemm_f16_f16_f32_f16_f16_128x128x64_1x2x1_0_nnn_align8,passed,success,universal,2048,4096,4096,f16:column,f16:column,f16:column,f16:column,1,0,serial,1,1,heuristic,invalid,invalid,false,false,1,tensorop,f32,128,128,64,1,2,1,0,0,0,7,4,2,1,64,128,16,90,90,67108864,68736253952,1024,0.109477,570.896,627860
16,CUTLASS,gemm,cutlass3x_sm90_tensorop_s64x128x16gemm_f16_f16_f32_f16_f16_128x128x64_1x2x1_0_nnn_align8_warpspecialized_epi_nosmem,passed,success,universal,2048,4096,4096,f16:column,f16:column,f16:column,f16:column,1,0,serial,1,1,heuristic,invalid,invalid,false,false,1,tensorop,f32,128,128,64,1,2,1,0,0,0,7,4,1,1,64,128,16,90,90,67108864,68736253952,1024,0.105358,593.213,652404
16,CUTLASS,gemm,cutlass3x_sm90_tensorop_s64x128x16gemm_f16_f16_f32_f16_f16_128x128x64_1x2x1_0_nnn_align8_warpspecialized_pingpong_epi_tma,passed,success,universal,2048,4096,4096,f16:column,f16:column,f16:column,f16:column,1,0,serial,1,1,heuristic,invalid,invalid,false,false,1,tensorop,f32,128,128,64,1,2,1,0,0,0,6,4,1,1,64,128,16,90,90,67108864,68736253952,1024,0.101989,612.812,673959
16,CUTLASS,gemm,cutlass3x_sm90_tensorop_s64x128x16gemm_f16_f16_f32_f16_f16_128x128x64_1x2x1_0_nnn_align8_warpspecialized_pingpong_epi_nosmem,passed,success,universal,2048,4096,4096,f16:column,f16:column,f16:column,f16:column,1,0,serial,1,1,heuristic,invalid,invalid,false,false,1,tensorop,f32,128,128,64,1,2,1,0,0,0,7,4,1,1,64,128,16,90,90,67108864,68736253952,1024,0.106685,585.838,644293
16,CUTLASS,gemm,cutlass3x_sm90_tensorop_s64x128x16gemm_f16_f16_f32_f16_f16_128x128x64_1x2x1_0_nnn_align8_warpspecialized_cooperative_epi_nosmem,passed,success,universal,2048,4096,4096,f16:column,f16:column,f16:column,f16:column,1,0,serial,1,1,heuristic,invalid,invalid,false,false,1,tensorop,f32,128,128,64,1,2,1,0,0,0,7,4,2,1,64,128,16,90,90,67108864,68736253952,1024,0.109753,569.459,626280
16,CUTLASS,gemm,cutlass3x_sm90_tensorop_s64x128x16gemm_f16_f16_f32_f16_f16_128x128x64_1x2x1_0_nnn_align8_warpspecialized_cooperative_epi_tma,passed,success,universal,2048,4096,4096,f16:column,f16:column,f16:column,f16:column,1,0,serial,1,1,heuristic,invalid,invalid,false,false,1,tensorop,f32,128,128,64,1,2,1,0,0,0,6,4,2,1,64,128,16,90,90,67108864,68736253952,1024,0.10155,615.46,676870
16,CUTLASS,gemm,cutlass3x_sm90_tensorop_s64x128x16gemm_f16_f16_f32_f16_f16_128x128x64_1x2x1_0_nnn_align8_stream_k_warpspecialized_cooperative_epi_nosmem,passed,success,universal,2048,4096,4096,f16:column,f16:column,f16:column,f16:column,1,0,serial,1,1,heuristic,invalid,invalid,false,false,1,tensorop,f32,128,128,64,1,2,1,0,0,0,7,4,2,1,64,128,16,90,90,67108864,68736253952,1024,0.111412,560.98,616955
16,CUTLASS,gemm,cutlass3x_sm90_tensorop_s64x128x16gemm_f16_f16_f32_f16_f16_128x128x64_1x2x1_0_nnn_align8_stream_k_warpspecialized_cooperative_epi_tma,passed,success,universal,2048,4096,4096,f16:column,f16:column,f16:column,f16:column,1,0,serial,1,1,heuristic,invalid,invalid,false,false,1,tensorop,f32,128,128,64,1,2,1,0,0,0,6,4,2,1,64,128,16,90,90,67108864,68736253952,1024,0.104874,595.954,655418
16,CUTLASS,gemm,cutlass3x_sm90_tensorop_s64x128x16gemm_f16_f16_f32_f16_f16_128x128x64_2x1x1_0_nnn_align8,passed,success,universal,2048,4096,4096,f16:column,f16:column,f16:column,f16:column,1,0,serial,1,1,heuristic,invalid,invalid,false,false,1,tensorop,f32,128,128,64,2,1,1,0,0,0,7,4,2,1,64,128,16,90,90,67108864,68736253952,1024,0.109564,570.444,627363
16,CUTLASS,gemm,cutlass3x_sm90_tensorop_s64x128x16gemm_f16_f16_f32_f16_f16_128x128x64_2x1x1_0_nnn_align8_warpspecialized_epi_nosmem,passed,success,universal,2048,4096,4096,f16:column,f16:column,f16:column,f16:column,1,0,serial,1,1,heuristic,invalid,invalid,false,false,1,tensorop,f32,128,128,64,2,1,1,0,0,0,7,4,1,1,64,128,16,90,90,67108864,68736253952,1024,0.119806,521.675,573728
16,CUTLASS,gemm,cutlass3x_sm90_tensorop_s64x128x16gemm_f16_f16_f32_f16_f16_128x128x64_2x1x1_0_nnn_align8_warpspecialized_pingpong_epi_tma,passed,success,universal,2048,4096,4096,f16:column,f16:column,f16:column,f16:column,1,0,serial,1,1,heuristic,invalid,invalid,false,false,1,tensorop,f32,128,128,64,2,1,1,0,0,0,6,4,1,1,64,128,16,90,90,67108864,68736253952,1024,0.103687,602.777,662922
16,CUTLASS,gemm,cutlass3x_sm90_tensorop_s64x128x16gemm_f16_f16_f32_f16_f16_128x128x64_2x1x1_0_nnn_align8_warpspecialized_pingpong_epi_nosmem,passed,success,universal,2048,4096,4096,f16:column,f16:column,f16:column,f16:column,1,0,serial,1,1,heuristic,invalid,invalid,false,false,1,tensorop,f32,128,128,64,2,1,1,0,0,0,7,4,1,1,64,128,16,90,90,67108864,68736253952,1024,0.10712,583.46,641677
16,CUTLASS,gemm,cutlass3x_sm90_tensorop_s64x128x16gemm_f16_f16_f32_f16_f16_128x128x64_2x1x1_0_nnn_align8_warpspecialized_cooperative_epi_nosmem,passed,success,universal,2048,4096,4096,f16:column,f16:column,f16:column,f16:column,1,0,serial,1,1,heuristic,invalid,invalid,false,false,1,tensorop,f32,128,128,64,2,1,1,0,0,0,7,4,2,1,64,128,16,90,90,67108864,68736253952,1024,0.109766,569.391,626205
16,CUTLASS,gemm,cutlass3x_sm90_tensorop_s64x128x16gemm_f16_f16_f32_f16_f16_128x128x64_2x1x1_0_nnn_align8_warpspecialized_cooperative_epi_tma,passed,success,universal,2048,4096,4096,f16:column,f16:column,f16:column,f16:column,1,0,serial,1,1,heuristic,invalid,invalid,false,false,1,tensorop,f32,128,128,64,2,1,1,0,0,0,6,4,2,1,64,128,16,90,90,67108864,68736253952,1024,0.104738,596.728,656269
16,CUTLASS,gemm,cutlass3x_sm90_tensorop_s64x128x16gemm_f16_f16_f32_f16_f16_128x128x64_2x1x1_0_nnn_align8_stream_k_warpspecialized_cooperative_epi_nosmem,passed,success,universal,2048,4096,4096,f16:column,f16:column,f16:column,f16:column,1,0,serial,1,1,heuristic,invalid,invalid,false,false,1,tensorop,f32,128,128,64,2,1,1,0,0,0,7,4,2,1,64,128,16,90,90,67108864,68736253952,1024,0.111635,559.862,615726
16,CUTLASS,gemm,cutlass3x_sm90_tensorop_s64x128x16gemm_f16_f16_f32_f16_f16_128x128x64_2x1x1_0_nnn_align8_stream_k_warpspecialized_cooperative_epi_tma,passed,success,universal,2048,4096,4096,f16:column,f16:column,f16:column,f16:column,1,0,serial,1,1,heuristic,invalid,invalid,false,false,1,tensorop,f32,128,128,64,2,1,1,0,0,0,6,4,2,1,64,128,16,90,90,67108864,68736253952,1024,0.107927,579.097,636879
17,CUTLASS,gemm,cutlass_tensorop_f16_s1688gemm_f16_256x128_32x2_nn_align8,passed,success,universal,128,4096,4096,f16:column,f16:column,f16:column,f16:column,1,0,serial,2,1,heuristic,invalid,invalid,false,false,1,tensorop,f32,256,128,32,1,1,1,0,0,0,2,4,2,1,16,8,8,75,1024,35651584,4296015872,120,0.0909248,365.171,47248
17,CUTLASS,gemm,cutlass_tensorop_f16_s16816gemm_f16_256x128_32x3_nn_align8,passed,success,universal,128,4096,4096,f16:column,f16:column,f16:column,f16:column,1,0,serial,2,1,heuristic,invalid,invalid,false,false,1,tensorop,f32,256,128,32,1,1,1,0,0,0,3,4,2,1,16,8,16,80,1024,35651584,4296015872,120,0.0464128,715.387,92561
17,CUTLASS,gemm,cutlass3x_sm90_tensorop_s64x128x16gemm_f16_f16_f32_f16_f16_128x128x64_1x2x1_0_nnn_align8,passed,success,universal,128,4096,4096,f16:column,f16:column,f16:column,f16:column,1,0,serial,2,1,heuristic,invalid,invalid,false,false,1,tensorop,f32,128,128,64,1,2,1,0,0,0,7,4,2,1,64,128,16,90,90,35651584,4296015872,120,0.0266048,1248.01,161475
17,CUTLASS,gemm,cutlass3x_sm90_tensorop_s64x128x16gemm_f16_f16_f32_f16_f16_128x128x64_1x2x1_0_nnn_align8_warpspecialized_epi_nosmem,passed,success,universal,128,4096,4096,f16:column,f16:column,f16:column,f16:column,1,0,serial,2,1,heuristic,invalid,invalid,false,false,1,tensorop,f32,128,128,64,1,2,1,0,0,0,7,4,1,1,64,128,16,90,90,35651584,4296015872,120,0.0260403,1275.07,164976
17,CUTLASS,gemm,cutlass3x_sm90_tensorop_s64x128x16gemm_f16_f16_f32_f16_f16_128x128x64_1x2x1_0_nnn_align8_warpspecialized_pingpong_epi_tma,passed,success,universal,128,4096,4096,f16:column,f16:column,f16:column,f16:column,1,0,serial,2,1,heuristic,invalid,invalid,false,false,1,tensorop,f32,128,128,64,1,2,1,0,0,0,6,4,1,1,64,128,16,90,90,35651584,4296015872,120,0.0266182,1247.38,161394
17,CUTLASS,gemm,cutlass3x_sm90_tensorop_s64x128x16gemm_f16_f16_f32_f16_f16_128x128x64_1x2x1_0_nnn_align8_warpspecialized_pingpong_epi_nosmem,passed,success,universal,128,4096,4096,f16:column,f16:column,f16:column,f16:column,1,0,serial,2,1,heuristic,invalid,invalid,false,false,1,tensorop,f32,128,128,64,1,2,1,0,0,0,7,4,1,1,64,128,16,90,90,35651584,4296015872,120,0.0259674,1278.65,165439
17,CUTLASS,gemm,cutlass3x_sm90_tensorop_s64x128x16gemm_f16_f16_f32_f16_f16_128x128x64_1x2x1_0_nnn_align8_warpspecialized_cooperative_epi_nosmem,passed,success,universal,128,4096,4096,f16:column,f16:column,f16:column,f16:column,1,0,serial,2,1,heuristic,invalid,invalid,false,false,1,tensorop,f32,128,128,64,1,2,1,0,0,0,7,4,2,1,64,128,16,90,90,35651584,4296015872,120,0.0265261,1251.72,161954
17,CUTLASS,gemm,cutlass3x_sm90_tensorop_s64x128x16gemm_f16_f16_f32_f16_f16_128x128x64_1x2x1_0_nnn_align8_warpspecialized_cooperative_epi_tma,passed,success,universal,128,4096,4096,f16:column,f16:column,f16:column,f16:column,1,0,serial,2,1,heuristic,invalid,invalid,false,false,1,tensorop,f32,128,128,64,1,2,1,0,0,0,6,4,2,1,64,128,16,90,90,35651584,4296015872,120,0.0256995,1291.97,167163
17,CUTLASS,gemm,cutlass3x_sm90_tensorop_s64x128x16gemm_f16_f16_f32_f16_f16_128x128x64_1x2x1_0_nnn_align8_stream_k_warpspecialized_cooperative_epi_nosmem,passed,success,universal,128,4096,4096,f16:column,f16:column,f16:column,f16:column,1,0,serial,2,1,heuristic,invalid,invalid,false,false,1,tensorop,f32,128,128,64,1,2,1,0,0,0,7,4,2,1,64,128,16,90,90,35651584,4296015872,120,0.0246611,1346.38,174202
17,CUTLASS,gemm,cutlass3x_sm90_tensorop_s64x128x16gemm_f16_f16_f32_f16_f16_128x128x64_1x2x1_0_nnn_align8_stream_k_warpspecialized_cooperative_epi_tma,passed,success,universal,128,4096,4096,f16:column,f16:column,f16:column,f16:column,1,0,serial,2,1,heuristic,invalid,invalid,false,false,1,tensorop,f32,128,128,64,1,2,1,0,0,0,6,4,2,1,64,128,16,90,90,35651584,4296015872,120,0.0244688,1356.96,175571
17,CUTLASS,gemm,cutlass3x_sm90_tensorop_s64x128x16gemm_f16_f16_f32_f16_f16_128x128x64_2x1x1_0_nnn_align8,passed,success,universal,128,4096,4096,f16:column,f16:column,f16:column,f16:column,1,0,serial,2,1,heuristic,invalid,invalid,false,false,1,tensorop,f32,128,128,64,2,1,1,0,0,0,7,4,2,1,64,128,16,90,90,35651584,4296015872,120,0.0284586,1166.72,150957
17,CUTLASS,gemm,cutlass3x_sm90_tensorop_s64x128x16gemm_f16_f16_f32_f16_f16_128x128x64_2x1x1_0_nnn_align8_warpspecialized_epi_nosmem,passed,success,universal,128,4096,4096,f16:column,f16:column,f16:column,f16:column,1,0,serial,2,1,heuristic,invalid,invalid,false,false,1,tensorop,f32,128,128,64,2,1,1,0,0,0,7,4,1,1,64,128,16,90,90,35651584,4296015872,120,0.0280109,1185.37,153370
17,CUTLASS,gemm,cutlass3x_sm90_tensorop_s64x128x16gemm_f16_f16_f32_f16_f16_128x128x64_2x1x1_0_nnn_align8_warpspecialized_pingpong_epi_tma,passed,success,universal,128,4096,4096,f16:column,f16:column,f16:column,f16:column,1,0,serial,2,1,heuristic,invalid,invalid,false,false,1,tensorop,f32,128,128,64,2,1,1,0,0,0,6,4,1,1,64,128,16,90,90,35651584,4296015872,120,0.028681,1157.67,149786
17,CUTLASS,gemm,cutlass3x_sm90_tensorop_s64x128x16gemm_f16_f16_f32_f16_f16_128x128x64_2x1x1_0_nnn_align8_warpspecialized_pingpong_epi_nosmem,passed,success,universal,128,4096,4096,f16:column,f16:column,f16:column,f16:column,1,0,serial,2,1,heuristic,invalid,invalid,false,false,1,tensorop,f32,128,128,64,2,1,1,0,0,0,7,4,1,1,64,128,16,90,90,35651584,4296015872,120,0.0283514,1171.13,151528
17,CUTLASS,gemm,cutlass3x_sm90_tensorop_s64x128x16gemm_f16_f16_f32_f16_f16_128x128x64_2x1x1_0_nnn_align8_warpspecialized_cooperative_epi_nosmem,passed,success,universal,128,4096,4096,f16:column,f16:column,f16:column,f16:column,1,0,serial,2,1,heuristic,invalid,invalid,false,false,1,tensorop,f32,128,128,64,2,1,1,0,0,0,7,4,2,1,64,128,16,90,90,35651584,4296015872,120,0.0286038,1160.79,150190
17,CUTLASS,gemm,cutlass3x_sm90_tensorop_s64x128x16gemm_f16_f16_f32_f16_f16_128x128x64_2x1x1_0_nnn_align8_warpspecialized_cooperative_epi_tma,passed,success,universal,128,4096,4096,f16:column,f16:column,f16:column,f16:column,1,0,serial,2,1,heuristic,invalid,invalid,false,false,1,tensorop,f32,128,128,64,2,1,1,0,0,0,6,4,2,1,64,128,16,90,90,35651584,4296015872,120,0.0279082,1189.73,153934
17,CUTLASS,gemm,cutlass3x_sm90_tensorop_s64x128x16gemm_f16_f16_f32_f16_f16_128x128x64_2x1x1_0_nnn_align8_stream_k_warpspecialized_cooperative_epi_nosmem,passed,success,universal,128,4096,4096,f16:column,f16:column,f16:column,f16:column,1,0,serial,2,1,heuristic,invalid,invalid,false,false,1,tensorop,f32,128,128,64,2,1,1,0,0,0,7,4,2,1,64,128,16,90,90,35651584,4296015872,120,0.0267373,1241.83,160675
17,CUTLASS,gemm,cutlass3x_sm90_tensorop_s64x128x16gemm_f16_f16_f32_f16_f16_128x128x64_2x1x1_0_nnn_align8_stream_k_warpspecialized_cooperative_epi_tma,passed,success,universal,128,4096,4096,f16:column,f16:column,f16:column,f16:column,1,0,serial,2,1,heuristic,invalid,invalid,false,false,1,tensorop,f32,128,128,64,2,1,1,0,0,0,6,4,2,1,64,128,16,90,90,35651584,4296015872,120,0.0275824,1203.78,155752
18,CUTLASS,gemm,cutlass_tensorop_f16_s1688gemm_f16_256x128_32x2_nn_align8,passed,success,universal,256,4096,4096,f16:column,f16:column,f16:column,f16:column,1,0,serial,2,1,heuristic,invalid,invalid,false,false,1,tensorop,f32,256,128,32,1,1,1,0,0,0,2,4,2,1,16,8,8,75,1024,37748736,8592031744,227,0.0899606,390.796,95508.8
18,CUTLASS,gemm,cutlass_tensorop_f16_s16816gemm_f16_256x128_32x3_nn_align8,passed,success,universal,256,4096,4096,f16:column,f16:column,f16:column,f16:column,1,0,serial,2,1,heuristic,invalid,invalid,false,false,1,tensorop,f32,256,128,32,1,1,1,0,0,0,3,4,2,1,16,8,16,80,1024,37748736,8592031744,227,0.0471693,745.321,182153
18,CUTLASS,gemm,cutlass3x_sm90_tensorop_s64x128x16gemm_f16_f16_f32_f16_f16_128x128x64_1x2x1_0_nnn_align8,passed,success,universal,256,4096,4096,f16:column,f16:column,f16:column,f16:column,1,0,serial,2,1,heuristic,invalid,invalid,false,false,1,tensorop,f32,128,128,64,1,2,1,0,0,0,7,4,2,1,64,128,16,90,90,37748736,8592031744,227,0.0280749,1252.23,306040
18,CUTLASS,gemm,cutlass3x_sm90_tensorop_s64x128x16gemm_f16_f16_f32_f16_f16_128x128x64_1x2x1_0_nnn_align8_warpspecialized_epi_nosmem,passed,success,universal,256,4096,4096,f16:column,f16:column,f16:column,f16:column,1,0,serial,2,1,heuristic,invalid,invalid,false,false,1,tensorop,f32,128,128,64,1,2,1,0,0,0,7,4,1,1,64,128,16,90,90,37748736,8592031744,227,0.0273632,1284.8,314000
18,CUTLASS,gemm,cutlass3x_sm90_tensorop_s64x128x16gemm_f16_f16_f32_f16_f16_128x128x64_1x2x1_0_nnn_align8_warpspecialized_pingpong_epi_tma,passed,success,universal,256,4096,4096,f16:column,f16:column,f16:column,f16:column,1,0,serial,2,1,heuristic,invalid,invalid,false,false,1,tensorop,f32,128,128,64,1,2,1,0,0,0,6,4,1,1,64,128,16,90,90,37748736,8592031744,227,0.0281808,1247.52,304890
18,CUTLASS,gemm,cutlass3x_sm90_tensorop_s64x128x16gemm_f16_f16_f32_f16_f16_128x128x64_1x2x1_0_nnn_align8_warpspecialized_pingpong_epi_nosmem,passed,success,universal,256,4096,4096,f16:column,f16:column,f16:column,f16:column,1,0,serial,2,1,heuristic,invalid,invalid,false,false,1,tensorop,f32,128,128,64,1,2,1,0,0,0,7,4,1,1,64,128,16,90,90,37748736,8592031744,227,0.0274954,1278.62,312490
18,CUTLASS,gemm,cutlass3x_sm90_tensorop_s64x128x16gemm_f16_f16_f32_f16_f16_128x128x64_1x2x1_0_nnn_align8_warpspecialized_cooperative_epi_nosmem,passed,success,universal,256,4096,4096,f16:column,f16:column,f16:column,f16:column,1,0,serial,2,1,heuristic,invalid,invalid,false,false,1,tensorop,f32,128,128,64,1,2,1,0,0,0,7,4,2,1,64,128,16,90,90,37748736,8592031744,227,0.0281763,1247.72,304938
18,CUTLASS,gemm,cutlass3x_sm90_tensorop_s64x128x16gemm_f16_f16_f32_f16_f16_128x128x64_1x2x1_0_nnn_align8_warpspecialized_cooperative_epi_tma,passed,success,universal,256,4096,4096,f16:column,f16:column,f16:column,f16:column,1,0,serial,2,1,heuristic,invalid,invalid,false,false,1,tensorop,f32,128,128,64,1,2,1,0,0,0,6,4,2,1,64,128,16,90,90,37748736,8592031744,227,0.0274554,1280.49,312946
18,CUTLASS,gemm,cutlass3x_sm90_tensorop_s64x128x16gemm_f16_f16_f32_f16_f16_128x128x64_1x2x1_0_nnn_align8_stream_k_warpspecialized_cooperative_epi_nosmem,passed,success,universal,256,4096,4096,f16:column,f16:column,f16:column,f16:column,1,0,serial,2,1,heuristic,invalid,invalid,false,false,1,tensorop,f32,128,128,64,1,2,1,0,0,0,7,4,2,1,64,128,16,90,90,37748736,8592031744,227,0.027007,1301.74,318140
18,CUTLASS,gemm,cutlass3x_sm90_tensorop_s64x128x16gemm_f16_f16_f32_f16_f16_128x128x64_1x2x1_0_nnn_align8_stream_k_warpspecialized_cooperative_epi_tma,passed,success,universal,256,4096,4096,f16:column,f16:column,f16:column,f16:column,1,0,serial,2,1,heuristic,invalid,invalid,false,false,1,tensorop,f32,128,128,64,1,2,1,0,0,0,6,4,2,1,64,128,16,90,90,37748736,8592031744,227,0.0269536,1304.32,318771
18,CUTLASS,gemm,cutlass3x_sm90_tensorop_s64x128x16gemm_f16_f16_f32_f16_f16_128x128x64_2x1x1_0_nnn_align8,passed,success,universal,256,4096,4096,f16:column,f16:column,f16:column,f16:column,1,0,serial,2,1,heuristic,invalid,invalid,false,false,1,tensorop,f32,128,128,64,2,1,1,0,0,0,7,4,2,1,64,128,16,90,90,37748736,8592031744,227,0.0268867,1307.57,319564
18,CUTLASS,gemm,cutlass3x_sm90_tensorop_s64x128x16gemm_f16_f16_f32_f16_f16_128x128x64_2x1x1_0_nnn_align8_warpspecialized_epi_nosmem,passed,success,universal,256,4096,4096,f16:column,f16:column,f16:column,f16:column,1,0,serial,2,1,heuristic,invalid,invalid,false,false,1,tensorop,f32,128,128,64,2,1,1,0,0,0,7,4,1,1,64,128,16,90,90,37748736,8592031744,227,0.026112,1346.36,329045
18,CUTLASS,gemm,cutlass3x_sm90_tensorop_s64x128x16gemm_f16_f16_f32_f16_f16_128x128x64_2x1x1_0_nnn_align8_warpspecialized_pingpong_epi_tma,passed,success,universal,256,4096,4096,f16:column,f16:column,f16:column,f16:column,1,0,serial,2,1,heuristic,invalid,invalid,false,false,1,tensorop,f32,128,128,64,2,1,1,0,0,0,6,4,1,1,64,128,16,90,90,37748736,8592031744,227,0.0272182,1291.64,315672
18,CUTLASS,gemm,cutlass3x_sm90_tensorop_s64x128x16gemm_f16_f16_f32_f16_f16_128x128x64_2x1x1_0_nnn_align8_warpspecialized_pingpong_epi_nosmem,passed,success,universal,256,4096,4096,f16:column,f16:column,f16:column,f16:column,1,0,serial,2,1,heuristic,invalid,invalid,false,false,1,tensorop,f32,128,128,64,2,1,1,0,0,0,7,4,1,1,64,128,16,90,90,37748736,8592031744,227,0.026681,1317.65,322029
18,CUTLASS,gemm,cutlass3x_sm90_tensorop_s64x128x16gemm_f16_f16_f32_f16_f16_128x128x64_2x1x1_0_nnn_align8_warpspecialized_cooperative_epi_nosmem,passed,success,universal,256,4096,4096,f16:column,f16:column,f16:column,f16:column,1,0,serial,2,1,heuristic,invalid,invalid,false,false,1,tensorop,f32,128,128,64,2,1,1,0,0,0,7,4,2,1,64,128,16,90,90,37748736,8592031744,227,0.0269574,1304.14,318726
18,CUTLASS,gemm,cutlass3x_sm90_tensorop_s64x128x16gemm_f16_f16_f32_f16_f16_128x128x64_2x1x1_0_nnn_align8_warpspecialized_cooperative_epi_tma,passed,success,universal,256,4096,4096,f16:column,f16:column,f16:column,f16:column,1,0,serial,2,1,heuristic,invalid,invalid,false,false,1,tensorop,f32,128,128,64,2,1,1,0,0,0,6,4,2,1,64,128,16,90,90,37748736,8592031744,227,0.026592,1322.06,323106
18,CUTLASS,gemm,cutlass3x_sm90_tensorop_s64x128x16gemm_f16_f16_f32_f16_f16_128x128x64_2x1x1_0_nnn_align8_stream_k_warpspecialized_cooperative_epi_nosmem,passed,success,universal,256,4096,4096,f16:column,f16:column,f16:column,f16:column,1,0,serial,2,1,heuristic,invalid,invalid,false,false,1,tensorop,f32,128,128,64,2,1,1,0,0,0,7,4,2,1,64,128,16,90,90,37748736,8592031744,227,0.0250502,1403.43,342992
18,CUTLASS,gemm,cutlass3x_sm90_tensorop_s64x128x16gemm_f16_f16_f32_f16_f16_128x128x64_2x1x1_0_nnn_align8_stream_k_warpspecialized_cooperative_epi_tma,passed,success,universal,256,4096,4096,f16:column,f16:column,f16:column,f16:column,1,0,serial,2,1,heuristic,invalid,invalid,false,false,1,tensorop,f32,128,128,64,2,1,1,0,0,0,6,4,2,1,64,128,16,90,90,37748736,8592031744,227,0.0250614,1402.8,342839
19,CUTLASS,gemm,cutlass_tensorop_f16_s1688gemm_f16_256x128_32x2_nn_align8,passed,success,universal,384,4096,4096,f16:column,f16:column,f16:column,f16:column,1,0,serial,2,1,heuristic,invalid,invalid,false,false,1,tensorop,f32,256,128,32,1,1,1,0,0,0,2,4,2,1,16,8,8,75,1024,39845888,12888047616,323,0.0916525,404.892,140619
19,CUTLASS,gemm,cutlass_tensorop_f16_s16816gemm_f16_256x128_32x3_nn_align8,passed,success,universal,384,4096,4096,f16:column,f16:column,f16:column,f16:column,1,0,serial,2,1,heuristic,invalid,invalid,false,false,1,tensorop,f32,256,128,32,1,1,1,0,0,0,3,4,2,1,16,8,16,80,1024,39845888,12888047616,323,0.0480582,772.175,268176
19,CUTLASS,gemm,cutlass3x_sm90_tensorop_s64x128x16gemm_f16_f16_f32_f16_f16_128x128x64_1x2x1_0_nnn_align8,passed,success,universal,384,4096,4096,f16:column,f16:column,f16:column,f16:column,1,0,serial,2,1,heuristic,invalid,invalid,false,false,1,tensorop,f32,128,128,64,1,2,1,0,0,0,7,4,2,1,64,128,16,90,90,39845888,12888047616,323,0.0324323,1144.21,397383
19,CUTLASS,gemm,cutlass3x_sm90_tensorop_s64x128x16gemm_f16_f16_f32_f16_f16_128x128x64_1x2x1_0_nnn_align8_warpspecialized_epi_nosmem,passed,success,universal,384,4096,4096,f16:column,f16:column,f16:column,f16:column,1,0,serial,2,1,heuristic,invalid,invalid,false,false,1,tensorop,f32,128,128,64,1,2,1,0,0,0,7,4,1,1,64,128,16,90,90,39845888,12888047616,323,0.0319437,1161.71,403462
19,CUTLASS,gemm,cutlass3x_sm90_tensorop_s64x128x16gemm_f16_f16_f32_f16_f16_128x128x64_1x2x1_0_nnn_align8_warpspecialized_pingpong_epi_tma,passed,success,universal,384,4096,4096,f16:column,f16:column,f16:column,f16:column,1,0,serial,2,1,heuristic,invalid,invalid,false,false,1,tensorop,f32,128,128,64,1,2,1,0,0,0,6,4,1,1,64,128,16,90,90,39845888,12888047616,323,0.0299149,1240.5,430824
19,CUTLASS,gemm,cutlass3x_sm90_tensorop_s64x128x16gemm_f16_f16_f32_f16_f16_128x128x64_1x2x1_0_nnn_align8_warpspecialized_pingpong_epi_nosmem,passed,success,universal,384,4096,4096,f16:column,f16:column,f16:column,f16:column,1,0,serial,2,1,heuristic,invalid,invalid,false,false,1,tensorop,f32,128,128,64,1,2,1,0,0,0,7,4,1,1,64,128,16,90,90,39845888,12888047616,323,0.0320192,1158.97,402510
19,CUTLASS,gemm,cutlass3x_sm90_tensorop_s64x128x16gemm_f16_f16_f32_f16_f16_128x128x64_1x2x1_0_nnn_align8_warpspecialized_cooperative_epi_nosmem,passed,success,universal,384,4096,4096,f16:column,f16:column,f16:column,f16:column,1,0,serial,2,1,heuristic,invalid,invalid,false,false,1,tensorop,f32,128,128,64,1,2,1,0,0,0,7,4,2,1,64,128,16,90,90,39845888,12888047616,323,0.0318742,1164.24,404341
19,CUTLASS,gemm,cutlass3x_sm90_tensorop_s64x128x16gemm_f16_f16_f32_f16_f16_128x128x64_1x2x1_0_nnn_align8_warpspecialized_cooperative_epi_tma,passed,success,universal,384,4096,4096,f16:column,f16:column,f16:column,f16:column,1,0,serial,2,1,heuristic,invalid,invalid,false,false,1,tensorop,f32,128,128,64,1,2,1,0,0,0,6,4,2,1,64,128,16,90,90,39845888,12888047616,323,0.0284701,1303.45,452687
19,CUTLASS,gemm,cutlass3x_sm90_tensorop_s64x128x16gemm_f16_f16_f32_f16_f16_128x128x64_1x2x1_0_nnn_align8_stream_k_warpspecialized_cooperative_epi_nosmem,passed,success,universal,384,4096,4096,f16:column,f16:column,f16:column,f16:column,1,0,serial,2,1,heuristic,invalid,invalid,false,false,1,tensorop,f32,128,128,64,1,2,1,0,0,0,7,4,2,1,64,128,16,90,90,39845888,12888047616,323,0.0366867,1011.52,351300
19,CUTLASS,gemm,cutlass3x_sm90_tensorop_s64x128x16gemm_f16_f16_f32_f16_f16_128x128x64_1x2x1_0_nnn_align8_stream_k_warpspecialized_cooperative_epi_tma,passed,success,universal,384,4096,4096,f16:column,f16:column,f16:column,f16:column,1,0,serial,2,1,heuristic,invalid,invalid,false,false,1,tensorop,f32,128,128,64,1,2,1,0,0,0,6,4,2,1,64,128,16,90,90,39845888,12888047616,323,0.0356998,1039.48,361011
19,CUTLASS,gemm,cutlass3x_sm90_tensorop_s64x128x16gemm_f16_f16_f32_f16_f16_128x128x64_2x1x1_0_nnn_align8,passed,success,universal,384,4096,4096,f16:column,f16:column,f16:column,f16:column,1,0,serial,2,1,heuristic,invalid,invalid,false,false,1,tensorop,f32,128,128,64,2,1,1,0,0,0,7,4,2,1,64,128,16,90,90,39845888,12888047616,323,0.039223,946.112,328584
19,CUTLASS,gemm,cutlass3x_sm90_tensorop_s64x128x16gemm_f16_f16_f32_f16_f16_128x128x64_2x1x1_0_nnn_align8_warpspecialized_epi_nosmem,passed,success,universal,384,4096,4096,f16:column,f16:column,f16:column,f16:column,1,0,serial,2,1,heuristic,invalid,invalid,false,false,1,tensorop,f32,128,128,64,2,1,1,0,0,0,7,4,1,1,64,128,16,90,90,39845888,12888047616,323,0.0380342,975.683,338854
19,CUTLASS,gemm,cutlass3x_sm90_tensorop_s64x128x16gemm_f16_f16_f32_f16_f16_128x128x64_2x1x1_0_nnn_align8_warpspecialized_pingpong_epi_tma,passed,success,universal,384,4096,4096,f16:column,f16:column,f16:column,f16:column,1,0,serial,2,1,heuristic,invalid,invalid,false,false,1,tensorop,f32,128,128,64,2,1,1,0,0,0,6,4,1,1,64,128,16,90,90,39845888,12888047616,323,0.0387482,957.707,332611
19,CUTLASS,gemm,cutlass3x_sm90_tensorop_s64x128x16gemm_f16_f16_f32_f16_f16_128x128x64_2x1x1_0_nnn_align8_warpspecialized_pingpong_epi_nosmem,passed,success,universal,384,4096,4096,f16:column,f16:column,f16:column,f16:column,1,0,serial,2,1,heuristic,invalid,invalid,false,false,1,tensorop,f32,128,128,64,2,1,1,0,0,0,7,4,1,1,64,128,16,90,90,39845888,12888047616,323,0.0388301,955.686,331909
19,CUTLASS,gemm,cutlass3x_sm90_tensorop_s64x128x16gemm_f16_f16_f32_f16_f16_128x128x64_2x1x1_0_nnn_align8_warpspecialized_cooperative_epi_nosmem,passed,success,universal,384,4096,4096,f16:column,f16:column,f16:column,f16:column,1,0,serial,2,1,heuristic,invalid,invalid,false,false,1,tensorop,f32,128,128,64,2,1,1,0,0,0,7,4,2,1,64,128,16,90,90,39845888,12888047616,323,0.0385411,962.852,334397
19,CUTLASS,gemm,cutlass3x_sm90_tensorop_s64x128x16gemm_f16_f16_f32_f16_f16_128x128x64_2x1x1_0_nnn_align8_warpspecialized_cooperative_epi_tma,passed,success,universal,384,4096,4096,f16:column,f16:column,f16:column,f16:column,1,0,serial,2,1,heuristic,invalid,invalid,false,false,1,tensorop,f32,128,128,64,2,1,1,0,0,0,6,4,2,1,64,128,16,90,90,39845888,12888047616,323,0.0377338,983.453,341552
19,CUTLASS,gemm,cutlass3x_sm90_tensorop_s64x128x16gemm_f16_f16_f32_f16_f16_128x128x64_2x1x1_0_nnn_align8_stream_k_warpspecialized_cooperative_epi_nosmem,passed,success,universal,384,4096,4096,f16:column,f16:column,f16:column,f16:column,1,0,serial,2,1,heuristic,invalid,invalid,false,false,1,tensorop,f32,128,128,64,2,1,1,0,0,0,7,4,2,1,64,128,16,90,90,39845888,12888047616,323,0.0410429,904.161,314014
19,CUTLASS,gemm,cutlass3x_sm90_tensorop_s64x128x16gemm_f16_f16_f32_f16_f16_128x128x64_2x1x1_0_nnn_align8_stream_k_warpspecialized_cooperative_epi_tma,passed,success,universal,384,4096,4096,f16:column,f16:column,f16:column,f16:column,1,0,serial,2,1,heuristic,invalid,invalid,false,false,1,tensorop,f32,128,128,64,2,1,1,0,0,0,6,4,2,1,64,128,16,90,90,39845888,12888047616,323,0.0414048,896.258,311269
20,CUTLASS,gemm,cutlass_tensorop_f16_s1688gemm_f16_256x128_32x2_nn_align8,passed,success,universal,512,4096,4096,f16:column,f16:column,f16:column,f16:column,1,0,serial,2,1,heuristic,invalid,invalid,false,false,1,tensorop,f32,256,128,32,1,1,1,0,0,0,2,4,2,1,16,8,8,75,1024,41943040,17184063488,409,0.0909427,429.529,188955
20,CUTLASS,gemm,cutlass_tensorop_f16_s16816gemm_f16_256x128_32x3_nn_align8,passed,success,universal,512,4096,4096,f16:column,f16:column,f16:column,f16:column,1,0,serial,2,1,heuristic,invalid,invalid,false,false,1,tensorop,f32,256,128,32,1,1,1,0,0,0,3,4,2,1,16,8,16,80,1024,41943040,17184063488,409,0.0485818,804.057,353714
20,CUTLASS,gemm,cutlass3x_sm90_tensorop_s64x128x16gemm_f16_f16_f32_f16_f16_128x128x64_1x2x1_0_nnn_align8,passed,success,universal,512,4096,4096,f16:column,f16:column,f16:column,f16:column,1,0,serial,2,1,heuristic,invalid,invalid,false,false,1,tensorop,f32,128,128,64,1,2,1,0,0,0,7,4,2,1,64,128,16,90,90,41943040,17184063488,409,0.033271,1174.07,516487
20,CUTLASS,gemm,cutlass3x_sm90_tensorop_s64x128x16gemm_f16_f16_f32_f16_f16_128x128x64_1x2x1_0_nnn_align8_warpspecialized_epi_nosmem,passed,success,universal,512,4096,4096,f16:column,f16:column,f16:column,f16:column,1,0,serial,2,1,heuristic,invalid,invalid,false,false,1,tensorop,f32,128,128,64,1,2,1,0,0,0,7,4,1,1,64,128,16,90,90,41943040,17184063488,409,0.0325958,1198.39,527186
20,CUTLASS,gemm,cutlass3x_sm90_tensorop_s64x128x16gemm_f16_f16_f32_f16_f16_128x128x64_1x2x1_0_nnn_align8_warpspecialized_pingpong_epi_tma,passed,success,universal,512,4096,4096,f16:column,f16:column,f16:column,f16:column,1,0,serial,2,1,heuristic,invalid,invalid,false,false,1,tensorop,f32,128,128,64,1,2,1,0,0,0,6,4,1,1,64,128,16,90,90,41943040,17184063488,409,0.0330054,1183.52,520643
20,CUTLASS,gemm,cutlass3x_sm90_tensorop_s64x128x16gemm_f16_f16_f32_f16_f16_128x128x64_1x2x1_0_nnn_align8_warpspecialized_pingpong_epi_nosmem,passed,success,universal,512,4096,4096,f16:column,f16:column,f16:column,f16:column,1,0,serial,2,1,heuristic,invalid,invalid,false,false,1,tensorop,f32,128,128,64,1,2,1,0,0,0,7,4,1,1,64,128,16,90,90,41943040,17184063488,409,0.0329632,1185.03,521311
20,CUTLASS,gemm,cutlass3x_sm90_tensorop_s64x128x16gemm_f16_f16_f32_f16_f16_128x128x64_1x2x1_0_nnn_align8_warpspecialized_cooperative_epi_nosmem,passed,success,universal,512,4096,4096,f16:column,f16:column,f16:column,f16:column,1,0,serial,2,1,heuristic,invalid,invalid,false,false,1,tensorop,f32,128,128,64,1,2,1,0,0,0,7,4,2,1,64,128,16,90,90,41943040,17184063488,409,0.0332442,1175.02,516905
20,CUTLASS,gemm,cutlass3x_sm90_tensorop_s64x128x16gemm_f16_f16_f32_f16_f16_128x128x64_1x2x1_0_nnn_align8_warpspecialized_cooperative_epi_tma,passed,success,universal,512,4096,4096,f16:column,f16:column,f16:column,f16:column,1,0,serial,2,1,heuristic,invalid,invalid,false,false,1,tensorop,f32,128,128,64,1,2,1,0,0,0,6,4,2,1,64,128,16,90,90,41943040,17184063488,409,0.0319757,1221.63,537410
20,CUTLASS,gemm,cutlass3x_sm90_tensorop_s64x128x16gemm_f16_f16_f32_f16_f16_128x128x64_1x2x1_0_nnn_align8_stream_k_warpspecialized_cooperative_epi_nosmem,passed,success,universal,512,4096,4096,f16:column,f16:column,f16:column,f16:column,1,0,serial,2,1,heuristic,invalid,invalid,false,false,1,tensorop,f32,128,128,64,1,2,1,0,0,0,7,4,2,1,64,128,16,90,90,41943040,17184063488,409,0.0389654,1002.49,441008
20,CUTLASS,gemm,cutlass3x_sm90_tensorop_s64x128x16gemm_f16_f16_f32_f16_f16_128x128x64_1x2x1_0_nnn_align8_stream_k_warpspecialized_cooperative_epi_tma,passed,success,universal,512,4096,4096,f16:column,f16:column,f16:column,f16:column,1,0,serial,2,1,heuristic,invalid,invalid,false,false,1,tensorop,f32,128,128,64,1,2,1,0,0,0,6,4,2,1,64,128,16,90,90,41943040,17184063488,409,0.0383565,1018.41,448009
20,CUTLASS,gemm,cutlass3x_sm90_tensorop_s64x128x16gemm_f16_f16_f32_f16_f16_128x128x64_2x1x1_0_nnn_align8,passed,success,universal,512,4096,4096,f16:column,f16:column,f16:column,f16:column,1,0,serial,2,1,heuristic,invalid,invalid,false,false,1,tensorop,f32,128,128,64,2,1,1,0,0,0,7,4,2,1,64,128,16,90,90,41943040,17184063488,409,0.0278899,1400.6,616139
20,CUTLASS,gemm,cutlass3x_sm90_tensorop_s64x128x16gemm_f16_f16_f32_f16_f16_128x128x64_2x1x1_0_nnn_align8_warpspecialized_epi_nosmem,passed,success,universal,512,4096,4096,f16:column,f16:column,f16:column,f16:column,1,0,serial,2,1,heuristic,invalid,invalid,false,false,1,tensorop,f32,128,128,64,2,1,1,0,0,0,7,4,1,1,64,128,16,90,90,41943040,17184063488,409,0.0270803,1442.47,634559
20,CUTLASS,gemm,cutlass3x_sm90_tensorop_s64x128x16gemm_f16_f16_f32_f16_f16_128x128x64_2x1x1_0_nnn_align8_warpspecialized_pingpong_epi_tma,passed,success,universal,512,4096,4096,f16:column,f16:column,f16:column,f16:column,1,0,serial,2,1,heuristic,invalid,invalid,false,false,1,tensorop,f32,128,128,64,2,1,1,0,0,0,6,4,1,1,64,128,16,90,90,41943040,17184063488,409,0.0282621,1382.15,608025
20,CUTLASS,gemm,cutlass3x_sm90_tensorop_s64x128x16gemm_f16_f16_f32_f16_f16_128x128x64_2x1x1_0_nnn_align8_warpspecialized_pingpong_epi_nosmem,passed,success,universal,512,4096,4096,f16:column,f16:column,f16:column,f16:column,1,0,serial,2,1,heuristic,invalid,invalid,false,false,1,tensorop,f32,128,128,64,2,1,1,0,0,0,7,4,1,1,64,128,16,90,90,41943040,17184063488,409,0.027336,1428.98,628624
20,CUTLASS,gemm,cutlass3x_sm90_tensorop_s64x128x16gemm_f16_f16_f32_f16_f16_128x128x64_2x1x1_0_nnn_align8_warpspecialized_cooperative_epi_nosmem,passed,success,universal,512,4096,4096,f16:column,f16:column,f16:column,f16:column,1,0,serial,2,1,heuristic,invalid,invalid,false,false,1,tensorop,f32,128,128,64,2,1,1,0,0,0,7,4,2,1,64,128,16,90,90,41943040,17184063488,409,0.0280269,1393.75,613128
20,CUTLASS,gemm,cutlass3x_sm90_tensorop_s64x128x16gemm_f16_f16_f32_f16_f16_128x128x64_2x1x1_0_nnn_align8_warpspecialized_cooperative_epi_tma,passed,success,universal,512,4096,4096,f16:column,f16:column,f16:column,f16:column,1,0,serial,2,1,heuristic,invalid,invalid,false,false,1,tensorop,f32,128,128,64,2,1,1,0,0,0,6,4,2,1,64,128,16,90,90,41943040,17184063488,409,0.0271834,1437,632154
20,CUTLASS,gemm,cutlass3x_sm90_tensorop_s64x128x16gemm_f16_f16_f32_f16_f16_128x128x64_2x1x1_0_nnn_align8_stream_k_warpspecialized_cooperative_epi_nosmem,passed,success,universal,512,4096,4096,f16:column,f16:column,f16:column,f16:column,1,0,serial,2,1,heuristic,invalid,invalid,false,false,1,tensorop,f32,128,128,64,2,1,1,0,0,0,7,4,2,1,64,128,16,90,90,41943040,17184063488,409,0.0351798,1110.37,488463
20,CUTLASS,gemm,cutlass3x_sm90_tensorop_s64x128x16gemm_f16_f16_f32_f16_f16_128x128x64_2x1x1_0_nnn_align8_stream_k_warpspecialized_cooperative_epi_tma,passed,success,universal,512,4096,4096,f16:column,f16:column,f16:column,f16:column,1,0,serial,2,1,heuristic,invalid,invalid,false,false,1,tensorop,f32,128,128,64,2,1,1,0,0,0,6,4,2,1,64,128,16,90,90,41943040,17184063488,409,0.0349411,1117.95,491801
21,CUTLASS,gemm,cutlass_tensorop_f16_s1688gemm_f16_256x128_32x2_nn_align8,passed,success,universal,640,4096,4096,f16:column,f16:column,f16:column,f16:column,1,0,serial,2,1,heuristic,invalid,invalid,false,false,1,tensorop,f32,256,128,32,1,1,1,0,0,0,2,4,2,1,16,8,8,75,1024,44040192,21480079360,487,0.16924,242.352,126921
21,CUTLASS,gemm,cutlass_tensorop_f16_s16816gemm_f16_256x128_32x3_nn_align8,passed,success,universal,640,4096,4096,f16:column,f16:column,f16:column,f16:column,1,0,serial,2,1,heuristic,invalid,invalid,false,false,1,tensorop,f32,256,128,32,1,1,1,0,0,0,3,4,2,1,16,8,16,80,1024,44040192,21480079360,487,0.0838198,489.331,256265
21,CUTLASS,gemm,cutlass3x_sm90_tensorop_s64x128x16gemm_f16_f16_f32_f16_f16_128x128x64_1x2x1_0_nnn_align8,passed,success,universal,640,4096,4096,f16:column,f16:column,f16:column,f16:column,1,0,serial,2,1,heuristic,invalid,invalid,false,false,1,tensorop,f32,128,128,64,1,2,1,0,0,0,7,4,2,1,64,128,16,90,90,44040192,21480079360,487,0.0569683,719.972,377053
21,CUTLASS,gemm,cutlass3x_sm90_tensorop_s64x128x16gemm_f16_f16_f32_f16_f16_128x128x64_1x2x1_0_nnn_align8_warpspecialized_epi_nosmem,passed,success,universal,640,4096,4096,f16:column,f16:column,f16:column,f16:column,1,0,serial,2,1,heuristic,invalid,invalid,false,false,1,tensorop,f32,128,128,64,1,2,1,0,0,0,7,4,1,1,64,128,16,90,90,44040192,21480079360,487,0.0553344,741.232,388187
21,CUTLASS,gemm,cutlass3x_sm90_tensorop_s64x128x16gemm_f16_f16_f32_f16_f16_128x128x64_1x2x1_0_nnn_align8_warpspecialized_pingpong_epi_tma,passed,success,universal,640,4096,4096,f16:column,f16:column,f16:column,f16:column,1,0,serial,2,1,heuristic,invalid,invalid,false,false,1,tensorop,f32,128,128,64,1,2,1,0,0,0,6,4,1,1,64,128,16,90,90,44040192,21480079360,487,0.0532298,770.539,403535
21,CUTLASS,gemm,cutlass3x_sm90_tensorop_s64x128x16gemm_f16_f16_f32_f16_f16_128x128x64_1x2x1_0_nnn_align8_warpspecialized_pingpong_epi_nosmem,passed,success,universal,640,4096,4096,f16:column,f16:column,f16:column,f16:column,1,0,serial,2,1,heuristic,invalid,invalid,false,false,1,tensorop,f32,128,128,64,1,2,1,0,0,0,7,4,1,1,64,128,16,90,90,44040192,21480079360,487,0.0547587,749.025,392268
21,CUTLASS,gemm,cutlass3x_sm90_tensorop_s64x128x16gemm_f16_f16_f32_f16_f16_128x128x64_1x2x1_0_nnn_align8_warpspecialized_cooperative_epi_nosmem,passed,success,universal,640,4096,4096,f16:column,f16:column,f16:column,f16:column,1,0,serial,2,1,heuristic,invalid,invalid,false,false,1,tensorop,f32,128,128,64,1,2,1,0,0,0,7,4,2,1,64,128,16,90,90,44040192,21480079360,487,0.0568557,721.399,377800
21,CUTLASS,gemm,cutlass3x_sm90_tensorop_s64x128x16gemm_f16_f16_f32_f16_f16_128x128x64_1x2x1_0_nnn_align8_warpspecialized_cooperative_epi_tma,passed,success,universal,640,4096,4096,f16:column,f16:column,f16:column,f16:column,1,0,serial,2,1,heuristic,invalid,invalid,false,false,1,tensorop,f32,128,128,64,1,2,1,0,0,0,6,4,2,1,64,128,16,90,90,44040192,21480079360,487,0.0535286,766.237,401282
21,CUTLASS,gemm,cutlass3x_sm90_tensorop_s64x128x16gemm_f16_f16_f32_f16_f16_128x128x64_1x2x1_0_nnn_align8_stream_k_warpspecialized_cooperative_epi_nosmem,passed,success,universal,640,4096,4096,f16:column,f16:column,f16:column,f16:column,1,0,serial,2,1,heuristic,invalid,invalid,false,false,1,tensorop,f32,128,128,64,1,2,1,0,0,0,7,4,2,1,64,128,16,90,90,44040192,21480079360,487,0.0545165,752.353,394011
21,CUTLASS,gemm,cutlass3x_sm90_tensorop_s64x128x16gemm_f16_f16_f32_f16_f16_128x128x64_1x2x1_0_nnn_align8_stream_k_warpspecialized_cooperative_epi_tma,passed,success,universal,640,4096,4096,f16:column,f16:column,f16:column,f16:column,1,0,serial,2,1,heuristic,invalid,invalid,false,false,1,tensorop,f32,128,128,64,1,2,1,0,0,0,6,4,2,1,64,128,16,90,90,44040192,21480079360,487,0.0531808,771.249,403907
21,CUTLASS,gemm,cutlass3x_sm90_tensorop_s64x128x16gemm_f16_f16_f32_f16_f16_128x128x64_2x1x1_0_nnn_align8,passed,success,universal,640,4096,4096,f16:column,f16:column,f16:column,f16:column,1,0,serial,2,1,heuristic,invalid,invalid,false,false,1,tensorop,f32,128,128,64,2,1,1,0,0,0,7,4,2,1,64,128,16,90,90,44040192,21480079360,487,0.0624227,657.062,344107
21,CUTLASS,gemm,cutlass3x_sm90_tensorop_s64x128x16gemm_f16_f16_f32_f16_f16_128x128x64_2x1x1_0_nnn_align8_warpspecialized_epi_nosmem,passed,success,universal,640,4096,4096,f16:column,f16:column,f16:column,f16:column,1,0,serial,2,1,heuristic,invalid,invalid,false,false,1,tensorop,f32,128,128,64,2,1,1,0,0,0,7,4,1,1,64,128,16,90,90,44040192,21480079360,487,0.0549312,746.673,391036
21,CUTLASS,gemm,cutlass3x_sm90_tensorop_s64x128x16gemm_f16_f16_f32_f16_f16_128x128x64_2x1x1_0_nnn_align8_warpspecialized_pingpong_epi_tma,passed,success,universal,640,4096,4096,f16:column,f16:column,f16:column,f16:column,1,0,serial,2,1,heuristic,invalid,invalid,false,false,1,tensorop,f32,128,128,64,2,1,1,0,0,0,6,4,1,1,64,128,16,90,90,44040192,21480079360,487,0.0637539,643.343,336922
21,CUTLASS,gemm,cutlass3x_sm90_tensorop_s64x128x16gemm_f16_f16_f32_f16_f16_128x128x64_2x1x1_0_nnn_align8_warpspecialized_pingpong_epi_nosmem,passed,success,universal,640,4096,4096,f16:column,f16:column,f16:column,f16:column,1,0,serial,2,1,heuristic,invalid,invalid,false,false,1,tensorop,f32,128,128,64,2,1,1,0,0,0,7,4,1,1,64,128,16,90,90,44040192,21480079360,487,0.0671526,610.782,319869
21,CUTLASS,gemm,cutlass3x_sm90_tensorop_s64x128x16gemm_f16_f16_f32_f16_f16_128x128x64_2x1x1_0_nnn_align8_warpspecialized_cooperative_epi_nosmem,passed,success,universal,640,4096,4096,f16:column,f16:column,f16:column,f16:column,1,0,serial,2,1,heuristic,invalid,invalid,false,false,1,tensorop,f32,128,128,64,2,1,1,0,0,0,7,4,2,1,64,128,16,90,90,44040192,21480079360,487,0.062024,661.286,346319
21,CUTLASS,gemm,cutlass3x_sm90_tensorop_s64x128x16gemm_f16_f16_f32_f16_f16_128x128x64_2x1x1_0_nnn_align8_warpspecialized_cooperative_epi_tma,passed,success,universal,640,4096,4096,f16:column,f16:column,f16:column,f16:column,1,0,serial,2,1,heuristic,invalid,invalid,false,false,1,tensorop,f32,128,128,64,2,1,1,0,0,0,6,4,2,1,64,128,16,90,90,44040192,21480079360,487,0.0614288,667.694,349674
21,CUTLASS,gemm,cutlass3x_sm90_tensorop_s64x128x16gemm_f16_f16_f32_f16_f16_128x128x64_2x1x1_0_nnn_align8_stream_k_warpspecialized_cooperative_epi_nosmem,passed,success,universal,640,4096,4096,f16:column,f16:column,f16:column,f16:column,1,0,serial,2,1,heuristic,invalid,invalid,false,false,1,tensorop,f32,128,128,64,2,1,1,0,0,0,7,4,2,1,64,128,16,90,90,44040192,21480079360,487,0.0617242,664.499,348001
21,CUTLASS,gemm,cutlass3x_sm90_tensorop_s64x128x16gemm_f16_f16_f32_f16_f16_128x128x64_2x1x1_0_nnn_align8_stream_k_warpspecialized_cooperative_epi_tma,passed,success,universal,640,4096,4096,f16:column,f16:column,f16:column,f16:column,1,0,serial,2,1,heuristic,invalid,invalid,false,false,1,tensorop,f32,128,128,64,2,1,1,0,0,0,6,4,2,1,64,128,16,90,90,44040192,21480079360,487,0.0610781,671.528,351682
22,CUTLASS,gemm,cutlass_tensorop_f16_s1688gemm_f16_256x128_32x2_nn_align8,passed,success,universal,768,4096,4096,f16:column,f16:column,f16:column,f16:column,1,0,serial,2,1,heuristic,invalid,invalid,false,false,1,tensorop,f32,256,128,32,1,1,1,0,0,0,2,4,2,1,16,8,8,75,1024,46137344,25776095232,558,0.166563,257.973,154753
22,CUTLASS,gemm,cutlass_tensorop_f16_s16816gemm_f16_256x128_32x3_nn_align8,passed,success,universal,768,4096,4096,f16:column,f16:column,f16:column,f16:column,1,0,serial,2,1,heuristic,invalid,invalid,false,false,1,tensorop,f32,256,128,32,1,1,1,0,0,0,3,4,2,1,16,8,16,80,1024,46137344,25776095232,558,0.0833846,515.308,309123
22,CUTLASS,gemm,cutlass3x_sm90_tensorop_s64x128x16gemm_f16_f16_f32_f16_f16_128x128x64_1x2x1_0_nnn_align8,passed,success,universal,768,4096,4096,f16:column,f16:column,f16:column,f16:column,1,0,serial,2,1,heuristic,invalid,invalid,false,false,1,tensorop,f32,128,128,64,1,2,1,0,0,0,7,4,2,1,64,128,16,90,90,46137344,25776095232,558,0.0578858,742.303,445292
22,CUTLASS,gemm,cutlass3x_sm90_tensorop_s64x128x16gemm_f16_f16_f32_f16_f16_128x128x64_1x2x1_0_nnn_align8_warpspecialized_epi_nosmem,passed,success,universal,768,4096,4096,f16:column,f16:column,f16:column,f16:column,1,0,serial,2,1,heuristic,invalid,invalid,false,false,1,tensorop,f32,128,128,64,1,2,1,0,0,0,7,4,1,1,64,128,16,90,90,46137344,25776095232,558,0.0566138,758.981,455297
22,CUTLASS,gemm,cutlass3x_sm90_tensorop_s64x128x16gemm_f16_f16_f32_f16_f16_128x128x64_1x2x1_0_nnn_align8_warpspecialized_pingpong_epi_tma,passed,success,universal,768,4096,4096,f16:column,f16:column,f16:column,f16:column,1,0,serial,2,1,heuristic,invalid,invalid,false,false,1,tensorop,f32,128,128,64,1,2,1,0,0,0,6,4,1,1,64,128,16,90,90,46137344,25776095232,558,0.0534733,803.556,482037
22,CUTLASS,gemm,cutlass3x_sm90_tensorop_s64x128x16gemm_f16_f16_f32_f16_f16_128x128x64_1x2x1_0_nnn_align8_warpspecialized_pingpong_epi_nosmem,passed,success,universal,768,4096,4096,f16:column,f16:column,f16:column,f16:column,1,0,serial,2,1,heuristic,invalid,invalid,false,false,1,tensorop,f32,128,128,64,1,2,1,0,0,0,7,4,1,1,64,128,16,90,90,46137344,25776095232,558,0.0554883,774.375,464532
22,CUTLASS,gemm,cutlass3x_sm90_tensorop_s64x128x16gemm_f16_f16_f32_f16_f16_128x128x64_1x2x1_0_nnn_align8_warpspecialized_cooperative_epi_nosmem,passed,success,universal,768,4096,4096,f16:column,f16:column,f16:column,f16:column,1,0,serial,2,1,heuristic,invalid,invalid,false,false,1,tensorop,f32,128,128,64,1,2,1,0,0,0,7,4,2,1,64,128,16,90,90,46137344,25776095232,558,0.0579318,741.712,444938
22,CUTLASS,gemm,cutlass3x_sm90_tensorop_s64x128x16gemm_f16_f16_f32_f16_f16_128x128x64_1x2x1_0_nnn_align8_warpspecialized_cooperative_epi_tma,passed,success,universal,768,4096,4096,f16:column,f16:column,f16:column,f16:column,1,0,serial,2,1,heuristic,invalid,invalid,false,false,1,tensorop,f32,128,128,64,1,2,1,0,0,0,6,4,2,1,64,128,16,90,90,46137344,25776095232,558,0.0537846,798.904,479246
22,CUTLASS,gemm,cutlass3x_sm90_tensorop_s64x128x16gemm_f16_f16_f32_f16_f16_128x128x64_1x2x1_0_nnn_align8_stream_k_warpspecialized_cooperative_epi_nosmem,passed,success,universal,768,4096,4096,f16:column,f16:column,f16:column,f16:column,1,0,serial,2,1,heuristic,invalid,invalid,false,false,1,tensorop,f32,128,128,64,1,2,1,0,0,0,7,4,2,1,64,128,16,90,90,46137344,25776095232,558,0.056031,766.874,460032
22,CUTLASS,gemm,cutlass3x_sm90_tensorop_s64x128x16gemm_f16_f16_f32_f16_f16_128x128x64_1x2x1_0_nnn_align8_stream_k_warpspecialized_cooperative_epi_tma,passed,success,universal,768,4096,4096,f16:column,f16:column,f16:column,f16:column,1,0,serial,2,1,heuristic,invalid,invalid,false,false,1,tensorop,f32,128,128,64,1,2,1,0,0,0,6,4,2,1,64,128,16,90,90,46137344,25776095232,558,0.0553968,775.654,465299
22,CUTLASS,gemm,cutlass3x_sm90_tensorop_s64x128x16gemm_f16_f16_f32_f16_f16_128x128x64_2x1x1_0_nnn_align8,passed,success,universal,768,4096,4096,f16:column,f16:column,f16:column,f16:column,1,0,serial,2,1,heuristic,invalid,invalid,false,false,1,tensorop,f32,128,128,64,2,1,1,0,0,0,7,4,2,1,64,128,16,90,90,46137344,25776095232,558,0.0502317,855.411,513144
22,CUTLASS,gemm,cutlass3x_sm90_tensorop_s64x128x16gemm_f16_f16_f32_f16_f16_128x128x64_2x1x1_0_nnn_align8_warpspecialized_epi_nosmem,passed,success,universal,768,4096,4096,f16:column,f16:column,f16:column,f16:column,1,0,serial,2,1,heuristic,invalid,invalid,false,false,1,tensorop,f32,128,128,64,2,1,1,0,0,0,7,4,1,1,64,128,16,90,90,46137344,25776095232,558,0.0503808,852.879,511625
22,CUTLASS,gemm,cutlass3x_sm90_tensorop_s64x128x16gemm_f16_f16_f32_f16_f16_128x128x64_2x1x1_0_nnn_align8_warpspecialized_pingpong_epi_tma,passed,success,universal,768,4096,4096,f16:column,f16:column,f16:column,f16:column,1,0,serial,2,1,heuristic,invalid,invalid,false,false,1,tensorop,f32,128,128,64,2,1,1,0,0,0,6,4,1,1,64,128,16,90,90,46137344,25776095232,558,0.0464374,925.304,555071
22,CUTLASS,gemm,cutlass3x_sm90_tensorop_s64x128x16gemm_f16_f16_f32_f16_f16_128x128x64_2x1x1_0_nnn_align8_warpspecialized_pingpong_epi_nosmem,passed,success,universal,768,4096,4096,f16:column,f16:column,f16:column,f16:column,1,0,serial,2,1,heuristic,invalid,invalid,false,false,1,tensorop,f32,128,128,64,2,1,1,0,0,0,7,4,1,1,64,128,16,90,90,46137344,25776095232,558,0.0470602,913.06,547726
22,CUTLASS,gemm,cutlass3x_sm90_tensorop_s64x128x16gemm_f16_f16_f32_f16_f16_128x128x64_2x1x1_0_nnn_align8_warpspecialized_cooperative_epi_nosmem,passed,success,universal,768,4096,4096,f16:column,f16:column,f16:column,f16:column,1,0,serial,2,1,heuristic,invalid,invalid,false,false,1,tensorop,f32,128,128,64,2,1,1,0,0,0,7,4,2,1,64,128,16,90,90,46137344,25776095232,558,0.0505549,849.943,509864
22,CUTLASS,gemm,cutlass3x_sm90_tensorop_s64x128x16gemm_f16_f16_f32_f16_f16_128x128x64_2x1x1_0_nnn_align8_warpspecialized_cooperative_epi_tma,passed,success,universal,768,4096,4096,f16:column,f16:column,f16:column,f16:column,1,0,serial,2,1,heuristic,invalid,invalid,false,false,1,tensorop,f32,128,128,64,2,1,1,0,0,0,6,4,2,1,64,128,16,90,90,46137344,25776095232,558,0.0468301,917.546,550417
22,CUTLASS,gemm,cutlass3x_sm90_tensorop_s64x128x16gemm_f16_f16_f32_f16_f16_128x128x64_2x1x1_0_nnn_align8_stream_k_warpspecialized_cooperative_epi_nosmem,passed,success,universal,768,4096,4096,f16:column,f16:column,f16:column,f16:column,1,0,serial,2,1,heuristic,invalid,invalid,false,false,1,tensorop,f32,128,128,64,2,1,1,0,0,0,7,4,2,1,64,128,16,90,90,46137344,25776095232,558,0.0522787,821.917,493051
22,CUTLASS,gemm,cutlass3x_sm90_tensorop_s64x128x16gemm_f16_f16_f32_f16_f16_128x128x64_2x1x1_0_nnn_align8_stream_k_warpspecialized_cooperative_epi_tma,passed,success,universal,768,4096,4096,f16:column,f16:column,f16:column,f16:column,1,0,serial,2,1,heuristic,invalid,invalid,false,false,1,tensorop,f32,128,128,64,2,1,1,0,0,0,6,4,2,1,64,128,16,90,90,46137344,25776095232,558,0.0515862,832.95,499670
23,CUTLASS,gemm,cutlass_tensorop_f16_s1688gemm_f16_256x128_32x2_nn_align8,passed,success,universal,896,4096,4096,f16:column,f16:column,f16:column,f16:column,1,0,serial,2,1,heuristic,invalid,invalid,false,false,1,tensorop,f32,256,128,32,1,1,1,0,0,0,2,4,2,1,16,8,8,75,1024,48234496,30072111104,623,0.169203,265.491,177728
23,CUTLASS,gemm,cutlass_tensorop_f16_s16816gemm_f16_256x128_32x3_nn_align8,passed,success,universal,896,4096,4096,f16:column,f16:column,f16:column,f16:column,1,0,serial,2,1,heuristic,invalid,invalid,false,false,1,tensorop,f32,256,128,32,1,1,1,0,0,0,3,4,2,1,16,8,16,80,1024,48234496,30072111104,623,0.084873,529.284,354319
23,CUTLASS,gemm,cutlass3x_sm90_tensorop_s64x128x16gemm_f16_f16_f32_f16_f16_128x128x64_1x2x1_0_nnn_align8,passed,success,universal,896,4096,4096,f16:column,f16:column,f16:column,f16:column,1,0,serial,2,1,heuristic,invalid,invalid,false,false,1,tensorop,f32,128,128,64,1,2,1,0,0,0,7,4,2,1,64,128,16,90,90,48234496,30072111104,623,0.0596365,753.262,504257
23,CUTLASS,gemm,cutlass3x_sm90_tensorop_s64x128x16gemm_f16_f16_f32_f16_f16_128x128x64_1x2x1_0_nnn_align8_warpspecialized_epi_nosmem,passed,success,universal,896,4096,4096,f16:column,f16:column,f16:column,f16:column,1,0,serial,2,1,heuristic,invalid,invalid,false,false,1,tensorop,f32,128,128,64,1,2,1,0,0,0,7,4,1,1,64,128,16,90,90,48234496,30072111104,623,0.0599104,749.818,501951
23,CUTLASS,gemm,cutlass3x_sm90_tensorop_s64x128x16gemm_f16_f16_f32_f16_f16_128x128x64_1x2x1_0_nnn_align8_warpspecialized_pingpong_epi_tma,passed,success,universal,896,4096,4096,f16:column,f16:column,f16:column,f16:column,1,0,serial,2,1,heuristic,invalid,invalid,false,false,1,tensorop,f32,128,128,64,1,2,1,0,0,0,6,4,1,1,64,128,16,90,90,48234496,30072111104,623,0.0555693,808.394,541164
23,CUTLASS,gemm,cutlass3x_sm90_tensorop_s64x128x16gemm_f16_f16_f32_f16_f16_128x128x64_1x2x1_0_nnn_align8_warpspecialized_pingpong_epi_nosmem,passed,success,universal,896,4096,4096,f16:column,f16:column,f16:column,f16:column,1,0,serial,2,1,heuristic,invalid,invalid,false,false,1,tensorop,f32,128,128,64,1,2,1,0,0,0,7,4,1,1,64,128,16,90,90,48234496,30072111104,623,0.0574435,782.018,523507
23,CUTLASS,gemm,cutlass3x_sm90_tensorop_s64x128x16gemm_f16_f16_f32_f16_f16_128x128x64_1x2x1_0_nnn_align8_warpspecialized_cooperative_epi_nosmem,passed,success,universal,896,4096,4096,f16:column,f16:column,f16:column,f16:column,1,0,serial,2,1,heuristic,invalid,invalid,false,false,1,tensorop,f32,128,128,64,1,2,1,0,0,0,7,4,2,1,64,128,16,90,90,48234496,30072111104,623,0.0595718,754.079,504804
23,CUTLASS,gemm,cutlass3x_sm90_tensorop_s64x128x16gemm_f16_f16_f32_f16_f16_128x128x64_1x2x1_0_nnn_align8_warpspecialized_cooperative_epi_tma,passed,success,universal,896,4096,4096,f16:column,f16:column,f16:column,f16:column,1,0,serial,2,1,heuristic,invalid,invalid,false,false,1,tensorop,f32,128,128,64,1,2,1,0,0,0,6,4,2,1,64,128,16,90,90,48234496,30072111104,623,0.0556861,806.698,540029
23,CUTLASS,gemm,cutlass3x_sm90_tensorop_s64x128x16gemm_f16_f16_f32_f16_f16_128x128x64_1x2x1_0_nnn_align8_stream_k_warpspecialized_cooperative_epi_nosmem,passed,success,universal,896,4096,4096,f16:column,f16:column,f16:column,f16:column,1,0,serial,2,1,heuristic,invalid,invalid,false,false,1,tensorop,f32,128,128,64,1,2,1,0,0,0,7,4,2,1,64,128,16,90,90,48234496,30072111104,623,0.0711693,631.198,422543
23,CUTLASS,gemm,cutlass3x_sm90_tensorop_s64x128x16gemm_f16_f16_f32_f16_f16_128x128x64_1x2x1_0_nnn_align8_stream_k_warpspecialized_cooperative_epi_tma,passed,success,universal,896,4096,4096,f16:column,f16:column,f16:column,f16:column,1,0,serial,2,1,heuristic,invalid,invalid,false,false,1,tensorop,f32,128,128,64,1,2,1,0,0,0,6,4,2,1,64,128,16,90,90,48234496,30072111104,623,0.0698195,643.4,430712
23,CUTLASS,gemm,cutlass3x_sm90_tensorop_s64x128x16gemm_f16_f16_f32_f16_f16_128x128x64_2x1x1_0_nnn_align8,passed,success,universal,896,4096,4096,f16:column,f16:column,f16:column,f16:column,1,0,serial,2,1,heuristic,invalid,invalid,false,false,1,tensorop,f32,128,128,64,2,1,1,0,0,0,7,4,2,1,64,128,16,90,90,48234496,30072111104,623,0.0708749,633.819,424299
23,CUTLASS,gemm,cutlass3x_sm90_tensorop_s64x128x16gemm_f16_f16_f32_f16_f16_128x128x64_2x1x1_0_nnn_align8_warpspecialized_epi_nosmem,passed,success,universal,896,4096,4096,f16:column,f16:column,f16:column,f16:column,1,0,serial,2,1,heuristic,invalid,invalid,false,false,1,tensorop,f32,128,128,64,2,1,1,0,0,0,7,4,1,1,64,128,16,90,90,48234496,30072111104,623,0.0715843,627.538,420094
23,CUTLASS,gemm,cutlass3x_sm90_tensorop_s64x128x16gemm_f16_f16_f32_f16_f16_128x128x64_2x1x1_0_nnn_align8_warpspecialized_pingpong_epi_tma,passed,success,universal,896,4096,4096,f16:column,f16:column,f16:column,f16:column,1,0,serial,2,1,heuristic,invalid,invalid,false,false,1,tensorop,f32,128,128,64,2,1,1,0,0,0,6,4,1,1,64,128,16,90,90,48234496,30072111104,623,0.068407,656.685,439606
23,CUTLASS,gemm,cutlass3x_sm90_tensorop_s64x128x16gemm_f16_f16_f32_f16_f16_128x128x64_2x1x1_0_nnn_align8_warpspecialized_pingpong_epi_nosmem,passed,success,universal,896,4096,4096,f16:column,f16:column,f16:column,f16:column,1,0,serial,2,1,heuristic,invalid,invalid,false,false,1,tensorop,f32,128,128,64,2,1,1,0,0,0,7,4,1,1,64,128,16,90,90,48234496,30072111104,623,0.0708352,634.174,424536
23,CUTLASS,gemm,cutlass3x_sm90_tensorop_s64x128x16gemm_f16_f16_f32_f16_f16_128x128x64_2x1x1_0_nnn_align8_warpspecialized_cooperative_epi_nosmem,passed,success,universal,896,4096,4096,f16:column,f16:column,f16:column,f16:column,1,0,serial,2,1,heuristic,invalid,invalid,false,false,1,tensorop,f32,128,128,64,2,1,1,0,0,0,7,4,2,1,64,128,16,90,90,48234496,30072111104,623,0.069992,641.814,429651
23,CUTLASS,gemm,cutlass3x_sm90_tensorop_s64x128x16gemm_f16_f16_f32_f16_f16_128x128x64_2x1x1_0_nnn_align8_warpspecialized_cooperative_epi_tma,passed,success,universal,896,4096,4096,f16:column,f16:column,f16:column,f16:column,1,0,serial,2,1,heuristic,invalid,invalid,false,false,1,tensorop,f32,128,128,64,2,1,1,0,0,0,6,4,2,1,64,128,16,90,90,48234496,30072111104,623,0.0671408,669.07,447896
23,CUTLASS,gemm,cutlass3x_sm90_tensorop_s64x128x16gemm_f16_f16_f32_f16_f16_128x128x64_2x1x1_0_nnn_align8_stream_k_warpspecialized_cooperative_epi_nosmem,passed,success,universal,896,4096,4096,f16:column,f16:column,f16:column,f16:column,1,0,serial,2,1,heuristic,invalid,invalid,false,false,1,tensorop,f32,128,128,64,2,1,1,0,0,0,7,4,2,1,64,128,16,90,90,48234496,30072111104,623,0.076696,585.713,392095
23,CUTLASS,gemm,cutlass3x_sm90_tensorop_s64x128x16gemm_f16_f16_f32_f16_f16_128x128x64_2x1x1_0_nnn_align8_stream_k_warpspecialized_cooperative_epi_tma,passed,success,universal,896,4096,4096,f16:column,f16:column,f16:column,f16:column,1,0,serial,2,1,heuristic,invalid,invalid,false,false,1,tensorop,f32,128,128,64,2,1,1,0,0,0,6,4,2,1,64,128,16,90,90,48234496,30072111104,623,0.0757648,592.912,396914
24,CUTLASS,gemm,cutlass_tensorop_f16_s1688gemm_f16_256x128_32x2_nn_align8,passed,success,universal,1024,4096,4096,f16:column,f16:column,f16:column,f16:column,1,0,serial,2,1,heuristic,invalid,invalid,false,false,1,tensorop,f32,256,128,32,1,1,1,0,0,0,2,4,2,1,16,8,8,75,1024,50331648,34368126976,682,0.170369,275.138,201728
24,CUTLASS,gemm,cutlass_tensorop_f16_s16816gemm_f16_256x128_32x3_nn_align8,passed,success,universal,1024,4096,4096,f16:column,f16:column,f16:column,f16:column,1,0,serial,2,1,heuristic,invalid,invalid,false,false,1,tensorop,f32,256,128,32,1,1,1,0,0,0,3,4,2,1,16,8,16,80,1024,50331648,34368126976,682,0.0860653,544.645,399326
24,CUTLASS,gemm,cutlass3x_sm90_tensorop_s64x128x16gemm_f16_f16_f32_f16_f16_128x128x64_1x2x1_0_nnn_align8,passed,success,universal,1024,4096,4096,f16:column,f16:column,f16:column,f16:column,1,0,serial,2,1,heuristic,invalid,invalid,false,false,1,tensorop,f32,128,128,64,1,2,1,0,0,0,7,4,2,1,64,128,16,90,90,50331648,34368126976,682,0.0609245,769.395,564110
24,CUTLASS,gemm,cutlass3x_sm90_tensorop_s64x128x16gemm_f16_f16_f32_f16_f16_128x128x64_1x2x1_0_nnn_align8_warpspecialized_epi_nosmem,passed,success,universal,1024,4096,4096,f16:column,f16:column,f16:column,f16:column,1,0,serial,2,1,heuristic,invalid,invalid,false,false,1,tensorop,f32,128,128,64,1,2,1,0,0,0,7,4,1,1,64,128,16,90,90,50331648,34368126976,682,0.0607677,771.38,565566
24,CUTLASS,gemm,cutlass3x_sm90_tensorop_s64x128x16gemm_f16_f16_f32_f16_f16_128x128x64_1x2x1_0_nnn_align8_warpspecialized_pingpong_epi_tma,passed,success,universal,1024,4096,4096,f16:column,f16:column,f16:column,f16:column,1,0,serial,2,1,heuristic,invalid,invalid,false,false,1,tensorop,f32,128,128,64,1,2,1,0,0,0,6,4,1,1,64,128,16,90,90,50331648,34368126976,682,0.0578374,810.461,594219
24,CUTLASS,gemm,cutlass3x_sm90_tensorop_s64x128x16gemm_f16_f16_f32_f16_f16_128x128x64_1x2x1_0_nnn_align8_warpspecialized_pingpong_epi_nosmem,passed,success,universal,1024,4096,4096,f16:column,f16:column,f16:column,f16:column,1,0,serial,2,1,heuristic,invalid,invalid,false,false,1,tensorop,f32,128,128,64,1,2,1,0,0,0,7,4,1,1,64,128,16,90,90,50331648,34368126976,682,0.059519,787.563,577431
24,CUTLASS,gemm,cutlass3x_sm90_tensorop_s64x128x16gemm_f16_f16_f32_f16_f16_128x128x64_1x2x1_0_nnn_align8_warpspecialized_cooperative_epi_nosmem,passed,success,universal,1024,4096,4096,f16:column,f16:column,f16:column,f16:column,1,0,serial,2,1,heuristic,invalid,invalid,false,false,1,tensorop,f32,128,128,64,1,2,1,0,0,0,7,4,2,1,64,128,16,90,90,50331648,34368126976,682,0.0606208,773.249,566936
24,CUTLASS,gemm,cutlass3x_sm90_tensorop_s64x128x16gemm_f16_f16_f32_f16_f16_128x128x64_1x2x1_0_nnn_align8_warpspecialized_cooperative_epi_tma,passed,success,universal,1024,4096,4096,f16:column,f16:column,f16:column,f16:column,1,0,serial,2,1,heuristic,invalid,invalid,false,false,1,tensorop,f32,128,128,64,1,2,1,0,0,0,6,4,2,1,64,128,16,90,90,50331648,34368126976,682,0.0572646,818.568,600163
24,CUTLASS,gemm,cutlass3x_sm90_tensorop_s64x128x16gemm_f16_f16_f32_f16_f16_128x128x64_1x2x1_0_nnn_align8_stream_k_warpspecialized_cooperative_epi_nosmem,passed,success,universal,1024,4096,4096,f16:column,f16:column,f16:column,f16:column,1,0,serial,2,1,heuristic,invalid,invalid,false,false,1,tensorop,f32,128,128,64,1,2,1,0,0,0,7,4,2,1,64,128,16,90,90,50331648,34368126976,682,0.0736845,636.158,466423
24,CUTLASS,gemm,cutlass3x_sm90_tensorop_s64x128x16gemm_f16_f16_f32_f16_f16_128x128x64_1x2x1_0_nnn_align8_stream_k_warpspecialized_cooperative_epi_tma,passed,success,universal,1024,4096,4096,f16:column,f16:column,f16:column,f16:column,1,0,serial,2,1,heuristic,invalid,invalid,false,false,1,tensorop,f32,128,128,64,1,2,1,0,0,0,6,4,2,1,64,128,16,90,90,50331648,34368126976,682,0.0720931,650.201,476719
24,CUTLASS,gemm,cutlass3x_sm90_tensorop_s64x128x16gemm_f16_f16_f32_f16_f16_128x128x64_2x1x1_0_nnn_align8,passed,success,universal,1024,4096,4096,f16:column,f16:column,f16:column,f16:column,1,0,serial,2,1,heuristic,invalid,invalid,false,false,1,tensorop,f32,128,128,64,2,1,1,0,0,0,7,4,2,1,64,128,16,90,90,50331648,34368126976,682,0.0546106,858.35,629331
24,CUTLASS,gemm,cutlass3x_sm90_tensorop_s64x128x16gemm_f16_f16_f32_f16_f16_128x128x64_2x1x1_0_nnn_align8_warpspecialized_epi_nosmem,passed,success,universal,1024,4096,4096,f16:column,f16:column,f16:column,f16:column,1,0,serial,2,1,heuristic,invalid,invalid,false,false,1,tensorop,f32,128,128,64,2,1,1,0,0,0,7,4,1,1,64,128,16,90,90,50331648,34368126976,682,0.0571763,819.832,601090
24,CUTLASS,gemm,cutlass3x_sm90_tensorop_s64x128x16gemm_f16_f16_f32_f16_f16_128x128x64_2x1x1_0_nnn_align8_warpspecialized_pingpong_epi_tma,passed,success,universal,1024,4096,4096,f16:column,f16:column,f16:column,f16:column,1,0,serial,2,1,heuristic,invalid,invalid,false,false,1,tensorop,f32,128,128,64,2,1,1,0,0,0,6,4,1,1,64,128,16,90,90,50331648,34368126976,682,0.0522003,897.983,658389
24,CUTLASS,gemm,cutlass3x_sm90_tensorop_s64x128x16gemm_f16_f16_f32_f16_f16_128x128x64_2x1x1_0_nnn_align8_warpspecialized_pingpong_epi_nosmem,passed,success,universal,1024,4096,4096,f16:column,f16:column,f16:column,f16:column,1,0,serial,2,1,heuristic,invalid,invalid,false,false,1,tensorop,f32,128,128,64,2,1,1,0,0,0,7,4,1,1,64,128,16,90,90,50331648,34368126976,682,0.0539126,869.462,637478
24,CUTLASS,gemm,cutlass3x_sm90_tensorop_s64x128x16gemm_f16_f16_f32_f16_f16_128x128x64_2x1x1_0_nnn_align8_warpspecialized_cooperative_epi_nosmem,passed,success,universal,1024,4096,4096,f16:column,f16:column,f16:column,f16:column,1,0,serial,2,1,heuristic,invalid,invalid,false,false,1,tensorop,f32,128,128,64,2,1,1,0,0,0,7,4,2,1,64,128,16,90,90,50331648,34368126976,682,0.0548387,854.779,626713
24,CUTLASS,gemm,cutlass3x_sm90_tensorop_s64x128x16gemm_f16_f16_f32_f16_f16_128x128x64_2x1x1_0_nnn_align8_warpspecialized_cooperative_epi_tma,passed,success,universal,1024,4096,4096,f16:column,f16:column,f16:column,f16:column,1,0,serial,2,1,heuristic,invalid,invalid,false,false,1,tensorop,f32,128,128,64,2,1,1,0,0,0,6,4,2,1,64,128,16,90,90,50331648,34368126976,682,0.0515827,908.735,666272
24,CUTLASS,gemm,cutlass3x_sm90_tensorop_s64x128x16gemm_f16_f16_f32_f16_f16_128x128x64_2x1x1_0_nnn_align8_stream_k_warpspecialized_cooperative_epi_nosmem,passed,success,universal,1024,4096,4096,f16:column,f16:column,f16:column,f16:column,1,0,serial,2,1,heuristic,invalid,invalid,false,false,1,tensorop,f32,128,128,64,2,1,1,0,0,0,7,4,2,1,64,128,16,90,90,50331648,34368126976,682,0.0682474,686.84,503582
24,CUTLASS,gemm,cutlass3x_sm90_tensorop_s64x128x16gemm_f16_f16_f32_f16_f16_128x128x64_2x1x1_0_nnn_align8_stream_k_warpspecialized_cooperative_epi_tma,passed,success,universal,1024,4096,4096,f16:column,f16:column,f16:column,f16:column,1,0,serial,2,1,heuristic,invalid,invalid,false,false,1,tensorop,f32,128,128,64,2,1,1,0,0,0,6,4,2,1,64,128,16,90,90,50331648,34368126976,682,0.066729,702.469,515041
25,CUTLASS,gemm,cutlass_tensorop_f16_s1688gemm_f16_256x128_32x2_nn_align8,passed,success,universal,1152,4096,4096,f16:column,f16:column,f16:column,f16:column,1,0,serial,2,1,heuristic,invalid,invalid,false,false,1,tensorop,f32,256,128,32,1,1,1,0,0,0,2,4,2,1,16,8,8,75,1024,52428800,38664142848,737,0.259795,187.949,148826
25,CUTLASS,gemm,cutlass_tensorop_f16_s16816gemm_f16_256x128_32x3_nn_align8,passed,success,universal,1152,4096,4096,f16:column,f16:column,f16:column,f16:column,1,0,serial,2,1,heuristic,invalid,invalid,false,false,1,tensorop,f32,256,128,32,1,1,1,0,0,0,3,4,2,1,16,8,16,80,1024,52428800,38664142848,737,0.129619,376.705,298291
25,CUTLASS,gemm,cutlass3x_sm90_tensorop_s64x128x16gemm_f16_f16_f32_f16_f16_128x128x64_1x2x1_0_nnn_align8,passed,success,universal,1152,4096,4096,f16:column,f16:column,f16:column,f16:column,1,0,serial,2,1,heuristic,invalid,invalid,false,false,1,tensorop,f32,128,128,64,1,2,1,0,0,0,7,4,2,1,64,128,16,90,90,52428800,38664142848,737,0.0862803,565.924,448122
25,CUTLASS,gemm,cutlass3x_sm90_tensorop_s64x128x16gemm_f16_f16_f32_f16_f16_128x128x64_1x2x1_0_nnn_align8_warpspecialized_epi_nosmem,passed,success,universal,1152,4096,4096,f16:column,f16:column,f16:column,f16:column,1,0,serial,2,1,heuristic,invalid,invalid,false,false,1,tensorop,f32,128,128,64,1,2,1,0,0,0,7,4,1,1,64,128,16,90,90,52428800,38664142848,737,0.075799,644.179,510087
25,CUTLASS,gemm,cutlass3x_sm90_tensorop_s64x128x16gemm_f16_f16_f32_f16_f16_128x128x64_1x2x1_0_nnn_align8_warpspecialized_pingpong_epi_tma,passed,success,universal,1152,4096,4096,f16:column,f16:column,f16:column,f16:column,1,0,serial,2,1,heuristic,invalid,invalid,false,false,1,tensorop,f32,128,128,64,1,2,1,0,0,0,6,4,1,1,64,128,16,90,90,52428800,38664142848,737,0.0801648,609.097,482308
25,CUTLASS,gemm,cutlass3x_sm90_tensorop_s64x128x16gemm_f16_f16_f32_f16_f16_128x128x64_1x2x1_0_nnn_align8_warpspecialized_pingpong_epi_nosmem,passed,success,universal,1152,4096,4096,f16:column,f16:column,f16:column,f16:column,1,0,serial,2,1,heuristic,invalid,invalid,false,false,1,tensorop,f32,128,128,64,1,2,1,0,0,0,7,4,1,1,64,128,16,90,90,52428800,38664142848,737,0.0824304,592.356,469052
25,CUTLASS,gemm,cutlass3x_sm90_tensorop_s64x128x16gemm_f16_f16_f32_f16_f16_128x128x64_1x2x1_0_nnn_align8_warpspecialized_cooperative_epi_nosmem,passed,success,universal,1152,4096,4096,f16:column,f16:column,f16:column,f16:column,1,0,serial,2,1,heuristic,invalid,invalid,false,false,1,tensorop,f32,128,128,64,1,2,1,0,0,0,7,4,2,1,64,128,16,90,90,52428800,38664142848,737,0.0855174,570.973,452120
25,CUTLASS,gemm,cutlass3x_sm90_tensorop_s64x128x16gemm_f16_f16_f32_f16_f16_128x128x64_1x2x1_0_nnn_align8_warpspecialized_cooperative_epi_tma,passed,success,universal,1152,4096,4096,f16:column,f16:column,f16:column,f16:column,1,0,serial,2,1,heuristic,invalid,invalid,false,false,1,tensorop,f32,128,128,64,1,2,1,0,0,0,6,4,2,1,64,128,16,90,90,52428800,38664142848,737,0.0804525,606.919,480584
25,CUTLASS,gemm,cutlass3x_sm90_tensorop_s64x128x16gemm_f16_f16_f32_f16_f16_128x128x64_1x2x1_0_nnn_align8_stream_k_warpspecialized_cooperative_epi_nosmem,passed,success,universal,1152,4096,4096,f16:column,f16:column,f16:column,f16:column,1,0,serial,2,1,heuristic,invalid,invalid,false,false,1,tensorop,f32,128,128,64,1,2,1,0,0,0,7,4,2,1,64,128,16,90,90,52428800,38664142848,737,0.089017,548.526,434346
25,CUTLASS,gemm,cutlass3x_sm90_tensorop_s64x128x16gemm_f16_f16_f32_f16_f16_128x128x64_1x2x1_0_nnn_align8_stream_k_warpspecialized_cooperative_epi_tma,passed,success,universal,1152,4096,4096,f16:column,f16:column,f16:column,f16:column,1,0,serial,2,1,heuristic,invalid,invalid,false,false,1,tensorop,f32,128,128,64,1,2,1,0,0,0,6,4,2,1,64,128,16,90,90,52428800,38664142848,737,0.0883869,552.436,437442
25,CUTLASS,gemm,cutlass3x_sm90_tensorop_s64x128x16gemm_f16_f16_f32_f16_f16_128x128x64_2x1x1_0_nnn_align8,passed,success,universal,1152,4096,4096,f16:column,f16:column,f16:column,f16:column,1,0,serial,2,1,heuristic,invalid,invalid,false,false,1,tensorop,f32,128,128,64,2,1,1,0,0,0,7,4,2,1,64,128,16,90,90,52428800,38664142848,737,0.0971389,502.663,398030
25,CUTLASS,gemm,cutlass3x_sm90_tensorop_s64x128x16gemm_f16_f16_f32_f16_f16_128x128x64_2x1x1_0_nnn_align8_warpspecialized_epi_nosmem,passed,success,universal,1152,4096,4096,f16:column,f16:column,f16:column,f16:column,1,0,serial,2,1,heuristic,invalid,invalid,false,false,1,tensorop,f32,128,128,64,2,1,1,0,0,0,7,4,1,1,64,128,16,90,90,52428800,38664142848,737,0.0898544,543.414,430298
25,CUTLASS,gemm,cutlass3x_sm90_tensorop_s64x128x16gemm_f16_f16_f32_f16_f16_128x128x64_2x1x1_0_nnn_align8_warpspecialized_pingpong_epi_tma,passed,success,universal,1152,4096,4096,f16:column,f16:column,f16:column,f16:column,1,0,serial,2,1,heuristic,invalid,invalid,false,false,1,tensorop,f32,128,128,64,2,1,1,0,0,0,6,4,1,1,64,128,16,90,90,52428800,38664142848,737,0.0936618,521.324,412806
25,CUTLASS,gemm,cutlass3x_sm90_tensorop_s64x128x16gemm_f16_f16_f32_f16_f16_128x128x64_2x1x1_0_nnn_align8_warpspecialized_pingpong_epi_nosmem,passed,success,universal,1152,4096,4096,f16:column,f16:column,f16:column,f16:column,1,0,serial,2,1,heuristic,invalid,invalid,false,false,1,tensorop,f32,128,128,64,2,1,1,0,0,0,7,4,1,1,64,128,16,90,90,52428800,38664142848,737,0.0961878,507.633,401965
25,CUTLASS,gemm,cutlass3x_sm90_tensorop_s64x128x16gemm_f16_f16_f32_f16_f16_128x128x64_2x1x1_0_nnn_align8_warpspecialized_cooperative_epi_nosmem,passed,success,universal,1152,4096,4096,f16:column,f16:column,f16:column,f16:column,1,0,serial,2,1,heuristic,invalid,invalid,false,false,1,tensorop,f32,128,128,64,2,1,1,0,0,0,7,4,2,1,64,128,16,90,90,52428800,38664142848,737,0.0971178,502.772,398116
25,CUTLASS,gemm,cutlass3x_sm90_tensorop_s64x128x16gemm_f16_f16_f32_f16_f16_128x128x64_2x1x1_0_nnn_align8_warpspecialized_cooperative_epi_tma,passed,success,universal,1152,4096,4096,f16:column,f16:column,f16:column,f16:column,1,0,serial,2,1,heuristic,invalid,invalid,false,false,1,tensorop,f32,128,128,64,2,1,1,0,0,0,6,4,2,1,64,128,16,90,90,52428800,38664142848,737,0.0953978,511.837,405294
25,CUTLASS,gemm,cutlass3x_sm90_tensorop_s64x128x16gemm_f16_f16_f32_f16_f16_128x128x64_2x1x1_0_nnn_align8_stream_k_warpspecialized_cooperative_epi_nosmem,passed,success,universal,1152,4096,4096,f16:column,f16:column,f16:column,f16:column,1,0,serial,2,1,heuristic,invalid,invalid,false,false,1,tensorop,f32,128,128,64,2,1,1,0,0,0,7,4,2,1,64,128,16,90,90,52428800,38664142848,737,0.0947066,515.573,408252
25,CUTLASS,gemm,cutlass3x_sm90_tensorop_s64x128x16gemm_f16_f16_f32_f16_f16_128x128x64_2x1x1_0_nnn_align8_stream_k_warpspecialized_cooperative_epi_tma,passed,success,universal,1152,4096,4096,f16:column,f16:column,f16:column,f16:column,1,0,serial,2,1,heuristic,invalid,invalid,false,false,1,tensorop,f32,128,128,64,2,1,1,0,0,0,6,4,2,1,64,128,16,90,90,52428800,38664142848,737,0.0934243,522.649,413855
26,CUTLASS,gemm,cutlass_tensorop_f16_s1688gemm_f16_256x128_32x2_nn_align8,passed,success,universal,1280,4096,4096,f16:column,f16:column,f16:column,f16:column,1,0,serial,2,1,heuristic,invalid,invalid,false,false,1,tensorop,f32,256,128,32,1,1,1,0,0,0,2,4,2,1,16,8,8,75,1024,54525952,42960158720,787,0.256614,197.89,167412
26,CUTLASS,gemm,cutlass_tensorop_f16_s16816gemm_f16_256x128_32x3_nn_align8,passed,success,universal,1280,4096,4096,f16:column,f16:column,f16:column,f16:column,1,0,serial,2,1,heuristic,invalid,invalid,false,false,1,tensorop,f32,256,128,32,1,1,1,0,0,0,3,4,2,1,16,8,16,80,1024,54525952,42960158720,787,0.130052,390.468,330330
26,CUTLASS,gemm,cutlass3x_sm90_tensorop_s64x128x16gemm_f16_f16_f32_f16_f16_128x128x64_1x2x1_0_nnn_align8,passed,success,universal,1280,4096,4096,f16:column,f16:column,f16:column,f16:column,1,0,serial,2,1,heuristic,invalid,invalid,false,false,1,tensorop,f32,128,128,64,1,2,1,0,0,0,7,4,2,1,64,128,16,90,90,54525952,42960158720,787,0.0854253,594.452,502897
26,CUTLASS,gemm,cutlass3x_sm90_tensorop_s64x128x16gemm_f16_f16_f32_f16_f16_128x128x64_1x2x1_0_nnn_align8_warpspecialized_epi_nosmem,passed,success,universal,1280,4096,4096,f16:column,f16:column,f16:column,f16:column,1,0,serial,2,1,heuristic,invalid,invalid,false,false,1,tensorop,f32,128,128,64,1,2,1,0,0,0,7,4,1,1,64,128,16,90,90,54525952,42960158720,787,0.0812016,625.373,529056
26,CUTLASS,gemm,cutlass3x_sm90_tensorop_s64x128x16gemm_f16_f16_f32_f16_f16_128x128x64_1x2x1_0_nnn_align8_warpspecialized_pingpong_epi_tma,passed,success,universal,1280,4096,4096,f16:column,f16:column,f16:column,f16:column,1,0,serial,2,1,heuristic,invalid,invalid,false,false,1,tensorop,f32,128,128,64,1,2,1,0,0,0,6,4,1,1,64,128,16,90,90,54525952,42960158720,787,0.0793184,640.22,541617
26,CUTLASS,gemm,cutlass3x_sm90_tensorop_s64x128x16gemm_f16_f16_f32_f16_f16_128x128x64_1x2x1_0_nnn_align8_warpspecialized_pingpong_epi_nosmem,passed,success,universal,1280,4096,4096,f16:column,f16:column,f16:column,f16:column,1,0,serial,2,1,heuristic,invalid,invalid,false,false,1,tensorop,f32,128,128,64,1,2,1,0,0,0,7,4,1,1,64,128,16,90,90,54525952,42960158720,787,0.0811875,625.481,529147
26,CUTLASS,gemm,cutlass3x_sm90_tensorop_s64x128x16gemm_f16_f16_f32_f16_f16_128x128x64_1x2x1_0_nnn_align8_warpspecialized_cooperative_epi_nosmem,passed,success,universal,1280,4096,4096,f16:column,f16:column,f16:column,f16:column,1,0,serial,2,1,heuristic,invalid,invalid,false,false,1,tensorop,f32,128,128,64,1,2,1,0,0,0,7,4,2,1,64,128,16,90,90,54525952,42960158720,787,0.0853552,594.94,503310
26,CUTLASS,gemm,cutlass3x_sm90_tensorop_s64x128x16gemm_f16_f16_f32_f16_f16_128x128x64_1x2x1_0_nnn_align8_warpspecialized_cooperative_epi_tma,passed,success,universal,1280,4096,4096,f16:column,f16:column,f16:column,f16:column,1,0,serial,2,1,heuristic,invalid,invalid,false,false,1,tensorop,f32,128,128,64,1,2,1,0,0,0,6,4,2,1,64,128,16,90,90,54525952,42960158720,787,0.0804771,631.002,533818
26,CUTLASS,gemm,cutlass3x_sm90_tensorop_s64x128x16gemm_f16_f16_f32_f16_f16_128x128x64_1x2x1_0_nnn_align8_stream_k_warpspecialized_cooperative_epi_nosmem,passed,success,universal,1280,4096,4096,f16:column,f16:column,f16:column,f16:column,1,0,serial,2,1,heuristic,invalid,invalid,false,false,1,tensorop,f32,128,128,64,1,2,1,0,0,0,7,4,2,1,64,128,16,90,90,54525952,42960158720,787,0.0880947,576.439,487659
26,CUTLASS,gemm,cutlass3x_sm90_tensorop_s64x128x16gemm_f16_f16_f32_f16_f16_128x128x64_1x2x1_0_nnn_align8_stream_k_warpspecialized_cooperative_epi_tma,passed,success,universal,1280,4096,4096,f16:column,f16:column,f16:column,f16:column,1,0,serial,2,1,heuristic,invalid,invalid,false,false,1,tensorop,f32,128,128,64,1,2,1,0,0,0,6,4,2,1,64,128,16,90,90,54525952,42960158720,787,0.0872922,581.739,492142
26,CUTLASS,gemm,cutlass3x_sm90_tensorop_s64x128x16gemm_f16_f16_f32_f16_f16_128x128x64_2x1x1_0_nnn_align8,passed,success,universal,1280,4096,4096,f16:column,f16:column,f16:column,f16:column,1,0,serial,2,1,heuristic,invalid,invalid,false,false,1,tensorop,f32,128,128,64,2,1,1,0,0,0,7,4,2,1,64,128,16,90,90,54525952,42960158720,787,0.0834582,608.463,514750
26,CUTLASS,gemm,cutlass3x_sm90_tensorop_s64x128x16gemm_f16_f16_f32_f16_f16_128x128x64_2x1x1_0_nnn_align8_warpspecialized_epi_nosmem,passed,success,universal,1280,4096,4096,f16:column,f16:column,f16:column,f16:column,1,0,serial,2,1,heuristic,invalid,invalid,false,false,1,tensorop,f32,128,128,64,2,1,1,0,0,0,7,4,1,1,64,128,16,90,90,54525952,42960158720,787,0.0835453,607.829,514214
26,CUTLASS,gemm,cutlass3x_sm90_tensorop_s64x128x16gemm_f16_f16_f32_f16_f16_128x128x64_2x1x1_0_nnn_align8_warpspecialized_pingpong_epi_tma,passed,success,universal,1280,4096,4096,f16:column,f16:column,f16:column,f16:column,1,0,serial,2,1,heuristic,invalid,invalid,false,false,1,tensorop,f32,128,128,64,2,1,1,0,0,0,6,4,1,1,64,128,16,90,90,54525952,42960158720,787,0.0775136,655.127,554227
26,CUTLASS,gemm,cutlass3x_sm90_tensorop_s64x128x16gemm_f16_f16_f32_f16_f16_128x128x64_2x1x1_0_nnn_align8_warpspecialized_pingpong_epi_nosmem,passed,success,universal,1280,4096,4096,f16:column,f16:column,f16:column,f16:column,1,0,serial,2,1,heuristic,invalid,invalid,false,false,1,tensorop,f32,128,128,64,2,1,1,0,0,0,7,4,1,1,64,128,16,90,90,54525952,42960158720,787,0.0801734,633.392,535840
26,CUTLASS,gemm,cutlass3x_sm90_tensorop_s64x128x16gemm_f16_f16_f32_f16_f16_128x128x64_2x1x1_0_nnn_align8_warpspecialized_cooperative_epi_nosmem,passed,success,universal,1280,4096,4096,f16:column,f16:column,f16:column,f16:column,1,0,serial,2,1,heuristic,invalid,invalid,false,false,1,tensorop,f32,128,128,64,2,1,1,0,0,0,7,4,2,1,64,128,16,90,90,54525952,42960158720,787,0.0832653,609.873,515943
26,CUTLASS,gemm,cutlass3x_sm90_tensorop_s64x128x16gemm_f16_f16_f32_f16_f16_128x128x64_2x1x1_0_nnn_align8_warpspecialized_cooperative_epi_tma,passed,success,universal,1280,4096,4096,f16:column,f16:column,f16:column,f16:column,1,0,serial,2,1,heuristic,invalid,invalid,false,false,1,tensorop,f32,128,128,64,2,1,1,0,0,0,6,4,2,1,64,128,16,90,90,54525952,42960158720,787,0.078289,648.639,548738
26,CUTLASS,gemm,cutlass3x_sm90_tensorop_s64x128x16gemm_f16_f16_f32_f16_f16_128x128x64_2x1x1_0_nnn_align8_stream_k_warpspecialized_cooperative_epi_nosmem,passed,success,universal,1280,4096,4096,f16:column,f16:column,f16:column,f16:column,1,0,serial,2,1,heuristic,invalid,invalid,false,false,1,tensorop,f32,128,128,64,2,1,1,0,0,0,7,4,2,1,64,128,16,90,90,54525952,42960158720,787,0.0876979,579.047,489865
26,CUTLASS,gemm,cutlass3x_sm90_tensorop_s64x128x16gemm_f16_f16_f32_f16_f16_128x128x64_2x1x1_0_nnn_align8_stream_k_warpspecialized_cooperative_epi_tma,passed,success,universal,1280,4096,4096,f16:column,f16:column,f16:column,f16:column,1,0,serial,2,1,heuristic,invalid,invalid,false,false,1,tensorop,f32,128,128,64,2,1,1,0,0,0,6,4,2,1,64,128,16,90,90,54525952,42960158720,787,0.0869882,583.772,493862
27,CUTLASS,gemm,cutlass_tensorop_f16_s1688gemm_f16_256x128_32x2_nn_align8,passed,success,universal,1408,4096,4096,f16:column,f16:column,f16:column,f16:column,1,0,serial,2,1,heuristic,invalid,invalid,false,false,1,tensorop,f32,256,128,32,1,1,1,0,0,0,2,4,2,1,16,8,8,75,1024,56623104,47256174592,834,0.256822,205.335,184004
27,CUTLASS,gemm,cutlass_tensorop_f16_s16816gemm_f16_256x128_32x3_nn_align8,passed,success,universal,1408,4096,4096,f16:column,f16:column,f16:column,f16:column,1,0,serial,2,1,heuristic,invalid,invalid,false,false,1,tensorop,f32,256,128,32,1,1,1,0,0,0,3,4,2,1,16,8,16,80,1024,56623104,47256174592,834,0.131056,402.379,360579
27,CUTLASS,gemm,cutlass3x_sm90_tensorop_s64x128x16gemm_f16_f16_f32_f16_f16_128x128x64_1x2x1_0_nnn_align8,passed,success,universal,1408,4096,4096,f16:column,f16:column,f16:column,f16:column,1,0,serial,2,1,heuristic,invalid,invalid,false,false,1,tensorop,f32,128,128,64,1,2,1,0,0,0,7,4,2,1,64,128,16,90,90,56623104,47256174592,834,0.0851328,619.437,555088
27,CUTLASS,gemm,cutlass3x_sm90_tensorop_s64x128x16gemm_f16_f16_f32_f16_f16_128x128x64_1x2x1_0_nnn_align8_warpspecialized_epi_nosmem,passed,success,universal,1408,4096,4096,f16:column,f16:column,f16:column,f16:column,1,0,serial,2,1,heuristic,invalid,invalid,false,false,1,tensorop,f32,128,128,64,1,2,1,0,0,0,7,4,1,1,64,128,16,90,90,56623104,47256174592,834,0.0830234,635.175,569191
27,CUTLASS,gemm,cutlass3x_sm90_tensorop_s64x128x16gemm_f16_f16_f32_f16_f16_128x128x64_1x2x1_0_nnn_align8_warpspecialized_pingpong_epi_tma,passed,success,universal,1408,4096,4096,f16:column,f16:column,f16:column,f16:column,1,0,serial,2,1,heuristic,invalid,invalid,false,false,1,tensorop,f32,128,128,64,1,2,1,0,0,0,6,4,1,1,64,128,16,90,90,56623104,47256174592,834,0.0787824,669.367,599832
27,CUTLASS,gemm,cutlass3x_sm90_tensorop_s64x128x16gemm_f16_f16_f32_f16_f16_128x128x64_1x2x1_0_nnn_align8_warpspecialized_pingpong_epi_nosmem,passed,success,universal,1408,4096,4096,f16:column,f16:column,f16:column,f16:column,1,0,serial,2,1,heuristic,invalid,invalid,false,false,1,tensorop,f32,128,128,64,1,2,1,0,0,0,7,4,1,1,64,128,16,90,90,56623104,47256174592,834,0.0812154,649.315,581863
27,CUTLASS,gemm,cutlass3x_sm90_tensorop_s64x128x16gemm_f16_f16_f32_f16_f16_128x128x64_1x2x1_0_nnn_align8_warpspecialized_cooperative_epi_nosmem,passed,success,universal,1408,4096,4096,f16:column,f16:column,f16:column,f16:column,1,0,serial,2,1,heuristic,invalid,invalid,false,false,1,tensorop,f32,128,128,64,1,2,1,0,0,0,7,4,2,1,64,128,16,90,90,56623104,47256174592,834,0.0852749,618.405,554163
27,CUTLASS,gemm,cutlass3x_sm90_tensorop_s64x128x16gemm_f16_f16_f32_f16_f16_128x128x64_1x2x1_0_nnn_align8_warpspecialized_cooperative_epi_tma,passed,success,universal,1408,4096,4096,f16:column,f16:column,f16:column,f16:column,1,0,serial,2,1,heuristic,invalid,invalid,false,false,1,tensorop,f32,128,128,64,1,2,1,0,0,0,6,4,2,1,64,128,16,90,90,56623104,47256174592,834,0.0801546,657.909,589563
27,CUTLASS,gemm,cutlass3x_sm90_tensorop_s64x128x16gemm_f16_f16_f32_f16_f16_128x128x64_1x2x1_0_nnn_align8_stream_k_warpspecialized_cooperative_epi_nosmem,passed,success,universal,1408,4096,4096,f16:column,f16:column,f16:column,f16:column,1,0,serial,2,1,heuristic,invalid,invalid,false,false,1,tensorop,f32,128,128,64,1,2,1,0,0,0,7,4,2,1,64,128,16,90,90,56623104,47256174592,834,0.101798,518.029,464215
27,CUTLASS,gemm,cutlass3x_sm90_tensorop_s64x128x16gemm_f16_f16_f32_f16_f16_128x128x64_1x2x1_0_nnn_align8_stream_k_warpspecialized_cooperative_epi_tma,passed,success,universal,1408,4096,4096,f16:column,f16:column,f16:column,f16:column,1,0,serial,2,1,heuristic,invalid,invalid,false,false,1,tensorop,f32,128,128,64,1,2,1,0,0,0,6,4,2,1,64,128,16,90,90,56623104,47256174592,834,0.101198,521.102,466969
27,CUTLASS,gemm,cutlass3x_sm90_tensorop_s64x128x16gemm_f16_f16_f32_f16_f16_128x128x64_2x1x1_0_nnn_align8,passed,success,universal,1408,4096,4096,f16:column,f16:column,f16:column,f16:column,1,0,serial,2,1,heuristic,invalid,invalid,false,false,1,tensorop,f32,128,128,64,2,1,1,0,0,0,7,4,2,1,64,128,16,90,90,56623104,47256174592,834,0.109958,479.586,429765
27,CUTLASS,gemm,cutlass3x_sm90_tensorop_s64x128x16gemm_f16_f16_f32_f16_f16_128x128x64_2x1x1_0_nnn_align8_warpspecialized_epi_nosmem,passed,success,universal,1408,4096,4096,f16:column,f16:column,f16:column,f16:column,1,0,serial,2,1,heuristic,invalid,invalid,false,false,1,tensorop,f32,128,128,64,2,1,1,0,0,0,7,4,1,1,64,128,16,90,90,56623104,47256174592,834,0.100796,523.178,468829
27,CUTLASS,gemm,cutlass3x_sm90_tensorop_s64x128x16gemm_f16_f16_f32_f16_f16_128x128x64_2x1x1_0_nnn_align8_warpspecialized_pingpong_epi_tma,passed,success,universal,1408,4096,4096,f16:column,f16:column,f16:column,f16:column,1,0,serial,2,1,heuristic,invalid,invalid,false,false,1,tensorop,f32,128,128,64,2,1,1,0,0,0,6,4,1,1,64,128,16,90,90,56623104,47256174592,834,0.105687,498.969,447134
27,CUTLASS,gemm,cutlass3x_sm90_tensorop_s64x128x16gemm_f16_f16_f32_f16_f16_128x128x64_2x1x1_0_nnn_align8_warpspecialized_pingpong_epi_nosmem,passed,success,universal,1408,4096,4096,f16:column,f16:column,f16:column,f16:column,1,0,serial,2,1,heuristic,invalid,invalid,false,false,1,tensorop,f32,128,128,64,2,1,1,0,0,0,7,4,1,1,64,128,16,90,90,56623104,47256174592,834,0.105159,501.474,449380
27,CUTLASS,gemm,cutlass3x_sm90_tensorop_s64x128x16gemm_f16_f16_f32_f16_f16_128x128x64_2x1x1_0_nnn_align8_warpspecialized_cooperative_epi_nosmem,passed,success,universal,1408,4096,4096,f16:column,f16:column,f16:column,f16:column,1,0,serial,2,1,heuristic,invalid,invalid,false,false,1,tensorop,f32,128,128,64,2,1,1,0,0,0,7,4,2,1,64,128,16,90,90,56623104,47256174592,834,0.108293,486.96,436373
27,CUTLASS,gemm,cutlass3x_sm90_tensorop_s64x128x16gemm_f16_f16_f32_f16_f16_128x128x64_2x1x1_0_nnn_align8_warpspecialized_cooperative_epi_tma,passed,success,universal,1408,4096,4096,f16:column,f16:column,f16:column,f16:column,1,0,serial,2,1,heuristic,invalid,invalid,false,false,1,tensorop,f32,128,128,64,2,1,1,0,0,0,6,4,2,1,64,128,16,90,90,56623104,47256174592,834,0.104071,506.715,454076
27,CUTLASS,gemm,cutlass3x_sm90_tensorop_s64x128x16gemm_f16_f16_f32_f16_f16_128x128x64_2x1x1_0_nnn_align8_stream_k_warpspecialized_cooperative_epi_nosmem,passed,success,universal,1408,4096,4096,f16:column,f16:column,f16:column,f16:column,1,0,serial,2,1,heuristic,invalid,invalid,false,false,1,tensorop,f32,128,128,64,2,1,1,0,0,0,7,4,2,1,64,128,16,90,90,56623104,47256174592,834,0.112831,467.376,418824
27,CUTLASS,gemm,cutlass3x_sm90_tensorop_s64x128x16gemm_f16_f16_f32_f16_f16_128x128x64_2x1x1_0_nnn_align8_stream_k_warpspecialized_cooperative_epi_tma,passed,success,universal,1408,4096,4096,f16:column,f16:column,f16:column,f16:column,1,0,serial,2,1,heuristic,invalid,invalid,false,false,1,tensorop,f32,128,128,64,2,1,1,0,0,0,6,4,2,1,64,128,16,90,90,56623104,47256174592,834,0.111113,474.6,425297
28,CUTLASS,gemm,cutlass_tensorop_f16_s1688gemm_f16_256x128_32x2_nn_align8,passed,success,universal,1536,4096,4096,f16:column,f16:column,f16:column,f16:column,1,0,serial,2,1,heuristic,invalid,invalid,false,false,1,tensorop,f32,256,128,32,1,1,1,0,0,0,2,4,2,1,16,8,8,75,1024,58720256,51552190464,877,0.257501,212.378,200202
28,CUTLASS,gemm,cutlass_tensorop_f16_s16816gemm_f16_256x128_32x3_nn_align8,passed,success,universal,1536,4096,4096,f16:column,f16:column,f16:column,f16:column,1,0,serial,2,1,heuristic,invalid,invalid,false,false,1,tensorop,f32,256,128,32,1,1,1,0,0,0,3,4,2,1,16,8,16,80,1024,58720256,51552190464,877,0.131414,416.145,392287
28,CUTLASS,gemm,cutlass3x_sm90_tensorop_s64x128x16gemm_f16_f16_f32_f16_f16_128x128x64_1x2x1_0_nnn_align8,passed,success,universal,1536,4096,4096,f16:column,f16:column,f16:column,f16:column,1,0,serial,2,1,heuristic,invalid,invalid,false,false,1,tensorop,f32,128,128,64,1,2,1,0,0,0,7,4,2,1,64,128,16,90,90,58720256,51552190464,877,0.0882637,619.592,584070
28,CUTLASS,gemm,cutlass3x_sm90_tensorop_s64x128x16gemm_f16_f16_f32_f16_f16_128x128x64_1x2x1_0_nnn_align8_warpspecialized_epi_nosmem,passed,success,universal,1536,4096,4096,f16:column,f16:column,f16:column,f16:column,1,0,serial,2,1,heuristic,invalid,invalid,false,false,1,tensorop,f32,128,128,64,1,2,1,0,0,0,7,4,1,1,64,128,16,90,90,58720256,51552190464,877,0.085537,639.344,602689
28,CUTLASS,gemm,cutlass3x_sm90_tensorop_s64x128x16gemm_f16_f16_f32_f16_f16_128x128x64_1x2x1_0_nnn_align8_warpspecialized_pingpong_epi_tma,passed,success,universal,1536,4096,4096,f16:column,f16:column,f16:column,f16:column,1,0,serial,2,1,heuristic,invalid,invalid,false,false,1,tensorop,f32,128,128,64,1,2,1,0,0,0,6,4,1,1,64,128,16,90,90,58720256,51552190464,877,0.0819459,667.361,629100
28,CUTLASS,gemm,cutlass3x_sm90_tensorop_s64x128x16gemm_f16_f16_f32_f16_f16_128x128x64_1x2x1_0_nnn_align8_warpspecialized_pingpong_epi_nosmem,passed,success,universal,1536,4096,4096,f16:column,f16:column,f16:column,f16:column,1,0,serial,2,1,heuristic,invalid,invalid,false,false,1,tensorop,f32,128,128,64,1,2,1,0,0,0,7,4,1,1,64,128,16,90,90,58720256,51552190464,877,0.0838726,652.03,614648
28,CUTLASS,gemm,cutlass3x_sm90_tensorop_s64x128x16gemm_f16_f16_f32_f16_f16_128x128x64_1x2x1_0_nnn_align8_warpspecialized_cooperative_epi_nosmem,passed,success,universal,1536,4096,4096,f16:column,f16:column,f16:column,f16:column,1,0,serial,2,1,heuristic,invalid,invalid,false,false,1,tensorop,f32,128,128,64,1,2,1,0,0,0,7,4,2,1,64,128,16,90,90,58720256,51552190464,877,0.0868115,629.957,593840
28,CUTLASS,gemm,cutlass3x_sm90_tensorop_s64x128x16gemm_f16_f16_f32_f16_f16_128x128x64_1x2x1_0_nnn_align8_warpspecialized_cooperative_epi_tma,passed,success,universal,1536,4096,4096,f16:column,f16:column,f16:column,f16:column,1,0,serial,2,1,heuristic,invalid,invalid,false,false,1,tensorop,f32,128,128,64,1,2,1,0,0,0,6,4,2,1,64,128,16,90,90,58720256,51552190464,877,0.0820336,666.648,628428
28,CUTLASS,gemm,cutlass3x_sm90_tensorop_s64x128x16gemm_f16_f16_f32_f16_f16_128x128x64_1x2x1_0_nnn_align8_stream_k_warpspecialized_cooperative_epi_nosmem,passed,success,universal,1536,4096,4096,f16:column,f16:column,f16:column,f16:column,1,0,serial,2,1,heuristic,invalid,invalid,false,false,1,tensorop,f32,128,128,64,1,2,1,0,0,0,7,4,2,1,64,128,16,90,90,58720256,51552190464,877,0.104666,522.496,492540
28,CUTLASS,gemm,cutlass3x_sm90_tensorop_s64x128x16gemm_f16_f16_f32_f16_f16_128x128x64_1x2x1_0_nnn_align8_stream_k_warpspecialized_cooperative_epi_tma,passed,success,universal,1536,4096,4096,f16:column,f16:column,f16:column,f16:column,1,0,serial,2,1,heuristic,invalid,invalid,false,false,1,tensorop,f32,128,128,64,1,2,1,0,0,0,6,4,2,1,64,128,16,90,90,58720256,51552190464,877,0.102193,535.141,504461
28,CUTLASS,gemm,cutlass3x_sm90_tensorop_s64x128x16gemm_f16_f16_f32_f16_f16_128x128x64_2x1x1_0_nnn_align8,passed,success,universal,1536,4096,4096,f16:column,f16:column,f16:column,f16:column,1,0,serial,2,1,heuristic,invalid,invalid,false,false,1,tensorop,f32,128,128,64,2,1,1,0,0,0,7,4,2,1,64,128,16,90,90,58720256,51552190464,877,0.0850282,643.169,606295
28,CUTLASS,gemm,cutlass3x_sm90_tensorop_s64x128x16gemm_f16_f16_f32_f16_f16_128x128x64_2x1x1_0_nnn_align8_warpspecialized_epi_nosmem,passed,success,universal,1536,4096,4096,f16:column,f16:column,f16:column,f16:column,1,0,serial,2,1,heuristic,invalid,invalid,false,false,1,tensorop,f32,128,128,64,2,1,1,0,0,0,7,4,1,1,64,128,16,90,90,58720256,51552190464,877,0.0906125,603.532,568930
28,CUTLASS,gemm,cutlass3x_sm90_tensorop_s64x128x16gemm_f16_f16_f32_f16_f16_128x128x64_2x1x1_0_nnn_align8_warpspecialized_pingpong_epi_tma,passed,success,universal,1536,4096,4096,f16:column,f16:column,f16:column,f16:column,1,0,serial,2,1,heuristic,invalid,invalid,false,false,1,tensorop,f32,128,128,64,2,1,1,0,0,0,6,4,1,1,64,128,16,90,90,58720256,51552190464,877,0.0790602,691.72,652063
28,CUTLASS,gemm,cutlass3x_sm90_tensorop_s64x128x16gemm_f16_f16_f32_f16_f16_128x128x64_2x1x1_0_nnn_align8_warpspecialized_pingpong_epi_nosmem,passed,success,universal,1536,4096,4096,f16:column,f16:column,f16:column,f16:column,1,0,serial,2,1,heuristic,invalid,invalid,false,false,1,tensorop,f32,128,128,64,2,1,1,0,0,0,7,4,1,1,64,128,16,90,90,58720256,51552190464,877,0.081967,667.189,628938
28,CUTLASS,gemm,cutlass3x_sm90_tensorop_s64x128x16gemm_f16_f16_f32_f16_f16_128x128x64_2x1x1_0_nnn_align8_warpspecialized_cooperative_epi_nosmem,passed,success,universal,1536,4096,4096,f16:column,f16:column,f16:column,f16:column,1,0,serial,2,1,heuristic,invalid,invalid,false,false,1,tensorop,f32,128,128,64,2,1,1,0,0,0,7,4,2,1,64,128,16,90,90,58720256,51552190464,877,0.0850019,643.368,606483
28,CUTLASS,gemm,cutlass3x_sm90_tensorop_s64x128x16gemm_f16_f16_f32_f16_f16_128x128x64_2x1x1_0_nnn_align8_warpspecialized_cooperative_epi_tma,passed,success,universal,1536,4096,4096,f16:column,f16:column,f16:column,f16:column,1,0,serial,2,1,heuristic,invalid,invalid,false,false,1,tensorop,f32,128,128,64,2,1,1,0,0,0,6,4,2,1,64,128,16,90,90,58720256,51552190464,877,0.0793379,689.298,649780
28,CUTLASS,gemm,cutlass3x_sm90_tensorop_s64x128x16gemm_f16_f16_f32_f16_f16_128x128x64_2x1x1_0_nnn_align8_stream_k_warpspecialized_cooperative_epi_nosmem,passed,success,universal,1536,4096,4096,f16:column,f16:column,f16:column,f16:column,1,0,serial,2,1,heuristic,invalid,invalid,false,false,1,tensorop,f32,128,128,64,2,1,1,0,0,0,7,4,2,1,64,128,16,90,90,58720256,51552190464,877,0.102504,533.516,502929
28,CUTLASS,gemm,cutlass3x_sm90_tensorop_s64x128x16gemm_f16_f16_f32_f16_f16_128x128x64_2x1x1_0_nnn_align8_stream_k_warpspecialized_cooperative_epi_tma,passed,success,universal,1536,4096,4096,f16:column,f16:column,f16:column,f16:column,1,0,serial,2,1,heuristic,invalid,invalid,false,false,1,tensorop,f32,128,128,64,2,1,1,0,0,0,6,4,2,1,64,128,16,90,90,58720256,51552190464,877,0.100237,545.583,514304
29,CUTLASS,gemm,cutlass_tensorop_f16_s1688gemm_f16_256x128_32x2_nn_align8,passed,success,universal,1664,4096,4096,f16:column,f16:column,f16:column,f16:column,1,0,serial,2,1,heuristic,invalid,invalid,false,false,1,tensorop,f32,256,128,32,1,1,1,0,0,0,2,4,2,1,16,8,8,75,1024,60817408,55848206336,918,0.335722,168.713,166352
29,CUTLASS,gemm,cutlass_tensorop_f16_s16816gemm_f16_256x128_32x3_nn_align8,passed,success,universal,1664,4096,4096,f16:column,f16:column,f16:column,f16:column,1,0,serial,2,1,heuristic,invalid,invalid,false,false,1,tensorop,f32,256,128,32,1,1,1,0,0,0,3,4,2,1,16,8,16,80,1024,60817408,55848206336,918,0.168276,336.594,331885
29,CUTLASS,gemm,cutlass3x_sm90_tensorop_s64x128x16gemm_f16_f16_f32_f16_f16_128x128x64_1x2x1_0_nnn_align8,passed,success,universal,1664,4096,4096,f16:column,f16:column,f16:column,f16:column,1,0,serial,2,1,heuristic,invalid,invalid,false,false,1,tensorop,f32,128,128,64,1,2,1,0,0,0,7,4,2,1,64,128,16,90,90,60817408,55848206336,918,0.112092,505.303,498233
29,CUTLASS,gemm,cutlass3x_sm90_tensorop_s64x128x16gemm_f16_f16_f32_f16_f16_128x128x64_1x2x1_0_nnn_align8_warpspecialized_epi_nosmem,passed,success,universal,1664,4096,4096,f16:column,f16:column,f16:column,f16:column,1,0,serial,2,1,heuristic,invalid,invalid,false,false,1,tensorop,f32,128,128,64,1,2,1,0,0,0,7,4,1,1,64,128,16,90,90,60817408,55848206336,918,0.0972125,582.648,574496
29,CUTLASS,gemm,cutlass3x_sm90_tensorop_s64x128x16gemm_f16_f16_f32_f16_f16_128x128x64_1x2x1_0_nnn_align8_warpspecialized_pingpong_epi_tma,passed,success,universal,1664,4096,4096,f16:column,f16:column,f16:column,f16:column,1,0,serial,2,1,heuristic,invalid,invalid,false,false,1,tensorop,f32,128,128,64,1,2,1,0,0,0,6,4,1,1,64,128,16,90,90,60817408,55848206336,918,0.105072,539.063,531522
29,CUTLASS,gemm,cutlass3x_sm90_tensorop_s64x128x16gemm_f16_f16_f32_f16_f16_128x128x64_1x2x1_0_nnn_align8_warpspecialized_pingpong_epi_nosmem,passed,success,universal,1664,4096,4096,f16:column,f16:column,f16:column,f16:column,1,0,serial,2,1,heuristic,invalid,invalid,false,false,1,tensorop,f32,128,128,64,1,2,1,0,0,0,7,4,1,1,64,128,16,90,90,60817408,55848206336,918,0.107356,527.599,520217
29,CUTLASS,gemm,cutlass3x_sm90_tensorop_s64x128x16gemm_f16_f16_f32_f16_f16_128x128x64_1x2x1_0_nnn_align8_warpspecialized_cooperative_epi_nosmem,passed,success,universal,1664,4096,4096,f16:column,f16:column,f16:column,f16:column,1,0,serial,2,1,heuristic,invalid,invalid,false,false,1,tensorop,f32,128,128,64,1,2,1,0,0,0,7,4,2,1,64,128,16,90,90,60817408,55848206336,918,0.111823,506.519,499432
29,CUTLASS,gemm,cutlass3x_sm90_tensorop_s64x128x16gemm_f16_f16_f32_f16_f16_128x128x64_1x2x1_0_nnn_align8_warpspecialized_cooperative_epi_tma,passed,success,universal,1664,4096,4096,f16:column,f16:column,f16:column,f16:column,1,0,serial,2,1,heuristic,invalid,invalid,false,false,1,tensorop,f32,128,128,64,1,2,1,0,0,0,6,4,2,1,64,128,16,90,90,60817408,55848206336,918,0.105081,539.017,531476
29,CUTLASS,gemm,cutlass3x_sm90_tensorop_s64x128x16gemm_f16_f16_f32_f16_f16_128x128x64_1x2x1_0_nnn_align8_stream_k_warpspecialized_cooperative_epi_nosmem,passed,success,universal,1664,4096,4096,f16:column,f16:column,f16:column,f16:column,1,0,serial,2,1,heuristic,invalid,invalid,false,false,1,tensorop,f32,128,128,64,1,2,1,0,0,0,7,4,2,1,64,128,16,90,90,60817408,55848206336,918,0.120988,468.151,461602
29,CUTLASS,gemm,cutlass3x_sm90_tensorop_s64x128x16gemm_f16_f16_f32_f16_f16_128x128x64_1x2x1_0_nnn_align8_stream_k_warpspecialized_cooperative_epi_tma,passed,success,universal,1664,4096,4096,f16:column,f16:column,f16:column,f16:column,1,0,serial,2,1,heuristic,invalid,invalid,false,false,1,tensorop,f32,128,128,64,1,2,1,0,0,0,6,4,2,1,64,128,16,90,90,60817408,55848206336,918,0.118686,477.232,470555
29,CUTLASS,gemm,cutlass3x_sm90_tensorop_s64x128x16gemm_f16_f16_f32_f16_f16_128x128x64_2x1x1_0_nnn_align8,passed,success,universal,1664,4096,4096,f16:column,f16:column,f16:column,f16:column,1,0,serial,2,1,heuristic,invalid,invalid,false,false,1,tensorop,f32,128,128,64,2,1,1,0,0,0,7,4,2,1,64,128,16,90,90,60817408,55848206336,918,0.123167,459.867,453433
29,CUTLASS,gemm,cutlass3x_sm90_tensorop_s64x128x16gemm_f16_f16_f32_f16_f16_128x128x64_2x1x1_0_nnn_align8_warpspecialized_epi_nosmem,passed,success,universal,1664,4096,4096,f16:column,f16:column,f16:column,f16:column,1,0,serial,2,1,heuristic,invalid,invalid,false,false,1,tensorop,f32,128,128,64,2,1,1,0,0,0,7,4,1,1,64,128,16,90,90,60817408,55848206336,918,0.118292,478.821,472122
29,CUTLASS,gemm,cutlass3x_sm90_tensorop_s64x128x16gemm_f16_f16_f32_f16_f16_128x128x64_2x1x1_0_nnn_align8_warpspecialized_pingpong_epi_tma,passed,success,universal,1664,4096,4096,f16:column,f16:column,f16:column,f16:column,1,0,serial,2,1,heuristic,invalid,invalid,false,false,1,tensorop,f32,128,128,64,2,1,1,0,0,0,6,4,1,1,64,128,16,90,90,60817408,55848206336,918,0.116958,484.283,477507
29,CUTLASS,gemm,cutlass3x_sm90_tensorop_s64x128x16gemm_f16_f16_f32_f16_f16_128x128x64_2x1x1_0_nnn_align8_warpspecialized_pingpong_epi_nosmem,passed,success,universal,1664,4096,4096,f16:column,f16:column,f16:column,f16:column,1,0,serial,2,1,heuristic,invalid,invalid,false,false,1,tensorop,f32,128,128,64,2,1,1,0,0,0,7,4,1,1,64,128,16,90,90,60817408,55848206336,918,0.121191,467.365,460827
29,CUTLASS,gemm,cutlass3x_sm90_tensorop_s64x128x16gemm_f16_f16_f32_f16_f16_128x128x64_2x1x1_0_nnn_align8_warpspecialized_cooperative_epi_nosmem,passed,success,universal,1664,4096,4096,f16:column,f16:column,f16:column,f16:column,1,0,serial,2,1,heuristic,invalid,invalid,false,false,1,tensorop,f32,128,128,64,2,1,1,0,0,0,7,4,2,1,64,128,16,90,90,60817408,55848206336,918,0.122234,463.378,456895
29,CUTLASS,gemm,cutlass3x_sm90_tensorop_s64x128x16gemm_f16_f16_f32_f16_f16_128x128x64_2x1x1_0_nnn_align8_warpspecialized_cooperative_epi_tma,passed,success,universal,1664,4096,4096,f16:column,f16:column,f16:column,f16:column,1,0,serial,2,1,heuristic,invalid,invalid,false,false,1,tensorop,f32,128,128,64,2,1,1,0,0,0,6,4,2,1,64,128,16,90,90,60817408,55848206336,918,0.117231,483.153,476393
29,CUTLASS,gemm,cutlass3x_sm90_tensorop_s64x128x16gemm_f16_f16_f32_f16_f16_128x128x64_2x1x1_0_nnn_align8_stream_k_warpspecialized_cooperative_epi_nosmem,passed,success,universal,1664,4096,4096,f16:column,f16:column,f16:column,f16:column,1,0,serial,2,1,heuristic,invalid,invalid,false,false,1,tensorop,f32,128,128,64,2,1,1,0,0,0,7,4,2,1,64,128,16,90,90,60817408,55848206336,918,0.123705,457.869,451463
29,CUTLASS,gemm,cutlass3x_sm90_tensorop_s64x128x16gemm_f16_f16_f32_f16_f16_128x128x64_2x1x1_0_nnn_align8_stream_k_warpspecialized_cooperative_epi_tma,passed,success,universal,1664,4096,4096,f16:column,f16:column,f16:column,f16:column,1,0,serial,2,1,heuristic,invalid,invalid,false,false,1,tensorop,f32,128,128,64,2,1,1,0,0,0,6,4,2,1,64,128,16,90,90,60817408,55848206336,918,0.123064,460.252,453813
30,CUTLASS,gemm,cutlass_tensorop_f16_s1688gemm_f16_256x128_32x2_nn_align8,passed,success,universal,1792,4096,4096,f16:column,f16:column,f16:column,f16:column,1,0,serial,2,1,heuristic,invalid,invalid,false,false,1,tensorop,f32,256,128,32,1,1,1,0,0,0,2,4,2,1,16,8,8,75,1024,62914560,60144222208,955,0.337298,173.715,178312
30,CUTLASS,gemm,cutlass_tensorop_f16_s16816gemm_f16_256x128_32x3_nn_align8,passed,success,universal,1792,4096,4096,f16:column,f16:column,f16:column,f16:column,1,0,serial,2,1,heuristic,invalid,invalid,false,false,1,tensorop,f32,256,128,32,1,1,1,0,0,0,3,4,2,1,16,8,16,80,1024,62914560,60144222208,955,0.168568,347.598,356796
30,CUTLASS,gemm,cutlass3x_sm90_tensorop_s64x128x16gemm_f16_f16_f32_f16_f16_128x128x64_1x2x1_0_nnn_align8,passed,success,universal,1792,4096,4096,f16:column,f16:column,f16:column,f16:column,1,0,serial,2,1,heuristic,invalid,invalid,false,false,1,tensorop,f32,128,128,64,1,2,1,0,0,0,7,4,2,1,64,128,16,90,90,62914560,60144222208,955,0.114252,512.844,526415
30,CUTLASS,gemm,cutlass3x_sm90_tensorop_s64x128x16gemm_f16_f16_f32_f16_f16_128x128x64_1x2x1_0_nnn_align8_warpspecialized_epi_nosmem,passed,success,universal,1792,4096,4096,f16:column,f16:column,f16:column,f16:column,1,0,serial,2,1,heuristic,invalid,invalid,false,false,1,tensorop,f32,128,128,64,1,2,1,0,0,0,7,4,1,1,64,128,16,90,90,62914560,60144222208,955,0.108565,539.712,553994
30,CUTLASS,gemm,cutlass3x_sm90_tensorop_s64x128x16gemm_f16_f16_f32_f16_f16_128x128x64_1x2x1_0_nnn_align8_warpspecialized_pingpong_epi_tma,passed,success,universal,1792,4096,4096,f16:column,f16:column,f16:column,f16:column,1,0,serial,2,1,heuristic,invalid,invalid,false,false,1,tensorop,f32,128,128,64,1,2,1,0,0,0,6,4,1,1,64,128,16,90,90,62914560,60144222208,955,0.104155,562.564,577450
30,CUTLASS,gemm,cutlass3x_sm90_tensorop_s64x128x16gemm_f16_f16_f32_f16_f16_128x128x64_1x2x1_0_nnn_align8_warpspecialized_pingpong_epi_nosmem,passed,success,universal,1792,4096,4096,f16:column,f16:column,f16:column,f16:column,1,0,serial,2,1,heuristic,invalid,invalid,false,false,1,tensorop,f32,128,128,64,1,2,1,0,0,0,7,4,1,1,64,128,16,90,90,62914560,60144222208,955,0.107169,546.743,561211
30,CUTLASS,gemm,cutlass3x_sm90_tensorop_s64x128x16gemm_f16_f16_f32_f16_f16_128x128x64_1x2x1_0_nnn_align8_warpspecialized_cooperative_epi_nosmem,passed,success,universal,1792,4096,4096,f16:column,f16:column,f16:column,f16:column,1,0,serial,2,1,heuristic,invalid,invalid,false,false,1,tensorop,f32,128,128,64,1,2,1,0,0,0,7,4,2,1,64,128,16,90,90,62914560,60144222208,955,0.11296,518.711,532437
30,CUTLASS,gemm,cutlass3x_sm90_tensorop_s64x128x16gemm_f16_f16_f32_f16_f16_128x128x64_1x2x1_0_nnn_align8_warpspecialized_cooperative_epi_tma,passed,success,universal,1792,4096,4096,f16:column,f16:column,f16:column,f16:column,1,0,serial,2,1,heuristic,invalid,invalid,false,false,1,tensorop,f32,128,128,64,1,2,1,0,0,0,6,4,2,1,64,128,16,90,90,62914560,60144222208,955,0.105238,556.775,571508
30,CUTLASS,gemm,cutlass3x_sm90_tensorop_s64x128x16gemm_f16_f16_f32_f16_f16_128x128x64_1x2x1_0_nnn_align8_stream_k_warpspecialized_cooperative_epi_nosmem,passed,success,universal,1792,4096,4096,f16:column,f16:column,f16:column,f16:column,1,0,serial,2,1,heuristic,invalid,invalid,false,false,1,tensorop,f32,128,128,64,1,2,1,0,0,0,7,4,2,1,64,128,16,90,90,62914560,60144222208,955,0.121236,483.305,496094
30,CUTLASS,gemm,cutlass3x_sm90_tensorop_s64x128x16gemm_f16_f16_f32_f16_f16_128x128x64_1x2x1_0_nnn_align8_stream_k_warpspecialized_cooperative_epi_tma,passed,success,universal,1792,4096,4096,f16:column,f16:column,f16:column,f16:column,1,0,serial,2,1,heuristic,invalid,invalid,false,false,1,tensorop,f32,128,128,64,1,2,1,0,0,0,6,4,2,1,64,128,16,90,90,62914560,60144222208,955,0.117187,500.001,513232
30,CUTLASS,gemm,cutlass3x_sm90_tensorop_s64x128x16gemm_f16_f16_f32_f16_f16_128x128x64_2x1x1_0_nnn_align8,passed,success,universal,1792,4096,4096,f16:column,f16:column,f16:column,f16:column,1,0,serial,2,1,heuristic,invalid,invalid,false,false,1,tensorop,f32,128,128,64,2,1,1,0,0,0,7,4,2,1,64,128,16,90,90,62914560,60144222208,955,0.11242,521.206,534998
30,CUTLASS,gemm,cutlass3x_sm90_tensorop_s64x128x16gemm_f16_f16_f32_f16_f16_128x128x64_2x1x1_0_nnn_align8_warpspecialized_epi_nosmem,passed,success,universal,1792,4096,4096,f16:column,f16:column,f16:column,f16:column,1,0,serial,2,1,heuristic,invalid,invalid,false,false,1,tensorop,f32,128,128,64,2,1,1,0,0,0,7,4,1,1,64,128,16,90,90,62914560,60144222208,955,0.115043,509.322,522800
30,CUTLASS,gemm,cutlass3x_sm90_tensorop_s64x128x16gemm_f16_f16_f32_f16_f16_128x128x64_2x1x1_0_nnn_align8_warpspecialized_pingpong_epi_tma,passed,success,universal,1792,4096,4096,f16:column,f16:column,f16:column,f16:column,1,0,serial,2,1,heuristic,invalid,invalid,false,false,1,tensorop,f32,128,128,64,2,1,1,0,0,0,6,4,1,1,64,128,16,90,90,62914560,60144222208,955,0.101291,578.468,593775
30,CUTLASS,gemm,cutlass3x_sm90_tensorop_s64x128x16gemm_f16_f16_f32_f16_f16_128x128x64_2x1x1_0_nnn_align8_warpspecialized_pingpong_epi_nosmem,passed,success,universal,1792,4096,4096,f16:column,f16:column,f16:column,f16:column,1,0,serial,2,1,heuristic,invalid,invalid,false,false,1,tensorop,f32,128,128,64,2,1,1,0,0,0,7,4,1,1,64,128,16,90,90,62914560,60144222208,955,0.105294,556.477,571202
30,CUTLASS,gemm,cutlass3x_sm90_tensorop_s64x128x16gemm_f16_f16_f32_f16_f16_128x128x64_2x1x1_0_nnn_align8_warpspecialized_cooperative_epi_nosmem,passed,success,universal,1792,4096,4096,f16:column,f16:column,f16:column,f16:column,1,0,serial,2,1,heuristic,invalid,invalid,false,false,1,tensorop,f32,128,128,64,2,1,1,0,0,0,7,4,2,1,64,128,16,90,90,62914560,60144222208,955,0.111357,526.18,540104
30,CUTLASS,gemm,cutlass3x_sm90_tensorop_s64x128x16gemm_f16_f16_f32_f16_f16_128x128x64_2x1x1_0_nnn_align8_warpspecialized_cooperative_epi_tma,passed,success,universal,1792,4096,4096,f16:column,f16:column,f16:column,f16:column,1,0,serial,2,1,heuristic,invalid,invalid,false,false,1,tensorop,f32,128,128,64,2,1,1,0,0,0,6,4,2,1,64,128,16,90,90,62914560,60144222208,955,0.102272,572.923,588083
30,CUTLASS,gemm,cutlass3x_sm90_tensorop_s64x128x16gemm_f16_f16_f32_f16_f16_128x128x64_2x1x1_0_nnn_align8_stream_k_warpspecialized_cooperative_epi_nosmem,passed,success,universal,1792,4096,4096,f16:column,f16:column,f16:column,f16:column,1,0,serial,2,1,heuristic,invalid,invalid,false,false,1,tensorop,f32,128,128,64,2,1,1,0,0,0,7,4,2,1,64,128,16,90,90,62914560,60144222208,955,0.117464,498.823,512023
30,CUTLASS,gemm,cutlass3x_sm90_tensorop_s64x128x16gemm_f16_f16_f32_f16_f16_128x128x64_2x1x1_0_nnn_align8_stream_k_warpspecialized_cooperative_epi_tma,passed,success,universal,1792,4096,4096,f16:column,f16:column,f16:column,f16:column,1,0,serial,2,1,heuristic,invalid,invalid,false,false,1,tensorop,f32,128,128,64,2,1,1,0,0,0,6,4,2,1,64,128,16,90,90,62914560,60144222208,955,0.114861,510.128,523627
31,CUTLASS,gemm,cutlass_tensorop_f16_s1688gemm_f16_256x128_32x2_nn_align8,passed,success,universal,1920,4096,4096,f16:column,f16:column,f16:column,f16:column,1,0,serial,2,1,heuristic,invalid,invalid,false,false,1,tensorop,f32,256,128,32,1,1,1,0,0,0,2,4,2,1,16,8,8,75,1024,65011712,64440238080,991,0.340172,177.989,189434
31,CUTLASS,gemm,cutlass_tensorop_f16_s16816gemm_f16_256x128_32x3_nn_align8,passed,success,universal,1920,4096,4096,f16:column,f16:column,f16:column,f16:column,1,0,serial,2,1,heuristic,invalid,invalid,false,false,1,tensorop,f32,256,128,32,1,1,1,0,0,0,3,4,2,1,16,8,16,80,1024,65011712,64440238080,991,0.169815,356.545,379472
31,CUTLASS,gemm,cutlass3x_sm90_tensorop_s64x128x16gemm_f16_f16_f32_f16_f16_128x128x64_1x2x1_0_nnn_align8,passed,success,universal,1920,4096,4096,f16:column,f16:column,f16:column,f16:column,1,0,serial,2,1,heuristic,invalid,invalid,false,false,1,tensorop,f32,128,128,64,1,2,1,0,0,0,7,4,2,1,64,128,16,90,90,65011712,64440238080,991,0.110901,545.952,581059
31,CUTLASS,gemm,cutlass3x_sm90_tensorop_s64x128x16gemm_f16_f16_f32_f16_f16_128x128x64_1x2x1_0_nnn_align8_warpspecialized_epi_nosmem,passed,success,universal,1920,4096,4096,f16:column,f16:column,f16:column,f16:column,1,0,serial,2,1,heuristic,invalid,invalid,false,false,1,tensorop,f32,128,128,64,1,2,1,0,0,0,7,4,1,1,64,128,16,90,90,65011712,64440238080,991,0.106777,567.042,603505
31,CUTLASS,gemm,cutlass3x_sm90_tensorop_s64x128x16gemm_f16_f16_f32_f16_f16_128x128x64_1x2x1_0_nnn_align8_warpspecialized_pingpong_epi_tma,passed,success,universal,1920,4096,4096,f16:column,f16:column,f16:column,f16:column,1,0,serial,2,1,heuristic,invalid,invalid,false,false,1,tensorop,f32,128,128,64,1,2,1,0,0,0,6,4,1,1,64,128,16,90,90,65011712,64440238080,991,0.10394,582.515,619973
31,CUTLASS,gemm,cutlass3x_sm90_tensorop_s64x128x16gemm_f16_f16_f32_f16_f16_128x128x64_1x2x1_0_nnn_align8_warpspecialized_pingpong_epi_nosmem,passed,success,universal,1920,4096,4096,f16:column,f16:column,f16:column,f16:column,1,0,serial,2,1,heuristic,invalid,invalid,false,false,1,tensorop,f32,128,128,64,1,2,1,0,0,0,7,4,1,1,64,128,16,90,90,65011712,64440238080,991,0.106336,569.39,606004
31,CUTLASS,gemm,cutlass3x_sm90_tensorop_s64x128x16gemm_f16_f16_f32_f16_f16_128x128x64_1x2x1_0_nnn_align8_warpspecialized_cooperative_epi_nosmem,passed,success,universal,1920,4096,4096,f16:column,f16:column,f16:column,f16:column,1,0,serial,2,1,heuristic,invalid,invalid,false,false,1,tensorop,f32,128,128,64,1,2,1,0,0,0,7,4,2,1,64,128,16,90,90,65011712,64440238080,991,0.110377,548.546,583820
31,CUTLASS,gemm,cutlass3x_sm90_tensorop_s64x128x16gemm_f16_f16_f32_f16_f16_128x128x64_1x2x1_0_nnn_align8_warpspecialized_cooperative_epi_tma,passed,success,universal,1920,4096,4096,f16:column,f16:column,f16:column,f16:column,1,0,serial,2,1,heuristic,invalid,invalid,false,false,1,tensorop,f32,128,128,64,1,2,1,0,0,0,6,4,2,1,64,128,16,90,90,65011712,64440238080,991,0.103465,585.19,622820
31,CUTLASS,gemm,cutlass3x_sm90_tensorop_s64x128x16gemm_f16_f16_f32_f16_f16_128x128x64_1x2x1_0_nnn_align8_stream_k_warpspecialized_cooperative_epi_nosmem,passed,success,universal,1920,4096,4096,f16:column,f16:column,f16:column,f16:column,1,0,serial,2,1,heuristic,invalid,invalid,false,false,1,tensorop,f32,128,128,64,1,2,1,0,0,0,7,4,2,1,64,128,16,90,90,65011712,64440238080,991,0.132591,456.644,486007
31,CUTLASS,gemm,cutlass3x_sm90_tensorop_s64x128x16gemm_f16_f16_f32_f16_f16_128x128x64_1x2x1_0_nnn_align8_stream_k_warpspecialized_cooperative_epi_tma,passed,success,universal,1920,4096,4096,f16:column,f16:column,f16:column,f16:column,1,0,serial,2,1,heuristic,invalid,invalid,false,false,1,tensorop,f32,128,128,64,1,2,1,0,0,0,6,4,2,1,64,128,16,90,90,65011712,64440238080,991,0.131061,461.974,491681
31,CUTLASS,gemm,cutlass3x_sm90_tensorop_s64x128x16gemm_f16_f16_f32_f16_f16_128x128x64_2x1x1_0_nnn_align8,passed,success,universal,1920,4096,4096,f16:column,f16:column,f16:column,f16:column,1,0,serial,2,1,heuristic,invalid,invalid,false,false,1,tensorop,f32,128,128,64,2,1,1,0,0,0,7,4,2,1,64,128,16,90,90,65011712,64440238080,991,0.126891,477.157,507840
31,CUTLASS,gemm,cutlass3x_sm90_tensorop_s64x128x16gemm_f16_f16_f32_f16_f16_128x128x64_2x1x1_0_nnn_align8_warpspecialized_epi_nosmem,passed,success,universal,1920,4096,4096,f16:column,f16:column,f16:column,f16:column,1,0,serial,2,1,heuristic,invalid,invalid,false,false,1,tensorop,f32,128,128,64,2,1,1,0,0,0,7,4,1,1,64,128,16,90,90,65011712,64440238080,991,0.129433,467.784,497865
31,CUTLASS,gemm,cutlass3x_sm90_tensorop_s64x128x16gemm_f16_f16_f32_f16_f16_128x128x64_2x1x1_0_nnn_align8_warpspecialized_pingpong_epi_tma,passed,success,universal,1920,4096,4096,f16:column,f16:column,f16:column,f16:column,1,0,serial,2,1,heuristic,invalid,invalid,false,false,1,tensorop,f32,128,128,64,2,1,1,0,0,0,6,4,1,1,64,128,16,90,90,65011712,64440238080,991,0.120535,502.318,534618
31,CUTLASS,gemm,cutlass3x_sm90_tensorop_s64x128x16gemm_f16_f16_f32_f16_f16_128x128x64_2x1x1_0_nnn_align8_warpspecialized_pingpong_epi_nosmem,passed,success,universal,1920,4096,4096,f16:column,f16:column,f16:column,f16:column,1,0,serial,2,1,heuristic,invalid,invalid,false,false,1,tensorop,f32,128,128,64,2,1,1,0,0,0,7,4,1,1,64,128,16,90,90,65011712,64440238080,991,0.124846,484.971,516156
31,CUTLASS,gemm,cutlass3x_sm90_tensorop_s64x128x16gemm_f16_f16_f32_f16_f16_128x128x64_2x1x1_0_nnn_align8_warpspecialized_cooperative_epi_nosmem,passed,success,universal,1920,4096,4096,f16:column,f16:column,f16:column,f16:column,1,0,serial,2,1,heuristic,invalid,invalid,false,false,1,tensorop,f32,128,128,64,2,1,1,0,0,0,7,4,2,1,64,128,16,90,90,65011712,64440238080,991,0.127196,476.013,506622
31,CUTLASS,gemm,cutlass3x_sm90_tensorop_s64x128x16gemm_f16_f16_f32_f16_f16_128x128x64_2x1x1_0_nnn_align8_warpspecialized_cooperative_epi_tma,passed,success,universal,1920,4096,4096,f16:column,f16:column,f16:column,f16:column,1,0,serial,2,1,heuristic,invalid,invalid,false,false,1,tensorop,f32,128,128,64,2,1,1,0,0,0,6,4,2,1,64,128,16,90,90,65011712,64440238080,991,0.12134,498.987,531074
31,CUTLASS,gemm,cutlass3x_sm90_tensorop_s64x128x16gemm_f16_f16_f32_f16_f16_128x128x64_2x1x1_0_nnn_align8_stream_k_warpspecialized_cooperative_epi_nosmem,passed,success,universal,1920,4096,4096,f16:column,f16:column,f16:column,f16:column,1,0,serial,2,1,heuristic,invalid,invalid,false,false,1,tensorop,f32,128,128,64,2,1,1,0,0,0,7,4,2,1,64,128,16,90,90,65011712,64440238080,991,0.138952,435.74,463760
31,CUTLASS,gemm,cutlass3x_sm90_tensorop_s64x128x16gemm_f16_f16_f32_f16_f16_128x128x64_2x1x1_0_nnn_align8_stream_k_warpspecialized_cooperative_epi_tma,passed,success,universal,1920,4096,4096,f16:column,f16:column,f16:column,f16:column,1,0,serial,2,1,heuristic,invalid,invalid,false,false,1,tensorop,f32,128,128,64,2,1,1,0,0,0,6,4,2,1,64,128,16,90,90,65011712,64440238080,991,0.138975,435.666,463681
32,CUTLASS,gemm,cutlass_tensorop_f16_s1688gemm_f16_256x128_32x2_nn_align8,passed,success,universal,2048,4096,4096,f16:column,f16:column,f16:column,f16:column,1,0,serial,2,1,heuristic,invalid,invalid,false,false,1,tensorop,f32,256,128,32,1,1,1,0,0,0,2,4,2,1,16,8,8,75,1024,67108864,68736253952,1024,0.340716,183.437,201741
32,CUTLASS,gemm,cutlass_tensorop_f16_s16816gemm_f16_256x128_32x3_nn_align8,passed,success,universal,2048,4096,4096,f16:column,f16:column,f16:column,f16:column,1,0,serial,2,1,heuristic,invalid,invalid,false,false,1,tensorop,f32,256,128,32,1,1,1,0,0,0,3,4,2,1,16,8,16,80,1024,67108864,68736253952,1024,0.17027,367.065,403690
32,CUTLASS,gemm,cutlass3x_sm90_tensorop_s64x128x16gemm_f16_f16_f32_f16_f16_128x128x64_1x2x1_0_nnn_align8,passed,success,universal,2048,4096,4096,f16:column,f16:column,f16:column,f16:column,1,0,serial,2,1,heuristic,invalid,invalid,false,false,1,tensorop,f32,128,128,64,1,2,1,0,0,0,7,4,2,1,64,128,16,90,90,67108864,68736253952,1024,0.109715,569.66,626501
32,CUTLASS,gemm,cutlass3x_sm90_tensorop_s64x128x16gemm_f16_f16_f32_f16_f16_128x128x64_1x2x1_0_nnn_align8_warpspecialized_epi_nosmem,passed,success,universal,2048,4096,4096,f16:column,f16:column,f16:column,f16:column,1,0,serial,2,1,heuristic,invalid,invalid,false,false,1,tensorop,f32,128,128,64,1,2,1,0,0,0,7,4,1,1,64,128,16,90,90,67108864,68736253952,1024,0.105606,591.822,650874
32,CUTLASS,gemm,cutlass3x_sm90_tensorop_s64x128x16gemm_f16_f16_f32_f16_f16_128x128x64_1x2x1_0_nnn_align8_warpspecialized_pingpong_epi_tma,passed,success,universal,2048,4096,4096,f16:column,f16:column,f16:column,f16:column,1,0,serial,2,1,heuristic,invalid,invalid,false,false,1,tensorop,f32,128,128,64,1,2,1,0,0,0,6,4,1,1,64,128,16,90,90,67108864,68736253952,1024,0.100722,620.522,682438
32,CUTLASS,gemm,cutlass3x_sm90_tensorop_s64x128x16gemm_f16_f16_f32_f16_f16_128x128x64_1x2x1_0_nnn_align8_warpspecialized_pingpong_epi_nosmem,passed,success,universal,2048,4096,4096,f16:column,f16:column,f16:column,f16:column,1,0,serial,2,1,heuristic,invalid,invalid,false,false,1,tensorop,f32,128,128,64,1,2,1,0,0,0,7,4,1,1,64,128,16,90,90,67108864,68736253952,1024,0.105663,591.503,650523
32,CUTLASS,gemm,cutlass3x_sm90_tensorop_s64x128x16gemm_f16_f16_f32_f16_f16_128x128x64_1x2x1_0_nnn_align8_warpspecialized_cooperative_epi_nosmem,passed,success,universal,2048,4096,4096,f16:column,f16:column,f16:column,f16:column,1,0,serial,2,1,heuristic,invalid,invalid,false,false,1,tensorop,f32,128,128,64,1,2,1,0,0,0,7,4,2,1,64,128,16,90,90,67108864,68736253952,1024,0.109127,572.729,629876
32,CUTLASS,gemm,cutlass3x_sm90_tensorop_s64x128x16gemm_f16_f16_f32_f16_f16_128x128x64_1x2x1_0_nnn_align8_warpspecialized_cooperative_epi_tma,passed,success,universal,2048,4096,4096,f16:column,f16:column,f16:column,f16:column,1,0,serial,2,1,heuristic,invalid,invalid,false,false,1,tensorop,f32,128,128,64,1,2,1,0,0,0,6,4,2,1,64,128,16,90,90,67108864,68736253952,1024,0.0995037,628.117,690791
32,CUTLASS,gemm,cutlass3x_sm90_tensorop_s64x128x16gemm_f16_f16_f32_f16_f16_128x128x64_1x2x1_0_nnn_align8_stream_k_warpspecialized_cooperative_epi_nosmem,passed,success,universal,2048,4096,4096,f16:column,f16:column,f16:column,f16:column,1,0,serial,2,1,heuristic,invalid,invalid,false,false,1,tensorop,f32,128,128,64,1,2,1,0,0,0,7,4,2,1,64,128,16,90,90,67108864,68736253952,1024,0.133003,469.914,516802
32,CUTLASS,gemm,cutlass3x_sm90_tensorop_s64x128x16gemm_f16_f16_f32_f16_f16_128x128x64_1x2x1_0_nnn_align8_stream_k_warpspecialized_cooperative_epi_tma,passed,success,universal,2048,4096,4096,f16:column,f16:column,f16:column,f16:column,1,0,serial,2,1,heuristic,invalid,invalid,false,false,1,tensorop,f32,128,128,64,1,2,1,0,0,0,6,4,2,1,64,128,16,90,90,67108864,68736253952,1024,0.129069,484.235,532552
32,CUTLASS,gemm,cutlass3x_sm90_tensorop_s64x128x16gemm_f16_f16_f32_f16_f16_128x128x64_2x1x1_0_nnn_align8,passed,success,universal,2048,4096,4096,f16:column,f16:column,f16:column,f16:column,1,0,serial,2,1,heuristic,invalid,invalid,false,false,1,tensorop,f32,128,128,64,2,1,1,0,0,0,7,4,2,1,64,128,16,90,90,67108864,68736253952,1024,0.109571,570.407,627322
32,CUTLASS,gemm,cutlass3x_sm90_tensorop_s64x128x16gemm_f16_f16_f32_f16_f16_128x128x64_2x1x1_0_nnn_align8_warpspecialized_epi_nosmem,passed,success,universal,2048,4096,4096,f16:column,f16:column,f16:column,f16:column,1,0,serial,2,1,heuristic,invalid,invalid,false,false,1,tensorop,f32,128,128,64,2,1,1,0,0,0,7,4,1,1,64,128,16,90,90,67108864,68736253952,1024,0.120022,520.736,572695
32,CUTLASS,gemm,cutlass3x_sm90_tensorop_s64x128x16gemm_f16_f16_f32_f16_f16_128x128x64_2x1x1_0_nnn_align8_warpspecialized_pingpong_epi_tma,passed,success,universal,2048,4096,4096,f16:column,f16:column,f16:column,f16:column,1,0,serial,2,1,heuristic,invalid,invalid,false,false,1,tensorop,f32,128,128,64,2,1,1,0,0,0,6,4,1,1,64,128,16,90,90,67108864,68736253952,1024,0.102915,607.296,667892
32,CUTLASS,gemm,cutlass3x_sm90_tensorop_s64x128x16gemm_f16_f16_f32_f16_f16_128x128x64_2x1x1_0_nnn_align8_warpspecialized_pingpong_epi_nosmem,passed,success,universal,2048,4096,4096,f16:column,f16:column,f16:column,f16:column,1,0,serial,2,1,heuristic,invalid,invalid,false,false,1,tensorop,f32,128,128,64,2,1,1,0,0,0,7,4,1,1,64,128,16,90,90,67108864,68736253952,1024,0.106619,586.198,644689
32,CUTLASS,gemm,cutlass3x_sm90_tensorop_s64x128x16gemm_f16_f16_f32_f16_f16_128x128x64_2x1x1_0_nnn_align8_warpspecialized_cooperative_epi_nosmem,passed,success,universal,2048,4096,4096,f16:column,f16:column,f16:column,f16:column,1,0,serial,2,1,heuristic,invalid,invalid,false,false,1,tensorop,f32,128,128,64,2,1,1,0,0,0,7,4,2,1,64,128,16,90,90,67108864,68736253952,1024,0.109564,570.442,627361
32,CUTLASS,gemm,cutlass3x_sm90_tensorop_s64x128x16gemm_f16_f16_f32_f16_f16_128x128x64_2x1x1_0_nnn_align8_warpspecialized_cooperative_epi_tma,passed,success,universal,2048,4096,4096,f16:column,f16:column,f16:column,f16:column,1,0,serial,2,1,heuristic,invalid,invalid,false,false,1,tensorop,f32,128,128,64,2,1,1,0,0,0,6,4,2,1,64,128,16,90,90,67108864,68736253952,1024,0.104318,599.131,658912
32,CUTLASS,gemm,cutlass3x_sm90_tensorop_s64x128x16gemm_f16_f16_f32_f16_f16_128x128x64_2x1x1_0_nnn_align8_stream_k_warpspecialized_cooperative_epi_nosmem,passed,success,universal,2048,4096,4096,f16:column,f16:column,f16:column,f16:column,1,0,serial,2,1,heuristic,invalid,invalid,false,false,1,tensorop,f32,128,128,64,2,1,1,0,0,0,7,4,2,1,64,128,16,90,90,67108864,68736253952,1024,0.132186,472.82,519998
32,CUTLASS,gemm,cutlass3x_sm90_tensorop_s64x128x16gemm_f16_f16_f32_f16_f16_128x128x64_2x1x1_0_nnn_align8_stream_k_warpspecialized_cooperative_epi_tma,passed,success,universal,2048,4096,4096,f16:column,f16:column,f16:column,f16:column,1,0,serial,2,1,heuristic,invalid,invalid,false,false,1,tensorop,f32,128,128,64,2,1,1,0,0,0,6,4,2,1,64,128,16,90,90,67108864,68736253952,1024,0.129937,481.004,528998
33,CUTLASS,gemm,cutlass_tensorop_f16_s1688gemm_f16_256x128_32x2_nn_align8,passed,success,universal,128,4096,4096,f16:column,f16:column,f16:column,f16:column,1,0,serial,4,1,heuristic,invalid,invalid,false,false,1,tensorop,f32,256,128,32,1,1,1,0,0,0,2,4,2,1,16,8,8,75,1024,35651584,4296015872,120,0.0593005,559.913,72444.9
33,CUTLASS,gemm,cutlass_tensorop_f16_s16816gemm_f16_256x128_32x3_nn_align8,passed,success,universal,128,4096,4096,f16:column,f16:column,f16:column,f16:column,1,0,serial,4,1,heuristic,invalid,invalid,false,false,1,tensorop,f32,256,128,32,1,1,1,0,0,0,3,4,2,1,16,8,16,80,1024,35651584,4296015872,120,0.0384403,863.758,111758
33,CUTLASS,gemm,cutlass3x_sm90_tensorop_s64x128x16gemm_f16_f16_f32_f16_f16_128x128x64_1x2x1_0_nnn_align8,passed,success,universal,128,4096,4096,f16:column,f16:column,f16:column,f16:column,1,0,serial,4,1,heuristic,invalid,invalid,false,false,1,tensorop,f32,128,128,64,1,2,1,0,0,0,7,4,2,1,64,128,16,90,90,35651584,4296015872,120,0.0266323,1246.72,161308
33,CUTLASS,gemm,cutlass3x_sm90_tensorop_s64x128x16gemm_f16_f16_f32_f16_f16_128x128x64_1x2x1_0_nnn_align8_warpspecialized_epi_nosmem,passed,success,universal,128,4096,4096,f16:column,f16:column,f16:column,f16:column,1,0,serial,4,1,heuristic,invalid,invalid,false,false,1,tensorop,f32,128,128,64,1,2,1,0,0,0,7,4,1,1,64,128,16,90,90,35651584,4296015872,120,0.0259686,1278.59,165431
33,CUTLASS,gemm,cutlass3x_sm90_tensorop_s64x128x16gemm_f16_f16_f32_f16_f16_128x128x64_1x2x1_0_nnn_align8_warpspecialized_pingpong_epi_tma,passed,success,universal,128,4096,4096,f16:column,f16:column,f16:column,f16:column,1,0,serial,4,1,heuristic,invalid,invalid,false,false,1,tensorop,f32,128,128,64,1,2,1,0,0,0,6,4,1,1,64,128,16,90,90,35651584,4296015872,120,0.0266147,1247.55,161415
33,CUTLASS,gemm,cutlass3x_sm90_tensorop_s64x128x16gemm_f16_f16_f32_f16_f16_128x128x64_1x2x1_0_nnn_align8_warpspecialized_pingpong_epi_nosmem,passed,success,universal,128,4096,4096,f16:column,f16:column,f16:column,f16:column,1,0,serial,4,1,heuristic,invalid,invalid,false,false,1,tensorop,f32,128,128,64,1,2,1,0,0,0,7,4,1,1,64,128,16,90,90,35651584,4296015872,120,0.0261782,1268.35,164106
33,CUTLASS,gemm,cutlass3x_sm90_tensorop_s64x128x16gemm_f16_f16_f32_f16_f16_128x128x64_1x2x1_0_nnn_align8_warpspecialized_cooperative_epi_nosmem,passed,success,universal,128,4096,4096,f16:column,f16:column,f16:column,f16:column,1,0,serial,4,1,heuristic,invalid,invalid,false,false,1,tensorop,f32,128,128,64,1,2,1,0,0,0,7,4,2,1,64,128,16,90,90,35651584,4296015872,120,0.0267248,1242.41,160750
33,CUTLASS,gemm,cutlass3x_sm90_tensorop_s64x128x16gemm_f16_f16_f32_f16_f16_128x128x64_1x2x1_0_nnn_align8_warpspecialized_cooperative_epi_tma,passed,success,universal,128,4096,4096,f16:column,f16:column,f16:column,f16:column,1,0,serial,4,1,heuristic,invalid,invalid,false,false,1,tensorop,f32,128,128,64,1,2,1,0,0,0,6,4,2,1,64,128,16,90,90,35651584,4296015872,120,0.0259293,1280.53,165682
33,CUTLASS,gemm,cutlass3x_sm90_tensorop_s64x128x16gemm_f16_f16_f32_f16_f16_128x128x64_1x2x1_0_nnn_align8_stream_k_warpspecialized_cooperative_epi_nosmem,passed,success,universal,128,4096,4096,f16:column,f16:column,f16:column,f16:column,1,0,serial,4,1,heuristic,invalid,invalid,false,false,1,tensorop,f32,128,128,64,1,2,1,0,0,0,7,4,2,1,64,128,16,90,90,35651584,4296015872,120,0.0279584,1187.59,153657
33,CUTLASS,gemm,cutlass3x_sm90_tensorop_s64x128x16gemm_f16_f16_f32_f16_f16_128x128x64_1x2x1_0_nnn_align8_stream_k_warpspecialized_cooperative_epi_tma,passed,success,universal,128,4096,4096,f16:column,f16:column,f16:column,f16:column,1,0,serial,4,1,heuristic,invalid,invalid,false,false,1,tensorop,f32,128,128,64,1,2,1,0,0,0,6,4,2,1,64,128,16,90,90,35651584,4296015872,120,0.0277165,1197.96,154999
33,CUTLASS,gemm,cutlass3x_sm90_tensorop_s64x128x16gemm_f16_f16_f32_f16_f16_128x128x64_2x1x1_0_nnn_align8,passed,success,universal,128,4096,4096,f16:column,f16:column,f16:column,f16:column,1,0,serial,4,1,heuristic,invalid,invalid,false,false,1,tensorop,f32,128,128,64,2,1,1,0,0,0,7,4,2,1,64,128,16,90,90,35651584,4296015872,120,0.0288896,1149.31,148705
33,CUTLASS,gemm,cutlass3x_sm90_tensorop_s64x128x16gemm_f16_f16_f32_f16_f16_128x128x64_2x1x1_0_nnn_align8_warpspecialized_epi_nosmem,passed,success,universal,128,4096,4096,f16:column,f16:column,f16:column,f16:column,1,0,serial,4,1,heuristic,invalid,invalid,false,false,1,tensorop,f32,128,128,64,2,1,1,0,0,0,7,4,1,1,64,128,16,90,90,35651584,4296015872,120,0.0284006,1169.1,151265
33,CUTLASS,gemm,cutlass3x_sm90_tensorop_s64x128x16gemm_f16_f16_f32_f16_f16_128x128x64_2x1x1_0_nnn_align8_warpspecialized_pingpong_epi_tma,passed,success,universal,128,4096,4096,f16:column,f16:column,f16:column,f16:column,1,0,serial,4,1,heuristic,invalid,invalid,false,false,1,tensorop,f32,128,128,64,2,1,1,0,0,0,6,4,1,1,64,128,16,90,90,35651584,4296015872,120,0.0290314,1143.7,147978
33,CUTLASS,gemm,cutlass3x_sm90_tensorop_s64x128x16gemm_f16_f16_f32_f16_f16_128x128x64_2x1x1_0_nnn_align8_warpspecialized_pingpong_epi_nosmem,passed,success,universal,128,4096,4096,f16:column,f16:column,f16:column,f16:column,1,0,serial,4,1,heuristic,invalid,invalid,false,false,1,tensorop,f32,128,128,64,2,1,1,0,0,0,7,4,1,1,64,128,16,90,90,35651584,4296015872,120,0.0286688,1158.16,149850
33,CUTLASS,gemm,cutlass3x_sm90_tensorop_s64x128x16gemm_f16_f16_f32_f16_f16_128x128x64_2x1x1_0_nnn_align8_warpspecialized_cooperative_epi_nosmem,passed,success,universal,128,4096,4096,f16:column,f16:column,f16:column,f16:column,1,0,serial,4,1,heuristic,invalid,invalid,false,false,1,tensorop,f32,128,128,64,2,1,1,0,0,0,7,4,2,1,64,128,16,90,90,35651584,4296015872,120,0.0287354,1155.48,149503
33,CUTLASS,gemm,cutlass3x_sm90_tensorop_s64x128x16gemm_f16_f16_f32_f16_f16_128x128x64_2x1x1_0_nnn_align8_warpspecialized_cooperative_epi_tma,passed,success,universal,128,4096,4096,f16:column,f16:column,f16:column,f16:column,1,0,serial,4,1,heuristic,invalid,invalid,false,false,1,tensorop,f32,128,128,64,2,1,1,0,0,0,6,4,2,1,64,128,16,90,90,35651584,4296015872,120,0.0282675,1174.6,151977
33,CUTLASS,gemm,cutlass3x_sm90_tensorop_s64x128x16gemm_f16_f16_f32_f16_f16_128x128x64_2x1x1_0_nnn_align8_stream_k_warpspecialized_cooperative_epi_nosmem,passed,success,universal,128,4096,4096,f16:column,f16:column,f16:column,f16:column,1,0,serial,4,1,heuristic,invalid,invalid,false,false,1,tensorop,f32,128,128,64,2,1,1,0,0,0,7,4,2,1,64,128,16,90,90,35651584,4296015872,120,0.0303197,1095.1,141691
33,CUTLASS,gemm,cutlass3x_sm90_tensorop_s64x128x16gemm_f16_f16_f32_f16_f16_128x128x64_2x1x1_0_nnn_align8_stream_k_warpspecialized_cooperative_epi_tma,passed,success,universal,128,4096,4096,f16:column,f16:column,f16:column,f16:column,1,0,serial,4,1,heuristic,invalid,invalid,false,false,1,tensorop,f32,128,128,64,2,1,1,0,0,0,6,4,2,1,64,128,16,90,90,35651584,4296015872,120,0.0305392,1087.23,140672
34,CUTLASS,gemm,cutlass_tensorop_f16_s1688gemm_f16_256x128_32x2_nn_align8,passed,success,universal,256,4096,4096,f16:column,f16:column,f16:column,f16:column,1,0,serial,4,1,heuristic,invalid,invalid,false,false,1,tensorop,f32,256,128,32,1,1,1,0,0,0,2,4,2,1,16,8,8,75,1024,37748736,8592031744,227,0.0611021,575.369,140618
34,CUTLASS,gemm,cutlass_tensorop_f16_s16816gemm_f16_256x128_32x3_nn_align8,passed,success,universal,256,4096,4096,f16:column,f16:column,f16:column,f16:column,1,0,serial,4,1,heuristic,invalid,invalid,false,false,1,tensorop,f32,256,128,32,1,1,1,0,0,0,3,4,2,1,16,8,16,80,1024,37748736,8592031744,227,0.0394195,891.849,217964
34,CUTLASS,gemm,cutlass3x_sm90_tensorop_s64x128x16gemm_f16_f16_f32_f16_f16_128x128x64_1x2x1_0_nnn_align8,passed,success,universal,256,4096,4096,f16:column,f16:column,f16:column,f16:column,1,0,serial,4,1,heuristic,invalid,invalid,false,false,1,tensorop,f32,128,128,64,1,2,1,0,0,0,7,4,2,1,64,128,16,90,90,37748736,8592031744,227,0.0283046,1242.07,303556
34,CUTLASS,gemm,cutlass3x_sm90_tensorop_s64x128x16gemm_f16_f16_f32_f16_f16_128x128x64_1x2x1_0_nnn_align8_warpspecialized_epi_nosmem,passed,success,universal,256,4096,4096,f16:column,f16:column,f16:column,f16:column,1,0,serial,4,1,heuristic,invalid,invalid,false,false,1,tensorop,f32,128,128,64,1,2,1,0,0,0,7,4,1,1,64,128,16,90,90,37748736,8592031744,227,0.0276275,1272.51,310995
34,CUTLASS,gemm,cutlass3x_sm90_tensorop_s64x128x16gemm_f16_f16_f32_f16_f16_128x128x64_1x2x1_0_nnn_align8_warpspecialized_pingpong_epi_tma,passed,success,universal,256,4096,4096,f16:column,f16:column,f16:column,f16:column,1,0,serial,4,1,heuristic,invalid,invalid,false,false,1,tensorop,f32,128,128,64,1,2,1,0,0,0,6,4,1,1,64,128,16,90,90,37748736,8592031744,227,0.028375,1238.99,302802
34,CUTLASS,gemm,cutlass3x_sm90_tensorop_s64x128x16gemm_f16_f16_f32_f16_f16_128x128x64_1x2x1_0_nnn_align8_warpspecialized_pingpong_epi_nosmem,passed,success,universal,256,4096,4096,f16:column,f16:column,f16:column,f16:column,1,0,serial,4,1,heuristic,invalid,invalid,false,false,1,tensorop,f32,128,128,64,1,2,1,0,0,0,7,4,1,1,64,128,16,90,90,37748736,8592031744,227,0.0276701,1270.55,310517
34,CUTLASS,gemm,cutlass3x_sm90_tensorop_s64x128x16gemm_f16_f16_f32_f16_f16_128x128x64_1x2x1_0_nnn_align8_warpspecialized_cooperative_epi_nosmem,passed,success,universal,256,4096,4096,f16:column,f16:column,f16:column,f16:column,1,0,serial,4,1,heuristic,invalid,invalid,false,false,1,tensorop,f32,128,128,64,1,2,1,0,0,0,7,4,2,1,64,128,16,90,90,37748736,8592031744,227,0.0283008,1242.24,303597
34,CUTLASS,gemm,cutlass3x_sm90_tensorop_s64x128x16gemm_f16_f16_f32_f16_f16_128x128x64_1x2x1_0_nnn_align8_warpspecialized_cooperative_epi_tma,passed,success,universal,256,4096,4096,f16:column,f16:column,f16:column,f16:column,1,0,serial,4,1,heuristic,invalid,invalid,false,false,1,tensorop,f32,128,128,64,1,2,1,0,0,0,6,4,2,1,64,128,16,90,90,37748736,8592031744,227,0.0275722,1275.06,311620
34,CUTLASS,gemm,cutlass3x_sm90_tensorop_s64x128x16gemm_f16_f16_f32_f16_f16_128x128x64_1x2x1_0_nnn_align8_stream_k_warpspecialized_cooperative_epi_nosmem,passed,success,universal,256,4096,4096,f16:column,f16:column,f16:column,f16:column,1,0,serial,4,1,heuristic,invalid,invalid,false,false,1,tensorop,f32,128,128,64,1,2,1,0,0,0,7,4,2,1,64,128,16,90,90,37748736,8592031744,227,0.0302336,1162.82,284188
34,CUTLASS,gemm,cutlass3x_sm90_tensorop_s64x128x16gemm_f16_f16_f32_f16_f16_128x128x64_1x2x1_0_nnn_align8_stream_k_warpspecialized_cooperative_epi_tma,passed,success,universal,256,4096,4096,f16:column,f16:column,f16:column,f16:column,1,0,serial,4,1,heuristic,invalid,invalid,false,false,1,tensorop,f32,128,128,64,1,2,1,0,0,0,6,4,2,1,64,128,16,90,90,37748736,8592031744,227,0.0301069,1167.71,285384
34,CUTLASS,gemm,cutlass3x_sm90_tensorop_s64x128x16gemm_f16_f16_f32_f16_f16_128x128x64_2x1x1_0_nnn_align8,passed,success,universal,256,4096,4096,f16:column,f16:column,f16:column,f16:column,1,0,serial,4,1,heuristic,invalid,invalid,false,false,1,tensorop,f32,128,128,64,2,1,1,0,0,0,7,4,2,1,64,128,16,90,90,37748736,8592031744,227,0.0268781,1307.99,319667
34,CUTLASS,gemm,cutlass3x_sm90_tensorop_s64x128x16gemm_f16_f16_f32_f16_f16_128x128x64_2x1x1_0_nnn_align8_warpspecialized_epi_nosmem,passed,success,universal,256,4096,4096,f16:column,f16:column,f16:column,f16:column,1,0,serial,4,1,heuristic,invalid,invalid,false,false,1,tensorop,f32,128,128,64,2,1,1,0,0,0,7,4,1,1,64,128,16,90,90,37748736,8592031744,227,0.0262355,1340.02,327496
34,CUTLASS,gemm,cutlass3x_sm90_tensorop_s64x128x16gemm_f16_f16_f32_f16_f16_128x128x64_2x1x1_0_nnn_align8_warpspecialized_pingpong_epi_tma,passed,success,universal,256,4096,4096,f16:column,f16:column,f16:column,f16:column,1,0,serial,4,1,heuristic,invalid,invalid,false,false,1,tensorop,f32,128,128,64,2,1,1,0,0,0,6,4,1,1,64,128,16,90,90,37748736,8592031744,227,0.0270054,1301.82,318159
34,CUTLASS,gemm,cutlass3x_sm90_tensorop_s64x128x16gemm_f16_f16_f32_f16_f16_128x128x64_2x1x1_0_nnn_align8_warpspecialized_pingpong_epi_nosmem,passed,success,universal,256,4096,4096,f16:column,f16:column,f16:column,f16:column,1,0,serial,4,1,heuristic,invalid,invalid,false,false,1,tensorop,f32,128,128,64,2,1,1,0,0,0,7,4,1,1,64,128,16,90,90,37748736,8592031744,227,0.0266742,1317.99,322110
34,CUTLASS,gemm,cutlass3x_sm90_tensorop_s64x128x16gemm_f16_f16_f32_f16_f16_128x128x64_2x1x1_0_nnn_align8_warpspecialized_cooperative_epi_nosmem,passed,success,universal,256,4096,4096,f16:column,f16:column,f16:column,f16:column,1,0,serial,4,1,heuristic,invalid,invalid,false,false,1,tensorop,f32,128,128,64,2,1,1,0,0,0,7,4,2,1,64,128,16,90,90,37748736,8592031744,227,0.0270528,1299.54,317602
34,CUTLASS,gemm,cutlass3x_sm90_tensorop_s64x128x16gemm_f16_f16_f32_f16_f16_128x128x64_2x1x1_0_nnn_align8_warpspecialized_cooperative_epi_tma,passed,success,universal,256,4096,4096,f16:column,f16:column,f16:column,f16:column,1,0,serial,4,1,heuristic,invalid,invalid,false,false,1,tensorop,f32,128,128,64,2,1,1,0,0,0,6,4,2,1,64,128,16,90,90,37748736,8592031744,227,0.0261936,1342.17,328020
34,CUTLASS,gemm,cutlass3x_sm90_tensorop_s64x128x16gemm_f16_f16_f32_f16_f16_128x128x64_2x1x1_0_nnn_align8_stream_k_warpspecialized_cooperative_epi_nosmem,passed,success,universal,256,4096,4096,f16:column,f16:column,f16:column,f16:column,1,0,serial,4,1,heuristic,invalid,invalid,false,false,1,tensorop,f32,128,128,64,2,1,1,0,0,0,7,4,2,1,64,128,16,90,90,37748736,8592031744,227,0.0287677,1222.07,298670
34,CUTLASS,gemm,cutlass3x_sm90_tensorop_s64x128x16gemm_f16_f16_f32_f16_f16_128x128x64_2x1x1_0_nnn_align8_stream_k_warpspecialized_cooperative_epi_tma,passed,success,universal,256,4096,4096,f16:column,f16:column,f16:column,f16:column,1,0,serial,4,1,heuristic,invalid,invalid,false,false,1,tensorop,f32,128,128,64,2,1,1,0,0,0,6,4,2,1,64,128,16,90,90,37748736,8592031744,227,0.0284982,1233.63,301493
35,CUTLASS,gemm,cutlass_tensorop_f16_s1688gemm_f16_256x128_32x2_nn_align8,passed,success,universal,384,4096,4096,f16:column,f16:column,f16:column,f16:column,1,0,serial,4,1,heuristic,invalid,invalid,false,false,1,tensorop,f32,256,128,32,1,1,1,0,0,0,2,4,2,1,16,8,8,75,1024,39845888,12888047616,323,0.0930141,398.965,138560
35,CUTLASS,gemm,cutlass_tensorop_f16_s16816gemm_f16_256x128_32x3_nn_align8,passed,success,universal,384,4096,4096,f16:column,f16:column,f16:column,f16:column,1,0,serial,4,1,heuristic,invalid,invalid,false,false,1,tensorop,f32,256,128,32,1,1,1,0,0,0,3,4,2,1,16,8,16,80,1024,39845888,12888047616,323,0.0528326,702.395,243941
35,CUTLASS,gemm,cutlass3x_sm90_tensorop_s64x128x16gemm_f16_f16_f32_f16_f16_128x128x64_1x2x1_0_nnn_align8,passed,success,universal,384,4096,4096,f16:column,f16:column,f16:column,f16:column,1,0,serial,4,1,heuristic,invalid,invalid,false,false,1,tensorop,f32,128,128,64,1,2,1,0,0,0,7,4,2,1,64,128,16,90,90,39845888,12888047616,323,0.0317232,1169.79,406266
35,CUTLASS,gemm,cutlass3x_sm90_tensorop_s64x128x16gemm_f16_f16_f32_f16_f16_128x128x64_1x2x1_0_nnn_align8_warpspecialized_epi_nosmem,passed,success,universal,384,4096,4096,f16:column,f16:column,f16:column,f16:column,1,0,serial,4,1,heuristic,invalid,invalid,false,false,1,tensorop,f32,128,128,64,1,2,1,0,0,0,7,4,1,1,64,128,16,90,90,39845888,12888047616,323,0.031079,1194.03,414686
35,CUTLASS,gemm,cutlass3x_sm90_tensorop_s64x128x16gemm_f16_f16_f32_f16_f16_128x128x64_1x2x1_0_nnn_align8_warpspecialized_pingpong_epi_tma,passed,success,universal,384,4096,4096,f16:column,f16:column,f16:column,f16:column,1,0,serial,4,1,heuristic,invalid,invalid,false,false,1,tensorop,f32,128,128,64,1,2,1,0,0,0,6,4,1,1,64,128,16,90,90,39845888,12888047616,323,0.0289952,1279.85,444489
35,CUTLASS,gemm,cutlass3x_sm90_tensorop_s64x128x16gemm_f16_f16_f32_f16_f16_128x128x64_1x2x1_0_nnn_align8_warpspecialized_pingpong_epi_nosmem,passed,success,universal,384,4096,4096,f16:column,f16:column,f16:column,f16:column,1,0,serial,4,1,heuristic,invalid,invalid,false,false,1,tensorop,f32,128,128,64,1,2,1,0,0,0,7,4,1,1,64,128,16,90,90,39845888,12888047616,323,0.0319325,1162.12,403603
35,CUTLASS,gemm,cutlass3x_sm90_tensorop_s64x128x16gemm_f16_f16_f32_f16_f16_128x128x64_1x2x1_0_nnn_align8_warpspecialized_cooperative_epi_nosmem,passed,success,universal,384,4096,4096,f16:column,f16:column,f16:column,f16:column,1,0,serial,4,1,heuristic,invalid,invalid,false,false,1,tensorop,f32,128,128,64,1,2,1,0,0,0,7,4,2,1,64,128,16,90,90,39845888,12888047616,323,0.0320237,1158.81,402454
35,CUTLASS,gemm,cutlass3x_sm90_tensorop_s64x128x16gemm_f16_f16_f32_f16_f16_128x128x64_1x2x1_0_nnn_align8_warpspecialized_cooperative_epi_tma,passed,success,universal,384,4096,4096,f16:column,f16:column,f16:column,f16:column,1,0,serial,4,1,heuristic,invalid,invalid,false,false,1,tensorop,f32,128,128,64,1,2,1,0,0,0,6,4,2,1,64,128,16,90,90,39845888,12888047616,323,0.0288669,1285.53,446465
35,CUTLASS,gemm,cutlass3x_sm90_tensorop_s64x128x16gemm_f16_f16_f32_f16_f16_128x128x64_1x2x1_0_nnn_align8_stream_k_warpspecialized_cooperative_epi_nosmem,passed,success,universal,384,4096,4096,f16:column,f16:column,f16:column,f16:column,1,0,serial,4,1,heuristic,invalid,invalid,false,false,1,tensorop,f32,128,128,64,1,2,1,0,0,0,7,4,2,1,64,128,16,90,90,39845888,12888047616,323,0.0393229,943.71,327749
35,CUTLASS,gemm,cutlass3x_sm90_tensorop_s64x128x16gemm_f16_f16_f32_f16_f16_128x128x64_1x2x1_0_nnn_align8_stream_k_warpspecialized_cooperative_epi_tma,passed,success,universal,384,4096,4096,f16:column,f16:column,f16:column,f16:column,1,0,serial,4,1,heuristic,invalid,invalid,false,false,1,tensorop,f32,128,128,64,1,2,1,0,0,0,6,4,2,1,64,128,16,90,90,39845888,12888047616,323,0.038649,960.165,333464
35,CUTLASS,gemm,cutlass3x_sm90_tensorop_s64x128x16gemm_f16_f16_f32_f16_f16_128x128x64_2x1x1_0_nnn_align8,passed,success,universal,384,4096,4096,f16:column,f16:column,f16:column,f16:column,1,0,serial,4,1,heuristic,invalid,invalid,false,false,1,tensorop,f32,128,128,64,2,1,1,0,0,0,7,4,2,1,64,128,16,90,90,39845888,12888047616,323,0.0388054,956.293,332120
35,CUTLASS,gemm,cutlass3x_sm90_tensorop_s64x128x16gemm_f16_f16_f32_f16_f16_128x128x64_2x1x1_0_nnn_align8_warpspecialized_epi_nosmem,passed,success,universal,384,4096,4096,f16:column,f16:column,f16:column,f16:column,1,0,serial,4,1,heuristic,invalid,invalid,false,false,1,tensorop,f32,128,128,64,2,1,1,0,0,0,7,4,1,1,64,128,16,90,90,39845888,12888047616,323,0.0373197,994.365,345342
35,CUTLASS,gemm,cutlass3x_sm90_tensorop_s64x128x16gemm_f16_f16_f32_f16_f16_128x128x64_2x1x1_0_nnn_align8_warpspecialized_pingpong_epi_tma,passed,success,universal,384,4096,4096,f16:column,f16:column,f16:column,f16:column,1,0,serial,4,1,heuristic,invalid,invalid,false,false,1,tensorop,f32,128,128,64,2,1,1,0,0,0,6,4,1,1,64,128,16,90,90,39845888,12888047616,323,0.038465,964.758,335059
35,CUTLASS,gemm,cutlass3x_sm90_tensorop_s64x128x16gemm_f16_f16_f32_f16_f16_128x128x64_2x1x1_0_nnn_align8_warpspecialized_pingpong_epi_nosmem,passed,success,universal,384,4096,4096,f16:column,f16:column,f16:column,f16:column,1,0,serial,4,1,heuristic,invalid,invalid,false,false,1,tensorop,f32,128,128,64,2,1,1,0,0,0,7,4,1,1,64,128,16,90,90,39845888,12888047616,323,0.0383683,967.188,335903
35,CUTLASS,gemm,cutlass3x_sm90_tensorop_s64x128x16gemm_f16_f16_f32_f16_f16_128x128x64_2x1x1_0_nnn_align8_warpspecialized_cooperative_epi_nosmem,passed,success,universal,384,4096,4096,f16:column,f16:column,f16:column,f16:column,1,0,serial,4,1,heuristic,invalid,invalid,false,false,1,tensorop,f32,128,128,64,2,1,1,0,0,0,7,4,2,1,64,128,16,90,90,39845888,12888047616,323,0.0380384,975.577,338817
35,CUTLASS,gemm,cutlass3x_sm90_tensorop_s64x128x16gemm_f16_f16_f32_f16_f16_128x128x64_2x1x1_0_nnn_align8_warpspecialized_cooperative_epi_tma,passed,success,universal,384,4096,4096,f16:column,f16:column,f16:column,f16:column,1,0,serial,4,1,heuristic,invalid,invalid,false,false,1,tensorop,f32,128,128,64,2,1,1,0,0,0,6,4,2,1,64,128,16,90,90,39845888,12888047616,323,0.0379005,979.127,340050
35,CUTLASS,gemm,cutlass3x_sm90_tensorop_s64x128x16gemm_f16_f16_f32_f16_f16_128x128x64_2x1x1_0_nnn_align8_stream_k_warpspecialized_cooperative_epi_nosmem,passed,success,universal,384,4096,4096,f16:column,f16:column,f16:column,f16:column,1,0,serial,4,1,heuristic,invalid,invalid,false,false,1,tensorop,f32,128,128,64,2,1,1,0,0,0,7,4,2,1,64,128,16,90,90,39845888,12888047616,323,0.0493021,752.694,261410
35,CUTLASS,gemm,cutlass3x_sm90_tensorop_s64x128x16gemm_f16_f16_f32_f16_f16_128x128x64_2x1x1_0_nnn_align8_stream_k_warpspecialized_cooperative_epi_tma,passed,success,universal,384,4096,4096,f16:column,f16:column,f16:column,f16:column,1,0,serial,4,1,heuristic,invalid,invalid,false,false,1,tensorop,f32,128,128,64,2,1,1,0,0,0,6,4,2,1,64,128,16,90,90,39845888,12888047616,323,0.0492781,753.061,261537
36,CUTLASS,gemm,cutlass_tensorop_f16_s1688gemm_f16_256x128_32x2_nn_align8,passed,success,universal,512,4096,4096,f16:column,f16:column,f16:column,f16:column,1,0,serial,4,1,heuristic,invalid,invalid,false,false,1,tensorop,f32,256,128,32,1,1,1,0,0,0,2,4,2,1,16,8,8,75,1024,41943040,17184063488,409,0.0941533,414.882,182512
36,CUTLASS,gemm,cutlass_tensorop_f16_s16816gemm_f16_256x128_32x3_nn_align8,passed,success,universal,512,4096,4096,f16:column,f16:column,f16:column,f16:column,1,0,serial,4,1,heuristic,invalid,invalid,false,false,1,tensorop,f32,256,128,32,1,1,1,0,0,0,3,4,2,1,16,8,16,80,1024,41943040,17184063488,409,0.05476,713.34,313807
36,CUTLASS,gemm,cutlass3x_sm90_tensorop_s64x128x16gemm_f16_f16_f32_f16_f16_128x128x64_1x2x1_0_nnn_align8,passed,success,universal,512,4096,4096,f16:column,f16:column,f16:column,f16:column,1,0,serial,4,1,heuristic,invalid,invalid,false,false,1,tensorop,f32,128,128,64,1,2,1,0,0,0,7,4,2,1,64,128,16,90,90,41943040,17184063488,409,0.0334352,1168.3,513951
36,CUTLASS,gemm,cutlass3x_sm90_tensorop_s64x128x16gemm_f16_f16_f32_f16_f16_128x128x64_1x2x1_0_nnn_align8_warpspecialized_epi_nosmem,passed,success,universal,512,4096,4096,f16:column,f16:column,f16:column,f16:column,1,0,serial,4,1,heuristic,invalid,invalid,false,false,1,tensorop,f32,128,128,64,1,2,1,0,0,0,7,4,1,1,64,128,16,90,90,41943040,17184063488,409,0.0327082,1194.27,525375
36,CUTLASS,gemm,cutlass3x_sm90_tensorop_s64x128x16gemm_f16_f16_f32_f16_f16_128x128x64_1x2x1_0_nnn_align8_warpspecialized_pingpong_epi_tma,passed,success,universal,512,4096,4096,f16:column,f16:column,f16:column,f16:column,1,0,serial,4,1,heuristic,invalid,invalid,false,false,1,tensorop,f32,128,128,64,1,2,1,0,0,0,6,4,1,1,64,128,16,90,90,41943040,17184063488,409,0.0330326,1182.54,520215
36,CUTLASS,gemm,cutlass3x_sm90_tensorop_s64x128x16gemm_f16_f16_f32_f16_f16_128x128x64_1x2x1_0_nnn_align8_warpspecialized_pingpong_epi_nosmem,passed,success,universal,512,4096,4096,f16:column,f16:column,f16:column,f16:column,1,0,serial,4,1,heuristic,invalid,invalid,false,false,1,tensorop,f32,128,128,64,1,2,1,0,0,0,7,4,1,1,64,128,16,90,90,41943040,17184063488,409,0.033135,1178.89,518607
36,CUTLASS,gemm,cutlass3x_sm90_tensorop_s64x128x16gemm_f16_f16_f32_f16_f16_128x128x64_1x2x1_0_nnn_align8_warpspecialized_cooperative_epi_nosmem,passed,success,universal,512,4096,4096,f16:column,f16:column,f16:column,f16:column,1,0,serial,4,1,heuristic,invalid,invalid,false,false,1,tensorop,f32,128,128,64,1,2,1,0,0,0,7,4,2,1,64,128,16,90,90,41943040,17184063488,409,0.0334506,1167.77,513715
36,CUTLASS,gemm,cutlass3x_sm90_tensorop_s64x128x16gemm_f16_f16_f32_f16_f16_128x128x64_1x2x1_0_nnn_align8_warpspecialized_cooperative_epi_tma,passed,success,universal,512,4096,4096,f16:column,f16:column,f16:column,f16:column,1,0,serial,4,1,heuristic,invalid,invalid,false,false,1,tensorop,f32,128,128,64,1,2,1,0,0,0,6,4,2,1,64,128,16,90,90,41943040,17184063488,409,0.0324973,1202.02,528785
36,CUTLASS,gemm,cutlass3x_sm90_tensorop_s64x128x16gemm_f16_f16_f32_f16_f16_128x128x64_1x2x1_0_nnn_align8_stream_k_warpspecialized_cooperative_epi_nosmem,passed,success,universal,512,4096,4096,f16:column,f16:column,f16:column,f16:column,1,0,serial,4,1,heuristic,invalid,invalid,false,false,1,tensorop,f32,128,128,64,1,2,1,0,0,0,7,4,2,1,64,128,16,90,90,41943040,17184063488,409,0.050463,774.081,340528
36,CUTLASS,gemm,cutlass3x_sm90_tensorop_s64x128x16gemm_f16_f16_f32_f16_f16_128x128x64_1x2x1_0_nnn_align8_stream_k_warpspecialized_cooperative_epi_tma,passed,success,universal,512,4096,4096,f16:column,f16:column,f16:column,f16:column,1,0,serial,4,1,heuristic,invalid,invalid,false,false,1,tensorop,f32,128,128,64,1,2,1,0,0,0,6,4,2,1,64,128,16,90,90,41943040,17184063488,409,0.0496368,786.967,346196
36,CUTLASS,gemm,cutlass3x_sm90_tensorop_s64x128x16gemm_f16_f16_f32_f16_f16_128x128x64_2x1x1_0_nnn_align8,passed,success,universal,512,4096,4096,f16:column,f16:column,f16:column,f16:column,1,0,serial,4,1,heuristic,invalid,invalid,false,false,1,tensorop,f32,128,128,64,2,1,1,0,0,0,7,4,2,1,64,128,16,90,90,41943040,17184063488,409,0.0281549,1387.41,610340
36,CUTLASS,gemm,cutlass3x_sm90_tensorop_s64x128x16gemm_f16_f16_f32_f16_f16_128x128x64_2x1x1_0_nnn_align8_warpspecialized_epi_nosmem,passed,success,universal,512,4096,4096,f16:column,f16:column,f16:column,f16:column,1,0,serial,4,1,heuristic,invalid,invalid,false,false,1,tensorop,f32,128,128,64,2,1,1,0,0,0,7,4,1,1,64,128,16,90,90,41943040,17184063488,409,0.0271574,1438.37,632757
36,CUTLASS,gemm,cutlass3x_sm90_tensorop_s64x128x16gemm_f16_f16_f32_f16_f16_128x128x64_2x1x1_0_nnn_align8_warpspecialized_pingpong_epi_tma,passed,success,universal,512,4096,4096,f16:column,f16:column,f16:column,f16:column,1,0,serial,4,1,heuristic,invalid,invalid,false,false,1,tensorop,f32,128,128,64,2,1,1,0,0,0,6,4,1,1,64,128,16,90,90,41943040,17184063488,409,0.0284205,1374.45,604637
36,CUTLASS,gemm,cutlass3x_sm90_tensorop_s64x128x16gemm_f16_f16_f32_f16_f16_128x128x64_2x1x1_0_nnn_align8_warpspecialized_pingpong_epi_nosmem,passed,success,universal,512,4096,4096,f16:column,f16:column,f16:column,f16:column,1,0,serial,4,1,heuristic,invalid,invalid,false,false,1,tensorop,f32,128,128,64,2,1,1,0,0,0,7,4,1,1,64,128,16,90,90,41943040,17184063488,409,0.0275174,1419.55,624479
36,CUTLASS,gemm,cutlass3x_sm90_tensorop_s64x128x16gemm_f16_f16_f32_f16_f16_128x128x64_2x1x1_0_nnn_align8_warpspecialized_cooperative_epi_nosmem,passed,success,universal,512,4096,4096,f16:column,f16:column,f16:column,f16:column,1,0,serial,4,1,heuristic,invalid,invalid,false,false,1,tensorop,f32,128,128,64,2,1,1,0,0,0,7,4,2,1,64,128,16,90,90,41943040,17184063488,409,0.0282349,1383.48,608611
36,CUTLASS,gemm,cutlass3x_sm90_tensorop_s64x128x16gemm_f16_f16_f32_f16_f16_128x128x64_2x1x1_0_nnn_align8_warpspecialized_cooperative_epi_tma,passed,success,universal,512,4096,4096,f16:column,f16:column,f16:column,f16:column,1,0,serial,4,1,heuristic,invalid,invalid,false,false,1,tensorop,f32,128,128,64,2,1,1,0,0,0,6,4,2,1,64,128,16,90,90,41943040,17184063488,409,0.0275354,1418.63,624073
36,CUTLASS,gemm,cutlass3x_sm90_tensorop_s64x128x16gemm_f16_f16_f32_f16_f16_128x128x64_2x1x1_0_nnn_align8_stream_k_warpspecialized_cooperative_epi_nosmem,passed,success,universal,512,4096,4096,f16:column,f16:column,f16:column,f16:column,1,0,serial,4,1,heuristic,invalid,invalid,false,false,1,tensorop,f32,128,128,64,2,1,1,0,0,0,7,4,2,1,64,128,16,90,90,41943040,17184063488,409,0.0480013,813.78,357992
36,CUTLASS,gemm,cutlass3x_sm90_tensorop_s64x128x16gemm_f16_f16_f32_f16_f16_128x128x64_2x1x1_0_nnn_align8_stream_k_warpspecialized_cooperative_epi_tma,passed,success,universal,512,4096,4096,f16:column,f16:column,f16:column,f16:column,1,0,serial,4,1,heuristic,invalid,invalid,false,false,1,tensorop,f32,128,128,64,2,1,1,0,0,0,6,4,2,1,64,128,16,90,90,41943040,17184063488,409,0.0472272,827.119,363859
37,CUTLASS,gemm,cutlass_tensorop_f16_s1688gemm_f16_256x128_32x2_nn_align8,passed,success,universal,640,4096,4096,f16:column,f16:column,f16:column,f16:column,1,0,serial,4,1,heuristic,invalid,invalid,false,false,1,tensorop,f32,256,128,32,1,1,1,0,0,0,2,4,2,1,16,8,8,75,1024,44040192,21480079360,487,0.134611,304.698,159572
37,CUTLASS,gemm,cutlass_tensorop_f16_s16816gemm_f16_256x128_32x3_nn_align8,passed,success,universal,640,4096,4096,f16:column,f16:column,f16:column,f16:column,1,0,serial,4,1,heuristic,invalid,invalid,false,false,1,tensorop,f32,256,128,32,1,1,1,0,0,0,3,4,2,1,16,8,16,80,1024,44040192,21480079360,487,0.0726502,564.563,295664
37,CUTLASS,gemm,cutlass3x_sm90_tensorop_s64x128x16gemm_f16_f16_f32_f16_f16_128x128x64_1x2x1_0_nnn_align8,passed,success,universal,640,4096,4096,f16:column,f16:column,f16:column,f16:column,1,0,serial,4,1,heuristic,invalid,invalid,false,false,1,tensorop,f32,128,128,64,1,2,1,0,0,0,7,4,2,1,64,128,16,90,90,44040192,21480079360,487,0.0569072,720.746,377458
37,CUTLASS,gemm,cutlass3x_sm90_tensorop_s64x128x16gemm_f16_f16_f32_f16_f16_128x128x64_1x2x1_0_nnn_align8_warpspecialized_epi_nosmem,passed,success,universal,640,4096,4096,f16:column,f16:column,f16:column,f16:column,1,0,serial,4,1,heuristic,invalid,invalid,false,false,1,tensorop,f32,128,128,64,1,2,1,0,0,0,7,4,1,1,64,128,16,90,90,44040192,21480079360,487,0.0553075,741.592,388375
37,CUTLASS,gemm,cutlass3x_sm90_tensorop_s64x128x16gemm_f16_f16_f32_f16_f16_128x128x64_1x2x1_0_nnn_align8_warpspecialized_pingpong_epi_tma,passed,success,universal,640,4096,4096,f16:column,f16:column,f16:column,f16:column,1,0,serial,4,1,heuristic,invalid,invalid,false,false,1,tensorop,f32,128,128,64,1,2,1,0,0,0,6,4,1,1,64,128,16,90,90,44040192,21480079360,487,0.0530922,772.536,404581
37,CUTLASS,gemm,cutlass3x_sm90_tensorop_s64x128x16gemm_f16_f16_f32_f16_f16_128x128x64_1x2x1_0_nnn_align8_warpspecialized_pingpong_epi_nosmem,passed,success,universal,640,4096,4096,f16:column,f16:column,f16:column,f16:column,1,0,serial,4,1,heuristic,invalid,invalid,false,false,1,tensorop,f32,128,128,64,1,2,1,0,0,0,7,4,1,1,64,128,16,90,90,44040192,21480079360,487,0.0545277,752.198,393930
37,CUTLASS,gemm,cutlass3x_sm90_tensorop_s64x128x16gemm_f16_f16_f32_f16_f16_128x128x64_1x2x1_0_nnn_align8_warpspecialized_cooperative_epi_nosmem,passed,success,universal,640,4096,4096,f16:column,f16:column,f16:column,f16:column,1,0,serial,4,1,heuristic,invalid,invalid,false,false,1,tensorop,f32,128,128,64,1,2,1,0,0,0,7,4,2,1,64,128,16,90,90,44040192,21480079360,487,0.0567501,722.741,378503
37,CUTLASS,gemm,cutlass3x_sm90_tensorop_s64x128x16gemm_f16_f16_f32_f16_f16_128x128x64_1x2x1_0_nnn_align8_warpspecialized_cooperative_epi_tma,passed,success,universal,640,4096,4096,f16:column,f16:column,f16:column,f16:column,1,0,serial,4,1,heuristic,invalid,invalid,false,false,1,tensorop,f32,128,128,64,1,2,1,0,0,0,6,4,2,1,64,128,16,90,90,44040192,21480079360,487,0.0534589,767.237,401806
37,CUTLASS,gemm,cutlass3x_sm90_tensorop_s64x128x16gemm_f16_f16_f32_f16_f16_128x128x64_1x2x1_0_nnn_align8_stream_k_warpspecialized_cooperative_epi_nosmem,passed,success,universal,640,4096,4096,f16:column,f16:column,f16:column,f16:column,1,0,serial,4,1,heuristic,invalid,invalid,false,false,1,tensorop,f32,128,128,64,1,2,1,0,0,0,7,4,2,1,64,128,16,90,90,44040192,21480079360,487,0.0602602,680.642,356456
37,CUTLASS,gemm,cutlass3x_sm90_tensorop_s64x128x16gemm_f16_f16_f32_f16_f16_128x128x64_1x2x1_0_nnn_align8_stream_k_warpspecialized_cooperative_epi_tma,passed,success,universal,640,4096,4096,f16:column,f16:column,f16:column,f16:column,1,0,serial,4,1,heuristic,invalid,invalid,false,false,1,tensorop,f32,128,128,64,1,2,1,0,0,0,6,4,2,1,64,128,16,90,90,44040192,21480079360,487,0.0588122,697.4,365232
37,CUTLASS,gemm,cutlass3x_sm90_tensorop_s64x128x16gemm_f16_f16_f32_f16_f16_128x128x64_2x1x1_0_nnn_align8,passed,success,universal,640,4096,4096,f16:column,f16:column,f16:column,f16:column,1,0,serial,4,1,heuristic,invalid,invalid,false,false,1,tensorop,f32,128,128,64,2,1,1,0,0,0,7,4,2,1,64,128,16,90,90,44040192,21480079360,487,0.0620429,661.085,346213
37,CUTLASS,gemm,cutlass3x_sm90_tensorop_s64x128x16gemm_f16_f16_f32_f16_f16_128x128x64_2x1x1_0_nnn_align8_warpspecialized_epi_nosmem,passed,success,universal,640,4096,4096,f16:column,f16:column,f16:column,f16:column,1,0,serial,4,1,heuristic,invalid,invalid,false,false,1,tensorop,f32,128,128,64,2,1,1,0,0,0,7,4,1,1,64,128,16,90,90,44040192,21480079360,487,0.0546912,749.949,392752
37,CUTLASS,gemm,cutlass3x_sm90_tensorop_s64x128x16gemm_f16_f16_f32_f16_f16_128x128x64_2x1x1_0_nnn_align8_warpspecialized_pingpong_epi_tma,passed,success,universal,640,4096,4096,f16:column,f16:column,f16:column,f16:column,1,0,serial,4,1,heuristic,invalid,invalid,false,false,1,tensorop,f32,128,128,64,2,1,1,0,0,0,6,4,1,1,64,128,16,90,90,44040192,21480079360,487,0.0632278,648.696,339725
37,CUTLASS,gemm,cutlass3x_sm90_tensorop_s64x128x16gemm_f16_f16_f32_f16_f16_128x128x64_2x1x1_0_nnn_align8_warpspecialized_pingpong_epi_nosmem,passed,success,universal,640,4096,4096,f16:column,f16:column,f16:column,f16:column,1,0,serial,4,1,heuristic,invalid,invalid,false,false,1,tensorop,f32,128,128,64,2,1,1,0,0,0,7,4,1,1,64,128,16,90,90,44040192,21480079360,487,0.0669066,613.028,321046
37,CUTLASS,gemm,cutlass3x_sm90_tensorop_s64x128x16gemm_f16_f16_f32_f16_f16_128x128x64_2x1x1_0_nnn_align8_warpspecialized_cooperative_epi_nosmem,passed,success,universal,640,4096,4096,f16:column,f16:column,f16:column,f16:column,1,0,serial,4,1,heuristic,invalid,invalid,false,false,1,tensorop,f32,128,128,64,2,1,1,0,0,0,7,4,2,1,64,128,16,90,90,44040192,21480079360,487,0.0619238,662.356,346879
37,CUTLASS,gemm,cutlass3x_sm90_tensorop_s64x128x16gemm_f16_f16_f32_f16_f16_128x128x64_2x1x1_0_nnn_align8_warpspecialized_cooperative_epi_tma,passed,success,universal,640,4096,4096,f16:column,f16:column,f16:column,f16:column,1,0,serial,4,1,heuristic,invalid,invalid,false,false,1,tensorop,f32,128,128,64,2,1,1,0,0,0,6,4,2,1,64,128,16,90,90,44040192,21480079360,487,0.0607549,675.1,353553
37,CUTLASS,gemm,cutlass3x_sm90_tensorop_s64x128x16gemm_f16_f16_f32_f16_f16_128x128x64_2x1x1_0_nnn_align8_stream_k_warpspecialized_cooperative_epi_nosmem,passed,success,universal,640,4096,4096,f16:column,f16:column,f16:column,f16:column,1,0,serial,4,1,heuristic,invalid,invalid,false,false,1,tensorop,f32,128,128,64,2,1,1,0,0,0,7,4,2,1,64,128,16,90,90,44040192,21480079360,487,0.0713667,574.716,300982
37,CUTLASS,gemm,cutlass3x_sm90_tensorop_s64x128x16gemm_f16_f16_f32_f16_f16_128x128x64_2x1x1_0_nnn_align8_stream_k_warpspecialized_cooperative_epi_tma,passed,success,universal,640,4096,4096,f16:column,f16:column,f16:column,f16:column,1,0,serial,4,1,heuristic,invalid,invalid,false,false,1,tensorop,f32,128,128,64,2,1,1,0,0,0,6,4,2,1,64,128,16,90,90,44040192,21480079360,487,0.0709366,578.201,302807
38,CUTLASS,gemm,cutlass_tensorop_f16_s1688gemm_f16_256x128_32x2_nn_align8,passed,success,universal,768,4096,4096,f16:column,f16:column,f16:column,f16:column,1,0,serial,4,1,heuristic,invalid,invalid,false,false,1,tensorop,f32,256,128,32,1,1,1,0,0,0,2,4,2,1,16,8,8,75,1024,46137344,25776095232,558,0.13337,322.178,193268
38,CUTLASS,gemm,cutlass_tensorop_f16_s16816gemm_f16_256x128_32x3_nn_align8,passed,success,universal,768,4096,4096,f16:column,f16:column,f16:column,f16:column,1,0,serial,4,1,heuristic,invalid,invalid,false,false,1,tensorop,f32,256,128,32,1,1,1,0,0,0,3,4,2,1,16,8,16,80,1024,46137344,25776095232,558,0.0756122,568.278,340899
38,CUTLASS,gemm,cutlass3x_sm90_tensorop_s64x128x16gemm_f16_f16_f32_f16_f16_128x128x64_1x2x1_0_nnn_align8,passed,success,universal,768,4096,4096,f16:column,f16:column,f16:column,f16:column,1,0,serial,4,1,heuristic,invalid,invalid,false,false,1,tensorop,f32,128,128,64,1,2,1,0,0,0,7,4,2,1,64,128,16,90,90,46137344,25776095232,558,0.0582643,737.48,442399
38,CUTLASS,gemm,cutlass3x_sm90_tensorop_s64x128x16gemm_f16_f16_f32_f16_f16_128x128x64_1x2x1_0_nnn_align8_warpspecialized_epi_nosmem,passed,success,universal,768,4096,4096,f16:column,f16:column,f16:column,f16:column,1,0,serial,4,1,heuristic,invalid,invalid,false,false,1,tensorop,f32,128,128,64,1,2,1,0,0,0,7,4,1,1,64,128,16,90,90,46137344,25776095232,558,0.0565386,759.99,455903
38,CUTLASS,gemm,cutlass3x_sm90_tensorop_s64x128x16gemm_f16_f16_f32_f16_f16_128x128x64_1x2x1_0_nnn_align8_warpspecialized_pingpong_epi_tma,passed,success,universal,768,4096,4096,f16:column,f16:column,f16:column,f16:column,1,0,serial,4,1,heuristic,invalid,invalid,false,false,1,tensorop,f32,128,128,64,1,2,1,0,0,0,6,4,1,1,64,128,16,90,90,46137344,25776095232,558,0.0536115,801.483,480794
38,CUTLASS,gemm,cutlass3x_sm90_tensorop_s64x128x16gemm_f16_f16_f32_f16_f16_128x128x64_1x2x1_0_nnn_align8_warpspecialized_pingpong_epi_nosmem,passed,success,universal,768,4096,4096,f16:column,f16:column,f16:column,f16:column,1,0,serial,4,1,heuristic,invalid,invalid,false,false,1,tensorop,f32,128,128,64,1,2,1,0,0,0,7,4,1,1,64,128,16,90,90,46137344,25776095232,558,0.0554301,775.188,465020
38,CUTLASS,gemm,cutlass3x_sm90_tensorop_s64x128x16gemm_f16_f16_f32_f16_f16_128x128x64_1x2x1_0_nnn_align8_warpspecialized_cooperative_epi_nosmem,passed,success,universal,768,4096,4096,f16:column,f16:column,f16:column,f16:column,1,0,serial,4,1,heuristic,invalid,invalid,false,false,1,tensorop,f32,128,128,64,1,2,1,0,0,0,7,4,2,1,64,128,16,90,90,46137344,25776095232,558,0.0579104,741.987,445103
38,CUTLASS,gemm,cutlass3x_sm90_tensorop_s64x128x16gemm_f16_f16_f32_f16_f16_128x128x64_1x2x1_0_nnn_align8_warpspecialized_cooperative_epi_tma,passed,success,universal,768,4096,4096,f16:column,f16:column,f16:column,f16:column,1,0,serial,4,1,heuristic,invalid,invalid,false,false,1,tensorop,f32,128,128,64,1,2,1,0,0,0,6,4,2,1,64,128,16,90,90,46137344,25776095232,558,0.054017,795.468,477185
38,CUTLASS,gemm,cutlass3x_sm90_tensorop_s64x128x16gemm_f16_f16_f32_f16_f16_128x128x64_1x2x1_0_nnn_align8_stream_k_warpspecialized_cooperative_epi_nosmem,passed,success,universal,768,4096,4096,f16:column,f16:column,f16:column,f16:column,1,0,serial,4,1,heuristic,invalid,invalid,false,false,1,tensorop,f32,128,128,64,1,2,1,0,0,0,7,4,2,1,64,128,16,90,90,46137344,25776095232,558,0.0715226,600.772,360391
38,CUTLASS,gemm,cutlass3x_sm90_tensorop_s64x128x16gemm_f16_f16_f32_f16_f16_128x128x64_1x2x1_0_nnn_align8_stream_k_warpspecialized_cooperative_epi_tma,passed,success,universal,768,4096,4096,f16:column,f16:column,f16:column,f16:column,1,0,serial,4,1,heuristic,invalid,invalid,false,false,1,tensorop,f32,128,128,64,1,2,1,0,0,0,6,4,2,1,64,128,16,90,90,46137344,25776095232,558,0.0693725,619.392,371561
38,CUTLASS,gemm,cutlass3x_sm90_tensorop_s64x128x16gemm_f16_f16_f32_f16_f16_128x128x64_2x1x1_0_nnn_align8,passed,success,universal,768,4096,4096,f16:column,f16:column,f16:column,f16:column,1,0,serial,4,1,heuristic,invalid,invalid,false,false,1,tensorop,f32,128,128,64,2,1,1,0,0,0,7,4,2,1,64,128,16,90,90,46137344,25776095232,558,0.0506378,848.552,509029
38,CUTLASS,gemm,cutlass3x_sm90_tensorop_s64x128x16gemm_f16_f16_f32_f16_f16_128x128x64_2x1x1_0_nnn_align8_warpspecialized_epi_nosmem,passed,success,universal,768,4096,4096,f16:column,f16:column,f16:column,f16:column,1,0,serial,4,1,heuristic,invalid,invalid,false,false,1,tensorop,f32,128,128,64,2,1,1,0,0,0,7,4,1,1,64,128,16,90,90,46137344,25776095232,558,0.0506595,848.187,508811
38,CUTLASS,gemm,cutlass3x_sm90_tensorop_s64x128x16gemm_f16_f16_f32_f16_f16_128x128x64_2x1x1_0_nnn_align8_warpspecialized_pingpong_epi_tma,passed,success,universal,768,4096,4096,f16:column,f16:column,f16:column,f16:column,1,0,serial,4,1,heuristic,invalid,invalid,false,false,1,tensorop,f32,128,128,64,2,1,1,0,0,0,6,4,1,1,64,128,16,90,90,46137344,25776095232,558,0.0461661,930.743,558334
38,CUTLASS,gemm,cutlass3x_sm90_tensorop_s64x128x16gemm_f16_f16_f32_f16_f16_128x128x64_2x1x1_0_nnn_align8_warpspecialized_pingpong_epi_nosmem,passed,success,universal,768,4096,4096,f16:column,f16:column,f16:column,f16:column,1,0,serial,4,1,heuristic,invalid,invalid,false,false,1,tensorop,f32,128,128,64,2,1,1,0,0,0,7,4,1,1,64,128,16,90,90,46137344,25776095232,558,0.04768,901.19,540606
38,CUTLASS,gemm,cutlass3x_sm90_tensorop_s64x128x16gemm_f16_f16_f32_f16_f16_128x128x64_2x1x1_0_nnn_align8_warpspecialized_cooperative_epi_nosmem,passed,success,universal,768,4096,4096,f16:column,f16:column,f16:column,f16:column,1,0,serial,4,1,heuristic,invalid,invalid,false,false,1,tensorop,f32,128,128,64,2,1,1,0,0,0,7,4,2,1,64,128,16,90,90,46137344,25776095232,558,0.0506778,847.882,508627
38,CUTLASS,gemm,cutlass3x_sm90_tensorop_s64x128x16gemm_f16_f16_f32_f16_f16_128x128x64_2x1x1_0_nnn_align8_warpspecialized_cooperative_epi_tma,passed,success,universal,768,4096,4096,f16:column,f16:column,f16:column,f16:column,1,0,serial,4,1,heuristic,invalid,invalid,false,false,1,tensorop,f32,128,128,64,2,1,1,0,0,0,6,4,2,1,64,128,16,90,90,46137344,25776095232,558,0.0468195,917.753,550542
38,CUTLASS,gemm,cutlass3x_sm90_tensorop_s64x128x16gemm_f16_f16_f32_f16_f16_128x128x64_2x1x1_0_nnn_align8_stream_k_warpspecialized_cooperative_epi_nosmem,passed,success,universal,768,4096,4096,f16:column,f16:column,f16:column,f16:column,1,0,serial,4,1,heuristic,invalid,invalid,false,false,1,tensorop,f32,128,128,64,2,1,1,0,0,0,7,4,2,1,64,128,16,90,90,46137344,25776095232,558,0.0694125,619.035,371347
38,CUTLASS,gemm,cutlass3x_sm90_tensorop_s64x128x16gemm_f16_f16_f32_f16_f16_128x128x64_2x1x1_0_nnn_align8_stream_k_warpspecialized_cooperative_epi_tma,passed,success,universal,768,4096,4096,f16:column,f16:column,f16:column,f16:column,1,0,serial,4,1,heuristic,invalid,invalid,false,false,1,tensorop,f32,128,128,64,2,1,1,0,0,0,6,4,2,1,64,128,16,90,90,46137344,25776095232,558,0.0678253,633.521,380037
39,CUTLASS,gemm,cutlass_tensorop_f16_s1688gemm_f16_256x128_32x2_nn_align8,passed,success,universal,896,4096,4096,f16:column,f16:column,f16:column,f16:column,1,0,serial,4,1,heuristic,invalid,invalid,false,false,1,tensorop,f32,256,128,32,1,1,1,0,0,0,2,4,2,1,16,8,8,75,1024,48234496,30072111104,623,0.170206,263.926,176681
39,CUTLASS,gemm,cutlass_tensorop_f16_s16816gemm_f16_256x128_32x3_nn_align8,passed,success,universal,896,4096,4096,f16:column,f16:column,f16:column,f16:column,1,0,serial,4,1,heuristic,invalid,invalid,false,false,1,tensorop,f32,256,128,32,1,1,1,0,0,0,3,4,2,1,16,8,16,80,1024,48234496,30072111104,623,0.0940733,477.52,319667
39,CUTLASS,gemm,cutlass3x_sm90_tensorop_s64x128x16gemm_f16_f16_f32_f16_f16_128x128x64_1x2x1_0_nnn_align8,passed,success,universal,896,4096,4096,f16:column,f16:column,f16:column,f16:column,1,0,serial,4,1,heuristic,invalid,invalid,false,false,1,tensorop,f32,128,128,64,1,2,1,0,0,0,7,4,2,1,64,128,16,90,90,48234496,30072111104,623,0.0595034,754.947,505385
39,CUTLASS,gemm,cutlass3x_sm90_tensorop_s64x128x16gemm_f16_f16_f32_f16_f16_128x128x64_1x2x1_0_nnn_align8_warpspecialized_epi_nosmem,passed,success,universal,896,4096,4096,f16:column,f16:column,f16:column,f16:column,1,0,serial,4,1,heuristic,invalid,invalid,false,false,1,tensorop,f32,128,128,64,1,2,1,0,0,0,7,4,1,1,64,128,16,90,90,48234496,30072111104,623,0.0601104,747.323,500281
39,CUTLASS,gemm,cutlass3x_sm90_tensorop_s64x128x16gemm_f16_f16_f32_f16_f16_128x128x64_1x2x1_0_nnn_align8_warpspecialized_pingpong_epi_tma,passed,success,universal,896,4096,4096,f16:column,f16:column,f16:column,f16:column,1,0,serial,4,1,heuristic,invalid,invalid,false,false,1,tensorop,f32,128,128,64,1,2,1,0,0,0,6,4,1,1,64,128,16,90,90,48234496,30072111104,623,0.0551482,814.567,545297
39,CUTLASS,gemm,cutlass3x_sm90_tensorop_s64x128x16gemm_f16_f16_f32_f16_f16_128x128x64_1x2x1_0_nnn_align8_warpspecialized_pingpong_epi_nosmem,passed,success,universal,896,4096,4096,f16:column,f16:column,f16:column,f16:column,1,0,serial,4,1,heuristic,invalid,invalid,false,false,1,tensorop,f32,128,128,64,1,2,1,0,0,0,7,4,1,1,64,128,16,90,90,48234496,30072111104,623,0.0571859,785.541,525866
39,CUTLASS,gemm,cutlass3x_sm90_tensorop_s64x128x16gemm_f16_f16_f32_f16_f16_128x128x64_1x2x1_0_nnn_align8_warpspecialized_cooperative_epi_nosmem,passed,success,universal,896,4096,4096,f16:column,f16:column,f16:column,f16:column,1,0,serial,4,1,heuristic,invalid,invalid,false,false,1,tensorop,f32,128,128,64,1,2,1,0,0,0,7,4,2,1,64,128,16,90,90,48234496,30072111104,623,0.0598618,750.427,502359
39,CUTLASS,gemm,cutlass3x_sm90_tensorop_s64x128x16gemm_f16_f16_f32_f16_f16_128x128x64_1x2x1_0_nnn_align8_warpspecialized_cooperative_epi_tma,passed,success,universal,896,4096,4096,f16:column,f16:column,f16:column,f16:column,1,0,serial,4,1,heuristic,invalid,invalid,false,false,1,tensorop,f32,128,128,64,1,2,1,0,0,0,6,4,2,1,64,128,16,90,90,48234496,30072111104,623,0.0555786,808.259,541074
39,CUTLASS,gemm,cutlass3x_sm90_tensorop_s64x128x16gemm_f16_f16_f32_f16_f16_128x128x64_1x2x1_0_nnn_align8_stream_k_warpspecialized_cooperative_epi_nosmem,passed,success,universal,896,4096,4096,f16:column,f16:column,f16:column,f16:column,1,0,serial,4,1,heuristic,invalid,invalid,false,false,1,tensorop,f32,128,128,64,1,2,1,0,0,0,7,4,2,1,64,128,16,90,90,48234496,30072111104,623,0.0844714,531.8,356004
39,CUTLASS,gemm,cutlass3x_sm90_tensorop_s64x128x16gemm_f16_f16_f32_f16_f16_128x128x64_1x2x1_0_nnn_align8_stream_k_warpspecialized_cooperative_epi_tma,passed,success,universal,896,4096,4096,f16:column,f16:column,f16:column,f16:column,1,0,serial,4,1,heuristic,invalid,invalid,false,false,1,tensorop,f32,128,128,64,1,2,1,0,0,0,6,4,2,1,64,128,16,90,90,48234496,30072111104,623,0.0821779,546.642,365939
39,CUTLASS,gemm,cutlass3x_sm90_tensorop_s64x128x16gemm_f16_f16_f32_f16_f16_128x128x64_2x1x1_0_nnn_align8,passed,success,universal,896,4096,4096,f16:column,f16:column,f16:column,f16:column,1,0,serial,4,1,heuristic,invalid,invalid,false,false,1,tensorop,f32,128,128,64,2,1,1,0,0,0,7,4,2,1,64,128,16,90,90,48234496,30072111104,623,0.0698326,643.279,430631
39,CUTLASS,gemm,cutlass3x_sm90_tensorop_s64x128x16gemm_f16_f16_f32_f16_f16_128x128x64_2x1x1_0_nnn_align8_warpspecialized_epi_nosmem,passed,success,universal,896,4096,4096,f16:column,f16:column,f16:column,f16:column,1,0,serial,4,1,heuristic,invalid,invalid,false,false,1,tensorop,f32,128,128,64,2,1,1,0,0,0,7,4,1,1,64,128,16,90,90,48234496,30072111104,623,0.0713418,629.672,421522
39,CUTLASS,gemm,cutlass3x_sm90_tensorop_s64x128x16gemm_f16_f16_f32_f16_f16_128x128x64_2x1x1_0_nnn_align8_warpspecialized_pingpong_epi_tma,passed,success,universal,896,4096,4096,f16:column,f16:column,f16:column,f16:column,1,0,serial,4,1,heuristic,invalid,invalid,false,false,1,tensorop,f32,128,128,64,2,1,1,0,0,0,6,4,1,1,64,128,16,90,90,48234496,30072111104,623,0.0677453,663.1,443900
39,CUTLASS,gemm,cutlass3x_sm90_tensorop_s64x128x16gemm_f16_f16_f32_f16_f16_128x128x64_2x1x1_0_nnn_align8_warpspecialized_pingpong_epi_nosmem,passed,success,universal,896,4096,4096,f16:column,f16:column,f16:column,f16:column,1,0,serial,4,1,heuristic,invalid,invalid,false,false,1,tensorop,f32,128,128,64,2,1,1,0,0,0,7,4,1,1,64,128,16,90,90,48234496,30072111104,623,0.0701136,640.701,428906
39,CUTLASS,gemm,cutlass3x_sm90_tensorop_s64x128x16gemm_f16_f16_f32_f16_f16_128x128x64_2x1x1_0_nnn_align8_warpspecialized_cooperative_epi_nosmem,passed,success,universal,896,4096,4096,f16:column,f16:column,f16:column,f16:column,1,0,serial,4,1,heuristic,invalid,invalid,false,false,1,tensorop,f32,128,128,64,2,1,1,0,0,0,7,4,2,1,64,128,16,90,90,48234496,30072111104,623,0.0702067,639.852,428337
39,CUTLASS,gemm,cutlass3x_sm90_tensorop_s64x128x16gemm_f16_f16_f32_f16_f16_128x128x64_2x1x1_0_nnn_align8_warpspecialized_cooperative_epi_tma,passed,success,universal,896,4096,4096,f16:column,f16:column,f16:column,f16:column,1,0,serial,4,1,heuristic,invalid,invalid,false,false,1,tensorop,f32,128,128,64,2,1,1,0,0,0,6,4,2,1,64,128,16,90,90,48234496,30072111104,623,0.0669654,670.822,449069
39,CUTLASS,gemm,cutlass3x_sm90_tensorop_s64x128x16gemm_f16_f16_f32_f16_f16_128x128x64_2x1x1_0_nnn_align8_stream_k_warpspecialized_cooperative_epi_nosmem,passed,success,universal,896,4096,4096,f16:column,f16:column,f16:column,f16:column,1,0,serial,4,1,heuristic,invalid,invalid,false,false,1,tensorop,f32,128,128,64,2,1,1,0,0,0,7,4,2,1,64,128,16,90,90,48234496,30072111104,623,0.091681,489.98,328008
39,CUTLASS,gemm,cutlass3x_sm90_tensorop_s64x128x16gemm_f16_f16_f32_f16_f16_128x128x64_2x1x1_0_nnn_align8_stream_k_warpspecialized_cooperative_epi_tma,passed,success,universal,896,4096,4096,f16:column,f16:column,f16:column,f16:column,1,0,serial,4,1,heuristic,invalid,invalid,false,false,1,tensorop,f32,128,128,64,2,1,1,0,0,0,6,4,2,1,64,128,16,90,90,48234496,30072111104,623,0.0904877,496.442,332334
40,CUTLASS,gemm,cutlass_tensorop_f16_s1688gemm_f16_256x128_32x2_nn_align8,passed,success,universal,1024,4096,4096,f16:column,f16:column,f16:column,f16:column,1,0,serial,4,1,heuristic,invalid,invalid,false,false,1,tensorop,f32,256,128,32,1,1,1,0,0,0,2,4,2,1,16,8,8,75,1024,50331648,34368126976,682,0.172134,272.317,199659
40,CUTLASS,gemm,cutlass_tensorop_f16_s16816gemm_f16_256x128_32x3_nn_align8,passed,success,universal,1024,4096,4096,f16:column,f16:column,f16:column,f16:column,1,0,serial,4,1,heuristic,invalid,invalid,false,false,1,tensorop,f32,256,128,32,1,1,1,0,0,0,3,4,2,1,16,8,16,80,1024,50331648,34368126976,682,0.0959162,488.708,358314
40,CUTLASS,gemm,cutlass3x_sm90_tensorop_s64x128x16gemm_f16_f16_f32_f16_f16_128x128x64_1x2x1_0_nnn_align8,passed,success,universal,1024,4096,4096,f16:column,f16:column,f16:column,f16:column,1,0,serial,4,1,heuristic,invalid,invalid,false,false,1,tensorop,f32,128,128,64,1,2,1,0,0,0,7,4,2,1,64,128,16,90,90,50331648,34368126976,682,0.0609094,769.585,564250
40,CUTLASS,gemm,cutlass3x_sm90_tensorop_s64x128x16gemm_f16_f16_f32_f16_f16_128x128x64_1x2x1_0_nnn_align8_warpspecialized_epi_nosmem,passed,success,universal,1024,4096,4096,f16:column,f16:column,f16:column,f16:column,1,0,serial,4,1,heuristic,invalid,invalid,false,false,1,tensorop,f32,128,128,64,1,2,1,0,0,0,7,4,1,1,64,128,16,90,90,50331648,34368126976,682,0.0606672,772.658,566503
40,CUTLASS,gemm,cutlass3x_sm90_tensorop_s64x128x16gemm_f16_f16_f32_f16_f16_128x128x64_1x2x1_0_nnn_align8_warpspecialized_pingpong_epi_tma,passed,success,universal,1024,4096,4096,f16:column,f16:column,f16:column,f16:column,1,0,serial,4,1,heuristic,invalid,invalid,false,false,1,tensorop,f32,128,128,64,1,2,1,0,0,0,6,4,1,1,64,128,16,90,90,50331648,34368126976,682,0.0576432,813.192,596222
40,CUTLASS,gemm,cutlass3x_sm90_tensorop_s64x128x16gemm_f16_f16_f32_f16_f16_128x128x64_1x2x1_0_nnn_align8_warpspecialized_pingpong_epi_nosmem,passed,success,universal,1024,4096,4096,f16:column,f16:column,f16:column,f16:column,1,0,serial,4,1,heuristic,invalid,invalid,false,false,1,tensorop,f32,128,128,64,1,2,1,0,0,0,7,4,1,1,64,128,16,90,90,50331648,34368126976,682,0.059384,789.354,578744
40,CUTLASS,gemm,cutlass3x_sm90_tensorop_s64x128x16gemm_f16_f16_f32_f16_f16_128x128x64_1x2x1_0_nnn_align8_warpspecialized_cooperative_epi_nosmem,passed,success,universal,1024,4096,4096,f16:column,f16:column,f16:column,f16:column,1,0,serial,4,1,heuristic,invalid,invalid,false,false,1,tensorop,f32,128,128,64,1,2,1,0,0,0,7,4,2,1,64,128,16,90,90,50331648,34368126976,682,0.060433,775.653,568698
40,CUTLASS,gemm,cutlass3x_sm90_tensorop_s64x128x16gemm_f16_f16_f32_f16_f16_128x128x64_1x2x1_0_nnn_align8_warpspecialized_cooperative_epi_tma,passed,success,universal,1024,4096,4096,f16:column,f16:column,f16:column,f16:column,1,0,serial,4,1,heuristic,invalid,invalid,false,false,1,tensorop,f32,128,128,64,1,2,1,0,0,0,6,4,2,1,64,128,16,90,90,50331648,34368126976,682,0.0569677,822.835,603292
40,CUTLASS,gemm,cutlass3x_sm90_tensorop_s64x128x16gemm_f16_f16_f32_f16_f16_128x128x64_1x2x1_0_nnn_align8_stream_k_warpspecialized_cooperative_epi_nosmem,passed,success,universal,1024,4096,4096,f16:column,f16:column,f16:column,f16:column,1,0,serial,4,1,heuristic,invalid,invalid,false,false,1,tensorop,f32,128,128,64,1,2,1,0,0,0,7,4,2,1,64,128,16,90,90,50331648,34368126976,682,0.093897,499.217,366020
40,CUTLASS,gemm,cutlass3x_sm90_tensorop_s64x128x16gemm_f16_f16_f32_f16_f16_128x128x64_1x2x1_0_nnn_align8_stream_k_warpspecialized_cooperative_epi_tma,passed,success,universal,1024,4096,4096,f16:column,f16:column,f16:column,f16:column,1,0,serial,4,1,heuristic,invalid,invalid,false,false,1,tensorop,f32,128,128,64,1,2,1,0,0,0,6,4,2,1,64,128,16,90,90,50331648,34368126976,682,0.0916554,511.427,374971
40,CUTLASS,gemm,cutlass3x_sm90_tensorop_s64x128x16gemm_f16_f16_f32_f16_f16_128x128x64_2x1x1_0_nnn_align8,passed,success,universal,1024,4096,4096,f16:column,f16:column,f16:column,f16:column,1,0,serial,4,1,heuristic,invalid,invalid,false,false,1,tensorop,f32,128,128,64,2,1,1,0,0,0,7,4,2,1,64,128,16,90,90,50331648,34368126976,682,0.0546166,858.255,629261
40,CUTLASS,gemm,cutlass3x_sm90_tensorop_s64x128x16gemm_f16_f16_f32_f16_f16_128x128x64_2x1x1_0_nnn_align8_warpspecialized_epi_nosmem,passed,success,universal,1024,4096,4096,f16:column,f16:column,f16:column,f16:column,1,0,serial,4,1,heuristic,invalid,invalid,false,false,1,tensorop,f32,128,128,64,2,1,1,0,0,0,7,4,1,1,64,128,16,90,90,50331648,34368126976,682,0.0570925,821.036,601973
40,CUTLASS,gemm,cutlass3x_sm90_tensorop_s64x128x16gemm_f16_f16_f32_f16_f16_128x128x64_2x1x1_0_nnn_align8_warpspecialized_pingpong_epi_tma,passed,success,universal,1024,4096,4096,f16:column,f16:column,f16:column,f16:column,1,0,serial,4,1,heuristic,invalid,invalid,false,false,1,tensorop,f32,128,128,64,2,1,1,0,0,0,6,4,1,1,64,128,16,90,90,50331648,34368126976,682,0.0516461,907.62,665455
40,CUTLASS,gemm,cutlass3x_sm90_tensorop_s64x128x16gemm_f16_f16_f32_f16_f16_128x128x64_2x1x1_0_nnn_align8_warpspecialized_pingpong_epi_nosmem,passed,success,universal,1024,4096,4096,f16:column,f16:column,f16:column,f16:column,1,0,serial,4,1,heuristic,invalid,invalid,false,false,1,tensorop,f32,128,128,64,2,1,1,0,0,0,7,4,1,1,64,128,16,90,90,50331648,34368126976,682,0.053103,882.718,647197
40,CUTLASS,gemm,cutlass3x_sm90_tensorop_s64x128x16gemm_f16_f16_f32_f16_f16_128x128x64_2x1x1_0_nnn_align8_warpspecialized_cooperative_epi_nosmem,passed,success,universal,1024,4096,4096,f16:column,f16:column,f16:column,f16:column,1,0,serial,4,1,heuristic,invalid,invalid,false,false,1,tensorop,f32,128,128,64,2,1,1,0,0,0,7,4,2,1,64,128,16,90,90,50331648,34368126976,682,0.0545581,859.176,629936
40,CUTLASS,gemm,cutlass3x_sm90_tensorop_s64x128x16gemm_f16_f16_f32_f16_f16_128x128x64_2x1x1_0_nnn_align8_warpspecialized_cooperative_epi_tma,passed,success,universal,1024,4096,4096,f16:column,f16:column,f16:column,f16:column,1,0,serial,4,1,heuristic,invalid,invalid,false,false,1,tensorop,f32,128,128,64,2,1,1,0,0,0,6,4,2,1,64,128,16,90,90,50331648,34368126976,682,0.0511779,915.922,671542
40,CUTLASS,gemm,cutlass3x_sm90_tensorop_s64x128x16gemm_f16_f16_f32_f16_f16_128x128x64_2x1x1_0_nnn_align8_stream_k_warpspecialized_cooperative_epi_nosmem,passed,success,universal,1024,4096,4096,f16:column,f16:column,f16:column,f16:column,1,0,serial,4,1,heuristic,invalid,invalid,false,false,1,tensorop,f32,128,128,64,2,1,1,0,0,0,7,4,2,1,64,128,16,90,90,50331648,34368126976,682,0.0888454,527.602,386830
40,CUTLASS,gemm,cutlass3x_sm90_tensorop_s64x128x16gemm_f16_f16_f32_f16_f16_128x128x64_2x1x1_0_nnn_align8_stream_k_warpspecialized_cooperative_epi_tma,passed,success,universal,1024,4096,4096,f16:column,f16:column,f16:column,f16:column,1,0,serial,4,1,heuristic,invalid,invalid,false,false,1,tensorop,f32,128,128,64,2,1,1,0,0,0,6,4,2,1,64,128,16,90,90,50331648,34368126976,682,0.088231,531.276,389524
41,CUTLASS,gemm,cutlass_tensorop_f16_s1688gemm_f16_256x128_32x2_nn_align8,passed,success,universal,1152,4096,4096,f16:column,f16:column,f16:column,f16:column,1,0,serial,4,1,heuristic,invalid,invalid,false,false,1,tensorop,f32,256,128,32,1,1,1,0,0,0,2,4,2,1,16,8,8,75,1024,52428800,38664142848,737,0.225082,216.935,171778
41,CUTLASS,gemm,cutlass_tensorop_f16_s16816gemm_f16_256x128_32x3_nn_align8,passed,success,universal,1152,4096,4096,f16:column,f16:column,f16:column,f16:column,1,0,serial,4,1,heuristic,invalid,invalid,false,false,1,tensorop,f32,256,128,32,1,1,1,0,0,0,3,4,2,1,16,8,16,80,1024,52428800,38664142848,737,0.121362,402.336,318586
41,CUTLASS,gemm,cutlass3x_sm90_tensorop_s64x128x16gemm_f16_f16_f32_f16_f16_128x128x64_1x2x1_0_nnn_align8,passed,success,universal,1152,4096,4096,f16:column,f16:column,f16:column,f16:column,1,0,serial,4,1,heuristic,invalid,invalid,false,false,1,tensorop,f32,128,128,64,1,2,1,0,0,0,7,4,2,1,64,128,16,90,90,52428800,38664142848,737,0.0856509,570.083,451416
41,CUTLASS,gemm,cutlass3x_sm90_tensorop_s64x128x16gemm_f16_f16_f32_f16_f16_128x128x64_1x2x1_0_nnn_align8_warpspecialized_epi_nosmem,passed,success,universal,1152,4096,4096,f16:column,f16:column,f16:column,f16:column,1,0,serial,4,1,heuristic,invalid,invalid,false,false,1,tensorop,f32,128,128,64,1,2,1,0,0,0,7,4,1,1,64,128,16,90,90,52428800,38664142848,737,0.0752134,649.194,514059
41,CUTLASS,gemm,cutlass3x_sm90_tensorop_s64x128x16gemm_f16_f16_f32_f16_f16_128x128x64_1x2x1_0_nnn_align8_warpspecialized_pingpong_epi_tma,passed,success,universal,1152,4096,4096,f16:column,f16:column,f16:column,f16:column,1,0,serial,4,1,heuristic,invalid,invalid,false,false,1,tensorop,f32,128,128,64,1,2,1,0,0,0,6,4,1,1,64,128,16,90,90,52428800,38664142848,737,0.0791472,616.928,488509
41,CUTLASS,gemm,cutlass3x_sm90_tensorop_s64x128x16gemm_f16_f16_f32_f16_f16_128x128x64_1x2x1_0_nnn_align8_warpspecialized_pingpong_epi_nosmem,passed,success,universal,1152,4096,4096,f16:column,f16:column,f16:column,f16:column,1,0,serial,4,1,heuristic,invalid,invalid,false,false,1,tensorop,f32,128,128,64,1,2,1,0,0,0,7,4,1,1,64,128,16,90,90,52428800,38664142848,737,0.0817578,597.229,472911
41,CUTLASS,gemm,cutlass3x_sm90_tensorop_s64x128x16gemm_f16_f16_f32_f16_f16_128x128x64_1x2x1_0_nnn_align8_warpspecialized_cooperative_epi_nosmem,passed,success,universal,1152,4096,4096,f16:column,f16:column,f16:column,f16:column,1,0,serial,4,1,heuristic,invalid,invalid,false,false,1,tensorop,f32,128,128,64,1,2,1,0,0,0,7,4,2,1,64,128,16,90,90,52428800,38664142848,737,0.0856941,569.796,451188
41,CUTLASS,gemm,cutlass3x_sm90_tensorop_s64x128x16gemm_f16_f16_f32_f16_f16_128x128x64_1x2x1_0_nnn_align8_warpspecialized_cooperative_epi_tma,passed,success,universal,1152,4096,4096,f16:column,f16:column,f16:column,f16:column,1,0,serial,4,1,heuristic,invalid,invalid,false,false,1,tensorop,f32,128,128,64,1,2,1,0,0,0,6,4,2,1,64,128,16,90,90,52428800,38664142848,737,0.0808528,603.914,478204
41,CUTLASS,gemm,cutlass3x_sm90_tensorop_s64x128x16gemm_f16_f16_f32_f16_f16_128x128x64_1x2x1_0_nnn_align8_stream_k_warpspecialized_cooperative_epi_nosmem,passed,success,universal,1152,4096,4096,f16:column,f16:column,f16:column,f16:column,1,0,serial,4,1,heuristic,invalid,invalid,false,false,1,tensorop,f32,128,128,64,1,2,1,0,0,0,7,4,2,1,64,128,16,90,90,52428800,38664142848,737,0.104621,466.714,369563
41,CUTLASS,gemm,cutlass3x_sm90_tensorop_s64x128x16gemm_f16_f16_f32_f16_f16_128x128x64_1x2x1_0_nnn_align8_stream_k_warpspecialized_cooperative_epi_tma,passed,success,universal,1152,4096,4096,f16:column,f16:column,f16:column,f16:column,1,0,serial,4,1,heuristic,invalid,invalid,false,false,1,tensorop,f32,128,128,64,1,2,1,0,0,0,6,4,2,1,64,128,16,90,90,52428800,38664142848,737,0.101732,479.97,380061
41,CUTLASS,gemm,cutlass3x_sm90_tensorop_s64x128x16gemm_f16_f16_f32_f16_f16_128x128x64_2x1x1_0_nnn_align8,passed,success,universal,1152,4096,4096,f16:column,f16:column,f16:column,f16:column,1,0,serial,4,1,heuristic,invalid,invalid,false,false,1,tensorop,f32,128,128,64,2,1,1,0,0,0,7,4,2,1,64,128,16,90,90,52428800,38664142848,737,0.097575,500.416,396250
41,CUTLASS,gemm,cutlass3x_sm90_tensorop_s64x128x16gemm_f16_f16_f32_f16_f16_128x128x64_2x1x1_0_nnn_align8_warpspecialized_epi_nosmem,passed,success,universal,1152,4096,4096,f16:column,f16:column,f16:column,f16:column,1,0,serial,4,1,heuristic,invalid,invalid,false,false,1,tensorop,f32,128,128,64,2,1,1,0,0,0,7,4,1,1,64,128,16,90,90,52428800,38664142848,737,0.0898054,543.71,430532
41,CUTLASS,gemm,cutlass3x_sm90_tensorop_s64x128x16gemm_f16_f16_f32_f16_f16_128x128x64_2x1x1_0_nnn_align8_warpspecialized_pingpong_epi_tma,passed,success,universal,1152,4096,4096,f16:column,f16:column,f16:column,f16:column,1,0,serial,4,1,heuristic,invalid,invalid,false,false,1,tensorop,f32,128,128,64,2,1,1,0,0,0,6,4,1,1,64,128,16,90,90,52428800,38664142848,737,0.094161,518.56,410618
41,CUTLASS,gemm,cutlass3x_sm90_tensorop_s64x128x16gemm_f16_f16_f32_f16_f16_128x128x64_2x1x1_0_nnn_align8_warpspecialized_pingpong_epi_nosmem,passed,success,universal,1152,4096,4096,f16:column,f16:column,f16:column,f16:column,1,0,serial,4,1,heuristic,invalid,invalid,false,false,1,tensorop,f32,128,128,64,2,1,1,0,0,0,7,4,1,1,64,128,16,90,90,52428800,38664142848,737,0.096504,505.97,400648
41,CUTLASS,gemm,cutlass3x_sm90_tensorop_s64x128x16gemm_f16_f16_f32_f16_f16_128x128x64_2x1x1_0_nnn_align8_warpspecialized_cooperative_epi_nosmem,passed,success,universal,1152,4096,4096,f16:column,f16:column,f16:column,f16:column,1,0,serial,4,1,heuristic,invalid,invalid,false,false,1,tensorop,f32,128,128,64,2,1,1,0,0,0,7,4,2,1,64,128,16,90,90,52428800,38664142848,737,0.0986083,495.172,392098
41,CUTLASS,gemm,cutlass3x_sm90_tensorop_s64x128x16gemm_f16_f16_f32_f16_f16_128x128x64_2x1x1_0_nnn_align8_warpspecialized_cooperative_epi_tma,passed,success,universal,1152,4096,4096,f16:column,f16:column,f16:column,f16:column,1,0,serial,4,1,heuristic,invalid,invalid,false,false,1,tensorop,f32,128,128,64,2,1,1,0,0,0,6,4,2,1,64,128,16,90,90,52428800,38664142848,737,0.0946506,515.878,408494
41,CUTLASS,gemm,cutlass3x_sm90_tensorop_s64x128x16gemm_f16_f16_f32_f16_f16_128x128x64_2x1x1_0_nnn_align8_stream_k_warpspecialized_cooperative_epi_nosmem,passed,success,universal,1152,4096,4096,f16:column,f16:column,f16:column,f16:column,1,0,serial,4,1,heuristic,invalid,invalid,false,false,1,tensorop,f32,128,128,64,2,1,1,0,0,0,7,4,2,1,64,128,16,90,90,52428800,38664142848,737,0.117324,416.181,329550
41,CUTLASS,gemm,cutlass3x_sm90_tensorop_s64x128x16gemm_f16_f16_f32_f16_f16_128x128x64_2x1x1_0_nnn_align8_stream_k_warpspecialized_cooperative_epi_tma,passed,success,universal,1152,4096,4096,f16:column,f16:column,f16:column,f16:column,1,0,serial,4,1,heuristic,invalid,invalid,false,false,1,tensorop,f32,128,128,64,2,1,1,0,0,0,6,4,2,1,64,128,16,90,90,52428800,38664142848,737,0.114267,427.317,338367
42,CUTLASS,gemm,cutlass_tensorop_f16_s1688gemm_f16_256x128_32x2_nn_align8,passed,success,universal,1280,4096,4096,f16:column,f16:column,f16:column,f16:column,1,0,serial,4,1,heuristic,invalid,invalid,false,false,1,tensorop,f32,256,128,32,1,1,1,0,0,0,2,4,2,1,16,8,8,75,1024,54525952,42960158720,787,0.226242,224.456,189886
42,CUTLASS,gemm,cutlass_tensorop_f16_s16816gemm_f16_256x128_32x3_nn_align8,passed,success,universal,1280,4096,4096,f16:column,f16:column,f16:column,f16:column,1,0,serial,4,1,heuristic,invalid,invalid,false,false,1,tensorop,f32,256,128,32,1,1,1,0,0,0,3,4,2,1,16,8,16,80,1024,54525952,42960158720,787,0.123,412.855,349269
42,CUTLASS,gemm,cutlass3x_sm90_tensorop_s64x128x16gemm_f16_f16_f32_f16_f16_128x128x64_1x2x1_0_nnn_align8,passed,success,universal,1280,4096,4096,f16:column,f16:column,f16:column,f16:column,1,0,serial,4,1,heuristic,invalid,invalid,false,false,1,tensorop,f32,128,128,64,1,2,1,0,0,0,7,4,2,1,64,128,16,90,90,54525952,42960158720,787,0.0849414,597.838,505762
42,CUTLASS,gemm,cutlass3x_sm90_tensorop_s64x128x16gemm_f16_f16_f32_f16_f16_128x128x64_1x2x1_0_nnn_align8_warpspecialized_epi_nosmem,passed,success,universal,1280,4096,4096,f16:column,f16:column,f16:column,f16:column,1,0,serial,4,1,heuristic,invalid,invalid,false,false,1,tensorop,f32,128,128,64,1,2,1,0,0,0,7,4,1,1,64,128,16,90,90,54525952,42960158720,787,0.0812896,624.696,528483
42,CUTLASS,gemm,cutlass3x_sm90_tensorop_s64x128x16gemm_f16_f16_f32_f16_f16_128x128x64_1x2x1_0_nnn_align8_warpspecialized_pingpong_epi_tma,passed,success,universal,1280,4096,4096,f16:column,f16:column,f16:column,f16:column,1,0,serial,4,1,heuristic,invalid,invalid,false,false,1,tensorop,f32,128,128,64,1,2,1,0,0,0,6,4,1,1,64,128,16,90,90,54525952,42960158720,787,0.0793837,639.694,541171
42,CUTLASS,gemm,cutlass3x_sm90_tensorop_s64x128x16gemm_f16_f16_f32_f16_f16_128x128x64_1x2x1_0_nnn_align8_warpspecialized_pingpong_epi_nosmem,passed,success,universal,1280,4096,4096,f16:column,f16:column,f16:column,f16:column,1,0,serial,4,1,heuristic,invalid,invalid,false,false,1,tensorop,f32,128,128,64,1,2,1,0,0,0,7,4,1,1,64,128,16,90,90,54525952,42960158720,787,0.0813888,623.934,527839
42,CUTLASS,gemm,cutlass3x_sm90_tensorop_s64x128x16gemm_f16_f16_f32_f16_f16_128x128x64_1x2x1_0_nnn_align8_warpspecialized_cooperative_epi_nosmem,passed,success,universal,1280,4096,4096,f16:column,f16:column,f16:column,f16:column,1,0,serial,4,1,heuristic,invalid,invalid,false,false,1,tensorop,f32,128,128,64,1,2,1,0,0,0,7,4,2,1,64,128,16,90,90,54525952,42960158720,787,0.0852195,595.888,504112
42,CUTLASS,gemm,cutlass3x_sm90_tensorop_s64x128x16gemm_f16_f16_f32_f16_f16_128x128x64_1x2x1_0_nnn_align8_warpspecialized_cooperative_epi_tma,passed,success,universal,1280,4096,4096,f16:column,f16:column,f16:column,f16:column,1,0,serial,4,1,heuristic,invalid,invalid,false,false,1,tensorop,f32,128,128,64,1,2,1,0,0,0,6,4,2,1,64,128,16,90,90,54525952,42960158720,787,0.0806909,629.331,532404
42,CUTLASS,gemm,cutlass3x_sm90_tensorop_s64x128x16gemm_f16_f16_f32_f16_f16_128x128x64_1x2x1_0_nnn_align8_stream_k_warpspecialized_cooperative_epi_nosmem,passed,success,universal,1280,4096,4096,f16:column,f16:column,f16:column,f16:column,1,0,serial,4,1,heuristic,invalid,invalid,false,false,1,tensorop,f32,128,128,64,1,2,1,0,0,0,7,4,2,1,64,128,16,90,90,54525952,42960158720,787,0.114656,442.901,374687
42,CUTLASS,gemm,cutlass3x_sm90_tensorop_s64x128x16gemm_f16_f16_f32_f16_f16_128x128x64_1x2x1_0_nnn_align8_stream_k_warpspecialized_cooperative_epi_tma,passed,success,universal,1280,4096,4096,f16:column,f16:column,f16:column,f16:column,1,0,serial,4,1,heuristic,invalid,invalid,false,false,1,tensorop,f32,128,128,64,1,2,1,0,0,0,6,4,2,1,64,128,16,90,90,54525952,42960158720,787,0.112201,452.591,382885
42,CUTLASS,gemm,cutlass3x_sm90_tensorop_s64x128x16gemm_f16_f16_f32_f16_f16_128x128x64_2x1x1_0_nnn_align8,passed,success,universal,1280,4096,4096,f16:column,f16:column,f16:column,f16:column,1,0,serial,4,1,heuristic,invalid,invalid,false,false,1,tensorop,f32,128,128,64,2,1,1,0,0,0,7,4,2,1,64,128,16,90,90,54525952,42960158720,787,0.0831398,610.793,516722
42,CUTLASS,gemm,cutlass3x_sm90_tensorop_s64x128x16gemm_f16_f16_f32_f16_f16_128x128x64_2x1x1_0_nnn_align8_warpspecialized_epi_nosmem,passed,success,universal,1280,4096,4096,f16:column,f16:column,f16:column,f16:column,1,0,serial,4,1,heuristic,invalid,invalid,false,false,1,tensorop,f32,128,128,64,2,1,1,0,0,0,7,4,1,1,64,128,16,90,90,54525952,42960158720,787,0.0834214,608.731,514977
42,CUTLASS,gemm,cutlass3x_sm90_tensorop_s64x128x16gemm_f16_f16_f32_f16_f16_128x128x64_2x1x1_0_nnn_align8_warpspecialized_pingpong_epi_tma,passed,success,universal,1280,4096,4096,f16:column,f16:column,f16:column,f16:column,1,0,serial,4,1,heuristic,invalid,invalid,false,false,1,tensorop,f32,128,128,64,2,1,1,0,0,0,6,4,1,1,64,128,16,90,90,54525952,42960158720,787,0.0774547,655.625,554649
42,CUTLASS,gemm,cutlass3x_sm90_tensorop_s64x128x16gemm_f16_f16_f32_f16_f16_128x128x64_2x1x1_0_nnn_align8_warpspecialized_pingpong_epi_nosmem,passed,success,universal,1280,4096,4096,f16:column,f16:column,f16:column,f16:column,1,0,serial,4,1,heuristic,invalid,invalid,false,false,1,tensorop,f32,128,128,64,2,1,1,0,0,0,7,4,1,1,64,128,16,90,90,54525952,42960158720,787,0.0793293,640.132,541542
42,CUTLASS,gemm,cutlass3x_sm90_tensorop_s64x128x16gemm_f16_f16_f32_f16_f16_128x128x64_2x1x1_0_nnn_align8_warpspecialized_cooperative_epi_nosmem,passed,success,universal,1280,4096,4096,f16:column,f16:column,f16:column,f16:column,1,0,serial,4,1,heuristic,invalid,invalid,false,false,1,tensorop,f32,128,128,64,2,1,1,0,0,0,7,4,2,1,64,128,16,90,90,54525952,42960158720,787,0.0827072,613.988,519425
42,CUTLASS,gemm,cutlass3x_sm90_tensorop_s64x128x16gemm_f16_f16_f32_f16_f16_128x128x64_2x1x1_0_nnn_align8_warpspecialized_cooperative_epi_tma,passed,success,universal,1280,4096,4096,f16:column,f16:column,f16:column,f16:column,1,0,serial,4,1,heuristic,invalid,invalid,false,false,1,tensorop,f32,128,128,64,2,1,1,0,0,0,6,4,2,1,64,128,16,90,90,54525952,42960158720,787,0.0776979,653.573,552913
42,CUTLASS,gemm,cutlass3x_sm90_tensorop_s64x128x16gemm_f16_f16_f32_f16_f16_128x128x64_2x1x1_0_nnn_align8_stream_k_warpspecialized_cooperative_epi_nosmem,passed,success,universal,1280,4096,4096,f16:column,f16:column,f16:column,f16:column,1,0,serial,4,1,heuristic,invalid,invalid,false,false,1,tensorop,f32,128,128,64,2,1,1,0,0,0,7,4,2,1,64,128,16,90,90,54525952,42960158720,787,0.113772,446.343,377599
42,CUTLASS,gemm,cutlass3x_sm90_tensorop_s64x128x16gemm_f16_f16_f32_f16_f16_128x128x64_2x1x1_0_nnn_align8_stream_k_warpspecialized_cooperative_epi_tma,passed,success,universal,1280,4096,4096,f16:column,f16:column,f16:column,f16:column,1,0,serial,4,1,heuristic,invalid,invalid,false,false,1,tensorop,f32,128,128,64,2,1,1,0,0,0,6,4,2,1,64,128,16,90,90,54525952,42960158720,787,0.111761,454.372,384392
43,CUTLASS,gemm,cutlass_tensorop_f16_s1688gemm_f16_256x128_32x2_nn_align8,passed,success,universal,1408,4096,4096,f16:column,f16:column,f16:column,f16:column,1,0,serial,4,1,heuristic,invalid,invalid,false,false,1,tensorop,f32,256,128,32,1,1,1,0,0,0,2,4,2,1,16,8,8,75,1024,56623104,47256174592,834,0.254452,207.247,185718
43,CUTLASS,gemm,cutlass_tensorop_f16_s16816gemm_f16_256x128_32x3_nn_align8,passed,success,universal,1408,4096,4096,f16:column,f16:column,f16:column,f16:column,1,0,serial,4,1,heuristic,invalid,invalid,false,false,1,tensorop,f32,256,128,32,1,1,1,0,0,0,3,4,2,1,16,8,16,80,1024,56623104,47256174592,834,0.142886,369.066,330726
43,CUTLASS,gemm,cutlass3x_sm90_tensorop_s64x128x16gemm_f16_f16_f32_f16_f16_128x128x64_1x2x1_0_nnn_align8,passed,success,universal,1408,4096,4096,f16:column,f16:column,f16:column,f16:column,1,0,serial,4,1,heuristic,invalid,invalid,false,false,1,tensorop,f32,128,128,64,1,2,1,0,0,0,7,4,2,1,64,128,16,90,90,56623104,47256174592,834,0.0848899,621.209,556676
43,CUTLASS,gemm,cutlass3x_sm90_tensorop_s64x128x16gemm_f16_f16_f32_f16_f16_128x128x64_1x2x1_0_nnn_align8_warpspecialized_epi_nosmem,passed,success,universal,1408,4096,4096,f16:column,f16:column,f16:column,f16:column,1,0,serial,4,1,heuristic,invalid,invalid,false,false,1,tensorop,f32,128,128,64,1,2,1,0,0,0,7,4,1,1,64,128,16,90,90,56623104,47256174592,834,0.082561,638.733,572379
43,CUTLASS,gemm,cutlass3x_sm90_tensorop_s64x128x16gemm_f16_f16_f32_f16_f16_128x128x64_1x2x1_0_nnn_align8_warpspecialized_pingpong_epi_tma,passed,success,universal,1408,4096,4096,f16:column,f16:column,f16:column,f16:column,1,0,serial,4,1,heuristic,invalid,invalid,false,false,1,tensorop,f32,128,128,64,1,2,1,0,0,0,6,4,1,1,64,128,16,90,90,56623104,47256174592,834,0.0791725,666.07,596876
43,CUTLASS,gemm,cutlass3x_sm90_tensorop_s64x128x16gemm_f16_f16_f32_f16_f16_128x128x64_1x2x1_0_nnn_align8_warpspecialized_pingpong_epi_nosmem,passed,success,universal,1408,4096,4096,f16:column,f16:column,f16:column,f16:column,1,0,serial,4,1,heuristic,invalid,invalid,false,false,1,tensorop,f32,128,128,64,1,2,1,0,0,0,7,4,1,1,64,128,16,90,90,56623104,47256174592,834,0.0816102,646.173,579047
43,CUTLASS,gemm,cutlass3x_sm90_tensorop_s64x128x16gemm_f16_f16_f32_f16_f16_128x128x64_1x2x1_0_nnn_align8_warpspecialized_cooperative_epi_nosmem,passed,success,universal,1408,4096,4096,f16:column,f16:column,f16:column,f16:column,1,0,serial,4,1,heuristic,invalid,invalid,false,false,1,tensorop,f32,128,128,64,1,2,1,0,0,0,7,4,2,1,64,128,16,90,90,56623104,47256174592,834,0.085001,620.397,555949
43,CUTLASS,gemm,cutlass3x_sm90_tensorop_s64x128x16gemm_f16_f16_f32_f16_f16_128x128x64_1x2x1_0_nnn_align8_warpspecialized_cooperative_epi_tma,passed,success,universal,1408,4096,4096,f16:column,f16:column,f16:column,f16:column,1,0,serial,4,1,heuristic,invalid,invalid,false,false,1,tensorop,f32,128,128,64,1,2,1,0,0,0,6,4,2,1,64,128,16,90,90,56623104,47256174592,834,0.0795933,662.548,593721
43,CUTLASS,gemm,cutlass3x_sm90_tensorop_s64x128x16gemm_f16_f16_f32_f16_f16_128x128x64_1x2x1_0_nnn_align8_stream_k_warpspecialized_cooperative_epi_nosmem,passed,success,universal,1408,4096,4096,f16:column,f16:column,f16:column,f16:column,1,0,serial,4,1,heuristic,invalid,invalid,false,false,1,tensorop,f32,128,128,64,1,2,1,0,0,0,7,4,2,1,64,128,16,90,90,56623104,47256174592,834,0.125796,419.206,375658
43,CUTLASS,gemm,cutlass3x_sm90_tensorop_s64x128x16gemm_f16_f16_f32_f16_f16_128x128x64_1x2x1_0_nnn_align8_stream_k_warpspecialized_cooperative_epi_tma,passed,success,universal,1408,4096,4096,f16:column,f16:column,f16:column,f16:column,1,0,serial,4,1,heuristic,invalid,invalid,false,false,1,tensorop,f32,128,128,64,1,2,1,0,0,0,6,4,2,1,64,128,16,90,90,56623104,47256174592,834,0.123369,427.453,383048
43,CUTLASS,gemm,cutlass3x_sm90_tensorop_s64x128x16gemm_f16_f16_f32_f16_f16_128x128x64_2x1x1_0_nnn_align8,passed,success,universal,1408,4096,4096,f16:column,f16:column,f16:column,f16:column,1,0,serial,4,1,heuristic,invalid,invalid,false,false,1,tensorop,f32,128,128,64,2,1,1,0,0,0,7,4,2,1,64,128,16,90,90,56623104,47256174592,834,0.105765,498.6,446804
43,CUTLASS,gemm,cutlass3x_sm90_tensorop_s64x128x16gemm_f16_f16_f32_f16_f16_128x128x64_2x1x1_0_nnn_align8_warpspecialized_epi_nosmem,passed,success,universal,1408,4096,4096,f16:column,f16:column,f16:column,f16:column,1,0,serial,4,1,heuristic,invalid,invalid,false,false,1,tensorop,f32,128,128,64,2,1,1,0,0,0,7,4,1,1,64,128,16,90,90,56623104,47256174592,834,0.100697,523.692,469289
43,CUTLASS,gemm,cutlass3x_sm90_tensorop_s64x128x16gemm_f16_f16_f32_f16_f16_128x128x64_2x1x1_0_nnn_align8_warpspecialized_pingpong_epi_tma,passed,success,universal,1408,4096,4096,f16:column,f16:column,f16:column,f16:column,1,0,serial,4,1,heuristic,invalid,invalid,false,false,1,tensorop,f32,128,128,64,2,1,1,0,0,0,6,4,1,1,64,128,16,90,90,56623104,47256174592,834,0.103925,507.427,454714
43,CUTLASS,gemm,cutlass3x_sm90_tensorop_s64x128x16gemm_f16_f16_f32_f16_f16_128x128x64_2x1x1_0_nnn_align8_warpspecialized_pingpong_epi_nosmem,passed,success,universal,1408,4096,4096,f16:column,f16:column,f16:column,f16:column,1,0,serial,4,1,heuristic,invalid,invalid,false,false,1,tensorop,f32,128,128,64,2,1,1,0,0,0,7,4,1,1,64,128,16,90,90,56623104,47256174592,834,0.10731,491.422,440372
43,CUTLASS,gemm,cutlass3x_sm90_tensorop_s64x128x16gemm_f16_f16_f32_f16_f16_128x128x64_2x1x1_0_nnn_align8_warpspecialized_cooperative_epi_nosmem,passed,success,universal,1408,4096,4096,f16:column,f16:column,f16:column,f16:column,1,0,serial,4,1,heuristic,invalid,invalid,false,false,1,tensorop,f32,128,128,64,2,1,1,0,0,0,7,4,2,1,64,128,16,90,90,56623104,47256174592,834,0.106068,497.177,445529
43,CUTLASS,gemm,cutlass3x_sm90_tensorop_s64x128x16gemm_f16_f16_f32_f16_f16_128x128x64_2x1x1_0_nnn_align8_warpspecialized_cooperative_epi_tma,passed,success,universal,1408,4096,4096,f16:column,f16:column,f16:column,f16:column,1,0,serial,4,1,heuristic,invalid,invalid,false,false,1,tensorop,f32,128,128,64,2,1,1,0,0,0,6,4,2,1,64,128,16,90,90,56623104,47256174592,834,0.103823,507.924,455159
43,CUTLASS,gemm,cutlass3x_sm90_tensorop_s64x128x16gemm_f16_f16_f32_f16_f16_128x128x64_2x1x1_0_nnn_align8_stream_k_warpspecialized_cooperative_epi_nosmem,passed,success,universal,1408,4096,4096,f16:column,f16:column,f16:column,f16:column,1,0,serial,4,1,heuristic,invalid,invalid,false,false,1,tensorop,f32,128,128,64,2,1,1,0,0,0,7,4,2,1,64,128,16,90,90,56623104,47256174592,834,0.137095,384.656,344696
43,CUTLASS,gemm,cutlass3x_sm90_tensorop_s64x128x16gemm_f16_f16_f32_f16_f16_128x128x64_2x1x1_0_nnn_align8_stream_k_warpspecialized_cooperative_epi_tma,passed,success,universal,1408,4096,4096,f16:column,f16:column,f16:column,f16:column,1,0,serial,4,1,heuristic,invalid,invalid,false,false,1,tensorop,f32,128,128,64,2,1,1,0,0,0,6,4,2,1,64,128,16,90,90,56623104,47256174592,834,0.134404,392.358,351598
44,CUTLASS,gemm,cutlass_tensorop_f16_s1688gemm_f16_256x128_32x2_nn_align8,passed,success,universal,1536,4096,4096,f16:column,f16:column,f16:column,f16:column,1,0,serial,4,1,heuristic,invalid,invalid,false,false,1,tensorop,f32,256,128,32,1,1,1,0,0,0,2,4,2,1,16,8,8,75,1024,58720256,51552190464,877,0.259673,210.601,198527
44,CUTLASS,gemm,cutlass_tensorop_f16_s16816gemm_f16_256x128_32x3_nn_align8,passed,success,universal,1536,4096,4096,f16:column,f16:column,f16:column,f16:column,1,0,serial,4,1,heuristic,invalid,invalid,false,false,1,tensorop,f32,256,128,32,1,1,1,0,0,0,3,4,2,1,16,8,16,80,1024,58720256,51552190464,877,0.146018,374.527,353055
44,CUTLASS,gemm,cutlass3x_sm90_tensorop_s64x128x16gemm_f16_f16_f32_f16_f16_128x128x64_1x2x1_0_nnn_align8,passed,success,universal,1536,4096,4096,f16:column,f16:column,f16:column,f16:column,1,0,serial,4,1,heuristic,invalid,invalid,false,false,1,tensorop,f32,128,128,64,1,2,1,0,0,0,7,4,2,1,64,128,16,90,90,58720256,51552190464,877,0.0872282,626.948,591004
44,CUTLASS,gemm,cutlass3x_sm90_tensorop_s64x128x16gemm_f16_f16_f32_f16_f16_128x128x64_1x2x1_0_nnn_align8_warpspecialized_epi_nosmem,passed,success,universal,1536,4096,4096,f16:column,f16:column,f16:column,f16:column,1,0,serial,4,1,heuristic,invalid,invalid,false,false,1,tensorop,f32,128,128,64,1,2,1,0,0,0,7,4,1,1,64,128,16,90,90,58720256,51552190464,877,0.0858829,636.768,600262
44,CUTLASS,gemm,cutlass3x_sm90_tensorop_s64x128x16gemm_f16_f16_f32_f16_f16_128x128x64_1x2x1_0_nnn_align8_warpspecialized_pingpong_epi_tma,passed,success,universal,1536,4096,4096,f16:column,f16:column,f16:column,f16:column,1,0,serial,4,1,heuristic,invalid,invalid,false,false,1,tensorop,f32,128,128,64,1,2,1,0,0,0,6,4,1,1,64,128,16,90,90,58720256,51552190464,877,0.0816819,669.518,631133
44,CUTLASS,gemm,cutlass3x_sm90_tensorop_s64x128x16gemm_f16_f16_f32_f16_f16_128x128x64_1x2x1_0_nnn_align8_warpspecialized_pingpong_epi_nosmem,passed,success,universal,1536,4096,4096,f16:column,f16:column,f16:column,f16:column,1,0,serial,4,1,heuristic,invalid,invalid,false,false,1,tensorop,f32,128,128,64,1,2,1,0,0,0,7,4,1,1,64,128,16,90,90,58720256,51552190464,877,0.0838832,651.948,614571
44,CUTLASS,gemm,cutlass3x_sm90_tensorop_s64x128x16gemm_f16_f16_f32_f16_f16_128x128x64_1x2x1_0_nnn_align8_warpspecialized_cooperative_epi_nosmem,passed,success,universal,1536,4096,4096,f16:column,f16:column,f16:column,f16:column,1,0,serial,4,1,heuristic,invalid,invalid,false,false,1,tensorop,f32,128,128,64,1,2,1,0,0,0,7,4,2,1,64,128,16,90,90,58720256,51552190464,877,0.0871085,627.809,591816
44,CUTLASS,gemm,cutlass3x_sm90_tensorop_s64x128x16gemm_f16_f16_f32_f16_f16_128x128x64_1x2x1_0_nnn_align8_warpspecialized_cooperative_epi_tma,passed,success,universal,1536,4096,4096,f16:column,f16:column,f16:column,f16:column,1,0,serial,4,1,heuristic,invalid,invalid,false,false,1,tensorop,f32,128,128,64,1,2,1,0,0,0,6,4,2,1,64,128,16,90,90,58720256,51552190464,877,0.0818499,668.144,629838
44,CUTLASS,gemm,cutlass3x_sm90_tensorop_s64x128x16gemm_f16_f16_f32_f16_f16_128x128x64_1x2x1_0_nnn_align8_stream_k_warpspecialized_cooperative_epi_nosmem,passed,success,universal,1536,4096,4096,f16:column,f16:column,f16:column,f16:column,1,0,serial,4,1,heuristic,invalid,invalid,false,false,1,tensorop,f32,128,128,64,1,2,1,0,0,0,7,4,2,1,64,128,16,90,90,58720256,51552190464,877,0.138934,393.621,371054
44,CUTLASS,gemm,cutlass3x_sm90_tensorop_s64x128x16gemm_f16_f16_f32_f16_f16_128x128x64_1x2x1_0_nnn_align8_stream_k_warpspecialized_cooperative_epi_tma,passed,success,universal,1536,4096,4096,f16:column,f16:column,f16:column,f16:column,1,0,serial,4,1,heuristic,invalid,invalid,false,false,1,tensorop,f32,128,128,64,1,2,1,0,0,0,6,4,2,1,64,128,16,90,90,58720256,51552190464,877,0.135035,404.989,381770
44,CUTLASS,gemm,cutlass3x_sm90_tensorop_s64x128x16gemm_f16_f16_f32_f16_f16_128x128x64_2x1x1_0_nnn_align8,passed,success,universal,1536,4096,4096,f16:column,f16:column,f16:column,f16:column,1,0,serial,4,1,heuristic,invalid,invalid,false,false,1,tensorop,f32,128,128,64,2,1,1,0,0,0,7,4,2,1,64,128,16,90,90,58720256,51552190464,877,0.0850166,643.256,606378
44,CUTLASS,gemm,cutlass3x_sm90_tensorop_s64x128x16gemm_f16_f16_f32_f16_f16_128x128x64_2x1x1_0_nnn_align8_warpspecialized_epi_nosmem,passed,success,universal,1536,4096,4096,f16:column,f16:column,f16:column,f16:column,1,0,serial,4,1,heuristic,invalid,invalid,false,false,1,tensorop,f32,128,128,64,2,1,1,0,0,0,7,4,1,1,64,128,16,90,90,58720256,51552190464,877,0.090401,604.944,570262
44,CUTLASS,gemm,cutlass3x_sm90_tensorop_s64x128x16gemm_f16_f16_f32_f16_f16_128x128x64_2x1x1_0_nnn_align8_warpspecialized_pingpong_epi_tma,passed,success,universal,1536,4096,4096,f16:column,f16:column,f16:column,f16:column,1,0,serial,4,1,heuristic,invalid,invalid,false,false,1,tensorop,f32,128,128,64,2,1,1,0,0,0,6,4,1,1,64,128,16,90,90,58720256,51552190464,877,0.0790458,691.846,652182
44,CUTLASS,gemm,cutlass3x_sm90_tensorop_s64x128x16gemm_f16_f16_f32_f16_f16_128x128x64_2x1x1_0_nnn_align8_warpspecialized_pingpong_epi_nosmem,passed,success,universal,1536,4096,4096,f16:column,f16:column,f16:column,f16:column,1,0,serial,4,1,heuristic,invalid,invalid,false,false,1,tensorop,f32,128,128,64,2,1,1,0,0,0,7,4,1,1,64,128,16,90,90,58720256,51552190464,877,0.0821501,665.702,627537
44,CUTLASS,gemm,cutlass3x_sm90_tensorop_s64x128x16gemm_f16_f16_f32_f16_f16_128x128x64_2x1x1_0_nnn_align8_warpspecialized_cooperative_epi_nosmem,passed,success,universal,1536,4096,4096,f16:column,f16:column,f16:column,f16:column,1,0,serial,4,1,heuristic,invalid,invalid,false,false,1,tensorop,f32,128,128,64,2,1,1,0,0,0,7,4,2,1,64,128,16,90,90,58720256,51552190464,877,0.0849107,644.059,607134
44,CUTLASS,gemm,cutlass3x_sm90_tensorop_s64x128x16gemm_f16_f16_f32_f16_f16_128x128x64_2x1x1_0_nnn_align8_warpspecialized_cooperative_epi_tma,passed,success,universal,1536,4096,4096,f16:column,f16:column,f16:column,f16:column,1,0,serial,4,1,heuristic,invalid,invalid,false,false,1,tensorop,f32,128,128,64,2,1,1,0,0,0,6,4,2,1,64,128,16,90,90,58720256,51552190464,877,0.0795101,687.806,648373
44,CUTLASS,gemm,cutlass3x_sm90_tensorop_s64x128x16gemm_f16_f16_f32_f16_f16_128x128x64_2x1x1_0_nnn_align8_stream_k_warpspecialized_cooperative_epi_nosmem,passed,success,universal,1536,4096,4096,f16:column,f16:column,f16:column,f16:column,1,0,serial,4,1,heuristic,invalid,invalid,false,false,1,tensorop,f32,128,128,64,2,1,1,0,0,0,7,4,2,1,64,128,16,90,90,58720256,51552190464,877,0.137407,397.996,375179
44,CUTLASS,gemm,cutlass3x_sm90_tensorop_s64x128x16gemm_f16_f16_f32_f16_f16_128x128x64_2x1x1_0_nnn_align8_stream_k_warpspecialized_cooperative_epi_tma,passed,success,universal,1536,4096,4096,f16:column,f16:column,f16:column,f16:column,1,0,serial,4,1,heuristic,invalid,invalid,false,false,1,tensorop,f32,128,128,64,2,1,1,0,0,0,6,4,2,1,64,128,16,90,90,58720256,51552190464,877,0.135245,404.357,381175
45,CUTLASS,gemm,cutlass_tensorop_f16_s1688gemm_f16_256x128_32x2_nn_align8,passed,success,universal,1664,4096,4096,f16:column,f16:column,f16:column,f16:column,1,0,serial,4,1,heuristic,invalid,invalid,false,false,1,tensorop,f32,256,128,32,1,1,1,0,0,0,2,4,2,1,16,8,8,75,1024,60817408,55848206336,918,0.300409,188.545,185907
45,CUTLASS,gemm,cutlass_tensorop_f16_s16816gemm_f16_256x128_32x3_nn_align8,passed,success,universal,1664,4096,4096,f16:column,f16:column,f16:column,f16:column,1,0,serial,4,1,heuristic,invalid,invalid,false,false,1,tensorop,f32,256,128,32,1,1,1,0,0,0,3,4,2,1,16,8,16,80,1024,60817408,55848206336,918,0.170083,333.018,328359
45,CUTLASS,gemm,cutlass3x_sm90_tensorop_s64x128x16gemm_f16_f16_f32_f16_f16_128x128x64_1x2x1_0_nnn_align8,passed,success,universal,1664,4096,4096,f16:column,f16:column,f16:column,f16:column,1,0,serial,4,1,heuristic,invalid,invalid,false,false,1,tensorop,f32,128,128,64,1,2,1,0,0,0,7,4,2,1,64,128,16,90,90,60817408,55848206336,918,0.112143,505.073,498007
45,CUTLASS,gemm,cutlass3x_sm90_tensorop_s64x128x16gemm_f16_f16_f32_f16_f16_128x128x64_1x2x1_0_nnn_align8_warpspecialized_epi_nosmem,passed,success,universal,1664,4096,4096,f16:column,f16:column,f16:column,f16:column,1,0,serial,4,1,heuristic,invalid,invalid,false,false,1,tensorop,f32,128,128,64,1,2,1,0,0,0,7,4,1,1,64,128,16,90,90,60817408,55848206336,918,0.0968515,584.819,576637
45,CUTLASS,gemm,cutlass3x_sm90_tensorop_s64x128x16gemm_f16_f16_f32_f16_f16_128x128x64_1x2x1_0_nnn_align8_warpspecialized_pingpong_epi_tma,passed,success,universal,1664,4096,4096,f16:column,f16:column,f16:column,f16:column,1,0,serial,4,1,heuristic,invalid,invalid,false,false,1,tensorop,f32,128,128,64,1,2,1,0,0,0,6,4,1,1,64,128,16,90,90,60817408,55848206336,918,0.104055,544.335,536720
45,CUTLASS,gemm,cutlass3x_sm90_tensorop_s64x128x16gemm_f16_f16_f32_f16_f16_128x128x64_1x2x1_0_nnn_align8_warpspecialized_pingpong_epi_nosmem,passed,success,universal,1664,4096,4096,f16:column,f16:column,f16:column,f16:column,1,0,serial,4,1,heuristic,invalid,invalid,false,false,1,tensorop,f32,128,128,64,1,2,1,0,0,0,7,4,1,1,64,128,16,90,90,60817408,55848206336,918,0.107071,528.999,521598
45,CUTLASS,gemm,cutlass3x_sm90_tensorop_s64x128x16gemm_f16_f16_f32_f16_f16_128x128x64_1x2x1_0_nnn_align8_warpspecialized_cooperative_epi_nosmem,passed,success,universal,1664,4096,4096,f16:column,f16:column,f16:column,f16:column,1,0,serial,4,1,heuristic,invalid,invalid,false,false,1,tensorop,f32,128,128,64,1,2,1,0,0,0,7,4,2,1,64,128,16,90,90,60817408,55848206336,918,0.111782,506.706,499617
45,CUTLASS,gemm,cutlass3x_sm90_tensorop_s64x128x16gemm_f16_f16_f32_f16_f16_128x128x64_1x2x1_0_nnn_align8_warpspecialized_cooperative_epi_tma,passed,success,universal,1664,4096,4096,f16:column,f16:column,f16:column,f16:column,1,0,serial,4,1,heuristic,invalid,invalid,false,false,1,tensorop,f32,128,128,64,1,2,1,0,0,0,6,4,2,1,64,128,16,90,90,60817408,55848206336,918,0.105214,538.339,530807
45,CUTLASS,gemm,cutlass3x_sm90_tensorop_s64x128x16gemm_f16_f16_f32_f16_f16_128x128x64_1x2x1_0_nnn_align8_stream_k_warpspecialized_cooperative_epi_nosmem,passed,success,universal,1664,4096,4096,f16:column,f16:column,f16:column,f16:column,1,0,serial,4,1,heuristic,invalid,invalid,false,false,1,tensorop,f32,128,128,64,1,2,1,0,0,0,7,4,2,1,64,128,16,90,90,60817408,55848206336,918,0.149684,378.401,373107
45,CUTLASS,gemm,cutlass3x_sm90_tensorop_s64x128x16gemm_f16_f16_f32_f16_f16_128x128x64_1x2x1_0_nnn_align8_stream_k_warpspecialized_cooperative_epi_tma,passed,success,universal,1664,4096,4096,f16:column,f16:column,f16:column,f16:column,1,0,serial,4,1,heuristic,invalid,invalid,false,false,1,tensorop,f32,128,128,64,1,2,1,0,0,0,6,4,2,1,64,128,16,90,90,60817408,55848206336,918,0.14632,387.102,381686
45,CUTLASS,gemm,cutlass3x_sm90_tensorop_s64x128x16gemm_f16_f16_f32_f16_f16_128x128x64_2x1x1_0_nnn_align8,passed,success,universal,1664,4096,4096,f16:column,f16:column,f16:column,f16:column,1,0,serial,4,1,heuristic,invalid,invalid,false,false,1,tensorop,f32,128,128,64,2,1,1,0,0,0,7,4,2,1,64,128,16,90,90,60817408,55848206336,918,0.122972,460.596,454152
45,CUTLASS,gemm,cutlass3x_sm90_tensorop_s64x128x16gemm_f16_f16_f32_f16_f16_128x128x64_2x1x1_0_nnn_align8_warpspecialized_epi_nosmem,passed,success,universal,1664,4096,4096,f16:column,f16:column,f16:column,f16:column,1,0,serial,4,1,heuristic,invalid,invalid,false,false,1,tensorop,f32,128,128,64,2,1,1,0,0,0,7,4,1,1,64,128,16,90,90,60817408,55848206336,918,0.118256,478.966,472265
45,CUTLASS,gemm,cutlass3x_sm90_tensorop_s64x128x16gemm_f16_f16_f32_f16_f16_128x128x64_2x1x1_0_nnn_align8_warpspecialized_pingpong_epi_tma,passed,success,universal,1664,4096,4096,f16:column,f16:column,f16:column,f16:column,1,0,serial,4,1,heuristic,invalid,invalid,false,false,1,tensorop,f32,128,128,64,2,1,1,0,0,0,6,4,1,1,64,128,16,90,90,60817408,55848206336,918,0.117611,481.595,474857
45,CUTLASS,gemm,cutlass3x_sm90_tensorop_s64x128x16gemm_f16_f16_f32_f16_f16_128x128x64_2x1x1_0_nnn_align8_warpspecialized_pingpong_epi_nosmem,passed,success,universal,1664,4096,4096,f16:column,f16:column,f16:column,f16:column,1,0,serial,4,1,heuristic,invalid,invalid,false,false,1,tensorop,f32,128,128,64,2,1,1,0,0,0,7,4,1,1,64,128,16,90,90,60817408,55848206336,918,0.121355,466.737,460207
45,CUTLASS,gemm,cutlass3x_sm90_tensorop_s64x128x16gemm_f16_f16_f32_f16_f16_128x128x64_2x1x1_0_nnn_align8_warpspecialized_cooperative_epi_nosmem,passed,success,universal,1664,4096,4096,f16:column,f16:column,f16:column,f16:column,1,0,serial,4,1,heuristic,invalid,invalid,false,false,1,tensorop,f32,128,128,64,2,1,1,0,0,0,7,4,2,1,64,128,16,90,90,60817408,55848206336,918,0.123173,459.844,453411
45,CUTLASS,gemm,cutlass3x_sm90_tensorop_s64x128x16gemm_f16_f16_f32_f16_f16_128x128x64_2x1x1_0_nnn_align8_warpspecialized_cooperative_epi_tma,passed,success,universal,1664,4096,4096,f16:column,f16:column,f16:column,f16:column,1,0,serial,4,1,heuristic,invalid,invalid,false,false,1,tensorop,f32,128,128,64,2,1,1,0,0,0,6,4,2,1,64,128,16,90,90,60817408,55848206336,918,0.11888,476.451,469785
45,CUTLASS,gemm,cutlass3x_sm90_tensorop_s64x128x16gemm_f16_f16_f32_f16_f16_128x128x64_2x1x1_0_nnn_align8_stream_k_warpspecialized_cooperative_epi_nosmem,passed,success,universal,1664,4096,4096,f16:column,f16:column,f16:column,f16:column,1,0,serial,4,1,heuristic,invalid,invalid,false,false,1,tensorop,f32,128,128,64,2,1,1,0,0,0,7,4,2,1,64,128,16,90,90,60817408,55848206336,918,0.159417,355.299,350328
45,CUTLASS,gemm,cutlass3x_sm90_tensorop_s64x128x16gemm_f16_f16_f32_f16_f16_128x128x64_2x1x1_0_nnn_align8_stream_k_warpspecialized_cooperative_epi_tma,passed,success,universal,1664,4096,4096,f16:column,f16:column,f16:column,f16:column,1,0,serial,4,1,heuristic,invalid,invalid,false,false,1,tensorop,f32,128,128,64,2,1,1,0,0,0,6,4,2,1,64,128,16,90,90,60817408,55848206336,918,0.155703,363.773,358684
46,CUTLASS,gemm,cutlass_tensorop_f16_s1688gemm_f16_256x128_32x2_nn_align8,passed,success,universal,1792,4096,4096,f16:column,f16:column,f16:column,f16:column,1,0,serial,4,1,heuristic,invalid,invalid,false,false,1,tensorop,f32,256,128,32,1,1,1,0,0,0,2,4,2,1,16,8,8,75,1024,62914560,60144222208,955,0.303202,193.25,198363
46,CUTLASS,gemm,cutlass_tensorop_f16_s16816gemm_f16_256x128_32x3_nn_align8,passed,success,universal,1792,4096,4096,f16:column,f16:column,f16:column,f16:column,1,0,serial,4,1,heuristic,invalid,invalid,false,false,1,tensorop,f32,256,128,32,1,1,1,0,0,0,3,4,2,1,16,8,16,80,1024,62914560,60144222208,955,0.170324,344.013,353116
46,CUTLASS,gemm,cutlass3x_sm90_tensorop_s64x128x16gemm_f16_f16_f32_f16_f16_128x128x64_1x2x1_0_nnn_align8,passed,success,universal,1792,4096,4096,f16:column,f16:column,f16:column,f16:column,1,0,serial,4,1,heuristic,invalid,invalid,false,false,1,tensorop,f32,128,128,64,1,2,1,0,0,0,7,4,2,1,64,128,16,90,90,62914560,60144222208,955,0.113015,518.458,532177
46,CUTLASS,gemm,cutlass3x_sm90_tensorop_s64x128x16gemm_f16_f16_f32_f16_f16_128x128x64_1x2x1_0_nnn_align8_warpspecialized_epi_nosmem,passed,success,universal,1792,4096,4096,f16:column,f16:column,f16:column,f16:column,1,0,serial,4,1,heuristic,invalid,invalid,false,false,1,tensorop,f32,128,128,64,1,2,1,0,0,0,7,4,1,1,64,128,16,90,90,62914560,60144222208,955,0.107907,543.003,557372
46,CUTLASS,gemm,cutlass3x_sm90_tensorop_s64x128x16gemm_f16_f16_f32_f16_f16_128x128x64_1x2x1_0_nnn_align8_warpspecialized_pingpong_epi_tma,passed,success,universal,1792,4096,4096,f16:column,f16:column,f16:column,f16:column,1,0,serial,4,1,heuristic,invalid,invalid,false,false,1,tensorop,f32,128,128,64,1,2,1,0,0,0,6,4,1,1,64,128,16,90,90,62914560,60144222208,955,0.105611,554.808,569489
46,CUTLASS,gemm,cutlass3x_sm90_tensorop_s64x128x16gemm_f16_f16_f32_f16_f16_128x128x64_1x2x1_0_nnn_align8_warpspecialized_pingpong_epi_nosmem,passed,success,universal,1792,4096,4096,f16:column,f16:column,f16:column,f16:column,1,0,serial,4,1,heuristic,invalid,invalid,false,false,1,tensorop,f32,128,128,64,1,2,1,0,0,0,7,4,1,1,64,128,16,90,90,62914560,60144222208,955,0.108017,542.451,556805
46,CUTLASS,gemm,cutlass3x_sm90_tensorop_s64x128x16gemm_f16_f16_f32_f16_f16_128x128x64_1x2x1_0_nnn_align8_warpspecialized_cooperative_epi_nosmem,passed,success,universal,1792,4096,4096,f16:column,f16:column,f16:column,f16:column,1,0,serial,4,1,heuristic,invalid,invalid,false,false,1,tensorop,f32,128,128,64,1,2,1,0,0,0,7,4,2,1,64,128,16,90,90,62914560,60144222208,955,0.113746,515.128,528759
46,CUTLASS,gemm,cutlass3x_sm90_tensorop_s64x128x16gemm_f16_f16_f32_f16_f16_128x128x64_1x2x1_0_nnn_align8_warpspecialized_cooperative_epi_tma,passed,success,universal,1792,4096,4096,f16:column,f16:column,f16:column,f16:column,1,0,serial,4,1,heuristic,invalid,invalid,false,false,1,tensorop,f32,128,128,64,1,2,1,0,0,0,6,4,2,1,64,128,16,90,90,62914560,60144222208,955,0.106138,552.051,566659
46,CUTLASS,gemm,cutlass3x_sm90_tensorop_s64x128x16gemm_f16_f16_f32_f16_f16_128x128x64_1x2x1_0_nnn_align8_stream_k_warpspecialized_cooperative_epi_nosmem,passed,success,universal,1792,4096,4096,f16:column,f16:column,f16:column,f16:column,1,0,serial,4,1,heuristic,invalid,invalid,false,false,1,tensorop,f32,128,128,64,1,2,1,0,0,0,7,4,2,1,64,128,16,90,90,62914560,60144222208,955,0.162208,361.226,370785
46,CUTLASS,gemm,cutlass3x_sm90_tensorop_s64x128x16gemm_f16_f16_f32_f16_f16_128x128x64_1x2x1_0_nnn_align8_stream_k_warpspecialized_cooperative_epi_tma,passed,success,universal,1792,4096,4096,f16:column,f16:column,f16:column,f16:column,1,0,serial,4,1,heuristic,invalid,invalid,false,false,1,tensorop,f32,128,128,64,1,2,1,0,0,0,6,4,2,1,64,128,16,90,90,62914560,60144222208,955,0.157211,372.709,382571
46,CUTLASS,gemm,cutlass3x_sm90_tensorop_s64x128x16gemm_f16_f16_f32_f16_f16_128x128x64_2x1x1_0_nnn_align8,passed,success,universal,1792,4096,4096,f16:column,f16:column,f16:column,f16:column,1,0,serial,4,1,heuristic,invalid,invalid,false,false,1,tensorop,f32,128,128,64,2,1,1,0,0,0,7,4,2,1,64,128,16,90,90,62914560,60144222208,955,0.110968,528.024,541996
46,CUTLASS,gemm,cutlass3x_sm90_tensorop_s64x128x16gemm_f16_f16_f32_f16_f16_128x128x64_2x1x1_0_nnn_align8_warpspecialized_epi_nosmem,passed,success,universal,1792,4096,4096,f16:column,f16:column,f16:column,f16:column,1,0,serial,4,1,heuristic,invalid,invalid,false,false,1,tensorop,f32,128,128,64,2,1,1,0,0,0,7,4,1,1,64,128,16,90,90,62914560,60144222208,955,0.114618,511.211,524738
46,CUTLASS,gemm,cutlass3x_sm90_tensorop_s64x128x16gemm_f16_f16_f32_f16_f16_128x128x64_2x1x1_0_nnn_align8_warpspecialized_pingpong_epi_tma,passed,success,universal,1792,4096,4096,f16:column,f16:column,f16:column,f16:column,1,0,serial,4,1,heuristic,invalid,invalid,false,false,1,tensorop,f32,128,128,64,2,1,1,0,0,0,6,4,1,1,64,128,16,90,90,62914560,60144222208,955,0.100874,580.859,596230
46,CUTLASS,gemm,cutlass3x_sm90_tensorop_s64x128x16gemm_f16_f16_f32_f16_f16_128x128x64_2x1x1_0_nnn_align8_warpspecialized_pingpong_epi_nosmem,passed,success,universal,1792,4096,4096,f16:column,f16:column,f16:column,f16:column,1,0,serial,4,1,heuristic,invalid,invalid,false,false,1,tensorop,f32,128,128,64,2,1,1,0,0,0,7,4,1,1,64,128,16,90,90,62914560,60144222208,955,0.1063,551.214,565800
46,CUTLASS,gemm,cutlass3x_sm90_tensorop_s64x128x16gemm_f16_f16_f32_f16_f16_128x128x64_2x1x1_0_nnn_align8_warpspecialized_cooperative_epi_nosmem,passed,success,universal,1792,4096,4096,f16:column,f16:column,f16:column,f16:column,1,0,serial,4,1,heuristic,invalid,invalid,false,false,1,tensorop,f32,128,128,64,2,1,1,0,0,0,7,4,2,1,64,128,16,90,90,62914560,60144222208,955,0.11109,527.446,541403
46,CUTLASS,gemm,cutlass3x_sm90_tensorop_s64x128x16gemm_f16_f16_f32_f16_f16_128x128x64_2x1x1_0_nnn_align8_warpspecialized_cooperative_epi_tma,passed,success,universal,1792,4096,4096,f16:column,f16:column,f16:column,f16:column,1,0,serial,4,1,heuristic,invalid,invalid,false,false,1,tensorop,f32,128,128,64,2,1,1,0,0,0,6,4,2,1,64,128,16,90,90,62914560,60144222208,955,0.101872,575.17,590390
46,CUTLASS,gemm,cutlass3x_sm90_tensorop_s64x128x16gemm_f16_f16_f32_f16_f16_128x128x64_2x1x1_0_nnn_align8_stream_k_warpspecialized_cooperative_epi_nosmem,passed,success,universal,1792,4096,4096,f16:column,f16:column,f16:column,f16:column,1,0,serial,4,1,heuristic,invalid,invalid,false,false,1,tensorop,f32,128,128,64,2,1,1,0,0,0,7,4,2,1,64,128,16,90,90,62914560,60144222208,955,0.159551,367.241,376958
46,CUTLASS,gemm,cutlass3x_sm90_tensorop_s64x128x16gemm_f16_f16_f32_f16_f16_128x128x64_2x1x1_0_nnn_align8_stream_k_warpspecialized_cooperative_epi_tma,passed,success,universal,1792,4096,4096,f16:column,f16:column,f16:column,f16:column,1,0,serial,4,1,heuristic,invalid,invalid,false,false,1,tensorop,f32,128,128,64,2,1,1,0,0,0,6,4,2,1,64,128,16,90,90,62914560,60144222208,955,0.156142,375.26,385190
47,CUTLASS,gemm,cutlass_tensorop_f16_s1688gemm_f16_256x128_32x2_nn_align8,passed,success,universal,1920,4096,4096,f16:column,f16:column,f16:column,f16:column,1,0,serial,4,1,heuristic,invalid,invalid,false,false,1,tensorop,f32,256,128,32,1,1,1,0,0,0,2,4,2,1,16,8,8,75,1024,65011712,64440238080,991,0.337713,179.285,190814
47,CUTLASS,gemm,cutlass_tensorop_f16_s16816gemm_f16_256x128_32x3_nn_align8,passed,success,universal,1920,4096,4096,f16:column,f16:column,f16:column,f16:column,1,0,serial,4,1,heuristic,invalid,invalid,false,false,1,tensorop,f32,256,128,32,1,1,1,0,0,0,3,4,2,1,16,8,16,80,1024,65011712,64440238080,991,0.194537,311.235,331249
47,CUTLASS,gemm,cutlass3x_sm90_tensorop_s64x128x16gemm_f16_f16_f32_f16_f16_128x128x64_1x2x1_0_nnn_align8,passed,success,universal,1920,4096,4096,f16:column,f16:column,f16:column,f16:column,1,0,serial,4,1,heuristic,invalid,invalid,false,false,1,tensorop,f32,128,128,64,1,2,1,0,0,0,7,4,2,1,64,128,16,90,90,65011712,64440238080,991,0.111755,541.781,576620
47,CUTLASS,gemm,cutlass3x_sm90_tensorop_s64x128x16gemm_f16_f16_f32_f16_f16_128x128x64_1x2x1_0_nnn_align8_warpspecialized_epi_nosmem,passed,success,universal,1920,4096,4096,f16:column,f16:column,f16:column,f16:column,1,0,serial,4,1,heuristic,invalid,invalid,false,false,1,tensorop,f32,128,128,64,1,2,1,0,0,0,7,4,1,1,64,128,16,90,90,65011712,64440238080,991,0.10688,566.496,602923
47,CUTLASS,gemm,cutlass3x_sm90_tensorop_s64x128x16gemm_f16_f16_f32_f16_f16_128x128x64_1x2x1_0_nnn_align8_warpspecialized_pingpong_epi_tma,passed,success,universal,1920,4096,4096,f16:column,f16:column,f16:column,f16:column,1,0,serial,4,1,heuristic,invalid,invalid,false,false,1,tensorop,f32,128,128,64,1,2,1,0,0,0,6,4,1,1,64,128,16,90,90,65011712,64440238080,991,0.103962,582.393,619843
47,CUTLASS,gemm,cutlass3x_sm90_tensorop_s64x128x16gemm_f16_f16_f32_f16_f16_128x128x64_1x2x1_0_nnn_align8_warpspecialized_pingpong_epi_nosmem,passed,success,universal,1920,4096,4096,f16:column,f16:column,f16:column,f16:column,1,0,serial,4,1,heuristic,invalid,invalid,false,false,1,tensorop,f32,128,128,64,1,2,1,0,0,0,7,4,1,1,64,128,16,90,90,65011712,64440238080,991,0.107125,565.198,601542
47,CUTLASS,gemm,cutlass3x_sm90_tensorop_s64x128x16gemm_f16_f16_f32_f16_f16_128x128x64_1x2x1_0_nnn_align8_warpspecialized_cooperative_epi_nosmem,passed,success,universal,1920,4096,4096,f16:column,f16:column,f16:column,f16:column,1,0,serial,4,1,heuristic,invalid,invalid,false,false,1,tensorop,f32,128,128,64,1,2,1,0,0,0,7,4,2,1,64,128,16,90,90,65011712,64440238080,991,0.110776,546.572,581718
47,CUTLASS,gemm,cutlass3x_sm90_tensorop_s64x128x16gemm_f16_f16_f32_f16_f16_128x128x64_1x2x1_0_nnn_align8_warpspecialized_cooperative_epi_tma,passed,success,universal,1920,4096,4096,f16:column,f16:column,f16:column,f16:column,1,0,serial,4,1,heuristic,invalid,invalid,false,false,1,tensorop,f32,128,128,64,1,2,1,0,0,0,6,4,2,1,64,128,16,90,90,65011712,64440238080,991,0.10415,581.344,618727
47,CUTLASS,gemm,cutlass3x_sm90_tensorop_s64x128x16gemm_f16_f16_f32_f16_f16_128x128x64_1x2x1_0_nnn_align8_stream_k_warpspecialized_cooperative_epi_nosmem,passed,success,universal,1920,4096,4096,f16:column,f16:column,f16:column,f16:column,1,0,serial,4,1,heuristic,invalid,invalid,false,false,1,tensorop,f32,128,128,64,1,2,1,0,0,0,7,4,2,1,64,128,16,90,90,65011712,64440238080,991,0.171678,352.677,375355
47,CUTLASS,gemm,cutlass3x_sm90_tensorop_s64x128x16gemm_f16_f16_f32_f16_f16_128x128x64_1x2x1_0_nnn_align8_stream_k_warpspecialized_cooperative_epi_tma,passed,success,universal,1920,4096,4096,f16:column,f16:column,f16:column,f16:column,1,0,serial,4,1,heuristic,invalid,invalid,false,false,1,tensorop,f32,128,128,64,1,2,1,0,0,0,6,4,2,1,64,128,16,90,90,65011712,64440238080,991,0.168868,358.546,381602
47,CUTLASS,gemm,cutlass3x_sm90_tensorop_s64x128x16gemm_f16_f16_f32_f16_f16_128x128x64_2x1x1_0_nnn_align8,passed,success,universal,1920,4096,4096,f16:column,f16:column,f16:column,f16:column,1,0,serial,4,1,heuristic,invalid,invalid,false,false,1,tensorop,f32,128,128,64,2,1,1,0,0,0,7,4,2,1,64,128,16,90,90,65011712,64440238080,991,0.127564,474.637,505158
47,CUTLASS,gemm,cutlass3x_sm90_tensorop_s64x128x16gemm_f16_f16_f32_f16_f16_128x128x64_2x1x1_0_nnn_align8_warpspecialized_epi_nosmem,passed,success,universal,1920,4096,4096,f16:column,f16:column,f16:column,f16:column,1,0,serial,4,1,heuristic,invalid,invalid,false,false,1,tensorop,f32,128,128,64,2,1,1,0,0,0,7,4,1,1,64,128,16,90,90,65011712,64440238080,991,0.129506,467.522,497585
47,CUTLASS,gemm,cutlass3x_sm90_tensorop_s64x128x16gemm_f16_f16_f32_f16_f16_128x128x64_2x1x1_0_nnn_align8_warpspecialized_pingpong_epi_tma,passed,success,universal,1920,4096,4096,f16:column,f16:column,f16:column,f16:column,1,0,serial,4,1,heuristic,invalid,invalid,false,false,1,tensorop,f32,128,128,64,2,1,1,0,0,0,6,4,1,1,64,128,16,90,90,65011712,64440238080,991,0.121633,497.785,529794
47,CUTLASS,gemm,cutlass3x_sm90_tensorop_s64x128x16gemm_f16_f16_f32_f16_f16_128x128x64_2x1x1_0_nnn_align8_warpspecialized_pingpong_epi_nosmem,passed,success,universal,1920,4096,4096,f16:column,f16:column,f16:column,f16:column,1,0,serial,4,1,heuristic,invalid,invalid,false,false,1,tensorop,f32,128,128,64,2,1,1,0,0,0,7,4,1,1,64,128,16,90,90,65011712,64440238080,991,0.125241,483.442,514529
47,CUTLASS,gemm,cutlass3x_sm90_tensorop_s64x128x16gemm_f16_f16_f32_f16_f16_128x128x64_2x1x1_0_nnn_align8_warpspecialized_cooperative_epi_nosmem,passed,success,universal,1920,4096,4096,f16:column,f16:column,f16:column,f16:column,1,0,serial,4,1,heuristic,invalid,invalid,false,false,1,tensorop,f32,128,128,64,2,1,1,0,0,0,7,4,2,1,64,128,16,90,90,65011712,64440238080,991,0.127932,473.276,503709
47,CUTLASS,gemm,cutlass3x_sm90_tensorop_s64x128x16gemm_f16_f16_f32_f16_f16_128x128x64_2x1x1_0_nnn_align8_warpspecialized_cooperative_epi_tma,passed,success,universal,1920,4096,4096,f16:column,f16:column,f16:column,f16:column,1,0,serial,4,1,heuristic,invalid,invalid,false,false,1,tensorop,f32,128,128,64,2,1,1,0,0,0,6,4,2,1,64,128,16,90,90,65011712,64440238080,991,0.123355,490.835,522397
47,CUTLASS,gemm,cutlass3x_sm90_tensorop_s64x128x16gemm_f16_f16_f32_f16_f16_128x128x64_2x1x1_0_nnn_align8_stream_k_warpspecialized_cooperative_epi_nosmem,passed,success,universal,1920,4096,4096,f16:column,f16:column,f16:column,f16:column,1,0,serial,4,1,heuristic,invalid,invalid,false,false,1,tensorop,f32,128,128,64,2,1,1,0,0,0,7,4,2,1,64,128,16,90,90,65011712,64440238080,991,0.180724,335.023,356566
47,CUTLASS,gemm,cutlass3x_sm90_tensorop_s64x128x16gemm_f16_f16_f32_f16_f16_128x128x64_2x1x1_0_nnn_align8_stream_k_warpspecialized_cooperative_epi_tma,passed,success,universal,1920,4096,4096,f16:column,f16:column,f16:column,f16:column,1,0,serial,4,1,heuristic,invalid,invalid,false,false,1,tensorop,f32,128,128,64,2,1,1,0,0,0,6,4,2,1,64,128,16,90,90,65011712,64440238080,991,0.179199,337.874,359601
48,CUTLASS,gemm,cutlass_tensorop_f16_s1688gemm_f16_256x128_32x2_nn_align8,passed,success,universal,2048,4096,4096,f16:column,f16:column,f16:column,f16:column,1,0,serial,4,1,heuristic,invalid,invalid,false,false,1,tensorop,f32,256,128,32,1,1,1,0,0,0,2,4,2,1,16,8,8,75,1024,67108864,68736253952,1024,0.341027,183.27,201557
48,CUTLASS,gemm,cutlass_tensorop_f16_s16816gemm_f16_256x128_32x3_nn_align8,passed,success,universal,2048,4096,4096,f16:column,f16:column,f16:column,f16:column,1,0,serial,4,1,heuristic,invalid,invalid,false,false,1,tensorop,f32,256,128,32,1,1,1,0,0,0,3,4,2,1,16,8,16,80,1024,67108864,68736253952,1024,0.198018,315.629,347122
48,CUTLASS,gemm,cutlass3x_sm90_tensorop_s64x128x16gemm_f16_f16_f32_f16_f16_128x128x64_1x2x1_0_nnn_align8,passed,success,universal,2048,4096,4096,f16:column,f16:column,f16:column,f16:column,1,0,serial,4,1,heuristic,invalid,invalid,false,false,1,tensorop,f32,128,128,64,1,2,1,0,0,0,7,4,2,1,64,128,16,90,90,67108864,68736253952,1024,0.109848,568.968,625740
48,CUTLASS,gemm,cutlass3x_sm90_tensorop_s64x128x16gemm_f16_f16_f32_f16_f16_128x128x64_1x2x1_0_nnn_align8_warpspecialized_epi_nosmem,passed,success,universal,2048,4096,4096,f16:column,f16:column,f16:column,f16:column,1,0,serial,4,1,heuristic,invalid,invalid,false,false,1,tensorop,f32,128,128,64,1,2,1,0,0,0,7,4,1,1,64,128,16,90,90,67108864,68736253952,1024,0.105584,591.944,651008
48,CUTLASS,gemm,cutlass3x_sm90_tensorop_s64x128x16gemm_f16_f16_f32_f16_f16_128x128x64_1x2x1_0_nnn_align8_warpspecialized_pingpong_epi_tma,passed,success,universal,2048,4096,4096,f16:column,f16:column,f16:column,f16:column,1,0,serial,4,1,heuristic,invalid,invalid,false,false,1,tensorop,f32,128,128,64,1,2,1,0,0,0,6,4,1,1,64,128,16,90,90,67108864,68736253952,1024,0.102462,609.982,670846
48,CUTLASS,gemm,cutlass3x_sm90_tensorop_s64x128x16gemm_f16_f16_f32_f16_f16_128x128x64_1x2x1_0_nnn_align8_warpspecialized_pingpong_epi_nosmem,passed,success,universal,2048,4096,4096,f16:column,f16:column,f16:column,f16:column,1,0,serial,4,1,heuristic,invalid,invalid,false,false,1,tensorop,f32,128,128,64,1,2,1,0,0,0,7,4,1,1,64,128,16,90,90,67108864,68736253952,1024,0.106107,589.027,647800
48,CUTLASS,gemm,cutlass3x_sm90_tensorop_s64x128x16gemm_f16_f16_f32_f16_f16_128x128x64_1x2x1_0_nnn_align8_warpspecialized_cooperative_epi_nosmem,passed,success,universal,2048,4096,4096,f16:column,f16:column,f16:column,f16:column,1,0,serial,4,1,heuristic,invalid,invalid,false,false,1,tensorop,f32,128,128,64,1,2,1,0,0,0,7,4,2,1,64,128,16,90,90,67108864,68736253952,1024,0.109367,571.468,628490
48,CUTLASS,gemm,cutlass3x_sm90_tensorop_s64x128x16gemm_f16_f16_f32_f16_f16_128x128x64_1x2x1_0_nnn_align8_warpspecialized_cooperative_epi_tma,passed,success,universal,2048,4096,4096,f16:column,f16:column,f16:column,f16:column,1,0,serial,4,1,heuristic,invalid,invalid,false,false,1,tensorop,f32,128,128,64,1,2,1,0,0,0,6,4,2,1,64,128,16,90,90,67108864,68736253952,1024,0.103025,606.649,667181
48,CUTLASS,gemm,cutlass3x_sm90_tensorop_s64x128x16gemm_f16_f16_f32_f16_f16_128x128x64_1x2x1_0_nnn_align8_stream_k_warpspecialized_cooperative_epi_nosmem,passed,success,universal,2048,4096,4096,f16:column,f16:column,f16:column,f16:column,1,0,serial,4,1,heuristic,invalid,invalid,false,false,1,tensorop,f32,128,128,64,1,2,1,0,0,0,7,4,2,1,64,128,16,90,90,67108864,68736253952,1024,0.182197,343.034,377262
48,CUTLASS,gemm,cutlass3x_sm90_tensorop_s64x128x16gemm_f16_f16_f32_f16_f16_128x128x64_1x2x1_0_nnn_align8_stream_k_warpspecialized_cooperative_epi_tma,passed,success,universal,2048,4096,4096,f16:column,f16:column,f16:column,f16:column,1,0,serial,4,1,heuristic,invalid,invalid,false,false,1,tensorop,f32,128,128,64,1,2,1,0,0,0,6,4,2,1,64,128,16,90,90,67108864,68736253952,1024,0.179268,348.641,383428
48,CUTLASS,gemm,cutlass3x_sm90_tensorop_s64x128x16gemm_f16_f16_f32_f16_f16_128x128x64_2x1x1_0_nnn_align8,passed,success,universal,2048,4096,4096,f16:column,f16:column,f16:column,f16:column,1,0,serial,4,1,heuristic,invalid,invalid,false,false,1,tensorop,f32,128,128,64,2,1,1,0,0,0,7,4,2,1,64,128,16,90,90,67108864,68736253952,1024,0.109466,570.956,627926
48,CUTLASS,gemm,cutlass3x_sm90_tensorop_s64x128x16gemm_f16_f16_f32_f16_f16_128x128x64_2x1x1_0_nnn_align8_warpspecialized_epi_nosmem,passed,success,universal,2048,4096,4096,f16:column,f16:column,f16:column,f16:column,1,0,serial,4,1,heuristic,invalid,invalid,false,false,1,tensorop,f32,128,128,64,2,1,1,0,0,0,7,4,1,1,64,128,16,90,90,67108864,68736253952,1024,0.11983,521.57,573613
48,CUTLASS,gemm,cutlass3x_sm90_tensorop_s64x128x16gemm_f16_f16_f32_f16_f16_128x128x64_2x1x1_0_nnn_align8_warpspecialized_pingpong_epi_tma,passed,success,universal,2048,4096,4096,f16:column,f16:column,f16:column,f16:column,1,0,serial,4,1,heuristic,invalid,invalid,false,false,1,tensorop,f32,128,128,64,2,1,1,0,0,0,6,4,1,1,64,128,16,90,90,67108864,68736253952,1024,0.103421,604.325,664625
48,CUTLASS,gemm,cutlass3x_sm90_tensorop_s64x128x16gemm_f16_f16_f32_f16_f16_128x128x64_2x1x1_0_nnn_align8_warpspecialized_pingpong_epi_nosmem,passed,success,universal,2048,4096,4096,f16:column,f16:column,f16:column,f16:column,1,0,serial,4,1,heuristic,invalid,invalid,false,false,1,tensorop,f32,128,128,64,2,1,1,0,0,0,7,4,1,1,64,128,16,90,90,67108864,68736253952,1024,0.106671,585.912,644374
48,CUTLASS,gemm,cutlass3x_sm90_tensorop_s64x128x16gemm_f16_f16_f32_f16_f16_128x128x64_2x1x1_0_nnn_align8_warpspecialized_cooperative_epi_nosmem,passed,success,universal,2048,4096,4096,f16:column,f16:column,f16:column,f16:column,1,0,serial,4,1,heuristic,invalid,invalid,false,false,1,tensorop,f32,128,128,64,2,1,1,0,0,0,7,4,2,1,64,128,16,90,90,67108864,68736253952,1024,0.109272,571.967,629038
48,CUTLASS,gemm,cutlass3x_sm90_tensorop_s64x128x16gemm_f16_f16_f32_f16_f16_128x128x64_2x1x1_0_nnn_align8_warpspecialized_cooperative_epi_tma,passed,success,universal,2048,4096,4096,f16:column,f16:column,f16:column,f16:column,1,0,serial,4,1,heuristic,invalid,invalid,false,false,1,tensorop,f32,128,128,64,2,1,1,0,0,0,6,4,2,1,64,128,16,90,90,67108864,68736253952,1024,0.103989,601.024,660995
48,CUTLASS,gemm,cutlass3x_sm90_tensorop_s64x128x16gemm_f16_f16_f32_f16_f16_128x128x64_2x1x1_0_nnn_align8_stream_k_warpspecialized_cooperative_epi_nosmem,passed,success,universal,2048,4096,4096,f16:column,f16:column,f16:column,f16:column,1,0,serial,4,1,heuristic,invalid,invalid,false,false,1,tensorop,f32,128,128,64,2,1,1,0,0,0,7,4,2,1,64,128,16,90,90,67108864,68736253952,1024,0.182883,341.749,375848
48,CUTLASS,gemm,cutlass3x_sm90_tensorop_s64x128x16gemm_f16_f16_f32_f16_f16_128x128x64_2x1x1_0_nnn_align8_stream_k_warpspecialized_cooperative_epi_tma,passed,success,universal,2048,4096,4096,f16:column,f16:column,f16:column,f16:column,1,0,serial,4,1,heuristic,invalid,invalid,false,false,1,tensorop,f32,128,128,64,2,1,1,0,0,0,6,4,2,1,64,128,16,90,90,67108864,68736253952,1024,0.179166,348.839,383646
49,CUTLASS,gemm,cutlass_tensorop_f16_s1688gemm_f16_256x128_32x2_nn_align8,passed,success,universal,128,4096,4096,f16:column,f16:column,f16:column,f16:column,1,0,serial,8,1,heuristic,invalid,invalid,false,false,1,tensorop,f32,256,128,32,1,1,1,0,0,0,2,4,2,1,16,8,8,75,1024,35651584,4296015872,120,0.0562483,590.295,76375.9
49,CUTLASS,gemm,cutlass_tensorop_f16_s16816gemm_f16_256x128_32x3_nn_align8,passed,success,universal,128,4096,4096,f16:column,f16:column,f16:column,f16:column,1,0,serial,8,1,heuristic,invalid,invalid,false,false,1,tensorop,f32,256,128,32,1,1,1,0,0,0,3,4,2,1,16,8,16,80,1024,35651584,4296015872,120,0.0457619,725.562,93877.5
49,CUTLASS,gemm,cutlass3x_sm90_tensorop_s64x128x16gemm_f16_f16_f32_f16_f16_128x128x64_1x2x1_0_nnn_align8,passed,success,universal,128,4096,4096,f16:column,f16:column,f16:column,f16:column,1,0,serial,8,1,heuristic,invalid,invalid,false,false,1,tensorop,f32,128,128,64,1,2,1,0,0,0,7,4,2,1,64,128,16,90,90,35651584,4296015872,120,0.0266931,1243.88,160941
49,CUTLASS,gemm,cutlass3x_sm90_tensorop_s64x128x16gemm_f16_f16_f32_f16_f16_128x128x64_1x2x1_0_nnn_align8_warpspecialized_epi_nosmem,passed,success,universal,128,4096,4096,f16:column,f16:column,f16:column,f16:column,1,0,serial,8,1,heuristic,invalid,invalid,false,false,1,tensorop,f32,128,128,64,1,2,1,0,0,0,7,4,1,1,64,128,16,90,90,35651584,4296015872,120,0.025983,1277.88,165339
49,CUTLASS,gemm,cutlass3x_sm90_tensorop_s64x128x16gemm_f16_f16_f32_f16_f16_128x128x64_1x2x1_0_nnn_align8_warpspecialized_pingpong_epi_tma,passed,success,universal,128,4096,4096,f16:column,f16:column,f16:column,f16:column,1,0,serial,8,1,heuristic,invalid,invalid,false,false,1,tensorop,f32,128,128,64,1,2,1,0,0,0,6,4,1,1,64,128,16,90,90,35651584,4296015872,120,0.0266275,1246.95,161337
49,CUTLASS,gemm,cutlass3x_sm90_tensorop_s64x128x16gemm_f16_f16_f32_f16_f16_128x128x64_1x2x1_0_nnn_align8_warpspecialized_pingpong_epi_nosmem,passed,success,universal,128,4096,4096,f16:column,f16:column,f16:column,f16:column,1,0,serial,8,1,heuristic,invalid,invalid,false,false,1,tensorop,f32,128,128,64,1,2,1,0,0,0,7,4,1,1,64,128,16,90,90,35651584,4296015872,120,0.0260381,1275.18,164990
49,CUTLASS,gemm,cutlass3x_sm90_tensorop_s64x128x16gemm_f16_f16_f32_f16_f16_128x128x64_1x2x1_0_nnn_align8_warpspecialized_cooperative_epi_nosmem,passed,success,universal,128,4096,4096,f16:column,f16:column,f16:column,f16:column,1,0,serial,8,1,heuristic,invalid,invalid,false,false,1,tensorop,f32,128,128,64,1,2,1,0,0,0,7,4,2,1,64,128,16,90,90,35651584,4296015872,120,0.0267091,1243.14,160845
49,CUTLASS,gemm,cutlass3x_sm90_tensorop_s64x128x16gemm_f16_f16_f32_f16_f16_128x128x64_1x2x1_0_nnn_align8_warpspecialized_cooperative_epi_tma,passed,success,universal,128,4096,4096,f16:column,f16:column,f16:column,f16:column,1,0,serial,8,1,heuristic,invalid,invalid,false,false,1,tensorop,f32,128,128,64,1,2,1,0,0,0,6,4,2,1,64,128,16,90,90,35651584,4296015872,120,0.0258928,1282.33,165915
49,CUTLASS,gemm,cutlass3x_sm90_tensorop_s64x128x16gemm_f16_f16_f32_f16_f16_128x128x64_1x2x1_0_nnn_align8_stream_k_warpspecialized_cooperative_epi_nosmem,passed,success,universal,128,4096,4096,f16:column,f16:column,f16:column,f16:column,1,0,serial,8,1,heuristic,invalid,invalid,false,false,1,tensorop,f32,128,128,64,1,2,1,0,0,0,7,4,2,1,64,128,16,90,90,35651584,4296015872,120,0.0342826,968.514,125312
49,CUTLASS,gemm,cutlass3x_sm90_tensorop_s64x128x16gemm_f16_f16_f32_f16_f16_128x128x64_1x2x1_0_nnn_align8_stream_k_warpspecialized_cooperative_epi_tma,passed,success,universal,128,4096,4096,f16:column,f16:column,f16:column,f16:column,1,0,serial,8,1,heuristic,invalid,invalid,false,false,1,tensorop,f32,128,128,64,1,2,1,0,0,0,6,4,2,1,64,128,16,90,90,35651584,4296015872,120,0.0332186,999.535,129326
49,CUTLASS,gemm,cutlass3x_sm90_tensorop_s64x128x16gemm_f16_f16_f32_f16_f16_128x128x64_2x1x1_0_nnn_align8,passed,success,universal,128,4096,4096,f16:column,f16:column,f16:column,f16:column,1,0,serial,8,1,heuristic,invalid,invalid,false,false,1,tensorop,f32,128,128,64,2,1,1,0,0,0,7,4,2,1,64,128,16,90,90,35651584,4296015872,120,0.0288534,1150.75,148891
49,CUTLASS,gemm,cutlass3x_sm90_tensorop_s64x128x16gemm_f16_f16_f32_f16_f16_128x128x64_2x1x1_0_nnn_align8_warpspecialized_epi_nosmem,passed,success,universal,128,4096,4096,f16:column,f16:column,f16:column,f16:column,1,0,serial,8,1,heuristic,invalid,invalid,false,false,1,tensorop,f32,128,128,64,2,1,1,0,0,0,7,4,1,1,64,128,16,90,90,35651584,4296015872,120,0.0282723,1174.4,151951
49,CUTLASS,gemm,cutlass3x_sm90_tensorop_s64x128x16gemm_f16_f16_f32_f16_f16_128x128x64_2x1x1_0_nnn_align8_warpspecialized_pingpong_epi_tma,passed,success,universal,128,4096,4096,f16:column,f16:column,f16:column,f16:column,1,0,serial,8,1,heuristic,invalid,invalid,false,false,1,tensorop,f32,128,128,64,2,1,1,0,0,0,6,4,1,1,64,128,16,90,90,35651584,4296015872,120,0.0288378,1151.38,148972
49,CUTLASS,gemm,cutlass3x_sm90_tensorop_s64x128x16gemm_f16_f16_f32_f16_f16_128x128x64_2x1x1_0_nnn_align8_warpspecialized_pingpong_epi_nosmem,passed,success,universal,128,4096,4096,f16:column,f16:column,f16:column,f16:column,1,0,serial,8,1,heuristic,invalid,invalid,false,false,1,tensorop,f32,128,128,64,2,1,1,0,0,0,7,4,1,1,64,128,16,90,90,35651584,4296015872,120,0.0286819,1157.63,149781
49,CUTLASS,gemm,cutlass3x_sm90_tensorop_s64x128x16gemm_f16_f16_f32_f16_f16_128x128x64_2x1x1_0_nnn_align8_warpspecialized_cooperative_epi_nosmem,passed,success,universal,128,4096,4096,f16:column,f16:column,f16:column,f16:column,1,0,serial,8,1,heuristic,invalid,invalid,false,false,1,tensorop,f32,128,128,64,2,1,1,0,0,0,7,4,2,1,64,128,16,90,90,35651584,4296015872,120,0.0287802,1153.68,149270
49,CUTLASS,gemm,cutlass3x_sm90_tensorop_s64x128x16gemm_f16_f16_f32_f16_f16_128x128x64_2x1x1_0_nnn_align8_warpspecialized_cooperative_epi_tma,passed,success,universal,128,4096,4096,f16:column,f16:column,f16:column,f16:column,1,0,serial,8,1,heuristic,invalid,invalid,false,false,1,tensorop,f32,128,128,64,2,1,1,0,0,0,6,4,2,1,64,128,16,90,90,35651584,4296015872,120,0.028352,1171.1,151524
49,CUTLASS,gemm,cutlass3x_sm90_tensorop_s64x128x16gemm_f16_f16_f32_f16_f16_128x128x64_2x1x1_0_nnn_align8_stream_k_warpspecialized_cooperative_epi_nosmem,passed,success,universal,128,4096,4096,f16:column,f16:column,f16:column,f16:column,1,0,serial,8,1,heuristic,invalid,invalid,false,false,1,tensorop,f32,128,128,64,2,1,1,0,0,0,7,4,2,1,64,128,16,90,90,35651584,4296015872,120,0.0385878,860.456,111331
49,CUTLASS,gemm,cutlass3x_sm90_tensorop_s64x128x16gemm_f16_f16_f32_f16_f16_128x128x64_2x1x1_0_nnn_align8_stream_k_warpspecialized_cooperative_epi_tma,passed,success,universal,128,4096,4096,f16:column,f16:column,f16:column,f16:column,1,0,serial,8,1,heuristic,invalid,invalid,false,false,1,tensorop,f32,128,128,64,2,1,1,0,0,0,6,4,2,1,64,128,16,90,90,35651584,4296015872,120,0.0384355,863.866,111772
50,CUTLASS,gemm,cutlass_tensorop_f16_s1688gemm_f16_256x128_32x2_nn_align8,passed,success,universal,256,4096,4096,f16:column,f16:column,f16:column,f16:column,1,0,serial,8,1,heuristic,invalid,invalid,false,false,1,tensorop,f32,256,128,32,1,1,1,0,0,0,2,4,2,1,16,8,8,75,1024,37748736,8592031744,227,0.064016,549.179,134217
50,CUTLASS,gemm,cutlass_tensorop_f16_s16816gemm_f16_256x128_32x3_nn_align8,passed,success,universal,256,4096,4096,f16:column,f16:column,f16:column,f16:column,1,0,serial,8,1,heuristic,invalid,invalid,false,false,1,tensorop,f32,256,128,32,1,1,1,0,0,0,3,4,2,1,16,8,16,80,1024,37748736,8592031744,227,0.0453648,774.968,189399
50,CUTLASS,gemm,cutlass3x_sm90_tensorop_s64x128x16gemm_f16_f16_f32_f16_f16_128x128x64_1x2x1_0_nnn_align8,passed,success,universal,256,4096,4096,f16:column,f16:column,f16:column,f16:column,1,0,serial,8,1,heuristic,invalid,invalid,false,false,1,tensorop,f32,128,128,64,1,2,1,0,0,0,7,4,2,1,64,128,16,90,90,37748736,8592031744,227,0.0282109,1246.19,304564
50,CUTLASS,gemm,cutlass3x_sm90_tensorop_s64x128x16gemm_f16_f16_f32_f16_f16_128x128x64_1x2x1_0_nnn_align8_warpspecialized_epi_nosmem,passed,success,universal,256,4096,4096,f16:column,f16:column,f16:column,f16:column,1,0,serial,8,1,heuristic,invalid,invalid,false,false,1,tensorop,f32,128,128,64,1,2,1,0,0,0,7,4,1,1,64,128,16,90,90,37748736,8592031744,227,0.0275744,1274.96,311595
50,CUTLASS,gemm,cutlass3x_sm90_tensorop_s64x128x16gemm_f16_f16_f32_f16_f16_128x128x64_1x2x1_0_nnn_align8_warpspecialized_pingpong_epi_tma,passed,success,universal,256,4096,4096,f16:column,f16:column,f16:column,f16:column,1,0,serial,8,1,heuristic,invalid,invalid,false,false,1,tensorop,f32,128,128,64,1,2,1,0,0,0,6,4,1,1,64,128,16,90,90,37748736,8592031744,227,0.0282,1246.68,304682
50,CUTLASS,gemm,cutlass3x_sm90_tensorop_s64x128x16gemm_f16_f16_f32_f16_f16_128x128x64_1x2x1_0_nnn_align8_warpspecialized_pingpong_epi_nosmem,passed,success,universal,256,4096,4096,f16:column,f16:column,f16:column,f16:column,1,0,serial,8,1,heuristic,invalid,invalid,false,false,1,tensorop,f32,128,128,64,1,2,1,0,0,0,7,4,1,1,64,128,16,90,90,37748736,8592031744,227,0.0275078,1278.04,312348
50,CUTLASS,gemm,cutlass3x_sm90_tensorop_s64x128x16gemm_f16_f16_f32_f16_f16_128x128x64_1x2x1_0_nnn_align8_warpspecialized_cooperative_epi_nosmem,passed,success,universal,256,4096,4096,f16:column,f16:column,f16:column,f16:column,1,0,serial,8,1,heuristic,invalid,invalid,false,false,1,tensorop,f32,128,128,64,1,2,1,0,0,0,7,4,2,1,64,128,16,90,90,37748736,8592031744,227,0.0280675,1252.56,306120
50,CUTLASS,gemm,cutlass3x_sm90_tensorop_s64x128x16gemm_f16_f16_f32_f16_f16_128x128x64_1x2x1_0_nnn_align8_warpspecialized_cooperative_epi_tma,passed,success,universal,256,4096,4096,f16:column,f16:column,f16:column,f16:column,1,0,serial,8,1,heuristic,invalid,invalid,false,false,1,tensorop,f32,128,128,64,1,2,1,0,0,0,6,4,2,1,64,128,16,90,90,37748736,8592031744,227,0.02744,1281.2,313121
50,CUTLASS,gemm,cutlass3x_sm90_tensorop_s64x128x16gemm_f16_f16_f32_f16_f16_128x128x64_1x2x1_0_nnn_align8_stream_k_warpspecialized_cooperative_epi_nosmem,passed,success,universal,256,4096,4096,f16:column,f16:column,f16:column,f16:column,1,0,serial,8,1,heuristic,invalid,invalid,false,false,1,tensorop,f32,128,128,64,1,2,1,0,0,0,7,4,2,1,64,128,16,90,90,37748736,8592031744,227,0.0388771,904.292,221005
50,CUTLASS,gemm,cutlass3x_sm90_tensorop_s64x128x16gemm_f16_f16_f32_f16_f16_128x128x64_1x2x1_0_nnn_align8_stream_k_warpspecialized_cooperative_epi_tma,passed,success,universal,256,4096,4096,f16:column,f16:column,f16:column,f16:column,1,0,serial,8,1,heuristic,invalid,invalid,false,false,1,tensorop,f32,128,128,64,1,2,1,0,0,0,6,4,2,1,64,128,16,90,90,37748736,8592031744,227,0.0387542,907.159,221706
50,CUTLASS,gemm,cutlass3x_sm90_tensorop_s64x128x16gemm_f16_f16_f32_f16_f16_128x128x64_2x1x1_0_nnn_align8,passed,success,universal,256,4096,4096,f16:column,f16:column,f16:column,f16:column,1,0,serial,8,1,heuristic,invalid,invalid,false,false,1,tensorop,f32,128,128,64,2,1,1,0,0,0,7,4,2,1,64,128,16,90,90,37748736,8592031744,227,0.0265309,1325.11,323850
50,CUTLASS,gemm,cutlass3x_sm90_tensorop_s64x128x16gemm_f16_f16_f32_f16_f16_128x128x64_2x1x1_0_nnn_align8_warpspecialized_epi_nosmem,passed,success,universal,256,4096,4096,f16:column,f16:column,f16:column,f16:column,1,0,serial,8,1,heuristic,invalid,invalid,false,false,1,tensorop,f32,128,128,64,2,1,1,0,0,0,7,4,1,1,64,128,16,90,90,37748736,8592031744,227,0.0260611,1348.99,329688
50,CUTLASS,gemm,cutlass3x_sm90_tensorop_s64x128x16gemm_f16_f16_f32_f16_f16_128x128x64_2x1x1_0_nnn_align8_warpspecialized_pingpong_epi_tma,passed,success,universal,256,4096,4096,f16:column,f16:column,f16:column,f16:column,1,0,serial,8,1,heuristic,invalid,invalid,false,false,1,tensorop,f32,128,128,64,2,1,1,0,0,0,6,4,1,1,64,128,16,90,90,37748736,8592031744,227,0.0269712,1303.47,318563
50,CUTLASS,gemm,cutlass3x_sm90_tensorop_s64x128x16gemm_f16_f16_f32_f16_f16_128x128x64_2x1x1_0_nnn_align8_warpspecialized_pingpong_epi_nosmem,passed,success,universal,256,4096,4096,f16:column,f16:column,f16:column,f16:column,1,0,serial,8,1,heuristic,invalid,invalid,false,false,1,tensorop,f32,128,128,64,2,1,1,0,0,0,7,4,1,1,64,128,16,90,90,37748736,8592031744,227,0.0266163,1320.85,322811
50,CUTLASS,gemm,cutlass3x_sm90_tensorop_s64x128x16gemm_f16_f16_f32_f16_f16_128x128x64_2x1x1_0_nnn_align8_warpspecialized_cooperative_epi_nosmem,passed,success,universal,256,4096,4096,f16:column,f16:column,f16:column,f16:column,1,0,serial,8,1,heuristic,invalid,invalid,false,false,1,tensorop,f32,128,128,64,2,1,1,0,0,0,7,4,2,1,64,128,16,90,90,37748736,8592031744,227,0.0265987,1321.73,323024
50,CUTLASS,gemm,cutlass3x_sm90_tensorop_s64x128x16gemm_f16_f16_f32_f16_f16_128x128x64_2x1x1_0_nnn_align8_warpspecialized_cooperative_epi_tma,passed,success,universal,256,4096,4096,f16:column,f16:column,f16:column,f16:column,1,0,serial,8,1,heuristic,invalid,invalid,false,false,1,tensorop,f32,128,128,64,2,1,1,0,0,0,6,4,2,1,64,128,16,90,90,37748736,8592031744,227,0.0262275,1340.43,327596
50,CUTLASS,gemm,cutlass3x_sm90_tensorop_s64x128x16gemm_f16_f16_f32_f16_f16_128x128x64_2x1x1_0_nnn_align8_stream_k_warpspecialized_cooperative_epi_nosmem,passed,success,universal,256,4096,4096,f16:column,f16:column,f16:column,f16:column,1,0,serial,8,1,heuristic,invalid,invalid,false,false,1,tensorop,f32,128,128,64,2,1,1,0,0,0,7,4,2,1,64,128,16,90,90,37748736,8592031744,227,0.0365046,963.062,235368
50,CUTLASS,gemm,cutlass3x_sm90_tensorop_s64x128x16gemm_f16_f16_f32_f16_f16_128x128x64_2x1x1_0_nnn_align8_stream_k_warpspecialized_cooperative_epi_tma,passed,success,universal,256,4096,4096,f16:column,f16:column,f16:column,f16:column,1,0,serial,8,1,heuristic,invalid,invalid,false,false,1,tensorop,f32,128,128,64,2,1,1,0,0,0,6,4,2,1,64,128,16,90,90,37748736,8592031744,227,0.0369811,950.654,232336
51,CUTLASS,gemm,cutlass_tensorop_f16_s1688gemm_f16_256x128_32x2_nn_align8,passed,success,universal,384,4096,4096,f16:column,f16:column,f16:column,f16:column,1,0,serial,8,1,heuristic,invalid,invalid,false,false,1,tensorop,f32,256,128,32,1,1,1,0,0,0,2,4,2,1,16,8,8,75,1024,39845888,12888047616,323,0.082888,447.705,155487
51,CUTLASS,gemm,cutlass_tensorop_f16_s16816gemm_f16_256x128_32x3_nn_align8,passed,success,universal,384,4096,4096,f16:column,f16:column,f16:column,f16:column,1,0,serial,8,1,heuristic,invalid,invalid,false,false,1,tensorop,f32,256,128,32,1,1,1,0,0,0,3,4,2,1,16,8,16,80,1024,39845888,12888047616,323,0.0539229,688.193,239009
51,CUTLASS,gemm,cutlass3x_sm90_tensorop_s64x128x16gemm_f16_f16_f32_f16_f16_128x128x64_1x2x1_0_nnn_align8,passed,success,universal,384,4096,4096,f16:column,f16:column,f16:column,f16:column,1,0,serial,8,1,heuristic,invalid,invalid,false,false,1,tensorop,f32,128,128,64,1,2,1,0,0,0,7,4,2,1,64,128,16,90,90,39845888,12888047616,323,0.0324051,1145.17,397716
51,CUTLASS,gemm,cutlass3x_sm90_tensorop_s64x128x16gemm_f16_f16_f32_f16_f16_128x128x64_1x2x1_0_nnn_align8_warpspecialized_epi_nosmem,passed,success,universal,384,4096,4096,f16:column,f16:column,f16:column,f16:column,1,0,serial,8,1,heuristic,invalid,invalid,false,false,1,tensorop,f32,128,128,64,1,2,1,0,0,0,7,4,1,1,64,128,16,90,90,39845888,12888047616,323,0.0310499,1195.15,415075
51,CUTLASS,gemm,cutlass3x_sm90_tensorop_s64x128x16gemm_f16_f16_f32_f16_f16_128x128x64_1x2x1_0_nnn_align8_warpspecialized_pingpong_epi_tma,passed,success,universal,384,4096,4096,f16:column,f16:column,f16:column,f16:column,1,0,serial,8,1,heuristic,invalid,invalid,false,false,1,tensorop,f32,128,128,64,1,2,1,0,0,0,6,4,1,1,64,128,16,90,90,39845888,12888047616,323,0.0289907,1280.04,444558
51,CUTLASS,gemm,cutlass3x_sm90_tensorop_s64x128x16gemm_f16_f16_f32_f16_f16_128x128x64_1x2x1_0_nnn_align8_warpspecialized_pingpong_epi_nosmem,passed,success,universal,384,4096,4096,f16:column,f16:column,f16:column,f16:column,1,0,serial,8,1,heuristic,invalid,invalid,false,false,1,tensorop,f32,128,128,64,1,2,1,0,0,0,7,4,1,1,64,128,16,90,90,39845888,12888047616,323,0.0321478,1154.33,400899
51,CUTLASS,gemm,cutlass3x_sm90_tensorop_s64x128x16gemm_f16_f16_f32_f16_f16_128x128x64_1x2x1_0_nnn_align8_warpspecialized_cooperative_epi_nosmem,passed,success,universal,384,4096,4096,f16:column,f16:column,f16:column,f16:column,1,0,serial,8,1,heuristic,invalid,invalid,false,false,1,tensorop,f32,128,128,64,1,2,1,0,0,0,7,4,2,1,64,128,16,90,90,39845888,12888047616,323,0.0323133,1148.42,398847
51,CUTLASS,gemm,cutlass3x_sm90_tensorop_s64x128x16gemm_f16_f16_f32_f16_f16_128x128x64_1x2x1_0_nnn_align8_warpspecialized_cooperative_epi_tma,passed,success,universal,384,4096,4096,f16:column,f16:column,f16:column,f16:column,1,0,serial,8,1,heuristic,invalid,invalid,false,false,1,tensorop,f32,128,128,64,1,2,1,0,0,0,6,4,2,1,64,128,16,90,90,39845888,12888047616,323,0.0283526,1308.85,454563
51,CUTLASS,gemm,cutlass3x_sm90_tensorop_s64x128x16gemm_f16_f16_f32_f16_f16_128x128x64_1x2x1_0_nnn_align8_stream_k_warpspecialized_cooperative_epi_nosmem,passed,success,universal,384,4096,4096,f16:column,f16:column,f16:column,f16:column,1,0,serial,8,1,heuristic,invalid,invalid,false,false,1,tensorop,f32,128,128,64,1,2,1,0,0,0,7,4,2,1,64,128,16,90,90,39845888,12888047616,323,0.056519,656.582,228030
51,CUTLASS,gemm,cutlass3x_sm90_tensorop_s64x128x16gemm_f16_f16_f32_f16_f16_128x128x64_1x2x1_0_nnn_align8_stream_k_warpspecialized_cooperative_epi_tma,passed,success,universal,384,4096,4096,f16:column,f16:column,f16:column,f16:column,1,0,serial,8,1,heuristic,invalid,invalid,false,false,1,tensorop,f32,128,128,64,1,2,1,0,0,0,6,4,2,1,64,128,16,90,90,39845888,12888047616,323,0.0542768,683.706,237450
51,CUTLASS,gemm,cutlass3x_sm90_tensorop_s64x128x16gemm_f16_f16_f32_f16_f16_128x128x64_2x1x1_0_nnn_align8,passed,success,universal,384,4096,4096,f16:column,f16:column,f16:column,f16:column,1,0,serial,8,1,heuristic,invalid,invalid,false,false,1,tensorop,f32,128,128,64,2,1,1,0,0,0,7,4,2,1,64,128,16,90,90,39845888,12888047616,323,0.0382032,971.368,337355
51,CUTLASS,gemm,cutlass3x_sm90_tensorop_s64x128x16gemm_f16_f16_f32_f16_f16_128x128x64_2x1x1_0_nnn_align8_warpspecialized_epi_nosmem,passed,success,universal,384,4096,4096,f16:column,f16:column,f16:column,f16:column,1,0,serial,8,1,heuristic,invalid,invalid,false,false,1,tensorop,f32,128,128,64,2,1,1,0,0,0,7,4,1,1,64,128,16,90,90,39845888,12888047616,323,0.0376157,986.54,342624
51,CUTLASS,gemm,cutlass3x_sm90_tensorop_s64x128x16gemm_f16_f16_f32_f16_f16_128x128x64_2x1x1_0_nnn_align8_warpspecialized_pingpong_epi_tma,passed,success,universal,384,4096,4096,f16:column,f16:column,f16:column,f16:column,1,0,serial,8,1,heuristic,invalid,invalid,false,false,1,tensorop,f32,128,128,64,2,1,1,0,0,0,6,4,1,1,64,128,16,90,90,39845888,12888047616,323,0.0384592,964.902,335110
51,CUTLASS,gemm,cutlass3x_sm90_tensorop_s64x128x16gemm_f16_f16_f32_f16_f16_128x128x64_2x1x1_0_nnn_align8_warpspecialized_pingpong_epi_nosmem,passed,success,universal,384,4096,4096,f16:column,f16:column,f16:column,f16:column,1,0,serial,8,1,heuristic,invalid,invalid,false,false,1,tensorop,f32,128,128,64,2,1,1,0,0,0,7,4,1,1,64,128,16,90,90,39845888,12888047616,323,0.0391891,946.931,328868
51,CUTLASS,gemm,cutlass3x_sm90_tensorop_s64x128x16gemm_f16_f16_f32_f16_f16_128x128x64_2x1x1_0_nnn_align8_warpspecialized_cooperative_epi_nosmem,passed,success,universal,384,4096,4096,f16:column,f16:column,f16:column,f16:column,1,0,serial,8,1,heuristic,invalid,invalid,false,false,1,tensorop,f32,128,128,64,2,1,1,0,0,0,7,4,2,1,64,128,16,90,90,39845888,12888047616,323,0.0381734,972.126,337618
51,CUTLASS,gemm,cutlass3x_sm90_tensorop_s64x128x16gemm_f16_f16_f32_f16_f16_128x128x64_2x1x1_0_nnn_align8_warpspecialized_cooperative_epi_tma,passed,success,universal,384,4096,4096,f16:column,f16:column,f16:column,f16:column,1,0,serial,8,1,heuristic,invalid,invalid,false,false,1,tensorop,f32,128,128,64,2,1,1,0,0,0,6,4,2,1,64,128,16,90,90,39845888,12888047616,323,0.0379821,977.023,339319
51,CUTLASS,gemm,cutlass3x_sm90_tensorop_s64x128x16gemm_f16_f16_f32_f16_f16_128x128x64_2x1x1_0_nnn_align8_stream_k_warpspecialized_cooperative_epi_nosmem,passed,success,universal,384,4096,4096,f16:column,f16:column,f16:column,f16:column,1,0,serial,8,1,heuristic,invalid,invalid,false,false,1,tensorop,f32,128,128,64,2,1,1,0,0,0,7,4,2,1,64,128,16,90,90,39845888,12888047616,323,0.0690282,537.598,186707
51,CUTLASS,gemm,cutlass3x_sm90_tensorop_s64x128x16gemm_f16_f16_f32_f16_f16_128x128x64_2x1x1_0_nnn_align8_stream_k_warpspecialized_cooperative_epi_tma,passed,success,universal,384,4096,4096,f16:column,f16:column,f16:column,f16:column,1,0,serial,8,1,heuristic,invalid,invalid,false,false,1,tensorop,f32,128,128,64,2,1,1,0,0,0,6,4,2,1,64,128,16,90,90,39845888,12888047616,323,0.0687011,540.157,187596
52,CUTLASS,gemm,cutlass_tensorop_f16_s1688gemm_f16_256x128_32x2_nn_align8,passed,success,universal,512,4096,4096,f16:column,f16:column,f16:column,f16:column,1,0,serial,8,1,heuristic,invalid,invalid,false,false,1,tensorop,f32,256,128,32,1,1,1,0,0,0,2,4,2,1,16,8,8,75,1024,41943040,17184063488,409,0.100252,389.641,171408
52,CUTLASS,gemm,cutlass_tensorop_f16_s16816gemm_f16_256x128_32x3_nn_align8,passed,success,universal,512,4096,4096,f16:column,f16:column,f16:column,f16:column,1,0,serial,8,1,heuristic,invalid,invalid,false,false,1,tensorop,f32,256,128,32,1,1,1,0,0,0,3,4,2,1,16,8,16,80,1024,41943040,17184063488,409,0.0637581,612.667,269520
52,CUTLASS,gemm,cutlass3x_sm90_tensorop_s64x128x16gemm_f16_f16_f32_f16_f16_128x128x64_1x2x1_0_nnn_align8,passed,success,universal,512,4096,4096,f16:column,f16:column,f16:column,f16:column,1,0,serial,8,1,heuristic,invalid,invalid,false,false,1,tensorop,f32,128,128,64,1,2,1,0,0,0,7,4,2,1,64,128,16,90,90,41943040,17184063488,409,0.0335046,1165.88,512886
52,CUTLASS,gemm,cutlass3x_sm90_tensorop_s64x128x16gemm_f16_f16_f32_f16_f16_128x128x64_1x2x1_0_nnn_align8_warpspecialized_epi_nosmem,passed,success,universal,512,4096,4096,f16:column,f16:column,f16:column,f16:column,1,0,serial,8,1,heuristic,invalid,invalid,false,false,1,tensorop,f32,128,128,64,1,2,1,0,0,0,7,4,1,1,64,128,16,90,90,41943040,17184063488,409,0.0327331,1193.36,524975
52,CUTLASS,gemm,cutlass3x_sm90_tensorop_s64x128x16gemm_f16_f16_f32_f16_f16_128x128x64_1x2x1_0_nnn_align8_warpspecialized_pingpong_epi_tma,passed,success,universal,512,4096,4096,f16:column,f16:column,f16:column,f16:column,1,0,serial,8,1,heuristic,invalid,invalid,false,false,1,tensorop,f32,128,128,64,1,2,1,0,0,0,6,4,1,1,64,128,16,90,90,41943040,17184063488,409,0.0331453,1178.52,518447
52,CUTLASS,gemm,cutlass3x_sm90_tensorop_s64x128x16gemm_f16_f16_f32_f16_f16_128x128x64_1x2x1_0_nnn_align8_warpspecialized_pingpong_epi_nosmem,passed,success,universal,512,4096,4096,f16:column,f16:column,f16:column,f16:column,1,0,serial,8,1,heuristic,invalid,invalid,false,false,1,tensorop,f32,128,128,64,1,2,1,0,0,0,7,4,1,1,64,128,16,90,90,41943040,17184063488,409,0.0331072,1179.88,519043
52,CUTLASS,gemm,cutlass3x_sm90_tensorop_s64x128x16gemm_f16_f16_f32_f16_f16_128x128x64_1x2x1_0_nnn_align8_warpspecialized_cooperative_epi_nosmem,passed,success,universal,512,4096,4096,f16:column,f16:column,f16:column,f16:column,1,0,serial,8,1,heuristic,invalid,invalid,false,false,1,tensorop,f32,128,128,64,1,2,1,0,0,0,7,4,2,1,64,128,16,90,90,41943040,17184063488,409,0.033385,1170.06,514725
52,CUTLASS,gemm,cutlass3x_sm90_tensorop_s64x128x16gemm_f16_f16_f32_f16_f16_128x128x64_1x2x1_0_nnn_align8_warpspecialized_cooperative_epi_tma,passed,success,universal,512,4096,4096,f16:column,f16:column,f16:column,f16:column,1,0,serial,8,1,heuristic,invalid,invalid,false,false,1,tensorop,f32,128,128,64,1,2,1,0,0,0,6,4,2,1,64,128,16,90,90,41943040,17184063488,409,0.032345,1207.68,531275
52,CUTLASS,gemm,cutlass3x_sm90_tensorop_s64x128x16gemm_f16_f16_f32_f16_f16_128x128x64_1x2x1_0_nnn_align8_stream_k_warpspecialized_cooperative_epi_nosmem,passed,success,universal,512,4096,4096,f16:column,f16:column,f16:column,f16:column,1,0,serial,8,1,heuristic,invalid,invalid,false,false,1,tensorop,f32,128,128,64,1,2,1,0,0,0,7,4,2,1,64,128,16,90,90,41943040,17184063488,409,0.0723795,539.69,237416
52,CUTLASS,gemm,cutlass3x_sm90_tensorop_s64x128x16gemm_f16_f16_f32_f16_f16_128x128x64_1x2x1_0_nnn_align8_stream_k_warpspecialized_cooperative_epi_tma,passed,success,universal,512,4096,4096,f16:column,f16:column,f16:column,f16:column,1,0,serial,8,1,heuristic,invalid,invalid,false,false,1,tensorop,f32,128,128,64,1,2,1,0,0,0,6,4,2,1,64,128,16,90,90,41943040,17184063488,409,0.0723178,540.151,237619
52,CUTLASS,gemm,cutlass3x_sm90_tensorop_s64x128x16gemm_f16_f16_f32_f16_f16_128x128x64_2x1x1_0_nnn_align8,passed,success,universal,512,4096,4096,f16:column,f16:column,f16:column,f16:column,1,0,serial,8,1,heuristic,invalid,invalid,false,false,1,tensorop,f32,128,128,64,2,1,1,0,0,0,7,4,2,1,64,128,16,90,90,41943040,17184063488,409,0.0281322,1388.54,610833
52,CUTLASS,gemm,cutlass3x_sm90_tensorop_s64x128x16gemm_f16_f16_f32_f16_f16_128x128x64_2x1x1_0_nnn_align8_warpspecialized_epi_nosmem,passed,success,universal,512,4096,4096,f16:column,f16:column,f16:column,f16:column,1,0,serial,8,1,heuristic,invalid,invalid,false,false,1,tensorop,f32,128,128,64,2,1,1,0,0,0,7,4,1,1,64,128,16,90,90,41943040,17184063488,409,0.0271699,1437.71,632466
52,CUTLASS,gemm,cutlass3x_sm90_tensorop_s64x128x16gemm_f16_f16_f32_f16_f16_128x128x64_2x1x1_0_nnn_align8_warpspecialized_pingpong_epi_tma,passed,success,universal,512,4096,4096,f16:column,f16:column,f16:column,f16:column,1,0,serial,8,1,heuristic,invalid,invalid,false,false,1,tensorop,f32,128,128,64,2,1,1,0,0,0,6,4,1,1,64,128,16,90,90,41943040,17184063488,409,0.02832,1379.33,606782
52,CUTLASS,gemm,cutlass3x_sm90_tensorop_s64x128x16gemm_f16_f16_f32_f16_f16_128x128x64_2x1x1_0_nnn_align8_warpspecialized_pingpong_epi_nosmem,passed,success,universal,512,4096,4096,f16:column,f16:column,f16:column,f16:column,1,0,serial,8,1,heuristic,invalid,invalid,false,false,1,tensorop,f32,128,128,64,2,1,1,0,0,0,7,4,1,1,64,128,16,90,90,41943040,17184063488,409,0.0275456,1418.1,623841
52,CUTLASS,gemm,cutlass3x_sm90_tensorop_s64x128x16gemm_f16_f16_f32_f16_f16_128x128x64_2x1x1_0_nnn_align8_warpspecialized_cooperative_epi_nosmem,passed,success,universal,512,4096,4096,f16:column,f16:column,f16:column,f16:column,1,0,serial,8,1,heuristic,invalid,invalid,false,false,1,tensorop,f32,128,128,64,2,1,1,0,0,0,7,4,2,1,64,128,16,90,90,41943040,17184063488,409,0.028087,1390.77,611815
52,CUTLASS,gemm,cutlass3x_sm90_tensorop_s64x128x16gemm_f16_f16_f32_f16_f16_128x128x64_2x1x1_0_nnn_align8_warpspecialized_cooperative_epi_tma,passed,success,universal,512,4096,4096,f16:column,f16:column,f16:column,f16:column,1,0,serial,8,1,heuristic,invalid,invalid,false,false,1,tensorop,f32,128,128,64,2,1,1,0,0,0,6,4,2,1,64,128,16,90,90,41943040,17184063488,409,0.0274726,1421.87,625497
52,CUTLASS,gemm,cutlass3x_sm90_tensorop_s64x128x16gemm_f16_f16_f32_f16_f16_128x128x64_2x1x1_0_nnn_align8_stream_k_warpspecialized_cooperative_epi_nosmem,passed,success,universal,512,4096,4096,f16:column,f16:column,f16:column,f16:column,1,0,serial,8,1,heuristic,invalid,invalid,false,false,1,tensorop,f32,128,128,64,2,1,1,0,0,0,7,4,2,1,64,128,16,90,90,41943040,17184063488,409,0.069519,561.896,247185
52,CUTLASS,gemm,cutlass3x_sm90_tensorop_s64x128x16gemm_f16_f16_f32_f16_f16_128x128x64_2x1x1_0_nnn_align8_stream_k_warpspecialized_cooperative_epi_tma,passed,success,universal,512,4096,4096,f16:column,f16:column,f16:column,f16:column,1,0,serial,8,1,heuristic,invalid,invalid,false,false,1,tensorop,f32,128,128,64,2,1,1,0,0,0,6,4,2,1,64,128,16,90,90,41943040,17184063488,409,0.0688221,567.587,249688
53,CUTLASS,gemm,cutlass_tensorop_f16_s1688gemm_f16_256x128_32x2_nn_align8,passed,success,universal,640,4096,4096,f16:column,f16:column,f16:column,f16:column,1,0,serial,8,1,heuristic,invalid,invalid,false,false,1,tensorop,f32,256,128,32,1,1,1,0,0,0,2,4,2,1,16,8,8,75,1024,44040192,21480079360,487,0.124871,328.465,172019
53,CUTLASS,gemm,cutlass_tensorop_f16_s16816gemm_f16_256x128_32x3_nn_align8,passed,success,universal,640,4096,4096,f16:column,f16:column,f16:column,f16:column,1,0,serial,8,1,heuristic,invalid,invalid,false,false,1,tensorop,f32,256,128,32,1,1,1,0,0,0,3,4,2,1,16,8,16,80,1024,44040192,21480079360,487,0.0768989,533.371,279329
53,CUTLASS,gemm,cutlass3x_sm90_tensorop_s64x128x16gemm_f16_f16_f32_f16_f16_128x128x64_1x2x1_0_nnn_align8,passed,success,universal,640,4096,4096,f16:column,f16:column,f16:column,f16:column,1,0,serial,8,1,heuristic,invalid,invalid,false,false,1,tensorop,f32,128,128,64,1,2,1,0,0,0,7,4,2,1,64,128,16,90,90,44040192,21480079360,487,0.0569843,719.77,376947
53,CUTLASS,gemm,cutlass3x_sm90_tensorop_s64x128x16gemm_f16_f16_f32_f16_f16_128x128x64_1x2x1_0_nnn_align8_warpspecialized_epi_nosmem,passed,success,universal,640,4096,4096,f16:column,f16:column,f16:column,f16:column,1,0,serial,8,1,heuristic,invalid,invalid,false,false,1,tensorop,f32,128,128,64,1,2,1,0,0,0,7,4,1,1,64,128,16,90,90,44040192,21480079360,487,0.0553584,740.911,388018
53,CUTLASS,gemm,cutlass3x_sm90_tensorop_s64x128x16gemm_f16_f16_f32_f16_f16_128x128x64_1x2x1_0_nnn_align8_warpspecialized_pingpong_epi_tma,passed,success,universal,640,4096,4096,f16:column,f16:column,f16:column,f16:column,1,0,serial,8,1,heuristic,invalid,invalid,false,false,1,tensorop,f32,128,128,64,1,2,1,0,0,0,6,4,1,1,64,128,16,90,90,44040192,21480079360,487,0.0531926,771.077,403817
53,CUTLASS,gemm,cutlass3x_sm90_tensorop_s64x128x16gemm_f16_f16_f32_f16_f16_128x128x64_1x2x1_0_nnn_align8_warpspecialized_pingpong_epi_nosmem,passed,success,universal,640,4096,4096,f16:column,f16:column,f16:column,f16:column,1,0,serial,8,1,heuristic,invalid,invalid,false,false,1,tensorop,f32,128,128,64,1,2,1,0,0,0,7,4,1,1,64,128,16,90,90,44040192,21480079360,487,0.0548998,747.099,391259
53,CUTLASS,gemm,cutlass3x_sm90_tensorop_s64x128x16gemm_f16_f16_f32_f16_f16_128x128x64_1x2x1_0_nnn_align8_warpspecialized_cooperative_epi_nosmem,passed,success,universal,640,4096,4096,f16:column,f16:column,f16:column,f16:column,1,0,serial,8,1,heuristic,invalid,invalid,false,false,1,tensorop,f32,128,128,64,1,2,1,0,0,0,7,4,2,1,64,128,16,90,90,44040192,21480079360,487,0.0569546,720.146,377144
53,CUTLASS,gemm,cutlass3x_sm90_tensorop_s64x128x16gemm_f16_f16_f32_f16_f16_128x128x64_1x2x1_0_nnn_align8_warpspecialized_cooperative_epi_tma,passed,success,universal,640,4096,4096,f16:column,f16:column,f16:column,f16:column,1,0,serial,8,1,heuristic,invalid,invalid,false,false,1,tensorop,f32,128,128,64,1,2,1,0,0,0,6,4,2,1,64,128,16,90,90,44040192,21480079360,487,0.0535197,766.365,401349
53,CUTLASS,gemm,cutlass3x_sm90_tensorop_s64x128x16gemm_f16_f16_f32_f16_f16_128x128x64_1x2x1_0_nnn_align8_stream_k_warpspecialized_cooperative_epi_nosmem,passed,success,universal,640,4096,4096,f16:column,f16:column,f16:column,f16:column,1,0,serial,8,1,heuristic,invalid,invalid,false,false,1,tensorop,f32,128,128,64,1,2,1,0,0,0,7,4,2,1,64,128,16,90,90,44040192,21480079360,487,0.0899491,455.987,238803
53,CUTLASS,gemm,cutlass3x_sm90_tensorop_s64x128x16gemm_f16_f16_f32_f16_f16_128x128x64_1x2x1_0_nnn_align8_stream_k_warpspecialized_cooperative_epi_tma,passed,success,universal,640,4096,4096,f16:column,f16:column,f16:column,f16:column,1,0,serial,8,1,heuristic,invalid,invalid,false,false,1,tensorop,f32,128,128,64,1,2,1,0,0,0,6,4,2,1,64,128,16,90,90,44040192,21480079360,487,0.088697,462.424,242174
53,CUTLASS,gemm,cutlass3x_sm90_tensorop_s64x128x16gemm_f16_f16_f32_f16_f16_128x128x64_2x1x1_0_nnn_align8,passed,success,universal,640,4096,4096,f16:column,f16:column,f16:column,f16:column,1,0,serial,8,1,heuristic,invalid,invalid,false,false,1,tensorop,f32,128,128,64,2,1,1,0,0,0,7,4,2,1,64,128,16,90,90,44040192,21480079360,487,0.062688,654.282,342651
53,CUTLASS,gemm,cutlass3x_sm90_tensorop_s64x128x16gemm_f16_f16_f32_f16_f16_128x128x64_2x1x1_0_nnn_align8_warpspecialized_epi_nosmem,passed,success,universal,640,4096,4096,f16:column,f16:column,f16:column,f16:column,1,0,serial,8,1,heuristic,invalid,invalid,false,false,1,tensorop,f32,128,128,64,2,1,1,0,0,0,7,4,1,1,64,128,16,90,90,44040192,21480079360,487,0.0548506,747.77,391611
53,CUTLASS,gemm,cutlass3x_sm90_tensorop_s64x128x16gemm_f16_f16_f32_f16_f16_128x128x64_2x1x1_0_nnn_align8_warpspecialized_pingpong_epi_tma,passed,success,universal,640,4096,4096,f16:column,f16:column,f16:column,f16:column,1,0,serial,8,1,heuristic,invalid,invalid,false,false,1,tensorop,f32,128,128,64,2,1,1,0,0,0,6,4,1,1,64,128,16,90,90,44040192,21480079360,487,0.0639725,641.145,335771
53,CUTLASS,gemm,cutlass3x_sm90_tensorop_s64x128x16gemm_f16_f16_f32_f16_f16_128x128x64_2x1x1_0_nnn_align8_warpspecialized_pingpong_epi_nosmem,passed,success,universal,640,4096,4096,f16:column,f16:column,f16:column,f16:column,1,0,serial,8,1,heuristic,invalid,invalid,false,false,1,tensorop,f32,128,128,64,2,1,1,0,0,0,7,4,1,1,64,128,16,90,90,44040192,21480079360,487,0.0670669,611.563,320278
53,CUTLASS,gemm,cutlass3x_sm90_tensorop_s64x128x16gemm_f16_f16_f32_f16_f16_128x128x64_2x1x1_0_nnn_align8_warpspecialized_cooperative_epi_nosmem,passed,success,universal,640,4096,4096,f16:column,f16:column,f16:column,f16:column,1,0,serial,8,1,heuristic,invalid,invalid,false,false,1,tensorop,f32,128,128,64,2,1,1,0,0,0,7,4,2,1,64,128,16,90,90,44040192,21480079360,487,0.0624397,656.884,344013
53,CUTLASS,gemm,cutlass3x_sm90_tensorop_s64x128x16gemm_f16_f16_f32_f16_f16_128x128x64_2x1x1_0_nnn_align8_warpspecialized_cooperative_epi_tma,passed,success,universal,640,4096,4096,f16:column,f16:column,f16:column,f16:column,1,0,serial,8,1,heuristic,invalid,invalid,false,false,1,tensorop,f32,128,128,64,2,1,1,0,0,0,6,4,2,1,64,128,16,90,90,44040192,21480079360,487,0.0620442,661.072,346206
53,CUTLASS,gemm,cutlass3x_sm90_tensorop_s64x128x16gemm_f16_f16_f32_f16_f16_128x128x64_2x1x1_0_nnn_align8_stream_k_warpspecialized_cooperative_epi_nosmem,passed,success,universal,640,4096,4096,f16:column,f16:column,f16:column,f16:column,1,0,serial,8,1,heuristic,invalid,invalid,false,false,1,tensorop,f32,128,128,64,2,1,1,0,0,0,7,4,2,1,64,128,16,90,90,44040192,21480079360,487,0.102885,398.655,208777
53,CUTLASS,gemm,cutlass3x_sm90_tensorop_s64x128x16gemm_f16_f16_f32_f16_f16_128x128x64_2x1x1_0_nnn_align8_stream_k_warpspecialized_cooperative_epi_tma,passed,success,universal,640,4096,4096,f16:column,f16:column,f16:column,f16:column,1,0,serial,8,1,heuristic,invalid,invalid,false,false,1,tensorop,f32,128,128,64,2,1,1,0,0,0,6,4,2,1,64,128,16,90,90,44040192,21480079360,487,0.101572,403.808,211476
54,CUTLASS,gemm,cutlass_tensorop_f16_s1688gemm_f16_256x128_32x2_nn_align8,passed,success,universal,768,4096,4096,f16:column,f16:column,f16:column,f16:column,1,0,serial,8,1,heuristic,invalid,invalid,false,false,1,tensorop,f32,256,128,32,1,1,1,0,0,0,2,4,2,1,16,8,8,75,1024,46137344,25776095232,558,0.144333,297.705,178587
54,CUTLASS,gemm,cutlass_tensorop_f16_s16816gemm_f16_256x128_32x3_nn_align8,passed,success,universal,768,4096,4096,f16:column,f16:column,f16:column,f16:column,1,0,serial,8,1,heuristic,invalid,invalid,false,false,1,tensorop,f32,256,128,32,1,1,1,0,0,0,3,4,2,1,16,8,16,80,1024,46137344,25776095232,558,0.0899571,477.658,286538
54,CUTLASS,gemm,cutlass3x_sm90_tensorop_s64x128x16gemm_f16_f16_f32_f16_f16_128x128x64_1x2x1_0_nnn_align8,passed,success,universal,768,4096,4096,f16:column,f16:column,f16:column,f16:column,1,0,serial,8,1,heuristic,invalid,invalid,false,false,1,tensorop,f32,128,128,64,1,2,1,0,0,0,7,4,2,1,64,128,16,90,90,46137344,25776095232,558,0.0580237,740.538,444234
54,CUTLASS,gemm,cutlass3x_sm90_tensorop_s64x128x16gemm_f16_f16_f32_f16_f16_128x128x64_1x2x1_0_nnn_align8_warpspecialized_epi_nosmem,passed,success,universal,768,4096,4096,f16:column,f16:column,f16:column,f16:column,1,0,serial,8,1,heuristic,invalid,invalid,false,false,1,tensorop,f32,128,128,64,1,2,1,0,0,0,7,4,1,1,64,128,16,90,90,46137344,25776095232,558,0.0565632,759.659,455704
54,CUTLASS,gemm,cutlass3x_sm90_tensorop_s64x128x16gemm_f16_f16_f32_f16_f16_128x128x64_1x2x1_0_nnn_align8_warpspecialized_pingpong_epi_tma,passed,success,universal,768,4096,4096,f16:column,f16:column,f16:column,f16:column,1,0,serial,8,1,heuristic,invalid,invalid,false,false,1,tensorop,f32,128,128,64,1,2,1,0,0,0,6,4,1,1,64,128,16,90,90,46137344,25776095232,558,0.053176,808.048,484732
54,CUTLASS,gemm,cutlass3x_sm90_tensorop_s64x128x16gemm_f16_f16_f32_f16_f16_128x128x64_1x2x1_0_nnn_align8_warpspecialized_pingpong_epi_nosmem,passed,success,universal,768,4096,4096,f16:column,f16:column,f16:column,f16:column,1,0,serial,8,1,heuristic,invalid,invalid,false,false,1,tensorop,f32,128,128,64,1,2,1,0,0,0,7,4,1,1,64,128,16,90,90,46137344,25776095232,558,0.054793,784.202,470427
54,CUTLASS,gemm,cutlass3x_sm90_tensorop_s64x128x16gemm_f16_f16_f32_f16_f16_128x128x64_1x2x1_0_nnn_align8_warpspecialized_cooperative_epi_nosmem,passed,success,universal,768,4096,4096,f16:column,f16:column,f16:column,f16:column,1,0,serial,8,1,heuristic,invalid,invalid,false,false,1,tensorop,f32,128,128,64,1,2,1,0,0,0,7,4,2,1,64,128,16,90,90,46137344,25776095232,558,0.0579501,741.479,444798
54,CUTLASS,gemm,cutlass3x_sm90_tensorop_s64x128x16gemm_f16_f16_f32_f16_f16_128x128x64_1x2x1_0_nnn_align8_warpspecialized_cooperative_epi_tma,passed,success,universal,768,4096,4096,f16:column,f16:column,f16:column,f16:column,1,0,serial,8,1,heuristic,invalid,invalid,false,false,1,tensorop,f32,128,128,64,1,2,1,0,0,0,6,4,2,1,64,128,16,90,90,46137344,25776095232,558,0.0537661,799.18,479412
54,CUTLASS,gemm,cutlass3x_sm90_tensorop_s64x128x16gemm_f16_f16_f32_f16_f16_128x128x64_1x2x1_0_nnn_align8_stream_k_warpspecialized_cooperative_epi_nosmem,passed,success,universal,768,4096,4096,f16:column,f16:column,f16:column,f16:column,1,0,serial,8,1,heuristic,invalid,invalid,false,false,1,tensorop,f32,128,128,64,1,2,1,0,0,0,7,4,2,1,64,128,16,90,90,46137344,25776095232,558,0.106063,405.123,243025
54,CUTLASS,gemm,cutlass3x_sm90_tensorop_s64x128x16gemm_f16_f16_f32_f16_f16_128x128x64_1x2x1_0_nnn_align8_stream_k_warpspecialized_cooperative_epi_tma,passed,success,universal,768,4096,4096,f16:column,f16:column,f16:column,f16:column,1,0,serial,8,1,heuristic,invalid,invalid,false,false,1,tensorop,f32,128,128,64,1,2,1,0,0,0,6,4,2,1,64,128,16,90,90,46137344,25776095232,558,0.104636,410.65,246341
54,CUTLASS,gemm,cutlass3x_sm90_tensorop_s64x128x16gemm_f16_f16_f32_f16_f16_128x128x64_2x1x1_0_nnn_align8,passed,success,universal,768,4096,4096,f16:column,f16:column,f16:column,f16:column,1,0,serial,8,1,heuristic,invalid,invalid,false,false,1,tensorop,f32,128,128,64,2,1,1,0,0,0,7,4,2,1,64,128,16,90,90,46137344,25776095232,558,0.0501088,857.509,514403
54,CUTLASS,gemm,cutlass3x_sm90_tensorop_s64x128x16gemm_f16_f16_f32_f16_f16_128x128x64_2x1x1_0_nnn_align8_warpspecialized_epi_nosmem,passed,success,universal,768,4096,4096,f16:column,f16:column,f16:column,f16:column,1,0,serial,8,1,heuristic,invalid,invalid,false,false,1,tensorop,f32,128,128,64,2,1,1,0,0,0,7,4,1,1,64,128,16,90,90,46137344,25776095232,558,0.0507683,846.369,507720
54,CUTLASS,gemm,cutlass3x_sm90_tensorop_s64x128x16gemm_f16_f16_f32_f16_f16_128x128x64_2x1x1_0_nnn_align8_warpspecialized_pingpong_epi_tma,passed,success,universal,768,4096,4096,f16:column,f16:column,f16:column,f16:column,1,0,serial,8,1,heuristic,invalid,invalid,false,false,1,tensorop,f32,128,128,64,2,1,1,0,0,0,6,4,1,1,64,128,16,90,90,46137344,25776095232,558,0.0461933,930.195,558005
54,CUTLASS,gemm,cutlass3x_sm90_tensorop_s64x128x16gemm_f16_f16_f32_f16_f16_128x128x64_2x1x1_0_nnn_align8_warpspecialized_pingpong_epi_nosmem,passed,success,universal,768,4096,4096,f16:column,f16:column,f16:column,f16:column,1,0,serial,8,1,heuristic,invalid,invalid,false,false,1,tensorop,f32,128,128,64,2,1,1,0,0,0,7,4,1,1,64,128,16,90,90,46137344,25776095232,558,0.047248,909.43,545549
54,CUTLASS,gemm,cutlass3x_sm90_tensorop_s64x128x16gemm_f16_f16_f32_f16_f16_128x128x64_2x1x1_0_nnn_align8_warpspecialized_cooperative_epi_nosmem,passed,success,universal,768,4096,4096,f16:column,f16:column,f16:column,f16:column,1,0,serial,8,1,heuristic,invalid,invalid,false,false,1,tensorop,f32,128,128,64,2,1,1,0,0,0,7,4,2,1,64,128,16,90,90,46137344,25776095232,558,0.0504042,852.484,511388
54,CUTLASS,gemm,cutlass3x_sm90_tensorop_s64x128x16gemm_f16_f16_f32_f16_f16_128x128x64_2x1x1_0_nnn_align8_warpspecialized_cooperative_epi_tma,passed,success,universal,768,4096,4096,f16:column,f16:column,f16:column,f16:column,1,0,serial,8,1,heuristic,invalid,invalid,false,false,1,tensorop,f32,128,128,64,2,1,1,0,0,0,6,4,2,1,64,128,16,90,90,46137344,25776095232,558,0.0467098,919.909,551835
54,CUTLASS,gemm,cutlass3x_sm90_tensorop_s64x128x16gemm_f16_f16_f32_f16_f16_128x128x64_2x1x1_0_nnn_align8_stream_k_warpspecialized_cooperative_epi_nosmem,passed,success,universal,768,4096,4096,f16:column,f16:column,f16:column,f16:column,1,0,serial,8,1,heuristic,invalid,invalid,false,false,1,tensorop,f32,128,128,64,2,1,1,0,0,0,7,4,2,1,64,128,16,90,90,46137344,25776095232,558,0.103351,415.757,249404
54,CUTLASS,gemm,cutlass3x_sm90_tensorop_s64x128x16gemm_f16_f16_f32_f16_f16_128x128x64_2x1x1_0_nnn_align8_stream_k_warpspecialized_cooperative_epi_tma,passed,success,universal,768,4096,4096,f16:column,f16:column,f16:column,f16:column,1,0,serial,8,1,heuristic,invalid,invalid,false,false,1,tensorop,f32,128,128,64,2,1,1,0,0,0,6,4,2,1,64,128,16,90,90,46137344,25776095232,558,0.103346,415.775,249415
55,CUTLASS,gemm,cutlass_tensorop_f16_s1688gemm_f16_256x128_32x2_nn_align8,passed,success,universal,896,4096,4096,f16:column,f16:column,f16:column,f16:column,1,0,serial,8,1,heuristic,invalid,invalid,false,false,1,tensorop,f32,256,128,32,1,1,1,0,0,0,2,4,2,1,16,8,8,75,1024,48234496,30072111104,623,0.165455,271.505,181754
55,CUTLASS,gemm,cutlass_tensorop_f16_s16816gemm_f16_256x128_32x3_nn_align8,passed,success,universal,896,4096,4096,f16:column,f16:column,f16:column,f16:column,1,0,serial,8,1,heuristic,invalid,invalid,false,false,1,tensorop,f32,256,128,32,1,1,1,0,0,0,3,4,2,1,16,8,16,80,1024,48234496,30072111104,623,0.102315,439.057,293918
55,CUTLASS,gemm,cutlass3x_sm90_tensorop_s64x128x16gemm_f16_f16_f32_f16_f16_128x128x64_1x2x1_0_nnn_align8,passed,success,universal,896,4096,4096,f16:column,f16:column,f16:column,f16:column,1,0,serial,8,1,heuristic,invalid,invalid,false,false,1,tensorop,f32,128,128,64,1,2,1,0,0,0,7,4,2,1,64,128,16,90,90,48234496,30072111104,623,0.0596342,753.29,504276
55,CUTLASS,gemm,cutlass3x_sm90_tensorop_s64x128x16gemm_f16_f16_f32_f16_f16_128x128x64_1x2x1_0_nnn_align8_warpspecialized_epi_nosmem,passed,success,universal,896,4096,4096,f16:column,f16:column,f16:column,f16:column,1,0,serial,8,1,heuristic,invalid,invalid,false,false,1,tensorop,f32,128,128,64,1,2,1,0,0,0,7,4,1,1,64,128,16,90,90,48234496,30072111104,623,0.0599629,749.161,501512
55,CUTLASS,gemm,cutlass3x_sm90_tensorop_s64x128x16gemm_f16_f16_f32_f16_f16_128x128x64_1x2x1_0_nnn_align8_warpspecialized_pingpong_epi_tma,passed,success,universal,896,4096,4096,f16:column,f16:column,f16:column,f16:column,1,0,serial,8,1,heuristic,invalid,invalid,false,false,1,tensorop,f32,128,128,64,1,2,1,0,0,0,6,4,1,1,64,128,16,90,90,48234496,30072111104,623,0.0555571,808.571,541283
55,CUTLASS,gemm,cutlass3x_sm90_tensorop_s64x128x16gemm_f16_f16_f32_f16_f16_128x128x64_1x2x1_0_nnn_align8_warpspecialized_pingpong_epi_nosmem,passed,success,universal,896,4096,4096,f16:column,f16:column,f16:column,f16:column,1,0,serial,8,1,heuristic,invalid,invalid,false,false,1,tensorop,f32,128,128,64,1,2,1,0,0,0,7,4,1,1,64,128,16,90,90,48234496,30072111104,623,0.056969,788.532,527868
55,CUTLASS,gemm,cutlass3x_sm90_tensorop_s64x128x16gemm_f16_f16_f32_f16_f16_128x128x64_1x2x1_0_nnn_align8_warpspecialized_cooperative_epi_nosmem,passed,success,universal,896,4096,4096,f16:column,f16:column,f16:column,f16:column,1,0,serial,8,1,heuristic,invalid,invalid,false,false,1,tensorop,f32,128,128,64,1,2,1,0,0,0,7,4,2,1,64,128,16,90,90,48234496,30072111104,623,0.0594637,755.451,505722
55,CUTLASS,gemm,cutlass3x_sm90_tensorop_s64x128x16gemm_f16_f16_f32_f16_f16_128x128x64_1x2x1_0_nnn_align8_warpspecialized_cooperative_epi_tma,passed,success,universal,896,4096,4096,f16:column,f16:column,f16:column,f16:column,1,0,serial,8,1,heuristic,invalid,invalid,false,false,1,tensorop,f32,128,128,64,1,2,1,0,0,0,6,4,2,1,64,128,16,90,90,48234496,30072111104,623,0.0553469,811.642,543339
55,CUTLASS,gemm,cutlass3x_sm90_tensorop_s64x128x16gemm_f16_f16_f32_f16_f16_128x128x64_1x2x1_0_nnn_align8_stream_k_warpspecialized_cooperative_epi_nosmem,passed,success,universal,896,4096,4096,f16:column,f16:column,f16:column,f16:column,1,0,serial,8,1,heuristic,invalid,invalid,false,false,1,tensorop,f32,128,128,64,1,2,1,0,0,0,7,4,2,1,64,128,16,90,90,48234496,30072111104,623,0.125196,358.811,240199
55,CUTLASS,gemm,cutlass3x_sm90_tensorop_s64x128x16gemm_f16_f16_f32_f16_f16_128x128x64_1x2x1_0_nnn_align8_stream_k_warpspecialized_cooperative_epi_tma,passed,success,universal,896,4096,4096,f16:column,f16:column,f16:column,f16:column,1,0,serial,8,1,heuristic,invalid,invalid,false,false,1,tensorop,f32,128,128,64,1,2,1,0,0,0,6,4,2,1,64,128,16,90,90,48234496,30072111104,623,0.124369,361.198,241798
55,CUTLASS,gemm,cutlass3x_sm90_tensorop_s64x128x16gemm_f16_f16_f32_f16_f16_128x128x64_2x1x1_0_nnn_align8,passed,success,universal,896,4096,4096,f16:column,f16:column,f16:column,f16:column,1,0,serial,8,1,heuristic,invalid,invalid,false,false,1,tensorop,f32,128,128,64,2,1,1,0,0,0,7,4,2,1,64,128,16,90,90,48234496,30072111104,623,0.0705677,636.579,426146
55,CUTLASS,gemm,cutlass3x_sm90_tensorop_s64x128x16gemm_f16_f16_f32_f16_f16_128x128x64_2x1x1_0_nnn_align8_warpspecialized_epi_nosmem,passed,success,universal,896,4096,4096,f16:column,f16:column,f16:column,f16:column,1,0,serial,8,1,heuristic,invalid,invalid,false,false,1,tensorop,f32,128,128,64,2,1,1,0,0,0,7,4,1,1,64,128,16,90,90,48234496,30072111104,623,0.0718118,625.55,418763
55,CUTLASS,gemm,cutlass3x_sm90_tensorop_s64x128x16gemm_f16_f16_f32_f16_f16_128x128x64_2x1x1_0_nnn_align8_warpspecialized_pingpong_epi_tma,passed,success,universal,896,4096,4096,f16:column,f16:column,f16:column,f16:column,1,0,serial,8,1,heuristic,invalid,invalid,false,false,1,tensorop,f32,128,128,64,2,1,1,0,0,0,6,4,1,1,64,128,16,90,90,48234496,30072111104,623,0.068232,658.37,440733
55,CUTLASS,gemm,cutlass3x_sm90_tensorop_s64x128x16gemm_f16_f16_f32_f16_f16_128x128x64_2x1x1_0_nnn_align8_warpspecialized_pingpong_epi_nosmem,passed,success,universal,896,4096,4096,f16:column,f16:column,f16:column,f16:column,1,0,serial,8,1,heuristic,invalid,invalid,false,false,1,tensorop,f32,128,128,64,2,1,1,0,0,0,7,4,1,1,64,128,16,90,90,48234496,30072111104,623,0.0706134,636.166,425870
55,CUTLASS,gemm,cutlass3x_sm90_tensorop_s64x128x16gemm_f16_f16_f32_f16_f16_128x128x64_2x1x1_0_nnn_align8_warpspecialized_cooperative_epi_nosmem,passed,success,universal,896,4096,4096,f16:column,f16:column,f16:column,f16:column,1,0,serial,8,1,heuristic,invalid,invalid,false,false,1,tensorop,f32,128,128,64,2,1,1,0,0,0,7,4,2,1,64,128,16,90,90,48234496,30072111104,623,0.0702989,639.013,427775
55,CUTLASS,gemm,cutlass3x_sm90_tensorop_s64x128x16gemm_f16_f16_f32_f16_f16_128x128x64_2x1x1_0_nnn_align8_warpspecialized_cooperative_epi_tma,passed,success,universal,896,4096,4096,f16:column,f16:column,f16:column,f16:column,1,0,serial,8,1,heuristic,invalid,invalid,false,false,1,tensorop,f32,128,128,64,2,1,1,0,0,0,6,4,2,1,64,128,16,90,90,48234496,30072111104,623,0.0670611,669.865,448428
55,CUTLASS,gemm,cutlass3x_sm90_tensorop_s64x128x16gemm_f16_f16_f32_f16_f16_128x128x64_2x1x1_0_nnn_align8_stream_k_warpspecialized_cooperative_epi_nosmem,passed,success,universal,896,4096,4096,f16:column,f16:column,f16:column,f16:column,1,0,serial,8,1,heuristic,invalid,invalid,false,false,1,tensorop,f32,128,128,64,2,1,1,0,0,0,7,4,2,1,64,128,16,90,90,48234496,30072111104,623,0.134834,333.164,223030
55,CUTLASS,gemm,cutlass3x_sm90_tensorop_s64x128x16gemm_f16_f16_f32_f16_f16_128x128x64_2x1x1_0_nnn_align8_stream_k_warpspecialized_cooperative_epi_tma,passed,success,universal,896,4096,4096,f16:column,f16:column,f16:column,f16:column,1,0,serial,8,1,heuristic,invalid,invalid,false,false,1,tensorop,f32,128,128,64,2,1,1,0,0,0,6,4,2,1,64,128,16,90,90,48234496,30072111104,623,0.132968,337.84,226161
56,CUTLASS,gemm,cutlass_tensorop_f16_s1688gemm_f16_256x128_32x2_nn_align8,passed,success,universal,1024,4096,4096,f16:column,f16:column,f16:column,f16:column,1,0,serial,8,1,heuristic,invalid,invalid,false,false,1,tensorop,f32,256,128,32,1,1,1,0,0,0,2,4,2,1,16,8,8,75,1024,50331648,34368126976,682,0.18598,252.043,184794
56,CUTLASS,gemm,cutlass_tensorop_f16_s16816gemm_f16_256x128_32x3_nn_align8,passed,success,universal,1024,4096,4096,f16:column,f16:column,f16:column,f16:column,1,0,serial,8,1,heuristic,invalid,invalid,false,false,1,tensorop,f32,256,128,32,1,1,1,0,0,0,3,4,2,1,16,8,16,80,1024,50331648,34368126976,682,0.115075,407.345,298660
56,CUTLASS,gemm,cutlass3x_sm90_tensorop_s64x128x16gemm_f16_f16_f32_f16_f16_128x128x64_1x2x1_0_nnn_align8,passed,success,universal,1024,4096,4096,f16:column,f16:column,f16:column,f16:column,1,0,serial,8,1,heuristic,invalid,invalid,false,false,1,tensorop,f32,128,128,64,1,2,1,0,0,0,7,4,2,1,64,128,16,90,90,50331648,34368126976,682,0.0606797,772.499,566386
56,CUTLASS,gemm,cutlass3x_sm90_tensorop_s64x128x16gemm_f16_f16_f32_f16_f16_128x128x64_1x2x1_0_nnn_align8_warpspecialized_epi_nosmem,passed,success,universal,1024,4096,4096,f16:column,f16:column,f16:column,f16:column,1,0,serial,8,1,heuristic,invalid,invalid,false,false,1,tensorop,f32,128,128,64,1,2,1,0,0,0,7,4,1,1,64,128,16,90,90,50331648,34368126976,682,0.0606061,773.437,567074
56,CUTLASS,gemm,cutlass3x_sm90_tensorop_s64x128x16gemm_f16_f16_f32_f16_f16_128x128x64_1x2x1_0_nnn_align8_warpspecialized_pingpong_epi_tma,passed,success,universal,1024,4096,4096,f16:column,f16:column,f16:column,f16:column,1,0,serial,8,1,heuristic,invalid,invalid,false,false,1,tensorop,f32,128,128,64,1,2,1,0,0,0,6,4,1,1,64,128,16,90,90,50331648,34368126976,682,0.0577034,812.344,595600
56,CUTLASS,gemm,cutlass3x_sm90_tensorop_s64x128x16gemm_f16_f16_f32_f16_f16_128x128x64_1x2x1_0_nnn_align8_warpspecialized_pingpong_epi_nosmem,passed,success,universal,1024,4096,4096,f16:column,f16:column,f16:column,f16:column,1,0,serial,8,1,heuristic,invalid,invalid,false,false,1,tensorop,f32,128,128,64,1,2,1,0,0,0,7,4,1,1,64,128,16,90,90,50331648,34368126976,682,0.0596672,785.607,575997
56,CUTLASS,gemm,cutlass3x_sm90_tensorop_s64x128x16gemm_f16_f16_f32_f16_f16_128x128x64_1x2x1_0_nnn_align8_warpspecialized_cooperative_epi_nosmem,passed,success,universal,1024,4096,4096,f16:column,f16:column,f16:column,f16:column,1,0,serial,8,1,heuristic,invalid,invalid,false,false,1,tensorop,f32,128,128,64,1,2,1,0,0,0,7,4,2,1,64,128,16,90,90,50331648,34368126976,682,0.0608454,770.395,564843
56,CUTLASS,gemm,cutlass3x_sm90_tensorop_s64x128x16gemm_f16_f16_f32_f16_f16_128x128x64_1x2x1_0_nnn_align8_warpspecialized_cooperative_epi_tma,passed,success,universal,1024,4096,4096,f16:column,f16:column,f16:column,f16:column,1,0,serial,8,1,heuristic,invalid,invalid,false,false,1,tensorop,f32,128,128,64,1,2,1,0,0,0,6,4,2,1,64,128,16,90,90,50331648,34368126976,682,0.0571952,819.562,600892
56,CUTLASS,gemm,cutlass3x_sm90_tensorop_s64x128x16gemm_f16_f16_f32_f16_f16_128x128x64_1x2x1_0_nnn_align8_stream_k_warpspecialized_cooperative_epi_nosmem,passed,success,universal,1024,4096,4096,f16:column,f16:column,f16:column,f16:column,1,0,serial,8,1,heuristic,invalid,invalid,false,false,1,tensorop,f32,128,128,64,1,2,1,0,0,0,7,4,2,1,64,128,16,90,90,50331648,34368126976,682,0.13785,340.045,249316
56,CUTLASS,gemm,cutlass3x_sm90_tensorop_s64x128x16gemm_f16_f16_f32_f16_f16_128x128x64_1x2x1_0_nnn_align8_stream_k_warpspecialized_cooperative_epi_tma,passed,success,universal,1024,4096,4096,f16:column,f16:column,f16:column,f16:column,1,0,serial,8,1,heuristic,invalid,invalid,false,false,1,tensorop,f32,128,128,64,1,2,1,0,0,0,6,4,2,1,64,128,16,90,90,50331648,34368126976,682,0.13841,338.667,248306
56,CUTLASS,gemm,cutlass3x_sm90_tensorop_s64x128x16gemm_f16_f16_f32_f16_f16_128x128x64_2x1x1_0_nnn_align8,passed,success,universal,1024,4096,4096,f16:column,f16:column,f16:column,f16:column,1,0,serial,8,1,heuristic,invalid,invalid,false,false,1,tensorop,f32,128,128,64,2,1,1,0,0,0,7,4,2,1,64,128,16,90,90,50331648,34368126976,682,0.0548067,855.278,627079
56,CUTLASS,gemm,cutlass3x_sm90_tensorop_s64x128x16gemm_f16_f16_f32_f16_f16_128x128x64_2x1x1_0_nnn_align8_warpspecialized_epi_nosmem,passed,success,universal,1024,4096,4096,f16:column,f16:column,f16:column,f16:column,1,0,serial,8,1,heuristic,invalid,invalid,false,false,1,tensorop,f32,128,128,64,2,1,1,0,0,0,7,4,1,1,64,128,16,90,90,50331648,34368126976,682,0.0572253,819.131,600576
56,CUTLASS,gemm,cutlass3x_sm90_tensorop_s64x128x16gemm_f16_f16_f32_f16_f16_128x128x64_2x1x1_0_nnn_align8_warpspecialized_pingpong_epi_tma,passed,success,universal,1024,4096,4096,f16:column,f16:column,f16:column,f16:column,1,0,serial,8,1,heuristic,invalid,invalid,false,false,1,tensorop,f32,128,128,64,2,1,1,0,0,0,6,4,1,1,64,128,16,90,90,50331648,34368126976,682,0.0514259,911.505,668304
56,CUTLASS,gemm,cutlass3x_sm90_tensorop_s64x128x16gemm_f16_f16_f32_f16_f16_128x128x64_2x1x1_0_nnn_align8_warpspecialized_pingpong_epi_nosmem,passed,success,universal,1024,4096,4096,f16:column,f16:column,f16:column,f16:column,1,0,serial,8,1,heuristic,invalid,invalid,false,false,1,tensorop,f32,128,128,64,2,1,1,0,0,0,7,4,1,1,64,128,16,90,90,50331648,34368126976,682,0.0535478,875.385,641821
56,CUTLASS,gemm,cutlass3x_sm90_tensorop_s64x128x16gemm_f16_f16_f32_f16_f16_128x128x64_2x1x1_0_nnn_align8_warpspecialized_cooperative_epi_nosmem,passed,success,universal,1024,4096,4096,f16:column,f16:column,f16:column,f16:column,1,0,serial,8,1,heuristic,invalid,invalid,false,false,1,tensorop,f32,128,128,64,2,1,1,0,0,0,7,4,2,1,64,128,16,90,90,50331648,34368126976,682,0.0547389,856.338,627856
56,CUTLASS,gemm,cutlass3x_sm90_tensorop_s64x128x16gemm_f16_f16_f32_f16_f16_128x128x64_2x1x1_0_nnn_align8_warpspecialized_cooperative_epi_tma,passed,success,universal,1024,4096,4096,f16:column,f16:column,f16:column,f16:column,1,0,serial,8,1,heuristic,invalid,invalid,false,false,1,tensorop,f32,128,128,64,2,1,1,0,0,0,6,4,2,1,64,128,16,90,90,50331648,34368126976,682,0.050896,920.996,675262
56,CUTLASS,gemm,cutlass3x_sm90_tensorop_s64x128x16gemm_f16_f16_f32_f16_f16_128x128x64_2x1x1_0_nnn_align8_stream_k_warpspecialized_cooperative_epi_nosmem,passed,success,universal,1024,4096,4096,f16:column,f16:column,f16:column,f16:column,1,0,serial,8,1,heuristic,invalid,invalid,false,false,1,tensorop,f32,128,128,64,2,1,1,0,0,0,7,4,2,1,64,128,16,90,90,50331648,34368126976,682,0.1331,352.18,258214
56,CUTLASS,gemm,cutlass3x_sm90_tensorop_s64x128x16gemm_f16_f16_f32_f16_f16_128x128x64_2x1x1_0_nnn_align8_stream_k_warpspecialized_cooperative_epi_tma,passed,success,universal,1024,4096,4096,f16:column,f16:column,f16:column,f16:column,1,0,serial,8,1,heuristic,invalid,invalid,false,false,1,tensorop,f32,128,128,64,2,1,1,0,0,0,6,4,2,1,64,128,16,90,90,50331648,34368126976,682,0.133702,350.592,257049
57,CUTLASS,gemm,cutlass_tensorop_f16_s1688gemm_f16_256x128_32x2_nn_align8,passed,success,universal,1152,4096,4096,f16:column,f16:column,f16:column,f16:column,1,0,serial,8,1,heuristic,invalid,invalid,false,false,1,tensorop,f32,256,128,32,1,1,1,0,0,0,2,4,2,1,16,8,8,75,1024,52428800,38664142848,737,0.2204,221.543,175427
57,CUTLASS,gemm,cutlass_tensorop_f16_s16816gemm_f16_256x128_32x3_nn_align8,passed,success,universal,1152,4096,4096,f16:column,f16:column,f16:column,f16:column,1,0,serial,8,1,heuristic,invalid,invalid,false,false,1,tensorop,f32,256,128,32,1,1,1,0,0,0,3,4,2,1,16,8,16,80,1024,52428800,38664142848,737,0.131812,370.437,293328
57,CUTLASS,gemm,cutlass3x_sm90_tensorop_s64x128x16gemm_f16_f16_f32_f16_f16_128x128x64_1x2x1_0_nnn_align8,passed,success,universal,1152,4096,4096,f16:column,f16:column,f16:column,f16:column,1,0,serial,8,1,heuristic,invalid,invalid,false,false,1,tensorop,f32,128,128,64,1,2,1,0,0,0,7,4,2,1,64,128,16,90,90,52428800,38664142848,737,0.0860614,567.364,449262
57,CUTLASS,gemm,cutlass3x_sm90_tensorop_s64x128x16gemm_f16_f16_f32_f16_f16_128x128x64_1x2x1_0_nnn_align8_warpspecialized_epi_nosmem,passed,success,universal,1152,4096,4096,f16:column,f16:column,f16:column,f16:column,1,0,serial,8,1,heuristic,invalid,invalid,false,false,1,tensorop,f32,128,128,64,1,2,1,0,0,0,7,4,1,1,64,128,16,90,90,52428800,38664142848,737,0.0750896,650.265,514907
57,CUTLASS,gemm,cutlass3x_sm90_tensorop_s64x128x16gemm_f16_f16_f32_f16_f16_128x128x64_1x2x1_0_nnn_align8_warpspecialized_pingpong_epi_tma,passed,success,universal,1152,4096,4096,f16:column,f16:column,f16:column,f16:column,1,0,serial,8,1,heuristic,invalid,invalid,false,false,1,tensorop,f32,128,128,64,1,2,1,0,0,0,6,4,1,1,64,128,16,90,90,52428800,38664142848,737,0.0795898,613.498,485793
57,CUTLASS,gemm,cutlass3x_sm90_tensorop_s64x128x16gemm_f16_f16_f32_f16_f16_128x128x64_1x2x1_0_nnn_align8_warpspecialized_pingpong_epi_nosmem,passed,success,universal,1152,4096,4096,f16:column,f16:column,f16:column,f16:column,1,0,serial,8,1,heuristic,invalid,invalid,false,false,1,tensorop,f32,128,128,64,1,2,1,0,0,0,7,4,1,1,64,128,16,90,90,52428800,38664142848,737,0.0817571,597.234,472915
57,CUTLASS,gemm,cutlass3x_sm90_tensorop_s64x128x16gemm_f16_f16_f32_f16_f16_128x128x64_1x2x1_0_nnn_align8_warpspecialized_cooperative_epi_nosmem,passed,success,universal,1152,4096,4096,f16:column,f16:column,f16:column,f16:column,1,0,serial,8,1,heuristic,invalid,invalid,false,false,1,tensorop,f32,128,128,64,1,2,1,0,0,0,7,4,2,1,64,128,16,90,90,52428800,38664142848,737,0.0856419,570.143,451463
57,CUTLASS,gemm,cutlass3x_sm90_tensorop_s64x128x16gemm_f16_f16_f32_f16_f16_128x128x64_1x2x1_0_nnn_align8_warpspecialized_cooperative_epi_tma,passed,success,universal,1152,4096,4096,f16:column,f16:column,f16:column,f16:column,1,0,serial,8,1,heuristic,invalid,invalid,false,false,1,tensorop,f32,128,128,64,1,2,1,0,0,0,6,4,2,1,64,128,16,90,90,52428800,38664142848,737,0.0805862,605.911,479786
57,CUTLASS,gemm,cutlass3x_sm90_tensorop_s64x128x16gemm_f16_f16_f32_f16_f16_128x128x64_1x2x1_0_nnn_align8_stream_k_warpspecialized_cooperative_epi_nosmem,passed,success,universal,1152,4096,4096,f16:column,f16:column,f16:column,f16:column,1,0,serial,8,1,heuristic,invalid,invalid,false,false,1,tensorop,f32,128,128,64,1,2,1,0,0,0,7,4,2,1,64,128,16,90,90,52428800,38664142848,737,0.157085,310.838,246134
57,CUTLASS,gemm,cutlass3x_sm90_tensorop_s64x128x16gemm_f16_f16_f32_f16_f16_128x128x64_1x2x1_0_nnn_align8_stream_k_warpspecialized_cooperative_epi_tma,passed,success,universal,1152,4096,4096,f16:column,f16:column,f16:column,f16:column,1,0,serial,8,1,heuristic,invalid,invalid,false,false,1,tensorop,f32,128,128,64,1,2,1,0,0,0,6,4,2,1,64,128,16,90,90,52428800,38664142848,737,0.157244,310.526,245887
57,CUTLASS,gemm,cutlass3x_sm90_tensorop_s64x128x16gemm_f16_f16_f32_f16_f16_128x128x64_2x1x1_0_nnn_align8,passed,success,universal,1152,4096,4096,f16:column,f16:column,f16:column,f16:column,1,0,serial,8,1,heuristic,invalid,invalid,false,false,1,tensorop,f32,128,128,64,2,1,1,0,0,0,7,4,2,1,64,128,16,90,90,52428800,38664142848,737,0.0972512,502.083,397570
57,CUTLASS,gemm,cutlass3x_sm90_tensorop_s64x128x16gemm_f16_f16_f32_f16_f16_128x128x64_2x1x1_0_nnn_align8_warpspecialized_epi_nosmem,passed,success,universal,1152,4096,4096,f16:column,f16:column,f16:column,f16:column,1,0,serial,8,1,heuristic,invalid,invalid,false,false,1,tensorop,f32,128,128,64,2,1,1,0,0,0,7,4,1,1,64,128,16,90,90,52428800,38664142848,737,0.0903523,540.419,427926
57,CUTLASS,gemm,cutlass3x_sm90_tensorop_s64x128x16gemm_f16_f16_f32_f16_f16_128x128x64_2x1x1_0_nnn_align8_warpspecialized_pingpong_epi_tma,passed,success,universal,1152,4096,4096,f16:column,f16:column,f16:column,f16:column,1,0,serial,8,1,heuristic,invalid,invalid,false,false,1,tensorop,f32,128,128,64,2,1,1,0,0,0,6,4,1,1,64,128,16,90,90,52428800,38664142848,737,0.0952938,512.396,405736
57,CUTLASS,gemm,cutlass3x_sm90_tensorop_s64x128x16gemm_f16_f16_f32_f16_f16_128x128x64_2x1x1_0_nnn_align8_warpspecialized_pingpong_epi_nosmem,passed,success,universal,1152,4096,4096,f16:column,f16:column,f16:column,f16:column,1,0,serial,8,1,heuristic,invalid,invalid,false,false,1,tensorop,f32,128,128,64,2,1,1,0,0,0,7,4,1,1,64,128,16,90,90,52428800,38664142848,737,0.0972659,502.007,397510
57,CUTLASS,gemm,cutlass3x_sm90_tensorop_s64x128x16gemm_f16_f16_f32_f16_f16_128x128x64_2x1x1_0_nnn_align8_warpspecialized_cooperative_epi_nosmem,passed,success,universal,1152,4096,4096,f16:column,f16:column,f16:column,f16:column,1,0,serial,8,1,heuristic,invalid,invalid,false,false,1,tensorop,f32,128,128,64,2,1,1,0,0,0,7,4,2,1,64,128,16,90,90,52428800,38664142848,737,0.09732,501.728,397289
57,CUTLASS,gemm,cutlass3x_sm90_tensorop_s64x128x16gemm_f16_f16_f32_f16_f16_128x128x64_2x1x1_0_nnn_align8_warpspecialized_cooperative_epi_tma,passed,success,universal,1152,4096,4096,f16:column,f16:column,f16:column,f16:column,1,0,serial,8,1,heuristic,invalid,invalid,false,false,1,tensorop,f32,128,128,64,2,1,1,0,0,0,6,4,2,1,64,128,16,90,90,52428800,38664142848,737,0.0953821,511.921,405361
57,CUTLASS,gemm,cutlass3x_sm90_tensorop_s64x128x16gemm_f16_f16_f32_f16_f16_128x128x64_2x1x1_0_nnn_align8_stream_k_warpspecialized_cooperative_epi_nosmem,passed,success,universal,1152,4096,4096,f16:column,f16:column,f16:column,f16:column,1,0,serial,8,1,heuristic,invalid,invalid,false,false,1,tensorop,f32,128,128,64,2,1,1,0,0,0,7,4,2,1,64,128,16,90,90,52428800,38664142848,737,0.174035,280.566,222164
57,CUTLASS,gemm,cutlass3x_sm90_tensorop_s64x128x16gemm_f16_f16_f32_f16_f16_128x128x64_2x1x1_0_nnn_align8_stream_k_warpspecialized_cooperative_epi_tma,passed,success,universal,1152,4096,4096,f16:column,f16:column,f16:column,f16:column,1,0,serial,8,1,heuristic,invalid,invalid,false,false,1,tensorop,f32,128,128,64,2,1,1,0,0,0,6,4,2,1,64,128,16,90,90,52428800,38664142848,737,0.172315,283.365,224380
58,CUTLASS,gemm,cutlass_tensorop_f16_s1688gemm_f16_256x128_32x2_nn_align8,passed,success,universal,1280,4096,4096,f16:column,f16:column,f16:column,f16:column,1,0,serial,8,1,heuristic,invalid,invalid,false,false,1,tensorop,f32,256,128,32,1,1,1,0,0,0,2,4,2,1,16,8,8,75,1024,54525952,42960158720,787,0.232335,218.569,184906
58,CUTLASS,gemm,cutlass_tensorop_f16_s16816gemm_f16_256x128_32x3_nn_align8,passed,success,universal,1280,4096,4096,f16:column,f16:column,f16:column,f16:column,1,0,serial,8,1,heuristic,invalid,invalid,false,false,1,tensorop,f32,256,128,32,1,1,1,0,0,0,3,4,2,1,16,8,16,80,1024,54525952,42960158720,787,0.143242,354.514,299913
58,CUTLASS,gemm,cutlass3x_sm90_tensorop_s64x128x16gemm_f16_f16_f32_f16_f16_128x128x64_1x2x1_0_nnn_align8,passed,success,universal,1280,4096,4096,f16:column,f16:column,f16:column,f16:column,1,0,serial,8,1,heuristic,invalid,invalid,false,false,1,tensorop,f32,128,128,64,1,2,1,0,0,0,7,4,2,1,64,128,16,90,90,54525952,42960158720,787,0.0851165,596.609,504722
58,CUTLASS,gemm,cutlass3x_sm90_tensorop_s64x128x16gemm_f16_f16_f32_f16_f16_128x128x64_1x2x1_0_nnn_align8_warpspecialized_epi_nosmem,passed,success,universal,1280,4096,4096,f16:column,f16:column,f16:column,f16:column,1,0,serial,8,1,heuristic,invalid,invalid,false,false,1,tensorop,f32,128,128,64,1,2,1,0,0,0,7,4,1,1,64,128,16,90,90,54525952,42960158720,787,0.0805107,630.739,533596
58,CUTLASS,gemm,cutlass3x_sm90_tensorop_s64x128x16gemm_f16_f16_f32_f16_f16_128x128x64_1x2x1_0_nnn_align8_warpspecialized_pingpong_epi_tma,passed,success,universal,1280,4096,4096,f16:column,f16:column,f16:column,f16:column,1,0,serial,8,1,heuristic,invalid,invalid,false,false,1,tensorop,f32,128,128,64,1,2,1,0,0,0,6,4,1,1,64,128,16,90,90,54525952,42960158720,787,0.0790589,642.322,543394
58,CUTLASS,gemm,cutlass3x_sm90_tensorop_s64x128x16gemm_f16_f16_f32_f16_f16_128x128x64_1x2x1_0_nnn_align8_warpspecialized_pingpong_epi_nosmem,passed,success,universal,1280,4096,4096,f16:column,f16:column,f16:column,f16:column,1,0,serial,8,1,heuristic,invalid,invalid,false,false,1,tensorop,f32,128,128,64,1,2,1,0,0,0,7,4,1,1,64,128,16,90,90,54525952,42960158720,787,0.0812931,624.669,528460
58,CUTLASS,gemm,cutlass3x_sm90_tensorop_s64x128x16gemm_f16_f16_f32_f16_f16_128x128x64_1x2x1_0_nnn_align8_warpspecialized_cooperative_epi_nosmem,passed,success,universal,1280,4096,4096,f16:column,f16:column,f16:column,f16:column,1,0,serial,8,1,heuristic,invalid,invalid,false,false,1,tensorop,f32,128,128,64,1,2,1,0,0,0,7,4,2,1,64,128,16,90,90,54525952,42960158720,787,0.0850269,597.238,505254
58,CUTLASS,gemm,cutlass3x_sm90_tensorop_s64x128x16gemm_f16_f16_f32_f16_f16_128x128x64_1x2x1_0_nnn_align8_warpspecialized_cooperative_epi_tma,passed,success,universal,1280,4096,4096,f16:column,f16:column,f16:column,f16:column,1,0,serial,8,1,heuristic,invalid,invalid,false,false,1,tensorop,f32,128,128,64,1,2,1,0,0,0,6,4,2,1,64,128,16,90,90,54525952,42960158720,787,0.0794662,639.029,540609
58,CUTLASS,gemm,cutlass3x_sm90_tensorop_s64x128x16gemm_f16_f16_f32_f16_f16_128x128x64_1x2x1_0_nnn_align8_stream_k_warpspecialized_cooperative_epi_nosmem,passed,success,universal,1280,4096,4096,f16:column,f16:column,f16:column,f16:column,1,0,serial,8,1,heuristic,invalid,invalid,false,false,1,tensorop,f32,128,128,64,1,2,1,0,0,0,7,4,2,1,64,128,16,90,90,54525952,42960158720,787,0.171461,296.168,250553
58,CUTLASS,gemm,cutlass3x_sm90_tensorop_s64x128x16gemm_f16_f16_f32_f16_f16_128x128x64_1x2x1_0_nnn_align8_stream_k_warpspecialized_cooperative_epi_tma,passed,success,universal,1280,4096,4096,f16:column,f16:column,f16:column,f16:column,1,0,serial,8,1,heuristic,invalid,invalid,false,false,1,tensorop,f32,128,128,64,1,2,1,0,0,0,6,4,2,1,64,128,16,90,90,54525952,42960158720,787,0.172469,294.436,249089
58,CUTLASS,gemm,cutlass3x_sm90_tensorop_s64x128x16gemm_f16_f16_f32_f16_f16_128x128x64_2x1x1_0_nnn_align8,passed,success,universal,1280,4096,4096,f16:column,f16:column,f16:column,f16:column,1,0,serial,8,1,heuristic,invalid,invalid,false,false,1,tensorop,f32,128,128,64,2,1,1,0,0,0,7,4,2,1,64,128,16,90,90,54525952,42960158720,787,0.0831107,611.007,516903
58,CUTLASS,gemm,cutlass3x_sm90_tensorop_s64x128x16gemm_f16_f16_f32_f16_f16_128x128x64_2x1x1_0_nnn_align8_warpspecialized_epi_nosmem,passed,success,universal,1280,4096,4096,f16:column,f16:column,f16:column,f16:column,1,0,serial,8,1,heuristic,invalid,invalid,false,false,1,tensorop,f32,128,128,64,2,1,1,0,0,0,7,4,1,1,64,128,16,90,90,54525952,42960158720,787,0.0832314,610.122,516153
58,CUTLASS,gemm,cutlass3x_sm90_tensorop_s64x128x16gemm_f16_f16_f32_f16_f16_128x128x64_2x1x1_0_nnn_align8_warpspecialized_pingpong_epi_tma,passed,success,universal,1280,4096,4096,f16:column,f16:column,f16:column,f16:column,1,0,serial,8,1,heuristic,invalid,invalid,false,false,1,tensorop,f32,128,128,64,2,1,1,0,0,0,6,4,1,1,64,128,16,90,90,54525952,42960158720,787,0.0768541,660.749,558983
58,CUTLASS,gemm,cutlass3x_sm90_tensorop_s64x128x16gemm_f16_f16_f32_f16_f16_128x128x64_2x1x1_0_nnn_align8_warpspecialized_pingpong_epi_nosmem,passed,success,universal,1280,4096,4096,f16:column,f16:column,f16:column,f16:column,1,0,serial,8,1,heuristic,invalid,invalid,false,false,1,tensorop,f32,128,128,64,2,1,1,0,0,0,7,4,1,1,64,128,16,90,90,54525952,42960158720,787,0.0793325,640.107,541520
58,CUTLASS,gemm,cutlass3x_sm90_tensorop_s64x128x16gemm_f16_f16_f32_f16_f16_128x128x64_2x1x1_0_nnn_align8_warpspecialized_cooperative_epi_nosmem,passed,success,universal,1280,4096,4096,f16:column,f16:column,f16:column,f16:column,1,0,serial,8,1,heuristic,invalid,invalid,false,false,1,tensorop,f32,128,128,64,2,1,1,0,0,0,7,4,2,1,64,128,16,90,90,54525952,42960158720,787,0.0828909,612.628,518274
58,CUTLASS,gemm,cutlass3x_sm90_tensorop_s64x128x16gemm_f16_f16_f32_f16_f16_128x128x64_2x1x1_0_nnn_align8_warpspecialized_cooperative_epi_tma,passed,success,universal,1280,4096,4096,f16:column,f16:column,f16:column,f16:column,1,0,serial,8,1,heuristic,invalid,invalid,false,false,1,tensorop,f32,128,128,64,2,1,1,0,0,0,6,4,2,1,64,128,16,90,90,54525952,42960158720,787,0.0773763,656.289,555211
58,CUTLASS,gemm,cutlass3x_sm90_tensorop_s64x128x16gemm_f16_f16_f32_f16_f16_128x128x64_2x1x1_0_nnn_align8_stream_k_warpspecialized_cooperative_epi_nosmem,passed,success,universal,1280,4096,4096,f16:column,f16:column,f16:column,f16:column,1,0,serial,8,1,heuristic,invalid,invalid,false,false,1,tensorop,f32,128,128,64,2,1,1,0,0,0,7,4,2,1,64,128,16,90,90,54525952,42960158720,787,0.170409,297.996,252100
58,CUTLASS,gemm,cutlass3x_sm90_tensorop_s64x128x16gemm_f16_f16_f32_f16_f16_128x128x64_2x1x1_0_nnn_align8_stream_k_warpspecialized_cooperative_epi_tma,passed,success,universal,1280,4096,4096,f16:column,f16:column,f16:column,f16:column,1,0,serial,8,1,heuristic,invalid,invalid,false,false,1,tensorop,f32,128,128,64,2,1,1,0,0,0,6,4,2,1,64,128,16,90,90,54525952,42960158720,787,0.171689,295.775,250221
59,CUTLASS,gemm,cutlass_tensorop_f16_s1688gemm_f16_256x128_32x2_nn_align8,passed,success,universal,1408,4096,4096,f16:column,f16:column,f16:column,f16:column,1,0,serial,8,1,heuristic,invalid,invalid,false,false,1,tensorop,f32,256,128,32,1,1,1,0,0,0,2,4,2,1,16,8,8,75,1024,56623104,47256174592,834,0.251112,210.004,188188
59,CUTLASS,gemm,cutlass_tensorop_f16_s16816gemm_f16_256x128_32x3_nn_align8,passed,success,universal,1408,4096,4096,f16:column,f16:column,f16:column,f16:column,1,0,serial,8,1,heuristic,invalid,invalid,false,false,1,tensorop,f32,256,128,32,1,1,1,0,0,0,3,4,2,1,16,8,16,80,1024,56623104,47256174592,834,0.156426,337.121,302100
59,CUTLASS,gemm,cutlass3x_sm90_tensorop_s64x128x16gemm_f16_f16_f32_f16_f16_128x128x64_1x2x1_0_nnn_align8,passed,success,universal,1408,4096,4096,f16:column,f16:column,f16:column,f16:column,1,0,serial,8,1,heuristic,invalid,invalid,false,false,1,tensorop,f32,128,128,64,1,2,1,0,0,0,7,4,2,1,64,128,16,90,90,56623104,47256174592,834,0.0849846,620.517,556056
59,CUTLASS,gemm,cutlass3x_sm90_tensorop_s64x128x16gemm_f16_f16_f32_f16_f16_128x128x64_1x2x1_0_nnn_align8_warpspecialized_epi_nosmem,passed,success,universal,1408,4096,4096,f16:column,f16:column,f16:column,f16:column,1,0,serial,8,1,heuristic,invalid,invalid,false,false,1,tensorop,f32,128,128,64,1,2,1,0,0,0,7,4,1,1,64,128,16,90,90,56623104,47256174592,834,0.0827514,637.263,571062
59,CUTLASS,gemm,cutlass3x_sm90_tensorop_s64x128x16gemm_f16_f16_f32_f16_f16_128x128x64_1x2x1_0_nnn_align8_warpspecialized_pingpong_epi_tma,passed,success,universal,1408,4096,4096,f16:column,f16:column,f16:column,f16:column,1,0,serial,8,1,heuristic,invalid,invalid,false,false,1,tensorop,f32,128,128,64,1,2,1,0,0,0,6,4,1,1,64,128,16,90,90,56623104,47256174592,834,0.0799981,659.196,590716
59,CUTLASS,gemm,cutlass3x_sm90_tensorop_s64x128x16gemm_f16_f16_f32_f16_f16_128x128x64_1x2x1_0_nnn_align8_warpspecialized_pingpong_epi_nosmem,passed,success,universal,1408,4096,4096,f16:column,f16:column,f16:column,f16:column,1,0,serial,8,1,heuristic,invalid,invalid,false,false,1,tensorop,f32,128,128,64,1,2,1,0,0,0,7,4,1,1,64,128,16,90,90,56623104,47256174592,834,0.0814874,647.148,579920
59,CUTLASS,gemm,cutlass3x_sm90_tensorop_s64x128x16gemm_f16_f16_f32_f16_f16_128x128x64_1x2x1_0_nnn_align8_warpspecialized_cooperative_epi_nosmem,passed,success,universal,1408,4096,4096,f16:column,f16:column,f16:column,f16:column,1,0,serial,8,1,heuristic,invalid,invalid,false,false,1,tensorop,f32,128,128,64,1,2,1,0,0,0,7,4,2,1,64,128,16,90,90,56623104,47256174592,834,0.0852326,618.711,554438
59,CUTLASS,gemm,cutlass3x_sm90_tensorop_s64x128x16gemm_f16_f16_f32_f16_f16_128x128x64_1x2x1_0_nnn_align8_warpspecialized_cooperative_epi_tma,passed,success,universal,1408,4096,4096,f16:column,f16:column,f16:column,f16:column,1,0,serial,8,1,heuristic,invalid,invalid,false,false,1,tensorop,f32,128,128,64,1,2,1,0,0,0,6,4,2,1,64,128,16,90,90,56623104,47256174592,834,0.079841,660.493,591879
59,CUTLASS,gemm,cutlass3x_sm90_tensorop_s64x128x16gemm_f16_f16_f32_f16_f16_128x128x64_1x2x1_0_nnn_align8_stream_k_warpspecialized_cooperative_epi_nosmem,passed,success,universal,1408,4096,4096,f16:column,f16:column,f16:column,f16:column,1,0,serial,8,1,heuristic,invalid,invalid,false,false,1,tensorop,f32,128,128,64,1,2,1,0,0,0,7,4,2,1,64,128,16,90,90,56623104,47256174592,834,0.188734,279.411,250385
59,CUTLASS,gemm,cutlass3x_sm90_tensorop_s64x128x16gemm_f16_f16_f32_f16_f16_128x128x64_1x2x1_0_nnn_align8_stream_k_warpspecialized_cooperative_epi_tma,passed,success,universal,1408,4096,4096,f16:column,f16:column,f16:column,f16:column,1,0,serial,8,1,heuristic,invalid,invalid,false,false,1,tensorop,f32,128,128,64,1,2,1,0,0,0,6,4,2,1,64,128,16,90,90,56623104,47256174592,834,0.188938,279.11,250115
59,CUTLASS,gemm,cutlass3x_sm90_tensorop_s64x128x16gemm_f16_f16_f32_f16_f16_128x128x64_2x1x1_0_nnn_align8,passed,success,universal,1408,4096,4096,f16:column,f16:column,f16:column,f16:column,1,0,serial,8,1,heuristic,invalid,invalid,false,false,1,tensorop,f32,128,128,64,2,1,1,0,0,0,7,4,2,1,64,128,16,90,90,56623104,47256174592,834,0.108484,486.102,435604
59,CUTLASS,gemm,cutlass3x_sm90_tensorop_s64x128x16gemm_f16_f16_f32_f16_f16_128x128x64_2x1x1_0_nnn_align8_warpspecialized_epi_nosmem,passed,success,universal,1408,4096,4096,f16:column,f16:column,f16:column,f16:column,1,0,serial,8,1,heuristic,invalid,invalid,false,false,1,tensorop,f32,128,128,64,2,1,1,0,0,0,7,4,1,1,64,128,16,90,90,56623104,47256174592,834,0.101012,522.06,467827
59,CUTLASS,gemm,cutlass3x_sm90_tensorop_s64x128x16gemm_f16_f16_f32_f16_f16_128x128x64_2x1x1_0_nnn_align8_warpspecialized_pingpong_epi_tma,passed,success,universal,1408,4096,4096,f16:column,f16:column,f16:column,f16:column,1,0,serial,8,1,heuristic,invalid,invalid,false,false,1,tensorop,f32,128,128,64,2,1,1,0,0,0,6,4,1,1,64,128,16,90,90,56623104,47256174592,834,0.105435,500.159,448201
59,CUTLASS,gemm,cutlass3x_sm90_tensorop_s64x128x16gemm_f16_f16_f32_f16_f16_128x128x64_2x1x1_0_nnn_align8_warpspecialized_pingpong_epi_nosmem,passed,success,universal,1408,4096,4096,f16:column,f16:column,f16:column,f16:column,1,0,serial,8,1,heuristic,invalid,invalid,false,false,1,tensorop,f32,128,128,64,2,1,1,0,0,0,7,4,1,1,64,128,16,90,90,56623104,47256174592,834,0.108041,488.098,437393
59,CUTLASS,gemm,cutlass3x_sm90_tensorop_s64x128x16gemm_f16_f16_f32_f16_f16_128x128x64_2x1x1_0_nnn_align8_warpspecialized_cooperative_epi_nosmem,passed,success,universal,1408,4096,4096,f16:column,f16:column,f16:column,f16:column,1,0,serial,8,1,heuristic,invalid,invalid,false,false,1,tensorop,f32,128,128,64,2,1,1,0,0,0,7,4,2,1,64,128,16,90,90,56623104,47256174592,834,0.109197,482.93,432762
59,CUTLASS,gemm,cutlass3x_sm90_tensorop_s64x128x16gemm_f16_f16_f32_f16_f16_128x128x64_2x1x1_0_nnn_align8_warpspecialized_cooperative_epi_tma,passed,success,universal,1408,4096,4096,f16:column,f16:column,f16:column,f16:column,1,0,serial,8,1,heuristic,invalid,invalid,false,false,1,tensorop,f32,128,128,64,2,1,1,0,0,0,6,4,2,1,64,128,16,90,90,56623104,47256174592,834,0.103922,507.444,454729
59,CUTLASS,gemm,cutlass3x_sm90_tensorop_s64x128x16gemm_f16_f16_f32_f16_f16_128x128x64_2x1x1_0_nnn_align8_stream_k_warpspecialized_cooperative_epi_nosmem,passed,success,universal,1408,4096,4096,f16:column,f16:column,f16:column,f16:column,1,0,serial,8,1,heuristic,invalid,invalid,false,false,1,tensorop,f32,128,128,64,2,1,1,0,0,0,7,4,2,1,64,128,16,90,90,56623104,47256174592,834,0.204577,257.772,230994
59,CUTLASS,gemm,cutlass3x_sm90_tensorop_s64x128x16gemm_f16_f16_f32_f16_f16_128x128x64_2x1x1_0_nnn_align8_stream_k_warpspecialized_cooperative_epi_tma,passed,success,universal,1408,4096,4096,f16:column,f16:column,f16:column,f16:column,1,0,serial,8,1,heuristic,invalid,invalid,false,false,1,tensorop,f32,128,128,64,2,1,1,0,0,0,6,4,2,1,64,128,16,90,90,56623104,47256174592,834,0.205758,256.293,229668
60,CUTLASS,gemm,cutlass_tensorop_f16_s1688gemm_f16_256x128_32x2_nn_align8,passed,success,universal,1536,4096,4096,f16:column,f16:column,f16:column,f16:column,1,0,serial,8,1,heuristic,invalid,invalid,false,false,1,tensorop,f32,256,128,32,1,1,1,0,0,0,2,4,2,1,16,8,8,75,1024,58720256,51552190464,877,0.270872,201.894,190320
60,CUTLASS,gemm,cutlass_tensorop_f16_s16816gemm_f16_256x128_32x3_nn_align8,passed,success,universal,1536,4096,4096,f16:column,f16:column,f16:column,f16:column,1,0,serial,8,1,heuristic,invalid,invalid,false,false,1,tensorop,f32,256,128,32,1,1,1,0,0,0,3,4,2,1,16,8,16,80,1024,58720256,51552190464,877,0.170719,320.336,301971
60,CUTLASS,gemm,cutlass3x_sm90_tensorop_s64x128x16gemm_f16_f16_f32_f16_f16_128x128x64_1x2x1_0_nnn_align8,passed,success,universal,1536,4096,4096,f16:column,f16:column,f16:column,f16:column,1,0,serial,8,1,heuristic,invalid,invalid,false,false,1,tensorop,f32,128,128,64,1,2,1,0,0,0,7,4,2,1,64,128,16,90,90,58720256,51552190464,877,0.0871757,627.325,591360
60,CUTLASS,gemm,cutlass3x_sm90_tensorop_s64x128x16gemm_f16_f16_f32_f16_f16_128x128x64_1x2x1_0_nnn_align8_warpspecialized_epi_nosmem,passed,success,universal,1536,4096,4096,f16:column,f16:column,f16:column,f16:column,1,0,serial,8,1,heuristic,invalid,invalid,false,false,1,tensorop,f32,128,128,64,1,2,1,0,0,0,7,4,1,1,64,128,16,90,90,58720256,51552190464,877,0.0860163,635.781,599330
60,CUTLASS,gemm,cutlass3x_sm90_tensorop_s64x128x16gemm_f16_f16_f32_f16_f16_128x128x64_1x2x1_0_nnn_align8_warpspecialized_pingpong_epi_tma,passed,success,universal,1536,4096,4096,f16:column,f16:column,f16:column,f16:column,1,0,serial,8,1,heuristic,invalid,invalid,false,false,1,tensorop,f32,128,128,64,1,2,1,0,0,0,6,4,1,1,64,128,16,90,90,58720256,51552190464,877,0.0822547,664.855,626738
60,CUTLASS,gemm,cutlass3x_sm90_tensorop_s64x128x16gemm_f16_f16_f32_f16_f16_128x128x64_1x2x1_0_nnn_align8_warpspecialized_pingpong_epi_nosmem,passed,success,universal,1536,4096,4096,f16:column,f16:column,f16:column,f16:column,1,0,serial,8,1,heuristic,invalid,invalid,false,false,1,tensorop,f32,128,128,64,1,2,1,0,0,0,7,4,1,1,64,128,16,90,90,58720256,51552190464,877,0.0843344,648.46,611283
60,CUTLASS,gemm,cutlass3x_sm90_tensorop_s64x128x16gemm_f16_f16_f32_f16_f16_128x128x64_1x2x1_0_nnn_align8_warpspecialized_cooperative_epi_nosmem,passed,success,universal,1536,4096,4096,f16:column,f16:column,f16:column,f16:column,1,0,serial,8,1,heuristic,invalid,invalid,false,false,1,tensorop,f32,128,128,64,1,2,1,0,0,0,7,4,2,1,64,128,16,90,90,58720256,51552190464,877,0.0874477,625.374,589520
60,CUTLASS,gemm,cutlass3x_sm90_tensorop_s64x128x16gemm_f16_f16_f32_f16_f16_128x128x64_1x2x1_0_nnn_align8_warpspecialized_cooperative_epi_tma,passed,success,universal,1536,4096,4096,f16:column,f16:column,f16:column,f16:column,1,0,serial,8,1,heuristic,invalid,invalid,false,false,1,tensorop,f32,128,128,64,1,2,1,0,0,0,6,4,2,1,64,128,16,90,90,58720256,51552190464,877,0.0820326,666.655,628435
60,CUTLASS,gemm,cutlass3x_sm90_tensorop_s64x128x16gemm_f16_f16_f32_f16_f16_128x128x64_1x2x1_0_nnn_align8_stream_k_warpspecialized_cooperative_epi_nosmem,passed,success,universal,1536,4096,4096,f16:column,f16:column,f16:column,f16:column,1,0,serial,8,1,heuristic,invalid,invalid,false,false,1,tensorop,f32,128,128,64,1,2,1,0,0,0,7,4,2,1,64,128,16,90,90,58720256,51552190464,877,0.205896,265.607,250379
60,CUTLASS,gemm,cutlass3x_sm90_tensorop_s64x128x16gemm_f16_f16_f32_f16_f16_128x128x64_1x2x1_0_nnn_align8_stream_k_warpspecialized_cooperative_epi_tma,passed,success,universal,1536,4096,4096,f16:column,f16:column,f16:column,f16:column,1,0,serial,8,1,heuristic,invalid,invalid,false,false,1,tensorop,f32,128,128,64,1,2,1,0,0,0,6,4,2,1,64,128,16,90,90,58720256,51552190464,877,0.206643,264.648,249475
60,CUTLASS,gemm,cutlass3x_sm90_tensorop_s64x128x16gemm_f16_f16_f32_f16_f16_128x128x64_2x1x1_0_nnn_align8,passed,success,universal,1536,4096,4096,f16:column,f16:column,f16:column,f16:column,1,0,serial,8,1,heuristic,invalid,invalid,false,false,1,tensorop,f32,128,128,64,2,1,1,0,0,0,7,4,2,1,64,128,16,90,90,58720256,51552190464,877,0.0854826,639.75,603073
60,CUTLASS,gemm,cutlass3x_sm90_tensorop_s64x128x16gemm_f16_f16_f32_f16_f16_128x128x64_2x1x1_0_nnn_align8_warpspecialized_epi_nosmem,passed,success,universal,1536,4096,4096,f16:column,f16:column,f16:column,f16:column,1,0,serial,8,1,heuristic,invalid,invalid,false,false,1,tensorop,f32,128,128,64,2,1,1,0,0,0,7,4,1,1,64,128,16,90,90,58720256,51552190464,877,0.0904995,604.285,569641
60,CUTLASS,gemm,cutlass3x_sm90_tensorop_s64x128x16gemm_f16_f16_f32_f16_f16_128x128x64_2x1x1_0_nnn_align8_warpspecialized_pingpong_epi_tma,passed,success,universal,1536,4096,4096,f16:column,f16:column,f16:column,f16:column,1,0,serial,8,1,heuristic,invalid,invalid,false,false,1,tensorop,f32,128,128,64,2,1,1,0,0,0,6,4,1,1,64,128,16,90,90,58720256,51552190464,877,0.0789741,692.474,652774
60,CUTLASS,gemm,cutlass3x_sm90_tensorop_s64x128x16gemm_f16_f16_f32_f16_f16_128x128x64_2x1x1_0_nnn_align8_warpspecialized_pingpong_epi_nosmem,passed,success,universal,1536,4096,4096,f16:column,f16:column,f16:column,f16:column,1,0,serial,8,1,heuristic,invalid,invalid,false,false,1,tensorop,f32,128,128,64,2,1,1,0,0,0,7,4,1,1,64,128,16,90,90,58720256,51552190464,877,0.0820368,666.622,628403
60,CUTLASS,gemm,cutlass3x_sm90_tensorop_s64x128x16gemm_f16_f16_f32_f16_f16_128x128x64_2x1x1_0_nnn_align8_warpspecialized_cooperative_epi_nosmem,passed,success,universal,1536,4096,4096,f16:column,f16:column,f16:column,f16:column,1,0,serial,8,1,heuristic,invalid,invalid,false,false,1,tensorop,f32,128,128,64,2,1,1,0,0,0,7,4,2,1,64,128,16,90,90,58720256,51552190464,877,0.0848762,644.321,607381
60,CUTLASS,gemm,cutlass3x_sm90_tensorop_s64x128x16gemm_f16_f16_f32_f16_f16_128x128x64_2x1x1_0_nnn_align8_warpspecialized_cooperative_epi_tma,passed,success,universal,1536,4096,4096,f16:column,f16:column,f16:column,f16:column,1,0,serial,8,1,heuristic,invalid,invalid,false,false,1,tensorop,f32,128,128,64,2,1,1,0,0,0,6,4,2,1,64,128,16,90,90,58720256,51552190464,877,0.079584,687.167,647771
60,CUTLASS,gemm,cutlass3x_sm90_tensorop_s64x128x16gemm_f16_f16_f32_f16_f16_128x128x64_2x1x1_0_nnn_align8_stream_k_warpspecialized_cooperative_epi_nosmem,passed,success,universal,1536,4096,4096,f16:column,f16:column,f16:column,f16:column,1,0,serial,8,1,heuristic,invalid,invalid,false,false,1,tensorop,f32,128,128,64,2,1,1,0,0,0,7,4,2,1,64,128,16,90,90,58720256,51552190464,877,0.205142,266.584,251300
60,CUTLASS,gemm,cutlass3x_sm90_tensorop_s64x128x16gemm_f16_f16_f32_f16_f16_128x128x64_2x1x1_0_nnn_align8_stream_k_warpspecialized_cooperative_epi_tma,passed,success,universal,1536,4096,4096,f16:column,f16:column,f16:column,f16:column,1,0,serial,8,1,heuristic,invalid,invalid,false,false,1,tensorop,f32,128,128,64,2,1,1,0,0,0,6,4,2,1,64,128,16,90,90,58720256,51552190464,877,0.206409,264.948,249758
61,CUTLASS,gemm,cutlass_tensorop_f16_s1688gemm_f16_256x128_32x2_nn_align8,passed,success,universal,1664,4096,4096,f16:column,f16:column,f16:column,f16:column,1,0,serial,8,1,heuristic,invalid,invalid,false,false,1,tensorop,f32,256,128,32,1,1,1,0,0,0,2,4,2,1,16,8,8,75,1024,60817408,55848206336,918,0.296196,191.227,188551
61,CUTLASS,gemm,cutlass_tensorop_f16_s16816gemm_f16_256x128_32x3_nn_align8,passed,success,universal,1664,4096,4096,f16:column,f16:column,f16:column,f16:column,1,0,serial,8,1,heuristic,invalid,invalid,false,false,1,tensorop,f32,256,128,32,1,1,1,0,0,0,3,4,2,1,16,8,16,80,1024,60817408,55848206336,918,0.18465,306.746,302455
61,CUTLASS,gemm,cutlass3x_sm90_tensorop_s64x128x16gemm_f16_f16_f32_f16_f16_128x128x64_1x2x1_0_nnn_align8,passed,success,universal,1664,4096,4096,f16:column,f16:column,f16:column,f16:column,1,0,serial,8,1,heuristic,invalid,invalid,false,false,1,tensorop,f32,128,128,64,1,2,1,0,0,0,7,4,2,1,64,128,16,90,90,60817408,55848206336,918,0.112321,504.275,497220
61,CUTLASS,gemm,cutlass3x_sm90_tensorop_s64x128x16gemm_f16_f16_f32_f16_f16_128x128x64_1x2x1_0_nnn_align8_warpspecialized_epi_nosmem,passed,success,universal,1664,4096,4096,f16:column,f16:column,f16:column,f16:column,1,0,serial,8,1,heuristic,invalid,invalid,false,false,1,tensorop,f32,128,128,64,1,2,1,0,0,0,7,4,1,1,64,128,16,90,90,60817408,55848206336,918,0.0971894,582.786,574632
61,CUTLASS,gemm,cutlass3x_sm90_tensorop_s64x128x16gemm_f16_f16_f32_f16_f16_128x128x64_1x2x1_0_nnn_align8_warpspecialized_pingpong_epi_tma,passed,success,universal,1664,4096,4096,f16:column,f16:column,f16:column,f16:column,1,0,serial,8,1,heuristic,invalid,invalid,false,false,1,tensorop,f32,128,128,64,1,2,1,0,0,0,6,4,1,1,64,128,16,90,90,60817408,55848206336,918,0.104267,543.226,535626
61,CUTLASS,gemm,cutlass3x_sm90_tensorop_s64x128x16gemm_f16_f16_f32_f16_f16_128x128x64_1x2x1_0_nnn_align8_warpspecialized_pingpong_epi_nosmem,passed,success,universal,1664,4096,4096,f16:column,f16:column,f16:column,f16:column,1,0,serial,8,1,heuristic,invalid,invalid,false,false,1,tensorop,f32,128,128,64,1,2,1,0,0,0,7,4,1,1,64,128,16,90,90,60817408,55848206336,918,0.106943,529.634,522224
61,CUTLASS,gemm,cutlass3x_sm90_tensorop_s64x128x16gemm_f16_f16_f32_f16_f16_128x128x64_1x2x1_0_nnn_align8_warpspecialized_cooperative_epi_nosmem,passed,success,universal,1664,4096,4096,f16:column,f16:column,f16:column,f16:column,1,0,serial,8,1,heuristic,invalid,invalid,false,false,1,tensorop,f32,128,128,64,1,2,1,0,0,0,7,4,2,1,64,128,16,90,90,60817408,55848206336,918,0.112143,505.073,498007
61,CUTLASS,gemm,cutlass3x_sm90_tensorop_s64x128x16gemm_f16_f16_f32_f16_f16_128x128x64_1x2x1_0_nnn_align8_warpspecialized_cooperative_epi_tma,passed,success,universal,1664,4096,4096,f16:column,f16:column,f16:column,f16:column,1,0,serial,8,1,heuristic,invalid,invalid,false,false,1,tensorop,f32,128,128,64,1,2,1,0,0,0,6,4,2,1,64,128,16,90,90,60817408,55848206336,918,0.10515,538.666,531130
61,CUTLASS,gemm,cutlass3x_sm90_tensorop_s64x128x16gemm_f16_f16_f32_f16_f16_128x128x64_1x2x1_0_nnn_align8_stream_k_warpspecialized_cooperative_epi_nosmem,passed,success,universal,1664,4096,4096,f16:column,f16:column,f16:column,f16:column,1,0,serial,8,1,heuristic,invalid,invalid,false,false,1,tensorop,f32,128,128,64,1,2,1,0,0,0,7,4,2,1,64,128,16,90,90,60817408,55848206336,918,0.22436,252.454,248922
61,CUTLASS,gemm,cutlass3x_sm90_tensorop_s64x128x16gemm_f16_f16_f32_f16_f16_128x128x64_1x2x1_0_nnn_align8_stream_k_warpspecialized_cooperative_epi_tma,passed,success,universal,1664,4096,4096,f16:column,f16:column,f16:column,f16:column,1,0,serial,8,1,heuristic,invalid,invalid,false,false,1,tensorop,f32,128,128,64,1,2,1,0,0,0,6,4,2,1,64,128,16,90,90,60817408,55848206336,918,0.225349,251.346,247830
61,CUTLASS,gemm,cutlass3x_sm90_tensorop_s64x128x16gemm_f16_f16_f32_f16_f16_128x128x64_2x1x1_0_nnn_align8,passed,success,universal,1664,4096,4096,f16:column,f16:column,f16:column,f16:column,1,0,serial,8,1,heuristic,invalid,invalid,false,false,1,tensorop,f32,128,128,64,2,1,1,0,0,0,7,4,2,1,64,128,16,90,90,60817408,55848206336,918,0.122305,463.109,456630
61,CUTLASS,gemm,cutlass3x_sm90_tensorop_s64x128x16gemm_f16_f16_f32_f16_f16_128x128x64_2x1x1_0_nnn_align8_warpspecialized_epi_nosmem,passed,success,universal,1664,4096,4096,f16:column,f16:column,f16:column,f16:column,1,0,serial,8,1,heuristic,invalid,invalid,false,false,1,tensorop,f32,128,128,64,2,1,1,0,0,0,7,4,1,1,64,128,16,90,90,60817408,55848206336,918,0.118429,478.265,471574
61,CUTLASS,gemm,cutlass3x_sm90_tensorop_s64x128x16gemm_f16_f16_f32_f16_f16_128x128x64_2x1x1_0_nnn_align8_warpspecialized_pingpong_epi_tma,passed,success,universal,1664,4096,4096,f16:column,f16:column,f16:column,f16:column,1,0,serial,8,1,heuristic,invalid,invalid,false,false,1,tensorop,f32,128,128,64,2,1,1,0,0,0,6,4,1,1,64,128,16,90,90,60817408,55848206336,918,0.117795,480.842,474115
61,CUTLASS,gemm,cutlass3x_sm90_tensorop_s64x128x16gemm_f16_f16_f32_f16_f16_128x128x64_2x1x1_0_nnn_align8_warpspecialized_pingpong_epi_nosmem,passed,success,universal,1664,4096,4096,f16:column,f16:column,f16:column,f16:column,1,0,serial,8,1,heuristic,invalid,invalid,false,false,1,tensorop,f32,128,128,64,2,1,1,0,0,0,7,4,1,1,64,128,16,90,90,60817408,55848206336,918,0.121279,467.027,460493
61,CUTLASS,gemm,cutlass3x_sm90_tensorop_s64x128x16gemm_f16_f16_f32_f16_f16_128x128x64_2x1x1_0_nnn_align8_warpspecialized_cooperative_epi_nosmem,passed,success,universal,1664,4096,4096,f16:column,f16:column,f16:column,f16:column,1,0,serial,8,1,heuristic,invalid,invalid,false,false,1,tensorop,f32,128,128,64,2,1,1,0,0,0,7,4,2,1,64,128,16,90,90,60817408,55848206336,918,0.122708,461.587,455129
61,CUTLASS,gemm,cutlass3x_sm90_tensorop_s64x128x16gemm_f16_f16_f32_f16_f16_128x128x64_2x1x1_0_nnn_align8_warpspecialized_cooperative_epi_tma,passed,success,universal,1664,4096,4096,f16:column,f16:column,f16:column,f16:column,1,0,serial,8,1,heuristic,invalid,invalid,false,false,1,tensorop,f32,128,128,64,2,1,1,0,0,0,6,4,2,1,64,128,16,90,90,60817408,55848206336,918,0.117487,482.102,475358
61,CUTLASS,gemm,cutlass3x_sm90_tensorop_s64x128x16gemm_f16_f16_f32_f16_f16_128x128x64_2x1x1_0_nnn_align8_stream_k_warpspecialized_cooperative_epi_nosmem,passed,success,universal,1664,4096,4096,f16:column,f16:column,f16:column,f16:column,1,0,serial,8,1,heuristic,invalid,invalid,false,false,1,tensorop,f32,128,128,64,2,1,1,0,0,0,7,4,2,1,64,128,16,90,90,60817408,55848206336,918,0.237333,238.655,235316
61,CUTLASS,gemm,cutlass3x_sm90_tensorop_s64x128x16gemm_f16_f16_f32_f16_f16_128x128x64_2x1x1_0_nnn_align8_stream_k_warpspecialized_cooperative_epi_tma,passed,success,universal,1664,4096,4096,f16:column,f16:column,f16:column,f16:column,1,0,serial,8,1,heuristic,invalid,invalid,false,false,1,tensorop,f32,128,128,64,2,1,1,0,0,0,6,4,2,1,64,128,16,90,90,60817408,55848206336,918,0.237886,238.099,234768
62,CUTLASS,gemm,cutlass_tensorop_f16_s1688gemm_f16_256x128_32x2_nn_align8,passed,success,universal,1792,4096,4096,f16:column,f16:column,f16:column,f16:column,1,0,serial,8,1,heuristic,invalid,invalid,false,false,1,tensorop,f32,256,128,32,1,1,1,0,0,0,2,4,2,1,16,8,8,75,1024,62914560,60144222208,955,0.318518,183.957,188825
62,CUTLASS,gemm,cutlass_tensorop_f16_s16816gemm_f16_256x128_32x3_nn_align8,passed,success,universal,1792,4096,4096,f16:column,f16:column,f16:column,f16:column,1,0,serial,8,1,heuristic,invalid,invalid,false,false,1,tensorop,f32,256,128,32,1,1,1,0,0,0,3,4,2,1,16,8,16,80,1024,62914560,60144222208,955,0.200575,292.128,299858
62,CUTLASS,gemm,cutlass3x_sm90_tensorop_s64x128x16gemm_f16_f16_f32_f16_f16_128x128x64_1x2x1_0_nnn_align8,passed,success,universal,1792,4096,4096,f16:column,f16:column,f16:column,f16:column,1,0,serial,8,1,heuristic,invalid,invalid,false,false,1,tensorop,f32,128,128,64,1,2,1,0,0,0,7,4,2,1,64,128,16,90,90,62914560,60144222208,955,0.113971,514.113,527717
62,CUTLASS,gemm,cutlass3x_sm90_tensorop_s64x128x16gemm_f16_f16_f32_f16_f16_128x128x64_1x2x1_0_nnn_align8_warpspecialized_epi_nosmem,passed,success,universal,1792,4096,4096,f16:column,f16:column,f16:column,f16:column,1,0,serial,8,1,heuristic,invalid,invalid,false,false,1,tensorop,f32,128,128,64,1,2,1,0,0,0,7,4,1,1,64,128,16,90,90,62914560,60144222208,955,0.108344,540.814,555124
62,CUTLASS,gemm,cutlass3x_sm90_tensorop_s64x128x16gemm_f16_f16_f32_f16_f16_128x128x64_1x2x1_0_nnn_align8_warpspecialized_pingpong_epi_tma,passed,success,universal,1792,4096,4096,f16:column,f16:column,f16:column,f16:column,1,0,serial,8,1,heuristic,invalid,invalid,false,false,1,tensorop,f32,128,128,64,1,2,1,0,0,0,6,4,1,1,64,128,16,90,90,62914560,60144222208,955,0.103434,566.485,581475
62,CUTLASS,gemm,cutlass3x_sm90_tensorop_s64x128x16gemm_f16_f16_f32_f16_f16_128x128x64_1x2x1_0_nnn_align8_warpspecialized_pingpong_epi_nosmem,passed,success,universal,1792,4096,4096,f16:column,f16:column,f16:column,f16:column,1,0,serial,8,1,heuristic,invalid,invalid,false,false,1,tensorop,f32,128,128,64,1,2,1,0,0,0,7,4,1,1,64,128,16,90,90,62914560,60144222208,955,0.107075,547.224,561704
62,CUTLASS,gemm,cutlass3x_sm90_tensorop_s64x128x16gemm_f16_f16_f32_f16_f16_128x128x64_1x2x1_0_nnn_align8_warpspecialized_cooperative_epi_nosmem,passed,success,universal,1792,4096,4096,f16:column,f16:column,f16:column,f16:column,1,0,serial,8,1,heuristic,invalid,invalid,false,false,1,tensorop,f32,128,128,64,1,2,1,0,0,0,7,4,2,1,64,128,16,90,90,62914560,60144222208,955,0.112907,518.958,532690
62,CUTLASS,gemm,cutlass3x_sm90_tensorop_s64x128x16gemm_f16_f16_f32_f16_f16_128x128x64_1x2x1_0_nnn_align8_warpspecialized_cooperative_epi_tma,passed,success,universal,1792,4096,4096,f16:column,f16:column,f16:column,f16:column,1,0,serial,8,1,heuristic,invalid,invalid,false,false,1,tensorop,f32,128,128,64,1,2,1,0,0,0,6,4,2,1,64,128,16,90,90,62914560,60144222208,955,0.105404,555.896,570606
62,CUTLASS,gemm,cutlass3x_sm90_tensorop_s64x128x16gemm_f16_f16_f32_f16_f16_128x128x64_1x2x1_0_nnn_align8_stream_k_warpspecialized_cooperative_epi_nosmem,passed,success,universal,1792,4096,4096,f16:column,f16:column,f16:column,f16:column,1,0,serial,8,1,heuristic,invalid,invalid,false,false,1,tensorop,f32,128,128,64,1,2,1,0,0,0,7,4,2,1,64,128,16,90,90,62914560,60144222208,955,0.237861,246.336,252855
62,CUTLASS,gemm,cutlass3x_sm90_tensorop_s64x128x16gemm_f16_f16_f32_f16_f16_128x128x64_1x2x1_0_nnn_align8_stream_k_warpspecialized_cooperative_epi_tma,passed,success,universal,1792,4096,4096,f16:column,f16:column,f16:column,f16:column,1,0,serial,8,1,heuristic,invalid,invalid,false,false,1,tensorop,f32,128,128,64,1,2,1,0,0,0,6,4,2,1,64,128,16,90,90,62914560,60144222208,955,0.237096,247.131,253670
62,CUTLASS,gemm,cutlass3x_sm90_tensorop_s64x128x16gemm_f16_f16_f32_f16_f16_128x128x64_2x1x1_0_nnn_align8,passed,success,universal,1792,4096,4096,f16:column,f16:column,f16:column,f16:column,1,0,serial,8,1,heuristic,invalid,invalid,false,false,1,tensorop,f32,128,128,64,2,1,1,0,0,0,7,4,2,1,64,128,16,90,90,62914560,60144222208,955,0.111303,526.434,540365
62,CUTLASS,gemm,cutlass3x_sm90_tensorop_s64x128x16gemm_f16_f16_f32_f16_f16_128x128x64_2x1x1_0_nnn_align8_warpspecialized_epi_nosmem,passed,success,universal,1792,4096,4096,f16:column,f16:column,f16:column,f16:column,1,0,serial,8,1,heuristic,invalid,invalid,false,false,1,tensorop,f32,128,128,64,2,1,1,0,0,0,7,4,1,1,64,128,16,90,90,62914560,60144222208,955,0.114704,510.826,524343
62,CUTLASS,gemm,cutlass3x_sm90_tensorop_s64x128x16gemm_f16_f16_f32_f16_f16_128x128x64_2x1x1_0_nnn_align8_warpspecialized_pingpong_epi_tma,passed,success,universal,1792,4096,4096,f16:column,f16:column,f16:column,f16:column,1,0,serial,8,1,heuristic,invalid,invalid,false,false,1,tensorop,f32,128,128,64,2,1,1,0,0,0,6,4,1,1,64,128,16,90,90,62914560,60144222208,955,0.100872,580.872,596243
62,CUTLASS,gemm,cutlass3x_sm90_tensorop_s64x128x16gemm_f16_f16_f32_f16_f16_128x128x64_2x1x1_0_nnn_align8_warpspecialized_pingpong_epi_nosmem,passed,success,universal,1792,4096,4096,f16:column,f16:column,f16:column,f16:column,1,0,serial,8,1,heuristic,invalid,invalid,false,false,1,tensorop,f32,128,128,64,2,1,1,0,0,0,7,4,1,1,64,128,16,90,90,62914560,60144222208,955,0.105238,556.772,571505
62,CUTLASS,gemm,cutlass3x_sm90_tensorop_s64x128x16gemm_f16_f16_f32_f16_f16_128x128x64_2x1x1_0_nnn_align8_warpspecialized_cooperative_epi_nosmem,passed,success,universal,1792,4096,4096,f16:column,f16:column,f16:column,f16:column,1,0,serial,8,1,heuristic,invalid,invalid,false,false,1,tensorop,f32,128,128,64,2,1,1,0,0,0,7,4,2,1,64,128,16,90,90,62914560,60144222208,955,0.111061,527.58,541540
62,CUTLASS,gemm,cutlass3x_sm90_tensorop_s64x128x16gemm_f16_f16_f32_f16_f16_128x128x64_2x1x1_0_nnn_align8_warpspecialized_cooperative_epi_tma,passed,success,universal,1792,4096,4096,f16:column,f16:column,f16:column,f16:column,1,0,serial,8,1,heuristic,invalid,invalid,false,false,1,tensorop,f32,128,128,64,2,1,1,0,0,0,6,4,2,1,64,128,16,90,90,62914560,60144222208,955,0.101842,575.338,590563
62,CUTLASS,gemm,cutlass3x_sm90_tensorop_s64x128x16gemm_f16_f16_f32_f16_f16_128x128x64_2x1x1_0_nnn_align8_stream_k_warpspecialized_cooperative_epi_nosmem,passed,success,universal,1792,4096,4096,f16:column,f16:column,f16:column,f16:column,1,0,serial,8,1,heuristic,invalid,invalid,false,false,1,tensorop,f32,128,128,64,2,1,1,0,0,0,7,4,2,1,64,128,16,90,90,62914560,60144222208,955,0.235917,248.366,254938
62,CUTLASS,gemm,cutlass3x_sm90_tensorop_s64x128x16gemm_f16_f16_f32_f16_f16_128x128x64_2x1x1_0_nnn_align8_stream_k_warpspecialized_cooperative_epi_tma,passed,success,universal,1792,4096,4096,f16:column,f16:column,f16:column,f16:column,1,0,serial,8,1,heuristic,invalid,invalid,false,false,1,tensorop,f32,128,128,64,2,1,1,0,0,0,6,4,2,1,64,128,16,90,90,62914560,60144222208,955,0.236816,247.423,253971
63,CUTLASS,gemm,cutlass_tensorop_f16_s1688gemm_f16_256x128_32x2_nn_align8,passed,success,universal,1920,4096,4096,f16:column,f16:column,f16:column,f16:column,1,0,serial,8,1,heuristic,invalid,invalid,false,false,1,tensorop,f32,256,128,32,1,1,1,0,0,0,2,4,2,1,16,8,8,75,1024,65011712,64440238080,991,0.338283,178.983,190492
63,CUTLASS,gemm,cutlass_tensorop_f16_s16816gemm_f16_256x128_32x3_nn_align8,passed,success,universal,1920,4096,4096,f16:column,f16:column,f16:column,f16:column,1,0,serial,8,1,heuristic,invalid,invalid,false,false,1,tensorop,f32,256,128,32,1,1,1,0,0,0,3,4,2,1,16,8,16,80,1024,65011712,64440238080,991,0.216138,280.131,298144
63,CUTLASS,gemm,cutlass3x_sm90_tensorop_s64x128x16gemm_f16_f16_f32_f16_f16_128x128x64_1x2x1_0_nnn_align8,passed,success,universal,1920,4096,4096,f16:column,f16:column,f16:column,f16:column,1,0,serial,8,1,heuristic,invalid,invalid,false,false,1,tensorop,f32,128,128,64,1,2,1,0,0,0,7,4,2,1,64,128,16,90,90,65011712,64440238080,991,0.110252,549.169,584482
63,CUTLASS,gemm,cutlass3x_sm90_tensorop_s64x128x16gemm_f16_f16_f32_f16_f16_128x128x64_1x2x1_0_nnn_align8_warpspecialized_epi_nosmem,passed,success,universal,1920,4096,4096,f16:column,f16:column,f16:column,f16:column,1,0,serial,8,1,heuristic,invalid,invalid,false,false,1,tensorop,f32,128,128,64,1,2,1,0,0,0,7,4,1,1,64,128,16,90,90,65011712,64440238080,991,0.106536,568.321,604866
63,CUTLASS,gemm,cutlass3x_sm90_tensorop_s64x128x16gemm_f16_f16_f32_f16_f16_128x128x64_1x2x1_0_nnn_align8_warpspecialized_pingpong_epi_tma,passed,success,universal,1920,4096,4096,f16:column,f16:column,f16:column,f16:column,1,0,serial,8,1,heuristic,invalid,invalid,false,false,1,tensorop,f32,128,128,64,1,2,1,0,0,0,6,4,1,1,64,128,16,90,90,65011712,64440238080,991,0.102839,588.756,626615
63,CUTLASS,gemm,cutlass3x_sm90_tensorop_s64x128x16gemm_f16_f16_f32_f16_f16_128x128x64_1x2x1_0_nnn_align8_warpspecialized_pingpong_epi_nosmem,passed,success,universal,1920,4096,4096,f16:column,f16:column,f16:column,f16:column,1,0,serial,8,1,heuristic,invalid,invalid,false,false,1,tensorop,f32,128,128,64,1,2,1,0,0,0,7,4,1,1,64,128,16,90,90,65011712,64440238080,991,0.106548,568.258,604799
63,CUTLASS,gemm,cutlass3x_sm90_tensorop_s64x128x16gemm_f16_f16_f32_f16_f16_128x128x64_1x2x1_0_nnn_align8_warpspecialized_cooperative_epi_nosmem,passed,success,universal,1920,4096,4096,f16:column,f16:column,f16:column,f16:column,1,0,serial,8,1,heuristic,invalid,invalid,false,false,1,tensorop,f32,128,128,64,1,2,1,0,0,0,7,4,2,1,64,128,16,90,90,65011712,64440238080,991,0.111381,543.599,578555
63,CUTLASS,gemm,cutlass3x_sm90_tensorop_s64x128x16gemm_f16_f16_f32_f16_f16_128x128x64_1x2x1_0_nnn_align8_warpspecialized_cooperative_epi_tma,passed,success,universal,1920,4096,4096,f16:column,f16:column,f16:column,f16:column,1,0,serial,8,1,heuristic,invalid,invalid,false,false,1,tensorop,f32,128,128,64,1,2,1,0,0,0,6,4,2,1,64,128,16,90,90,65011712,64440238080,991,0.105387,574.518,611462
63,CUTLASS,gemm,cutlass3x_sm90_tensorop_s64x128x16gemm_f16_f16_f32_f16_f16_128x128x64_1x2x1_0_nnn_align8_stream_k_warpspecialized_cooperative_epi_nosmem,passed,success,universal,1920,4096,4096,f16:column,f16:column,f16:column,f16:column,1,0,serial,8,1,heuristic,invalid,invalid,false,false,1,tensorop,f32,128,128,64,1,2,1,0,0,0,7,4,2,1,64,128,16,90,90,65011712,64440238080,991,0.256891,235.691,250847
63,CUTLASS,gemm,cutlass3x_sm90_tensorop_s64x128x16gemm_f16_f16_f32_f16_f16_128x128x64_1x2x1_0_nnn_align8_stream_k_warpspecialized_cooperative_epi_tma,passed,success,universal,1920,4096,4096,f16:column,f16:column,f16:column,f16:column,1,0,serial,8,1,heuristic,invalid,invalid,false,false,1,tensorop,f32,128,128,64,1,2,1,0,0,0,6,4,2,1,64,128,16,90,90,65011712,64440238080,991,0.256463,236.084,251265
63,CUTLASS,gemm,cutlass3x_sm90_tensorop_s64x128x16gemm_f16_f16_f32_f16_f16_128x128x64_2x1x1_0_nnn_align8,passed,success,universal,1920,4096,4096,f16:column,f16:column,f16:column,f16:column,1,0,serial,8,1,heuristic,invalid,invalid,false,false,1,tensorop,f32,128,128,64,2,1,1,0,0,0,7,4,2,1,64,128,16,90,90,65011712,64440238080,991,0.127102,476.365,506997
63,CUTLASS,gemm,cutlass3x_sm90_tensorop_s64x128x16gemm_f16_f16_f32_f16_f16_128x128x64_2x1x1_0_nnn_align8_warpspecialized_epi_nosmem,passed,success,universal,1920,4096,4096,f16:column,f16:column,f16:column,f16:column,1,0,serial,8,1,heuristic,invalid,invalid,false,false,1,tensorop,f32,128,128,64,2,1,1,0,0,0,7,4,1,1,64,128,16,90,90,65011712,64440238080,991,0.129187,468.678,498815
63,CUTLASS,gemm,cutlass3x_sm90_tensorop_s64x128x16gemm_f16_f16_f32_f16_f16_128x128x64_2x1x1_0_nnn_align8_warpspecialized_pingpong_epi_tma,passed,success,universal,1920,4096,4096,f16:column,f16:column,f16:column,f16:column,1,0,serial,8,1,heuristic,invalid,invalid,false,false,1,tensorop,f32,128,128,64,2,1,1,0,0,0,6,4,1,1,64,128,16,90,90,65011712,64440238080,991,0.121133,499.836,531977
63,CUTLASS,gemm,cutlass3x_sm90_tensorop_s64x128x16gemm_f16_f16_f32_f16_f16_128x128x64_2x1x1_0_nnn_align8_warpspecialized_pingpong_epi_nosmem,passed,success,universal,1920,4096,4096,f16:column,f16:column,f16:column,f16:column,1,0,serial,8,1,heuristic,invalid,invalid,false,false,1,tensorop,f32,128,128,64,2,1,1,0,0,0,7,4,1,1,64,128,16,90,90,65011712,64440238080,991,0.125231,483.481,514571
63,CUTLASS,gemm,cutlass3x_sm90_tensorop_s64x128x16gemm_f16_f16_f32_f16_f16_128x128x64_2x1x1_0_nnn_align8_warpspecialized_cooperative_epi_nosmem,passed,success,universal,1920,4096,4096,f16:column,f16:column,f16:column,f16:column,1,0,serial,8,1,heuristic,invalid,invalid,false,false,1,tensorop,f32,128,128,64,2,1,1,0,0,0,7,4,2,1,64,128,16,90,90,65011712,64440238080,991,0.127194,476.02,506630
63,CUTLASS,gemm,cutlass3x_sm90_tensorop_s64x128x16gemm_f16_f16_f32_f16_f16_128x128x64_2x1x1_0_nnn_align8_warpspecialized_cooperative_epi_tma,passed,success,universal,1920,4096,4096,f16:column,f16:column,f16:column,f16:column,1,0,serial,8,1,heuristic,invalid,invalid,false,false,1,tensorop,f32,128,128,64,2,1,1,0,0,0,6,4,2,1,64,128,16,90,90,65011712,64440238080,991,0.121129,499.855,531997
63,CUTLASS,gemm,cutlass3x_sm90_tensorop_s64x128x16gemm_f16_f16_f32_f16_f16_128x128x64_2x1x1_0_nnn_align8_stream_k_warpspecialized_cooperative_epi_nosmem,passed,success,universal,1920,4096,4096,f16:column,f16:column,f16:column,f16:column,1,0,serial,8,1,heuristic,invalid,invalid,false,false,1,tensorop,f32,128,128,64,2,1,1,0,0,0,7,4,2,1,64,128,16,90,90,65011712,64440238080,991,0.274251,220.772,234968
63,CUTLASS,gemm,cutlass3x_sm90_tensorop_s64x128x16gemm_f16_f16_f32_f16_f16_128x128x64_2x1x1_0_nnn_align8_stream_k_warpspecialized_cooperative_epi_tma,passed,success,universal,1920,4096,4096,f16:column,f16:column,f16:column,f16:column,1,0,serial,8,1,heuristic,invalid,invalid,false,false,1,tensorop,f32,128,128,64,2,1,1,0,0,0,6,4,2,1,64,128,16,90,90,65011712,64440238080,991,0.27342,221.443,235683
64,CUTLASS,gemm,cutlass_tensorop_f16_s1688gemm_f16_256x128_32x2_nn_align8,passed,success,universal,2048,4096,4096,f16:column,f16:column,f16:column,f16:column,1,0,serial,8,1,heuristic,invalid,invalid,false,false,1,tensorop,f32,256,128,32,1,1,1,0,0,0,2,4,2,1,16,8,8,75,1024,67108864,68736253952,1024,0.361433,172.923,190177
64,CUTLASS,gemm,cutlass_tensorop_f16_s16816gemm_f16_256x128_32x3_nn_align8,passed,success,universal,2048,4096,4096,f16:column,f16:column,f16:column,f16:column,1,0,serial,8,1,heuristic,invalid,invalid,false,false,1,tensorop,f32,256,128,32,1,1,1,0,0,0,3,4,2,1,16,8,16,80,1024,67108864,68736253952,1024,0.234524,266.497,293088
64,CUTLASS,gemm,cutlass3x_sm90_tensorop_s64x128x16gemm_f16_f16_f32_f16_f16_128x128x64_1x2x1_0_nnn_align8,passed,success,universal,2048,4096,4096,f16:column,f16:column,f16:column,f16:column,1,0,serial,8,1,heuristic,invalid,invalid,false,false,1,tensorop,f32,128,128,64,1,2,1,0,0,0,7,4,2,1,64,128,16,90,90,67108864,68736253952,1024,0.109079,572.981,630153
64,CUTLASS,gemm,cutlass3x_sm90_tensorop_s64x128x16gemm_f16_f16_f32_f16_f16_128x128x64_1x2x1_0_nnn_align8_warpspecialized_epi_nosmem,passed,success,universal,2048,4096,4096,f16:column,f16:column,f16:column,f16:column,1,0,serial,8,1,heuristic,invalid,invalid,false,false,1,tensorop,f32,128,128,64,1,2,1,0,0,0,7,4,1,1,64,128,16,90,90,67108864,68736253952,1024,0.105669,591.467,650484
64,CUTLASS,gemm,cutlass3x_sm90_tensorop_s64x128x16gemm_f16_f16_f32_f16_f16_128x128x64_1x2x1_0_nnn_align8_warpspecialized_pingpong_epi_tma,passed,success,universal,2048,4096,4096,f16:column,f16:column,f16:column,f16:column,1,0,serial,8,1,heuristic,invalid,invalid,false,false,1,tensorop,f32,128,128,64,1,2,1,0,0,0,6,4,1,1,64,128,16,90,90,67108864,68736253952,1024,0.100748,620.357,682256
64,CUTLASS,gemm,cutlass3x_sm90_tensorop_s64x128x16gemm_f16_f16_f32_f16_f16_128x128x64_1x2x1_0_nnn_align8_warpspecialized_pingpong_epi_nosmem,passed,success,universal,2048,4096,4096,f16:column,f16:column,f16:column,f16:column,1,0,serial,8,1,heuristic,invalid,invalid,false,false,1,tensorop,f32,128,128,64,1,2,1,0,0,0,7,4,1,1,64,128,16,90,90,67108864,68736253952,1024,0.106241,588.287,646986
64,CUTLASS,gemm,cutlass3x_sm90_tensorop_s64x128x16gemm_f16_f16_f32_f16_f16_128x128x64_1x2x1_0_nnn_align8_warpspecialized_cooperative_epi_nosmem,passed,success,universal,2048,4096,4096,f16:column,f16:column,f16:column,f16:column,1,0,serial,8,1,heuristic,invalid,invalid,false,false,1,tensorop,f32,128,128,64,1,2,1,0,0,0,7,4,2,1,64,128,16,90,90,67108864,68736253952,1024,0.10961,570.204,627099
64,CUTLASS,gemm,cutlass3x_sm90_tensorop_s64x128x16gemm_f16_f16_f32_f16_f16_128x128x64_1x2x1_0_nnn_align8_warpspecialized_cooperative_epi_tma,passed,success,universal,2048,4096,4096,f16:column,f16:column,f16:column,f16:column,1,0,serial,8,1,heuristic,invalid,invalid,false,false,1,tensorop,f32,128,128,64,1,2,1,0,0,0,6,4,2,1,64,128,16,90,90,67108864,68736253952,1024,0.100726,620.497,682410
64,CUTLASS,gemm,cutlass3x_sm90_tensorop_s64x128x16gemm_f16_f16_f32_f16_f16_128x128x64_1x2x1_0_nnn_align8_stream_k_warpspecialized_cooperative_epi_nosmem,passed,success,universal,2048,4096,4096,f16:column,f16:column,f16:column,f16:column,1,0,serial,8,1,heuristic,invalid,invalid,false,false,1,tensorop,f32,128,128,64,1,2,1,0,0,0,7,4,2,1,64,128,16,90,90,67108864,68736253952,1024,0.272925,229.001,251851
64,CUTLASS,gemm,cutlass3x_sm90_tensorop_s64x128x16gemm_f16_f16_f32_f16_f16_128x128x64_1x2x1_0_nnn_align8_stream_k_warpspecialized_cooperative_epi_tma,passed,success,universal,2048,4096,4096,f16:column,f16:column,f16:column,f16:column,1,0,serial,8,1,heuristic,invalid,invalid,false,false,1,tensorop,f32,128,128,64,1,2,1,0,0,0,6,4,2,1,64,128,16,90,90,67108864,68736253952,1024,0.27502,227.256,249932
64,CUTLASS,gemm,cutlass3x_sm90_tensorop_s64x128x16gemm_f16_f16_f32_f16_f16_128x128x64_2x1x1_0_nnn_align8,passed,success,universal,2048,4096,4096,f16:column,f16:column,f16:column,f16:column,1,0,serial,8,1,heuristic,invalid,invalid,false,false,1,tensorop,f32,128,128,64,2,1,1,0,0,0,7,4,2,1,64,128,16,90,90,67108864,68736253952,1024,0.109539,570.572,627504
64,CUTLASS,gemm,cutlass3x_sm90_tensorop_s64x128x16gemm_f16_f16_f32_f16_f16_128x128x64_2x1x1_0_nnn_align8_warpspecialized_epi_nosmem,passed,success,universal,2048,4096,4096,f16:column,f16:column,f16:column,f16:column,1,0,serial,8,1,heuristic,invalid,invalid,false,false,1,tensorop,f32,128,128,64,2,1,1,0,0,0,7,4,1,1,64,128,16,90,90,67108864,68736253952,1024,0.119802,521.693,573748
64,CUTLASS,gemm,cutlass3x_sm90_tensorop_s64x128x16gemm_f16_f16_f32_f16_f16_128x128x64_2x1x1_0_nnn_align8_warpspecialized_pingpong_epi_tma,passed,success,universal,2048,4096,4096,f16:column,f16:column,f16:column,f16:column,1,0,serial,8,1,heuristic,invalid,invalid,false,false,1,tensorop,f32,128,128,64,2,1,1,0,0,0,6,4,1,1,64,128,16,90,90,67108864,68736253952,1024,0.103091,606.261,666754
64,CUTLASS,gemm,cutlass3x_sm90_tensorop_s64x128x16gemm_f16_f16_f32_f16_f16_128x128x64_2x1x1_0_nnn_align8_warpspecialized_pingpong_epi_nosmem,passed,success,universal,2048,4096,4096,f16:column,f16:column,f16:column,f16:column,1,0,serial,8,1,heuristic,invalid,invalid,false,false,1,tensorop,f32,128,128,64,2,1,1,0,0,0,7,4,1,1,64,128,16,90,90,67108864,68736253952,1024,0.106222,588.392,647101
64,CUTLASS,gemm,cutlass3x_sm90_tensorop_s64x128x16gemm_f16_f16_f32_f16_f16_128x128x64_2x1x1_0_nnn_align8_warpspecialized_cooperative_epi_nosmem,passed,success,universal,2048,4096,4096,f16:column,f16:column,f16:column,f16:column,1,0,serial,8,1,heuristic,invalid,invalid,false,false,1,tensorop,f32,128,128,64,2,1,1,0,0,0,7,4,2,1,64,128,16,90,90,67108864,68736253952,1024,0.10905,573.132,630319
64,CUTLASS,gemm,cutlass3x_sm90_tensorop_s64x128x16gemm_f16_f16_f32_f16_f16_128x128x64_2x1x1_0_nnn_align8_warpspecialized_cooperative_epi_tma,passed,success,universal,2048,4096,4096,f16:column,f16:column,f16:column,f16:column,1,0,serial,8,1,heuristic,invalid,invalid,false,false,1,tensorop,f32,128,128,64,2,1,1,0,0,0,6,4,2,1,64,128,16,90,90,67108864,68736253952,1024,0.104114,600.304,660202
64,CUTLASS,gemm,cutlass3x_sm90_tensorop_s64x128x16gemm_f16_f16_f32_f16_f16_128x128x64_2x1x1_0_nnn_align8_stream_k_warpspecialized_cooperative_epi_nosmem,passed,success,universal,2048,4096,4096,f16:column,f16:column,f16:column,f16:column,1,0,serial,8,1,heuristic,invalid,invalid,false,false,1,tensorop,f32,128,128,64,2,1,1,0,0,0,7,4,2,1,64,128,16,90,90,67108864,68736253952,1024,0.274602,227.602,250312
64,CUTLASS,gemm,cutlass3x_sm90_tensorop_s64x128x16gemm_f16_f16_f32_f16_f16_128x128x64_2x1x1_0_nnn_align8_stream_k_warpspecialized_cooperative_epi_tma,passed,success,universal,2048,4096,4096,f16:column,f16:column,f16:column,f16:column,1,0,serial,8,1,heuristic,invalid,invalid,false,false,1,tensorop,f32,128,128,64,2,1,1,0,0,0,6,4,2,1,64,128,16,90,90,67108864,68736253952,1024,0.27488,227.372,250059
